nvm_seq,flash_page,flash_slot,flash_offset,record_timestamp_ms,gps_lat_deg,gps_lon_deg,gps_alt_m,gps_speed_mps,gps_vel_down_mps,gps_heading_deg,gps_utc_time,gps_num_satellites,gps_fix_type,gps_valid,imu_accel_x_g,imu_accel_y_g,imu_accel_z_g,imu_accel_mag_g,imu_gyro_x_dps,imu_gyro_y_dps,imu_gyro_z_dps,imu_valid,baro_pressure_pa,baro_alt_m,baro_temp_c,baro_valid,i2c_bus_state,batt_voltage_mv,batt_valid,coral_block,coral_valid,record_crc16
0,0,0,0,31270,0.0,0.0,-17.0,0.0,0.0,0.0,28,0,0,1,-0.977294921875,-0.0009765625,0.032958984375,0.9778510332107544,-0.9465649127960205,0.3435114622116089,-1.1145038604736328,1,95766.0,0.014892578125,26.739999771118164,1,0,4003,1,26000000ffc24c04944c000000000000,0,0x4720
1,0,1,104,61370,0.0,0.0,-17.0,0.0,0.0,0.0,59,0,0,1,-0.980712890625,-0.0068359375,0.024169921875,0.981034517288208,-0.9541984796524048,0.06870228797197342,-1.1297709941864014,1,95765.0,0.061370849609375,26.790000915527344,1,0,4012,1,28000000ff59230485d6000000000000,0,0x1C51
2,0,2,208,91470,0.0,0.0,-17.0,0.0,0.0,0.0,129,0,0,1,-0.97900390625,0.0,0.027587890625,0.9793925285339355,-0.8625954389572144,0.7557252049446106,-1.3587785959243774,1,95768.0,-0.16571044921875,26.829999923706055,1,0,4009,1,2a000000ffa13f048660010000000000,0,0x9B76
3,0,3,312,121570,0.0,0.0,-17.0,0.0,0.0,0.0,159,0,0,1,-0.981201171875,-0.00537109375,0.025146484375,0.9815380573272705,-0.9465649127960205,0.1679389327764511,-1.1679389476776123,1,95775.0,-0.595458984375,26.860000610351562,1,0,3996,1,2b000000ff622604cea8010000000000,0,0xDFCD
4,0,4,416,151670,0.0,0.0,-17.0,0.0,0.0,0.0,229,0,0,1,-0.98291015625,0.005859375,0.022705078125,0.9831898212432861,-1.0076335668563843,0.28244274854660034,-1.2061069011688232,1,95770.0,-0.14971923828125,26.899999618530273,1,0,3996,1,2d000000ffc24c045032020000000000,0,0x4270
5,0,5,520,181770,0.0,0.0,-17.0,0.0,0.0,0.0,259,0,0,1,-0.984130859375,-0.00830078125,0.021484375,0.9844003319740295,-0.847328245639801,0.4351145029067993,-1.0687023401260376,1,95770.0,-0.005279541015625,26.899999618530273,1,0,3996,1,2f000000ffd55304e4bb020000000000,0,0x8288
6,0,6,624,211870,0.0,0.0,-17.0,0.0,0.0,0.0,329,0,0,1,-0.986572265625,-0.003662109375,0.0244140625,0.9868810772895813,-0.9083969593048096,0.3435114622116089,-0.9770992398262024,1,95773.0,-0.189453125,26.950000762939453,1,0,4006,1,30000000ff7f3104b300030000000000,0,0x4FE7
7,0,7,728,241970,0.0,0.0,-17.0,0.0,0.0,0.0,359,0,0,1,-0.97314453125,-0.010009765625,0.01806640625,0.9733636975288391,-0.9618320465087891,0.25190839171409607,-1.1145038604736328,1,95773.0,-0.135986328125,26.969999313354492,1,0,4003,1,32000000ff9c3d04dc8a030000000000,0,0xF1F0
8,0,8,832,272070,0.0,0.0,-17.0,0.0,0.0,0.0,429,0,0,1,-0.976318359375,-0.001708984375,0.020751953125,0.9765403866767883,-0.8702290058135986,0.13740457594394684,-1.122137427330017,1,95771.0,0.061798095703125,26.989999771118164,1,0,4006,1,34000000ffae44049f14040000000000,0,0xB705
9,0,9,936,302170,0.0,0.0,-17.0,0.0,0.0,0.0,459,0,0,1,-0.97802734375,-0.005615234375,0.02392578125,0.9783360958099365,-1.0,0.221374049782753,-1.0992366075515747,1,95774.0,-0.129913330078125,27.0,1,0,4019,1,35000000ffba49048859040000000000,0,0xB27F
10,0,10,1040,332270,0.0,0.0,-17.0,0.0,0.0,0.0,530,0,0,1,-0.978515625,-0.0029296875,0.032470703125,0.9790586233139038,-0.9389312863349915,0.20610687136650085,-1.0610686540603638,1,95773.0,0.010406494140625,26.989999771118164,1,0,4006,1,37000000ff933904eee3040000000000,0,0x62E0
11,0,11,1144,362370,0.0,0.0,-17.0,0.0,0.0,0.0,600,0,0,1,-0.97998046875,-0.00146484375,0.016845703125,0.9801263213157654,-0.9541984796524048,0.35877862572669983,-1.0839694738388062,1,95774.0,-0.107269287109375,26.979999542236328,1,0,4003,1,39000000ffba49040872050000000000,0,0x7FE8
12,0,12,1248,392470,0.0,0.0,-17.0,0.0,0.0,0.0,630,0,0,1,-0.97802734375,-0.002197265625,0.019287109375,0.9782199859619141,-0.847328245639801,0.25190839171409607,-1.122137427330017,1,95774.0,-0.096221923828125,27.010000228881836,1,0,4009,1,3b000000ff752e0495fa050000000000,0,0x2C4E
13,0,13,1352,422570,0.0,0.0,-17.0,0.0,0.0,0.0,700,0,0,1,-0.98193359375,0.00634765625,0.01904296875,0.9821387529373169,-0.9465649127960205,0.4351145029067993,-1.1526718139648438,1,95776.0,-0.187835693359375,27.049999237060547,1,0,4009,1,3c000000ffcc5004e43e060000000000,0,0x8985
14,0,14,1456,452670,0.0,0.0,-17.0,0.0,0.0,0.0,730,0,0,1,-0.978271484375,-0.001220703125,0.018310546875,0.9784435629844666,-1.0534350872039795,0.30534350872039795,-1.267175555229187,1,95772.0,-0.020721435546875,27.049999237060547,1,0,4006,1,3e000000ff843304d6c7060000000000,0,0x6016
15,0,15,1560,482770,0.0,0.0,-17.0,0.0,0.0,0.0,800,0,0,1,-0.97998046875,-0.00390625,0.024169921875,0.9802862405776978,-0.9465649127960205,0.2977099120616913,-1.1908396482467651,1,95773.0,-0.14569091796875,27.079999923706055,1,0,4009,1,40000000ff5923049650070000000000,0,0xFE3C
16,0,16,1664,512870,0.0,0.0,-17.0,0.0,0.0,0.0,830,0,0,1,-0.982421875,-0.00537109375,0.026611328125,0.9827969074249268,-0.9923664331436157,0.35877862572669983,-1.1374045610427856,1,95779.0,-0.374542236328125,27.100000381469727,1,0,3993,1,41000000ff6b2a04fd94070000000000,0,0x55B0
17,0,17,1768,542970,0.0,0.0,-17.0,0.0,0.0,0.0,900,0,0,1,-0.9775390625,0.0029296875,0.02099609375,0.9777688980102539,-0.9618320465087891,0.23664122819900513,-1.2061069011688232,1,95774.0,-0.047882080078125,27.100000381469727,1,0,3990,1,43000000ff4c1e04241e080000000000,0,0x143E
18,0,18,1872,573070,0.0,0.0,-17.0,0.0,0.0,0.0,931,0,0,1,-0.976806640625,0.00732421875,0.0283203125,0.9772445559501648,-0.9847328066825867,0.1679389327764511,-1.0687023401260376,1,95775.0,-0.221771240234375,27.100000381469727,1,0,3993,1,45000000ff5d24041ba7080000000000,0,0x3A92
19,1,0,2048,603170,0.0,0.0,-17.0,0.0,0.0,0.0,1001,0,0,1,-0.98486328125,-0.004638671875,0.0185546875,0.9850489497184753,-1.0,0.3664122223854065,-1.1832060813903809,1,95775.0,-0.1544189453125,27.09000015258789,1,0,3996,1,47000000ff752e041e30090000000000,0,0xFDCE
20,1,1,2152,633270,0.0,0.0,-17.0,0.0,0.0,0.0,22,0,0,1,-0.97998046875,-0.000244140625,0.0283203125,0.9803896546363831,-0.885496199131012,0.18320611119270325,-1.160305380821228,1,95777.0,-0.21484375,27.1299991607666,1,0,4012,1,48000000ff5d2404a574090000000000,0,0x9244
21,1,2,2256,663370,0.0,0.0,-17.0,0.0,0.0,0.0,52,0,0,1,-0.981201171875,-0.002197265625,0.016845703125,0.9813482165336609,-0.9618320465087891,0.28244274854660034,-1.160305380821228,1,95773.0,0.003814697265625,27.170000076293945,1,0,3996,1,4a000000ffa5400424fe090000000000,0,0xC3A0
22,1,3,2360,693470,0.0,0.0,-17.0,0.0,0.0,0.0,122,0,0,1,-0.98046875,0.00244140625,0.027099609375,0.9808462262153625,-0.9465649127960205,0.40458014607429504,-1.0916030406951904,1,95771.0,0.18353271484375,27.200000762939453,1,0,3996,1,4c000000ff5d240459870a0000000000,0,0xB518
23,1,4,2464,723570,0.0,0.0,-17.0,0.0,0.0,0.0,152,0,0,1,-0.977783203125,0.0009765625,0.01513671875,0.9779008626937866,-0.9236640930175781,0.16030533611774445,-1.2977099418640137,1,95772.0,0.17138671875,27.15999984741211,1,0,3996,1,4d000000ff752e040acc0a0000000000,0,0xEFEB
24,1,5,2568,753670,0.0,0.0,-17.0,0.0,0.0,0.0,222,0,0,1,-1.025146484375,0.0908203125,0.413818359375,1.109242558479309,56.25190734863281,19.587785720825195,30.45801544189453,1,95766.0,0.4178466796875,27.100000381469727,1,0,3920,1,4f000000ff542104ae550b0000000000,0,0xA13D
25,1,6,2672,783770,0.0,0.0,-17.0,0.0,0.0,0.0,85638,0,0,1,-0.970947265625,0.12939453125,0.004150390625,0.9795400500297546,-0.9389312863349915,0.442748099565506,-1.0534350872039795,1,95769.0,0.064239501953125,26.84000015258789,1,0,3996,1,51000000ff160804f5de0b0000000000,0,0x60B2
26,1,7,2776,813870,43.865047454833984,-47.541282653808594,10207.0,0.0,0.0,0.0,85708,0,0,1,-0.97265625,0.130615234375,-0.00634765625,0.9814075827598572,-0.8778625726699829,0.30534350872039795,-1.0763359069824219,1,95770.0,-0.2254638671875,26.350000381469727,1,0,3996,1,53000000ff1f0c0469680c0000000000,0,0x82E5
27,1,8,2880,843970,48.08740234375,11.301542282104492,271.0,0.09600000083446503,0.04100000113248825,271.9517517089844,85738,4,3,1,-0.96826171875,0.12646484375,-0.004638671875,0.9764966368675232,-0.8549618124961853,0.30534350872039795,-1.198473334312439,1,95774.0,-0.407440185546875,26.040000915527344,1,0,3984,1,54000000ff1f0c042aad0c0000000000,0,0xDC96
28,1,9,2984,874070,48.087650299072266,11.296274185180664,563.0,0.13500000536441803,-0.10000000149011612,271.9517517089844,85808,5,3,1,-0.9755859375,0.1259765625,-0.003173828125,0.9836910367012024,-0.8167939186096191,0.2977099120616913,-1.1679389476776123,1,95771.0,-0.057220458984375,25.799999237060547,1,0,3993,1,56000000ff09030433370d0000000000,0,0xEA42
29,1,10,3088,904170,48.08766174316406,11.295854568481445,583.0,0.08900000154972076,-0.07000000029802322,271.9517517089844,85838,6,3,1,-0.971435546875,0.127197265625,0.004150390625,0.9797363877296448,-0.7633587718009949,0.25954198837280273,-1.1526718139648438,1,95771.0,0.0048828125,25.729999542236328,1,0,3987,1,58000000ff1d0b04d5c00d0000000000,0,0xD443
30,1,11,3192,934270,48.087646484375,11.295707702636719,586.0,0.777999997138977,-0.1120000034570694,271.9517517089844,85908,6,3,1,-0.9658203125,0.130615234375,0.0,0.9746123552322388,-1.0076335668563843,0.35877862572669983,-1.122137427330017,1,95772.0,-0.06427001953125,25.309999465942383,1,0,3990,1,59000000ff190a04ad050e0000000000,0,0x4D8A
31,1,12,3296,964370,48.087623596191406,11.295703887939453,585.0,0.08799999952316284,-0.09300000220537186,271.9517517089844,85938,6,3,1,-0.97314453125,0.129638671875,0.00341796875,0.9817475080490112,-0.8549618124961853,0.23664122819900513,-1.0076335668563843,1,95773.0,-0.04461669921875,25.200000762939453,1,0,3996,1,5b000000ff0f06040d970e0000000000,0,0x20D8
32,1,13,3400,994470,48.087623596191406,11.295684814453125,584.0,0.15399999916553497,-0.05299999937415123,271.9517517089844,90008,6,3,1,-0.969482421875,0.128662109375,-0.009521484375,0.9780290126800537,-0.9694656729698181,-0.25954198837280273,-1.3358778953552246,1,95776.0,-0.12408447265625,24.969999313354492,1,0,3990,1,5d000000ff0f060438200f0000000000,0,0x1620
33,1,14,3504,1024470,48.087623596191406,11.29570484161377,582.0,0.02800000086426735,-0.06400000303983688,271.9517517089844,90039,6,3,1,-0.96923828125,0.125244140625,-0.00048828125,0.9772968888282776,-0.7862595319747925,0.28244274854660034,-1.0610686540603638,1,95774.0,0.21002197265625,24.649999618530273,1,0,3987,1,5e000000ff120704d6640f0000000000,0,0xE5E0
34,1,15,3608,1054570,48.08761978149414,11.295735359191895,583.0,0.34200000762939453,-0.13899999856948853,271.9517517089844,90109,7,3,1,-0.966796875,0.12744140625,0.002685546875,0.9751639366149902,-0.9847328066825867,0.20610687136650085,-1.0229008197784424,1,95776.0,-0.0111083984375,24.6200008392334,1,0,3974,1,60000000ff2910041dee0f0000000000,0,0x41C5
35,1,16,3712,1084670,48.087467193603516,11.295918464660645,579.0,0.0,0.0,49.344940185546875,90139,0,0,1,-0.976318359375,-0.00244140625,0.0234375,0.9766026735305786,-0.8778625726699829,0.45038166642189026,-1.160305380821228,1,95776.0,0.231781005859375,24.700000762939453,1,0,3971,1,62000000ff070304e277100000000000,0,0x0E44
36,1,17,3816,1114770,48.087467193603516,11.295918464660645,579.0,0.0,0.0,49.344940185546875,90209,0,0,1,-0.974853515625,0.00341796875,0.01806640625,0.9750269055366516,-0.9389312863349915,0.6488549709320068,-1.0610686540603638,1,95780.0,-0.030517578125,24.790000915527344,1,0,3974,1,64000000ff1d0b045201110000000000,0,0x9C42
37,1,18,3920,31377,48.087608337402344,11.29570198059082,586.0,0.0,0.0,0.0,90254,0,0,1,-0.98193359375,-0.00048828125,0.021240234375,0.9821634292602539,-0.7709923386573792,0.19847328960895538,-0.9694656729698181,1,95780.0,0.001922607421875,24.899999618530273,1,0,3990,1,00000000000000000000000000000000,0,0x2DFE
38,2,0,4096,61418,48.087608337402344,11.29570198059082,586.0,0.0,0.0,0.0,90324,0,0,1,-0.95556640625,0.26416015625,-0.060546875,0.9932540655136108,-5.190839767456055,-2.1984732151031494,2.0152671337127686,1,95777.0,-0.17669677734375,25.020000457763672,1,0,3984,1,00000000000000000000000000000000,0,0x8151
39,2,1,4200,91504,48.087608337402344,11.29570198059082,586.0,0.0,0.0,0.0,90355,0,0,1,-0.978515625,-0.002685546875,0.018310546875,0.9786906242370605,-0.9160305261611938,0.23664122819900513,-1.14503812789917,1,95778.0,0.079315185546875,25.079999923706055,1,0,3984,1,00000000000000000000000000000000,0,0x1670
40,2,2,4304,31470,48.087608337402344,11.29570198059082,586.0,0.0,0.0,0.0,90634,0,0,1,-0.06982421875,-0.003173828125,-1.031494140625,1.0338594913482666,-1.1145038604736328,0.17557251453399658,-1.2061069011688232,1,95778.0,0.107574462890625,25.09000015258789,1,0,0,1,6500000000000004d779000000000000,0,0xCD7A
41,2,3,4408,61570,48.087608337402344,11.29570198059082,586.0,0.0,0.0,0.0,90704,0,0,1,-0.071044921875,0.02001953125,-1.031494140625,1.034131646156311,-0.8167939186096191,-0.07633587718009949,-1.3816794157028198,1,95782.0,-0.308074951171875,25.190000534057617,1,0,0,1,66000000000000049ebe000000000000,0,0xEA58
42,2,4,4512,91570,48.087608337402344,11.29570198059082,586.0,0.0,0.0,0.0,90735,0,0,1,-0.081787109375,0.01513671875,-1.038818359375,1.0421428680419922,-0.9694656729698181,0.40458014607429504,-1.0458015203475952,1,95781.0,-0.26458740234375,25.280000686645508,1,0,0,1,68000000000000040f4a010000000000,0,0x708C
43,2,5,4616,31438,48.087608337402344,11.29570198059082,586.0,0.0,0.0,0.0,90832,0,0,1,-0.078369140625,0.00634765625,-1.030029296875,1.0330257415771484,-0.9770992398262024,0.2977099120616913,-0.9160305261611938,1,95779.0,-0.05816650390625,25.459999084472656,1,0,0,1,6a000000000000002b78000000000000,1,0x5C97
44,2,6,4720,31457,48.087608337402344,11.29570198059082,586.0,0.0,0.0,0.0,90947,0,0,1,-0.072509765625,0.008056640625,-1.039306640625,1.0418641567230225,-0.9618320465087891,0.16030533611774445,-1.1374045610427856,1,95776.0,0.137664794921875,25.6200008392334,1,0,3993,1,6c000000000000005079000000000000,1,0x5475
45,2,7,4824,61469,48.087608337402344,11.29570198059082,586.0,0.0,0.0,0.0,91017,0,0,1,-0.0712890625,0.010986328125,-1.03125,1.0337694883346558,-0.8625954389572144,0.06106870248913765,-1.1908396482467651,1,95779.0,-0.17364501953125,25.709999084472656,1,0,4009,1,6d000000ff000000c9bf000001000000,1,0xEC6B
46,2,8,4928,91481,48.087608337402344,11.29570198059082,586.0,0.0,0.0,0.0,91047,0,0,1,-0.0498046875,0.011474609375,-1.03271484375,1.0339787006378174,-1.106870174407959,0.28244274854660034,-1.14503812789917,1,95772.0,0.457763671875,25.790000915527344,1,0,3996,1,6f000000000000008449010003000000,1,0x7BBC
47,2,9,5032,121531,48.087608337402344,11.29570198059082,586.0,0.0,0.0,0.0,91117,0,0,1,-0.046142578125,0.00732421875,-1.033935546875,1.0349905490875244,-0.9847328066825867,0.35877862572669983,-1.1297709941864014,1,95779.0,0.002288818359375,25.8799991607666,1,0,3993,1,71000000ff04010000d4010005000000,1,0x995D
48,2,10,5136,151592,48.087608337402344,11.29570198059082,586.0,0.0,0.0,0.0,91148,0,0,1,-0.04736328125,0.009521484375,-1.045166015625,1.0462819337844849,-1.0305343866348267,0.221374049782753,-1.0687023401260376,1,95783.0,-0.308624267578125,25.950000762939453,1,0,3996,1,72000000ff000000ed18020006000000,1,0xDC49
49,2,11,5240,181646,48.087608337402344,11.29570198059082,586.0,0.0,0.0,0.0,91218,0,0,1,-0.054443359375,0.001953125,-1.0400390625,1.041464924812317,-1.1526718139648438,0.4351145029067993,-1.160305380821228,1,95777.0,0.18084716796875,26.020000457763672,1,0,3996,1,74000000000000008ba3020008000000,1,0xA13C
50,2,12,5344,30334,0.0,0.0,0.0,0.0,0.0,0.0,0,0,0,0,0.0,0.0,0.0,0.0,0.0,0.0,0.0,0,0.0,0.0,0.0,0,0,4080,1,00000000000000000000000000000000,0,0x5CFE
51,2,13,5448,60309,0.0,0.0,0.0,0.0,0.0,0.0,0,0,0,0,0.0,0.0,0.0,0.0,0.0,0.0,0.0,0,0.0,0.0,0.0,0,0,4051,1,76000000ff09030063c1000001000000,1,0x973D
52,2,14,5552,90377,0.0,0.0,0.0,0.0,0.0,0.0,0,0,0,0,0.0,0.0,0.0,0.0,0.0,0.0,0.0,0,0.0,0.0,0.0,0,0,4057,1,78000000ff0602005b4e010003000000,1,0x3BBE
53,2,15,5656,120474,0.0,0.0,0.0,0.0,0.0,0.0,0,0,0,0,0.0,0.0,0.0,0.0,0.0,0.0,0.0,0,0.0,0.0,0.0,0,0,4060,1,79000000ff1408003794010004000000,1,0xC7ED
54,2,16,5760,150571,0.0,0.0,0.0,0.0,0.0,0.0,0,0,0,0,0.0,0.0,0.0,0.0,0.0,0.0,0.0,0,0.0,0.0,0.0,0,0,4051,1,7b000000ff100600261d020006000000,1,0xA44F
55,2,17,5864,180616,0.0,0.0,0.0,0.0,0.0,0.0,0,0,0,0,0.0,0.0,0.0,0.0,0.0,0.0,0.0,0,0.0,0.0,0.0,0,0,4003,1,7d000000ff01000017a5020008000000,1,0xA5B1
56,2,18,5968,30225,0.0,0.0,0.0,0.0,0.0,0.0,0,0,0,0,0.0,0.0,0.0,0.0,0.0,0.0,0.0,0,0.0,0.0,0.0,0,0,4070,1,00000000000000000000000000000000,0,0x297C
57,3,0,6144,60293,0.0,0.0,0.0,0.0,0.0,0.0,0,0,0,0,0.0,0.0,0.0,0.0,0.0,0.0,0.0,0,0.0,0.0,0.0,0,0,4057,1,80000000ff040100e7c1000001000000,1,0xC1CA
58,3,1,6248,90302,0.0,0.0,0.0,0.0,0.0,0.0,0,0,0,0,-0.748046875,0.0673828125,0.64111328125,0.9874922037124634,-4.190839767456055,-4.770992279052734,0.35114502906799316,0,0.0,0.0,0.0,0,0,4051,1,82000000ff0201000f4a010003000000,1,0x5BAA
59,3,2,6352,120378,0.0,0.0,0.0,0.0,0.0,0.0,0,0,0,0,-0.937255859375,0.025390625,0.0673828125,0.9400179386138916,4.496183395385742,2.282442808151245,-14.229007720947266,0,95775.0,-0.55517578125,25.3799991607666,1,0,4041,1,84000000ff0b04000ad3010005000000,1,0xCCF0
60,3,3,6456,150413,0.0,0.0,0.0,0.0,0.0,0.0,0,0,0,0,-0.937255859375,0.025390625,0.0673828125,0.9400179386138916,4.496183395385742,2.282442808151245,-14.229007720947266,0,95775.0,-0.497039794921875,25.3799991607666,0,0,4003,1,85000000ff4c1e001e18020006000000,1,0x7A9C
61,3,4,6560,180440,0.0,0.0,0.0,0.0,0.0,0.0,0,0,0,0,-0.937255859375,0.025390625,0.0673828125,0.9400179386138916,4.496183395385742,2.282442808151245,-14.229007720947266,0,95775.0,-0.497039794921875,25.3799991607666,0,0,4048,1,87000000ff752e0065a1020008000000,1,0x86FD
62,3,5,6664,30160,0.0,0.0,0.0,0.0,0.0,0.0,0,0,0,0,0.0,0.0,0.0,0.0,0.0,0.0,0.0,0,0.0,0.0,0.0,0,0,4051,1,8a000000ff321300cc66000001000000,1,0xF807
63,3,6,6768,60167,0.0,0.0,0.0,0.0,0.0,0.0,0,0,0,0,0.0,0.0,0.0,0.0,0.0,0.0,0.0,0,0.0,0.0,0.0,0,0,4038,1,8b00000000000000e5b7000002000000,1,0x98A9
64,3,7,6872,90256,0.0,0.0,0.0,0.0,0.0,0.0,0,0,0,0,-0.893798828125,-0.04638671875,0.371826171875,0.9691660404205322,3.2977099418640137,13.427480697631836,5.541984558105469,0,0.0,0.0,0.0,0,0,4057,1,8d000000ff010000d840010004000000,1,0x92AE
65,3,8,6976,30277,0.0,0.0,0.0,0.0,0.0,0.0,0,0,0,0,0.0,0.0,0.0,0.0,0.0,0.0,0.0,0,0.0,0.0,0.0,0,0,4051,1,00000000000000000000000000000000,0,0x5823
66,3,9,7080,60312,0.0,0.0,0.0,0.0,0.0,0.0,0,0,0,0,0.0,0.0,0.0,0.0,0.0,0.0,0.0,0,0.0,0.0,0.0,0,0,4019,1,90000000ff0000006bbe000000000000,1,0x87FD
67,3,10,7184,90334,0.0,0.0,0.0,0.0,0.0,0.0,0,0,0,0,0.0,0.0,0.0,0.0,0.0,0.0,0.0,0,0.0,0.0,0.0,0,0,4032,1,92000000ff0401001646010002000000,1,0x8AD7
68,3,11,7288,30160,0.0,0.0,0.0,0.0,0.0,0.0,0,0,0,0,0.0,0.0,0.0,0.0,0.0,0.0,0.0,0,0.0,0.0,0.0,0,0,4051,1,94000000ff1d0b00533e000000000000,1,0xEF1C
69,3,12,7392,60311,0.0,0.0,0.0,0.0,0.0,0.0,0,0,0,0,0.0,0.0,0.0,0.0,0.0,0.0,0.0,0,0.0,0.0,0.0,0,0,4016,1,96000000ff5923006fc7000002000000,1,0x5E8F
70,3,13,7496,30243,0.0,0.0,0.0,0.0,0.0,0.0,0,0,0,0,0.0,0.0,0.0,0.0,0.0,0.0,0.0,0,0.0,0.0,0.0,0,0,4028,1,98000000ff0703044347000000000000,0,0x7B80
71,3,14,7600,60304,0.0,0.0,0.0,0.0,0.0,0.0,0,0,0,0,0.0,0.0,0.0,0.0,0.0,0.0,0.0,0,0.0,0.0,0.0,0,0,4035,1,9a000000ff0903045dd3000000000000,0,0xE692
72,3,15,7704,90363,0.0,0.0,0.0,0.0,0.0,0.0,0,0,0,0,0.0,0.0,0.0,0.0,0.0,0.0,0.0,0,0.0,0.0,0.0,0,0,4032,1,9c000000ff010004ec59010000000000,0,0x494D
73,3,16,7808,120423,0.0,0.0,0.0,0.0,0.0,0.0,0,0,0,0,0.0,0.0,0.0,0.0,0.0,0.0,0.0,0,0.0,0.0,0.0,0,0,4041,1,9d000000ff070304069f010000000000,0,0xD461
74,3,17,7912,150483,0.0,0.0,0.0,0.0,0.0,0.0,0,0,0,0,0.0,0.0,0.0,0.0,0.0,0.0,0.0,0,0.0,0.0,0.0,0,0,4032,1,9f000000ff0301048728020000000000,0,0x4AED
75,3,18,8016,30251,0.0,0.0,0.0,0.0,0.0,0.0,0,0,0,0,0.0,0.0,0.0,0.0,0.0,0.0,0.0,0,0.0,0.0,0.0,0,0,4051,1,a1000000ff0201005143000000000000,1,0x7D1A
76,4,0,8192,60331,0.0,0.0,0.0,0.0,0.0,0.0,0,0,0,0,0.0,0.0,0.0,0.0,0.0,0.0,0.0,0,0.0,0.0,0.0,0,0,4051,1,a3000000ff07030095cc000001000000,1,0xF103
77,4,1,8296,90400,0.0,0.0,0.0,0.0,0.0,0.0,0,0,0,0,0.0,0.0,0.0,0.0,0.0,0.0,0.0,0,0.0,0.0,0.0,0,0,4064,1,a5000000ff0803002f56010003000000,1,0x727F
78,4,2,8400,30137,0.0,0.0,0.0,0.0,0.0,0.0,0,0,0,0,0.0,0.0,0.0,0.0,0.0,0.0,0.0,0,0.0,0.0,0.0,0,0,4016,1,00000000000000000000000000000000,0,0x11B7
79,4,3,8504,30301,0.0,0.0,0.0,0.0,0.0,0.0,0,0,0,0,0.0,0.0,0.0,0.0,0.0,0.0,0.0,0,0.0,0.0,0.0,0,0,4035,1,00000000000000000000000000000000,0,0x0BDC
80,4,4,8608,60335,0.0,0.0,0.0,0.0,0.0,0.0,0,0,0,0,0.0,0.0,0.0,0.0,0.0,0.0,0.0,0,0.0,0.0,0.0,0,0,4022,1,a8000000ff542100efc5000001000000,1,0x5F76
81,4,5,8712,31447,48.0864143371582,11.29309368133545,961.0,0.0,0.0,0.0,95353,0,0,1,-1.05126953125,-0.201904296875,0.153076171875,1.0813719034194946,-4.221374034881592,1.1755725145339966,0.4656488597393036,1,95775.0,-0.093780517578125,25.979999542236328,1,0,4038,1,00000000000000000000000000000000,0,0xC09D
82,4,6,8816,61480,48.09407043457031,11.275003433227539,3097.0,86.0780029296875,-127.20700073242188,295.2947082519531,95423,0,0,1,-0.8330078125,0.59130859375,-0.04541015625,1.0225507020950317,91.76335906982422,3.458015203475952,-0.9236640930175781,1,95769.0,0.2908935546875,25.8799991607666,1,0,4019,1,ab000000ff0401000ac7000001000000,1,0xACAC
83,4,7,8920,31487,48.088253021240234,11.296454429626465,591.0,0.0,0.0,0.0,102118,0,0,1,0.079345703125,-0.206298828125,0.96044921875,0.9855545163154602,-0.9770992398262024,0.16030533611774445,-1.305343508720398,1,95767.0,-0.124176025390625,25.639999389648438,1,0,4038,1,00000000000000000000000000000000,0,0xE836
84,4,8,9024,61531,48.088253021240234,11.296454429626465,591.0,0.0,0.0,0.0,102148,0,0,1,0.077880859375,-0.198486328125,0.9658203125,0.9890758991241455,-0.9312977194786072,0.17557251453399658,-1.1145038604736328,1,95761.0,0.284088134765625,25.709999084472656,1,0,4028,1,af000000ff05020030c4000001000000,1,0xBDB4
85,4,9,9128,31509,48.088253021240234,11.296454429626465,591.0,0.0,0.0,0.0,111422,0,0,1,-0.9775390625,-0.0234375,0.03515625,0.9784517884254456,-0.9083969593048096,0.3435114622116089,-1.4351145029067993,1,95739.0,0.24072265625,25.280000686645508,1,0,4035,1,00000000000000000000000000000000,0,0x5A20
86,4,10,9232,61510,48.088253021240234,11.296454429626465,591.0,0.0,0.0,0.0,111452,0,0,1,-0.97314453125,0.116943359375,0.1279296875,0.9884594082832336,6.961832046508789,3.5877861976623535,-9.885496139526367,1,95737.0,0.08843994140625,25.3700008392334,1,0,4035,1,b2000000ff03010092c9000001000000,1,0xC6B0
87,4,11,9336,91573,48.088253021240234,11.296454429626465,591.0,0.0,0.0,0.0,111522,0,0,1,-0.980224609375,-0.020751953125,0.019287109375,0.9806339144706726,-0.8625954389572144,0.1679389327764511,-1.0916030406951904,1,95738.0,0.112213134765625,25.469999313354492,1,0,4035,1,b4000000ff1207000354010003000000,1,0xDFD6
88,4,12,9440,121598,48.088253021240234,11.296454429626465,591.0,0.0,0.0,0.0,111552,0,0,1,-1.065185546875,0.166259765625,0.0166015625,1.0782105922698975,-5.946564674377441,-15.893129348754883,14.022900581359863,1,95734.0,0.0980224609375,25.56999969482422,1,0,4035,1,b5000000ff040100ba99010004000000,1,0x9852
89,4,13,9544,151624,48.088253021240234,11.296454429626465,591.0,0.0,0.0,0.0,111622,0,0,1,-0.985595703125,0.0556640625,0.00537109375,0.9871809482574463,12.534351348876953,11.786259651184082,10.572519302368164,1,95734.0,0.19281005859375,25.68000030517578,1,0,4022,1,b7000000ff270f001024020006000000,1,0x1B04
90,4,14,9648,181676,48.088253021240234,11.296454429626465,591.0,0.0,0.0,0.0,111652,0,0,1,-0.910400390625,-0.035400390625,-0.08984375,0.9155074954032898,-3.641221284866333,4.641221523284912,4.664122104644775,1,95741.0,-0.330230712890625,25.799999237060547,1,0,4022,1,b9000000ff09030037b1020008000000,1,0x5044
91,4,15,9752,211744,48.088253021240234,11.296454429626465,591.0,0.0,0.0,0.0,111722,0,0,1,-0.955810546875,-0.072509765625,-0.362060546875,1.0246556997299194,0.3358778655529022,-0.007633587811142206,-1.038167953491211,1,95737.0,0.06378173828125,25.920000076293945,1,0,4035,1,ba000000ff040100a0f5020009000000,1,0xAFE9
92,4,16,9856,241763,48.088253021240234,11.296454429626465,591.0,0.0,0.0,0.0,111752,0,0,1,-0.98681640625,-0.031005859375,0.184814453125,1.0044522285461426,-3.14503812789917,-10.305343627929688,7.786259651184082,1,95738.0,0.074554443359375,26.030000686645508,1,0,4035,1,bc000000ff000000948f03000b000000,1,0x77CE
93,4,17,9960,271787,48.088253021240234,11.296454429626465,591.0,0.0,0.0,0.0,111822,0,0,1,-0.843505859375,-0.052978515625,0.052734375,0.8468115329742432,10.19847297668457,-1.5496183633804321,3.572519063949585,1,95732.0,0.406524658203125,26.149999618530273,1,0,3974,1,be000000ff040100281804000d000000,1,0x0620
94,4,18,10064,301803,48.088253021240234,11.296454429626465,591.0,0.0,0.0,0.0,111852,0,0,1,-1.00927734375,0.011962890625,0.12548828125,1.01711905002594,-2.007633686065674,5.114503860473633,0.9236640930175781,1,95730.0,0.287506103515625,26.229999542236328,1,0,4025,1,bf000000000000003e5c04000e000000,1,0xD23D
95,5,0,10240,331856,48.088253021240234,11.296454429626465,591.0,0.0,0.0,0.0,111923,0,0,1,-0.9833984375,0.005126953125,-0.010009765625,0.9834627509117126,2.893129825592041,1.2900763750076294,-3.3129770755767822,1,95731.0,0.21923828125,26.299999237060547,1,0,4009,1,c1000000ff00000065e3040010000000,1,0x6BF5
96,5,1,10344,361982,48.088253021240234,11.296454429626465,591.0,0.0,0.0,0.0,111953,0,0,1,-0.984375,0.120361328125,-0.156005859375,1.0039018392562866,-4.648854732513428,13.358778953552246,-8.625954627990723,1,95734.0,-0.018310546875,26.3799991607666,1,0,4012,1,c3000000ff040100236a050012000000,1,0x4F81
97,5,2,10448,392022,48.088253021240234,11.296454429626465,591.0,0.0,0.0,0.0,112023,0,0,1,-0.904052734375,0.232421875,-0.358154296875,0.9998028874397278,12.38167953491211,2.0152671337127686,-1.610687017440796,1,95734.0,0.18658447265625,26.469999313354492,1,0,4022,1,c5000000ff0100000ef2050014000000,1,0x7A70
98,5,3,10552,422049,48.088253021240234,11.296454429626465,591.0,0.0,0.0,0.0,112053,0,0,1,0.064208984375,-0.250732421875,0.95458984375,0.9890557527542114,-0.8091602921485901,0.2442748099565506,-1.14503812789917,1,95738.0,-0.22216796875,26.549999237060547,1,0,4016,1,c6000000ff0703006436060015000000,1,0x45D1
99,5,4,10656,452083,48.088253021240234,11.296454429626465,591.0,0.0,0.0,0.0,112123,0,0,1,0.05322265625,-0.28662109375,1.005859375,1.0472522974014282,-1.038167953491211,-1.1526718139648438,-0.8091602921485901,1,95732.0,0.278411865234375,26.6200008392334,1,0,4009,1,c8000000ff060200a8bd060017000000,1,0xA078
100,5,5,10760,482131,48.088253021240234,11.296454429626465,591.0,0.0,0.0,0.0,112153,0,0,1,-0.811767578125,-0.165283203125,0.255615234375,0.8669626712799072,-21.511449813842773,-19.969465255737305,26.007633209228516,1,95730.0,0.12646484375,26.68000030517578,1,0,4009,1,ca000000ff1307004244070019000000,1,0x7C4F
101,5,6,10864,512207,48.088253021240234,11.296454429626465,591.0,0.0,0.0,0.0,112223,0,0,1,-0.9619140625,-0.05810546875,0.04443359375,0.9646912813186646,-0.8091602921485901,5.916030406951904,-3.8473281860351562,1,95731.0,0.11541748046875,26.780000686645508,1,0,4012,1,cc000000ff01000000cb07001b000000,1,0x74A5
102,5,7,10968,542279,48.088253021240234,11.296454429626465,591.0,0.0,0.0,0.0,112253,0,0,1,-1.00439453125,-0.0869140625,-0.017333984375,1.0082969665527344,4.160305500030518,-12.473282814025879,9.885496139526367,1,95727.0,0.372802734375,26.8799991607666,1,0,4022,1,cd000000ff090300d80f08001c000000,1,0x250F
103,5,8,11072,572372,48.088253021240234,11.296454429626465,591.0,0.0,0.0,0.0,112323,0,0,1,-0.969482421875,-0.0546875,0.105712890625,0.9767610430717468,-4.396946430206299,-0.38167938590049744,-2.358778715133667,1,95730.0,0.03387451171875,26.979999542236328,1,0,4009,1,cf000000ff000000f99808001e000000,1,0x772E
104,5,9,11176,602445,48.088253021240234,11.296454429626465,591.0,0.0,0.0,0.0,112353,0,0,1,-0.605224609375,-0.4111328125,0.557861328125,0.9200740456581116,3.5877861976623535,-1.9312976598739624,7.7633585929870605,1,95728.0,-0.02593994140625,27.06999969482422,1,0,4006,1,d1000000ff040100ce1e090020000000,1,0x79CA
105,5,10,11280,632489,48.088253021240234,11.296454429626465,591.0,0.0,0.0,0.0,112423,0,0,1,-0.895263671875,-0.137451171875,0.308349609375,0.9568016529083252,-4.610687255859375,13.22137451171875,1.1145038604736328,1,95722.0,0.492156982421875,27.139999389648438,1,0,4006,1,d3000000ff010000e1a5090022000000,1,0x4CE0
106,5,11,11384,662571,48.088253021240234,11.296454429626465,591.0,0.0,0.0,0.0,112453,0,0,1,-0.981201171875,-0.0546875,-0.035888671875,0.9833791255950928,-1.305343508720398,12.22137451171875,-2.106870174407959,1,95728.0,-0.221435546875,27.239999771118164,1,0,4003,1,d4000000ff160800f3e8090023000000,1,0x449B
107,5,12,11488,692586,48.088253021240234,11.296454429626465,591.0,0.0,0.0,0.0,112523,0,0,1,-0.96337890625,-0.155517578125,-0.020263671875,0.9760611057281494,-1.1145038604736328,-0.6564885377883911,-0.09923664480447769,1,95728.0,-0.07513427734375,27.360000610351562,1,0,4009,1,d6000000ff05020034700a0025000000,1,0x37FC
108,5,13,11592,31451,48.088253021240234,11.296454429626465,591.0,0.0,0.0,0.0,112625,0,0,1,-0.973876953125,-0.119873046875,0.06689453125,0.9835042953491211,-0.9236640930175781,0.5877862572669983,-0.39694657921791077,1,95724.0,0.1658935546875,27.510000228881836,1,0,4009,1,00000000000000000000000000000000,0,0x2E16
109,5,14,11696,61495,48.088253021240234,11.296454429626465,591.0,0.0,0.0,0.0,112655,0,0,1,-0.969970703125,-0.119140625,0.148193359375,0.9884325861930847,-1.0229008197784424,0.3358778655529022,-1.3969465494155884,1,95727.0,-0.159332275390625,27.59000015258789,1,0,4000,1,da000000ff01000022c7000001000000,1,0x0F76
110,5,15,11800,91552,48.088253021240234,11.296454429626465,591.0,0.0,0.0,0.0,112725,0,0,1,-0.96484375,-0.00732421875,-0.016845703125,0.9650185704231262,0.038167938590049744,4.358778476715088,-0.6641221642494202,1,95725.0,0.0411376953125,27.68000030517578,1,0,3996,1,dc000000ff0602001351010003000000,1,0x2FCA
111,5,16,11904,121623,48.088253021240234,11.296454429626465,591.0,0.0,0.0,0.0,112756,0,0,1,-0.984130859375,-0.044189453125,-0.12744140625,0.9933315515518188,0.8244274854660034,-4.0,1.1374045610427856,1,95725.0,-0.092529296875,27.760000228881836,1,0,4006,1,de000000ff060200a5da010005000000,1,0xB3B2
112,5,17,12008,151698,48.088253021240234,11.296454429626465,591.0,0.0,0.0,0.0,112826,0,0,1,-1.055419921875,-0.051513671875,0.016357421875,1.0568028688430786,-0.5496183037757874,-2.541984796524048,0.9160305261611938,1,95721.0,0.2049560546875,27.850000381469727,1,0,4003,1,df000000ff010000581f020006000000,1,0x4C01
113,5,18,12112,181791,48.088253021240234,11.296454429626465,591.0,0.0,0.0,0.0,112856,0,0,1,-0.956298828125,-0.06298828125,0.01025390625,0.9584258794784546,-0.5572519302368164,0.11450381577014923,-2.1603052616119385,1,95722.0,0.134185791015625,27.93000030517578,1,0,4006,1,e1000000ff00000066a9020008000000,1,0x69A6
114,6,0,12288,211820,48.088253021240234,11.296454429626465,591.0,0.0,0.0,0.0,112926,0,0,1,-0.458251953125,0.21875,-0.75146484375,0.906943142414093,22.74045753479004,32.77862548828125,-4.076335906982422,1,95723.0,0.169921875,28.0,1,0,4009,1,e3000000ff0703005a3203000a000000,1,0x0DB5
115,6,1,12392,241865,48.088253021240234,11.296454429626465,591.0,0.0,0.0,0.0,112956,0,0,1,-0.397705078125,-0.05908203125,0.912109375,0.9967966079711914,23.06106948852539,-39.36641311645508,-65.83206176757812,1,95728.0,-0.4508056640625,28.059999465942383,1,0,4006,1,e4000000ff090300a17503000b000000,1,0x3352
116,6,2,12496,271919,48.088253021240234,11.296454429626465,591.0,0.0,0.0,0.0,113026,0,0,1,-0.33203125,-0.006591796875,0.9375,0.9945825338363647,-14.770992279052734,1.0076335668563843,11.90839672088623,1,95728.0,-0.294342041015625,28.110000610351562,1,0,3945,1,e60000000000000034fc03000d000000,1,0x0782
117,6,3,12600,301944,48.088253021240234,11.296454429626465,591.0,0.0,0.0,0.0,113056,0,0,1,-0.32763671875,-0.029541015625,0.909912109375,0.9675528407096863,1.572519063949585,3.3664121627807617,2.389312982559204,1,95731.0,-0.383026123046875,28.200000762939453,1,0,3996,1,e8000000ff000000758204000f000000,1,0xE3E2
118,6,4,12704,331970,48.088253021240234,11.296454429626465,591.0,0.0,0.0,0.0,113126,0,0,1,-0.096435546875,0.263916015625,0.961181640625,1.001409888267517,-0.847328245639801,33.3129768371582,57.389312744140625,1,95717.0,0.6513671875,28.31999969482422,1,0,4003,1,ea000000ff090300b008050011000000,1,0xD5C6
119,6,5,12808,361979,48.088253021240234,11.296454429626465,591.0,0.0,0.0,0.0,113156,0,0,1,-0.681640625,0.26953125,0.5078125,0.8917143940925598,-2.9847328662872314,-72.78626251220703,4.167938709259033,1,95727.0,-0.43548583984375,28.469999313354492,1,0,4009,1,eb000000ff0000000862050012000000,1,0x4B98
120,6,6,12912,391998,48.088253021240234,11.296454429626465,591.0,0.0,0.0,0.0,113226,0,0,1,-0.314453125,-0.224853515625,0.59619140625,0.710551917552948,-48.847328186035156,3.755725145339966,40.709922790527344,1,95722.0,0.255950927734375,28.600000381469727,1,0,4000,1,ed000000ff030100b8e7050014000000,1,0xE2D2
121,6,7,13016,422044,48.088253021240234,11.296454429626465,591.0,0.0,0.0,0.0,113256,0,0,1,-0.299072265625,0.031982421875,1.08740234375,1.128233551979065,-20.41984748840332,-11.12977123260498,26.290077209472656,1,95723.0,-0.052978515625,28.75,1,0,3996,1,ef000000ff0d0500a06d060016000000,1,0x367C
122,6,8,13120,452073,48.088253021240234,11.296454429626465,591.0,0.0,0.0,0.0,113326,0,0,1,-0.94189453125,-0.206298828125,0.04833984375,0.9654331803321838,-0.45038166642189026,3.85496187210083,-7.732824325561523,1,95722.0,-0.076080322265625,28.93000030517578,1,0,4000,1,f0000000ff040100dcb0060017000000,1,0xB508
123,6,9,13224,482112,48.088253021240234,11.296454429626465,591.0,0.0,0.0,0.0,113356,0,0,1,-0.38427734375,-0.857666015625,0.5078125,1.0682384967803955,-5.061068534851074,8.282443046569824,8.374045372009277,1,95723.0,0.060882568359375,29.100000381469727,1,0,4012,1,f200000000000000e237070019000000,1,0xE062
124,6,10,13328,512202,48.088253021240234,11.296454429626465,591.0,0.0,0.0,0.0,113426,0,0,1,-0.974609375,-0.08154296875,0.1064453125,0.9837902784347534,-1.0534350872039795,0.35114502906799316,-0.9541984796524048,1,95735.0,-0.120208740234375,29.25,1,0,3990,1,f4000000ff0000001abe07001b000000,1,0xC452
125,6,11,13432,542369,48.088191986083984,11.29616641998291,543.0,3.4739999771118164,1.8940000534057617,0.0,113457,3,2,1,-0.972900390625,-0.07958984375,0.101806640625,0.9814450144767761,-1.1832060813903809,0.35877862572669983,-1.2061069011688232,1,95738.0,-0.16973876953125,29.399999618530273,1,0,4000,1,f6000000ff000000634408001c000000,1,0x542B
126,6,12,13536,572461,48.088165283203125,11.295869827270508,584.0,2.5250000953674316,-0.19300000369548798,137.72918701171875,113527,5,3,1,-0.977783203125,-0.08349609375,0.10595703125,0.9870453476905823,-1.1297709941864014,0.3129771053791046,-1.0916030406951904,1,95733.0,0.25341796875,29.549999237060547,1,0,3996,1,f7000000ff0100000f8808001d000000,1,0xD76C
127,6,13,13640,602532,48.08811950683594,11.295938491821289,591.0,0.6809999942779541,-0.6549999713897705,127.40392303466797,113557,5,3,1,-0.971923828125,-0.091552734375,0.102783203125,0.9816222190856934,-1.1755725145339966,0.221374049782753,-1.1297709941864014,1,95737.0,-0.1112060546875,29.709999084472656,1,0,3977,1,f9000000ff040100e01209001f000000,1,0x2F92
128,6,14,13744,632567,48.088226318359375,11.295892715454102,572.0,0.34700000286102295,1.034999966621399,226.9449462890625,113627,5,3,1,-0.974609375,-0.107177734375,0.1044921875,0.9860370755195618,-1.2900763750076294,-0.06106870248913765,-1.2900763750076294,1,95736.0,0.029327392578125,29.8700008392334,1,0,3993,1,fb000000ff0201002097090021000000,1,0xAA7B
129,6,15,13848,662671,48.08814239501953,11.295979499816895,579.0,1.1920000314712524,-0.04100000113248825,153.2811737060547,113657,4,3,1,-0.975341796875,-0.10595703125,0.10205078125,0.9863736033439636,-1.0305343866348267,0.30534350872039795,-1.0610686540603638,1,95737.0,-0.07781982421875,30.020000457763672,1,0,3977,1,fd000000ff0000008e1c0a0023000000,1,0x342A
130,6,16,13952,692679,48.08816909790039,11.295985221862793,572.0,1.4889999628067017,0.6299999952316284,151.2440948486328,113727,5,3,1,-0.97216796875,-0.10400390625,0.096923828125,0.9825078248977661,-0.9541984796524048,-0.10687022656202316,-1.1832060813903809,1,95738.0,-0.136932373046875,30.15999984741211,1,0,3993,1,fe000000ff0100007e5f0a0024000000,1,0x3110
131,6,17,14056,722773,48.088199615478516,11.29588794708252,577.0,0.5789999961853027,0.10100000351667404,290.3299865722656,113757,5,3,1,-0.966796875,-0.104248046875,0.09814453125,0.9773414134979248,-1.0305343866348267,0.1221374049782753,-1.2900763750076294,1,95736.0,0.0106201171875,30.290000915527344,1,0,3984,1,00010000ff030100cee40a0026000000,1,0x1A0F
132,6,18,14160,752825,48.08823776245117,11.295835494995117,568.0,3.5450000762939453,0.09399999678134918,308.9266052246094,113827,5,3,1,-0.71142578125,-0.23095703125,-0.156005859375,0.7640717625617981,-117.6259536743164,-30.01526641845703,4.679389476776123,1,95733.0,0.111907958984375,30.399999618530273,1,0,3996,1,02010000ff0703002f6a0b0028000000,1,0xF9A8
133,7,0,14336,782898,48.08786392211914,11.296030044555664,563.0,1.4989999532699585,0.6769999861717224,162.773193359375,113857,5,3,1,-0.964111328125,-0.085205078125,-0.0595703125,0.9697005748748779,49.91603088378906,7.847328186035156,20.23664093017578,1,95714.0,0.470703125,30.5,1,0,3984,1,04010000ff040100a6ef0b002a000000,1,0xD4D1
134,7,1,14440,812986,48.088619232177734,11.29615592956543,532.0,0.0,0.0,131.0928192138672,113927,0,0,1,-0.946044921875,-0.145751953125,0.180908203125,0.974152147769928,-2.6183207035064697,4.27480936050415,-3.1908397674560547,1,95720.0,-0.180145263671875,30.600000381469727,1,0,3990,1,05010000ff2c110052320c002b000000,1,0xABC9
135,7,2,14544,843039,48.088619232177734,11.29615592956543,532.0,0.0,0.0,131.0928192138672,113958,0,0,1,-0.962646484375,-0.0546875,0.0,0.9641985893249512,-0.6641221642494202,8.007633209228516,-1.7633588314056396,1,95715.0,0.248931884765625,30.68000030517578,1,0,4000,1,07010000ff0e050063b90c002d000000,1,0x6336
136,7,3,14648,873090,48.088619232177734,11.29615592956543,532.0,0.0,0.0,131.0928192138672,114028,0,0,1,-0.9150390625,-0.00732421875,0.172607421875,0.9312053918838501,-2.1526718139648438,-11.442748069763184,-2.2290077209472656,1,95715.0,0.2203369140625,30.760000228881836,1,0,3996,1,09010000ff02010006430d002f000000,1,0x221B
137,7,4,14752,903125,48.088619232177734,11.29615592956543,532.0,0.0,0.0,131.0928192138672,114058,0,0,1,-0.949462890625,0.052001953125,0.1748046875,0.9668198823928833,0.4885496199131012,1.9770991802215576,3.8473281860351562,1,95714.0,0.247650146484375,30.81999969482422,1,0,3996,1,0a010000ff01000061880d0030000000,1,0x6664
138,7,5,14856,933153,48.088619232177734,11.29615592956543,532.0,0.0,0.0,131.0928192138672,114128,0,0,1,-0.981689453125,-0.051513671875,0.224365234375,1.0083192586898804,2.7251908779144287,3.251908302307129,2.6870229244232178,1,95716.0,0.006561279296875,30.889999389648438,1,0,3984,1,0c010000ff040100ad100e0032000000,1,0xABD0
139,7,6,14960,963170,48.088619232177734,11.29615592956543,532.0,0.0,0.0,131.0928192138672,114158,0,0,1,-1.04833984375,0.115966796875,0.205810546875,1.0746266841888428,-0.25190839171409607,-2.3435113430023193,1.0992366075515747,1,95715.0,0.085418701171875,30.950000762939453,1,0,3996,1,0e010000ff0401003d9a0e0034000000,1,0x71B3
140,7,7,15064,993198,48.088619232177734,11.29615592956543,532.0,0.0,0.0,131.0928192138672,114228,0,0,1,-0.92529296875,-0.00927734375,0.17236328125,0.9412556886672974,0.8396946787834167,-3.6870229244232178,-3.2595419883728027,1,95713.0,0.283050537109375,31.020000457763672,1,0,3984,1,10010000ff00000000240f0036000000,1,0x3703
141,7,8,15168,1023201,48.088619232177734,11.29615592956543,532.0,0.0,0.0,131.0928192138672,114258,0,0,1,-0.8740234375,-0.05029296875,0.406982421875,0.9654434323310852,-2.419847249984741,2.106870174407959,-1.2977099418640137,1,95724.0,-0.32781982421875,31.049999237060547,1,0,3996,1,11010000ff000000b3680f0037000000,1,0x35EC
142,7,9,15272,1053253,48.088619232177734,11.29615592956543,532.0,0.0,0.0,131.0928192138672,114328,0,0,1,-0.87060546875,-0.031005859375,0.150146484375,0.8840017914772034,-3.0,-2.717557191848755,-0.1450381726026535,1,95713.0,0.562286376953125,31.079999923706055,1,0,3984,1,13010000ff02010037f20f0039000000,1,0xE66C
143,7,10,15376,1083316,48.088619232177734,11.29615592956543,532.0,0.0,0.0,131.0928192138672,114358,0,0,1,-0.9677734375,-0.02734375,0.09375,0.9726881384849548,-1.0,2.1297709941864014,-2.992366313934326,1,95718.0,-0.106903076171875,31.110000610351562,1,0,3996,1,15010000ff0201004b7c10003b000000,1,0xEC9E
144,7,11,15480,1113365,48.088619232177734,11.29615592956543,532.0,0.0,0.0,131.0928192138672,114428,0,0,1,-0.9189453125,-0.0068359375,0.234130859375,0.9483271837234497,-3.221374034881592,-0.7175572514533997,-5.076335906982422,1,95715.0,0.00567626953125,31.139999389648438,1,0,3996,1,16010000ff1006001ec110003c000000,1,0x22E3
145,7,12,15584,1143436,48.088619232177734,11.29615592956543,532.0,0.0,0.0,131.0928192138672,114458,0,0,1,-0.8349609375,0.0048828125,0.308837890625,0.8902608752250671,1.0076335668563843,12.87022876739502,-3.282442808151245,1,95716.0,-0.5826416015625,31.149999618530273,1,0,4006,1,18010000ff090300cc4a11003e000000,1,0x67DC
146,7,13,15688,1173466,48.088619232177734,11.29615592956543,532.0,0.0,0.0,131.0928192138672,114528,0,0,1,-0.969482421875,-0.02197265625,0.078125,0.972873330116272,-1.3206106424331665,-0.13740457594394684,-1.3511450290679932,1,95710.0,0.128662109375,31.149999618530273,1,0,3987,1,1a010000ff0c0500ccd3110040000000,1,0xD644
147,7,14,15792,1203519,48.088619232177734,11.29615592956543,532.0,0.0,0.0,131.0928192138672,114558,0,0,1,-0.9755859375,-0.050537109375,0.150146484375,0.9883652329444885,-0.49618321657180786,0.7251908183097839,-2.068702220916748,1,95724.0,-0.648223876953125,31.18000030517578,1,0,3996,1,1b010000ff010000a333120041000000,1,0xABD4
148,7,15,15896,1233533,48.088619232177734,11.29615592956543,532.0,0.0,0.0,131.0928192138672,114628,0,0,1,-0.979736328125,-0.04541015625,0.064697265625,0.9829196929931641,-0.9923664331436157,0.442748099565506,-0.5267175436019897,1,95716.0,0.114288330078125,31.200000762939453,1,0,3984,1,1d010000ff090300d7bc120043000000,1,0x8EF4
149,7,16,16000,1263585,48.088619232177734,11.29615592956543,532.0,0.0,0.0,131.0928192138672,114658,0,0,1,-1.0439453125,-0.069580078125,0.133056640625,1.0546882152557373,-1.8167939186096191,-0.572519063949585,-0.06870228797197342,1,95712.0,0.16180419921875,31.229999542236328,1,0,3993,1,1f010000ff1408009146130045000000,1,0x50D6
150,7,17,16104,1293597,48.088619232177734,11.29615592956543,532.0,0.0,0.0,131.0928192138672,114728,0,0,1,-0.998046875,-0.136962890625,-0.04296875,1.0083167552947998,1.3511450290679932,-2.6946563720703125,-1.5572519302368164,1,95725.0,-0.587432861328125,31.25,1,0,3996,1,20010000ff000000408b130046000000,1,0x45F9
151,7,18,16208,1323673,48.088619232177734,11.29615592956543,532.0,0.0,0.0,131.0928192138672,114758,0,0,1,-0.976806640625,-0.16748046875,0.00537109375,0.9910750389099121,-1.038167953491211,-0.2748091518878937,-1.4809160232543945,1,95715.0,0.0433349609375,31.280000686645508,1,0,3987,1,22010000ff0201001415140048000000,1,0x2B31
152,8,0,16384,1353759,48.088619232177734,11.29615592956543,532.0,0.0,0.0,131.0928192138672,114829,0,0,1,-0.964599609375,-0.23779296875,-0.13525390625,1.002642273902893,-2.030534267425537,-0.732824444770813,-1.0458015203475952,1,95719.0,-0.124298095703125,31.299999237060547,1,0,3984,1,24010000ff0a0400929e14004a000000,1,0xC7D9
153,8,1,16488,1383830,48.088619232177734,11.29615592956543,532.0,0.0,0.0,131.0928192138672,114859,0,0,1,-0.96826171875,-0.089111328125,0.060546875,0.9742369055747986,-0.7251908183097839,-0.05343511328101158,-3.0839693546295166,1,95721.0,-0.270050048828125,31.31999969482422,1,0,3993,1,25010000ff08030076e314004b000000,1,0xE1B6
154,8,2,16592,1413847,48.087928771972656,11.296025276184082,560.0,0.0,0.0,0.0,114929,0,0,1,-0.964599609375,-0.12744140625,0.001708984375,0.9729833602905273,-0.5419847369194031,0.30534350872039795,-1.3816794157028198,1,95711.0,0.523834228515625,31.34000015258789,1,0,3990,1,27010000ff010000806d15004d000000,1,0xAFCE
155,8,3,16696,1443917,48.087928771972656,11.296025276184082,560.0,0.0,0.0,0.0,114959,0,0,1,-0.955322265625,-0.137939453125,0.111328125,0.9716284871101379,-2.3435113430023193,0.8931297659873962,-0.22900763154029846,1,95718.0,-0.003021240234375,31.350000381469727,1,0,3990,1,29010000ff0b040034f715004e000000,1,0xD725
156,8,4,16800,1473955,48.087928771972656,11.296025276184082,560.0,0.0,0.0,0.0,115029,0,0,1,-0.961669921875,-0.1142578125,0.10595703125,0.9742128849029541,0.38167938590049744,4.206106662750244,4.70992374420166,1,95715.0,0.218902587890625,31.350000381469727,1,0,3977,1,2a010000ff0502002f3c16004f000000,1,0x1A91
157,8,5,16904,1504042,48.087928771972656,11.296025276184082,560.0,0.0,0.0,0.0,115059,0,0,1,-0.986328125,-0.123046875,-0.0107421875,0.9940317273139954,-0.35114502906799316,1.2900763750076294,-0.2977099120616913,1,95721.0,-0.19732666015625,31.350000381469727,1,0,3971,1,2c010000ff020100f9c5160051000000,1,0x8941
158,8,6,17008,1534128,48.087928771972656,11.296025276184082,560.0,0.0,0.0,0.0,115129,0,0,1,-0.91357421875,0.019775390625,0.037841796875,0.9145714640617371,7.244274616241455,-2.931297779083252,-2.70992374420166,1,95714.0,0.13323974609375,31.360000610351562,1,0,3971,1,2e010000000000005650170053000000,1,0x307E
159,8,7,17112,1564173,48.087928771972656,11.296025276184082,560.0,0.0,0.0,0.0,115159,0,0,1,-0.90234375,-0.047119140625,0.00634765625,0.9035954475402832,4.41984748840332,0.04580152779817581,4.557251930236816,1,95705.0,0.403411865234375,31.360000610351562,1,0,3971,1,30010000ff0000002bd7170055000000,1,0x3050
160,8,8,17216,1594194,48.08808517456055,11.295988082885742,571.0,0.5929999947547913,-0.5239999890327454,96.25007629394531,115229,4,3,1,-0.970947265625,0.0478515625,0.06298828125,0.9741641879081726,5.610687255859375,-11.717556953430176,-7.282442569732666,1,95709.0,0.28460693359375,31.3799991607666,1,0,3984,1,3101000000000000511a180056000000,1,0xACDE
161,8,9,17320,1624211,48.087890625,11.29610538482666,618.0,0.43700000643730164,-1.7319999933242798,327.6778564453125,115259,6,3,1,-0.948486328125,-0.10986328125,0.11279296875,0.9614668488502502,6.137404441833496,-58.931297302246094,-2.465648889541626,1,95720.0,-0.3060302734375,31.389999389648438,1,0,3974,1,3301000000000000e5a0180058000000,1,0x04EF
162,8,10,17424,1654237,48.08807373046875,11.296025276184082,569.0,1.159999966621399,0.06599999964237213,351.7081604003906,115329,7,3,1,-0.940185546875,-0.111083984375,0.240478515625,0.9767898321151733,-1.1374045610427856,-0.038167938590049744,-0.8244274854660034,1,95723.0,-0.178955078125,31.420000076293945,1,0,3980,1,35010000ff0602009d2719005a000000,1,0x5D75
163,8,11,17528,1684344,48.08802795410156,11.296039581298828,579.0,0.1720000058412552,0.2669999897480011,131.4787139892578,115359,8,3,1,-0.937255859375,-0.115478515625,0.250732421875,0.9770622253417969,-1.0763359069824219,0.25954198837280273,-1.0458015203475952,1,95721.0,0.05462646484375,31.43000030517578,1,0,3980,1,37010000ff0c050080ae19005c000000,1,0x0EFB
164,8,12,17632,1714422,48.087974548339844,11.295974731445312,568.0,1.9320000410079956,0.6209999918937683,319.0387878417969,115429,4,3,1,-1.022705078125,-0.032958984375,0.2470703125,1.0526422262191772,6.1984734535217285,-20.76335906982422,10.51145076751709,1,95706.0,0.2923583984375,31.450000762939453,1,0,3990,1,38010000ff130700d4f119005d000000,1,0xB4BE
165,8,13,17736,1744446,48.08787536621094,11.295632362365723,570.0,0.0,0.0,319.0387878417969,115459,0,0,1,-0.949951171875,-0.0439453125,0.10498046875,0.9567441344261169,-2.3435113430023193,-2.755725145339966,-3.114503860473633,1,95716.0,-0.292633056640625,31.5,1,0,3980,1,3a010000ff0c05003a7d1a005f000000,1,0xD0F1
166,8,14,17840,1774507,48.08787536621094,11.295632362365723,570.0,0.0,0.0,319.0387878417969,115530,0,0,1,-1.015869140625,0.001220703125,0.0830078125,1.019255518913269,-2.7938930988311768,4.038167953491211,-6.045801639556885,1,95719.0,-0.49176025390625,31.540000915527344,1,0,3977,1,3c010000ff0a04000a031b0061000000,1,0x161E
167,8,15,17944,1804557,48.08787536621094,11.295632362365723,570.0,0.0,0.0,319.0387878417969,115600,0,0,1,-0.966796875,-0.087890625,-0.06396484375,0.972888708114624,-10.87022876739502,-0.05343511328101158,2.9465649127960205,1,95707.0,0.322601318359375,31.59000015258789,1,0,3980,1,3d010000ff03010061471b0062000000,1,0xFAEA
168,8,16,18048,1834627,48.08787536621094,11.295632362365723,570.0,0.0,0.0,319.0387878417969,115630,0,0,1,-0.9931640625,-0.106201171875,-0.059326171875,1.0005863904953003,-1.1679389476776123,-1.587786316871643,-1.1832060813903809,1,95711.0,-0.13250732421875,31.65999984741211,1,0,3977,1,3f010000ff01000002d11b0064000000,1,0x6D2F
169,8,17,18152,1864701,48.08787536621094,11.295632362365723,570.0,0.0,0.0,319.0387878417969,115700,0,0,1,1.009033203125,-0.1806640625,-0.00341796875,1.0250849723815918,-5.038167953491211,-19.98473358154297,-11.244275093078613,1,95713.0,-0.239715576171875,31.709999084472656,1,0,3971,1,41010000ff0502002f5a1c0066000000,1,0x0D4D
170,8,18,18256,1894743,48.08787536621094,11.295632362365723,570.0,0.0,0.0,319.0387878417969,115730,0,0,1,1.01708984375,-0.005615234375,-0.07763671875,1.020064115524292,-1.6183205842971802,1.5954198837280273,-0.9694656729698181,1,95713.0,-0.016204833984375,31.729999542236328,1,0,3987,1,43010000ff01000062e11c0068000000,1,0xEC6F
171,9,0,18432,1924820,48.08787536621094,11.295632362365723,570.0,0.0,0.0,319.0387878417969,115800,0,0,1,-0.140869140625,-0.162353515625,0.98193359375,1.0051847696304321,-0.580152690410614,-2.4732823371887207,-5.969465732574463,1,95709.0,0.2257080078125,31.75,1,0,3980,1,44010000ff00000039251d0069000000,1,0x0DC9
172,9,1,18536,1954861,48.08787536621094,11.295632362365723,570.0,0.0,0.0,319.0387878417969,115830,0,0,1,0.61474609375,-0.748779296875,0.316650390625,1.0192402601242065,-12.32824420928955,-16.02290153503418,10.229007720947266,1,95709.0,-0.0867919921875,31.780000686645508,1,0,3984,1,46010000ff040100bfae1d006b000000,1,0x6C1E
173,9,2,18640,1984916,48.08787536621094,11.295632362365723,570.0,0.0,0.0,319.0387878417969,115900,0,0,1,-0.35498046875,0.19677734375,-1.2412109375,1.3058855533599854,-36.816795349121094,-116.54198455810547,-30.9007625579834,1,95709.0,-0.46142578125,31.81999969482422,1,0,3977,1,48010000ff190a004e371e006d000000,1,0x1044
174,9,3,18744,2015004,48.08787536621094,11.295632362365723,570.0,0.0,0.0,319.0387878417969,115930,0,0,1,-0.06884765625,-0.2412109375,-1.00341796875,1.034296989440918,-0.7404580116271973,0.1221374049782753,-1.2137404680252075,1,95714.0,-0.45501708984375,31.860000610351562,1,0,3971,1,4a010000ff040100bcbd1e006f000000,1,0x9FF4
175,9,4,18848,2045083,48.08787536621094,11.295632362365723,570.0,0.0,0.0,319.0387878417969,120000,0,0,1,-0.032958984375,-0.48388671875,-0.9169921875,1.037355899810791,0.09923664480447769,0.09923664480447769,-1.0992366075515747,1,95716.0,-0.1583251953125,31.90999984741211,1,0,3987,1,4b010000ff0100008a201f0070000000,1,0xA684
176,9,5,18952,2075179,48.08787536621094,11.295632362365723,570.0,0.0,0.0,319.0387878417969,120030,0,0,1,-0.029052734375,-0.587158203125,-0.85986328125,1.0416158437728882,-0.5877862572669983,-0.05343511328101158,-0.9236640930175781,1,95713.0,0.0643310546875,31.950000762939453,1,0,3990,1,4d010000ff04010022a61f0072000000,1,0x4C69
177,9,6,19056,2105250,48.08787536621094,11.295632362365723,570.0,0.0,0.0,319.0387878417969,120100,0,0,1,-0.056640625,-0.25927734375,-0.997314453125,1.0320217609405518,-1.2061069011688232,0.2442748099565506,-0.9312977194786072,1,95710.0,0.208404541015625,31.989999771118164,1,0,3968,1,4e010000ff040100e4e81f0073000000,1,0xA684
178,9,7,19160,2135335,48.08787536621094,11.295632362365723,570.0,0.0,0.0,319.0387878417969,120131,0,0,1,-0.0625,-0.271240234375,-1.005615234375,1.043426752090454,1.14503812789917,0.35114502906799316,-1.503816843032837,1,95711.0,0.07574462890625,32.029998779296875,1,0,3974,1,50010000ff0201009a6e200075000000,1,0xFD91
179,9,8,19264,2165404,48.08787536621094,11.295632362365723,570.0,0.0,0.0,319.0387878417969,120201,0,0,1,-0.068115234375,-0.21875,-1.003662109375,1.0294798612594604,22.6564884185791,0.7633587718009949,-3.427480936050415,1,95712.0,0.053619384765625,32.08000183105469,1,0,3996,1,52010000ff0803007ef4200077000000,1,0x46AE
180,9,9,19368,2195443,48.08787536621094,11.295632362365723,570.0,0.0,0.0,319.0387878417969,120231,0,0,1,-0.058837890625,-0.243896484375,-1.0029296875,1.0338352918624878,-3.9770991802215576,-0.21374045312404633,-0.7633587718009949,1,95714.0,-0.2152099609375,32.130001068115234,1,0,3987,1,54010000ff010000967a210079000000,1,0x48EF
181,9,10,19472,2225449,48.08787536621094,11.295632362365723,570.0,0.0,0.0,319.0387878417969,120301,0,0,1,-0.065185546875,-0.25537109375,-0.994384765625,1.0287199020385742,-0.5648854970932007,0.42748090624809265,-1.122137427330017,1,95717.0,-0.298583984375,32.18000030517578,1,0,3987,1,55010000ff0f0600a8bd21007a000000,1,0xE321
182,9,11,19576,2255513,48.08787536621094,11.295632362365723,570.0,0.0,0.0,319.0387878417969,120331,0,0,1,-0.06494140625,-0.25341796875,-1.0009765625,1.0345975160598755,-1.610687017440796,-0.18320611119270325,-1.1374045610427856,1,95712.0,0.010498046875,32.22999954223633,1,0,3971,1,57010000ff060200294422007c000000,1,0xB75F
183,9,12,19680,2285570,48.08787536621094,11.295632362365723,570.0,0.0,0.0,319.0387878417969,120401,0,0,1,-0.0625,-0.251953125,-1.007080078125,1.0399985313415527,-0.6793892979621887,0.12977099418640137,-1.0076335668563843,1,95710.0,0.023223876953125,32.279998779296875,1,0,3974,1,59010000ff0b04005bca22007e000000,1,0x3596
184,9,13,19784,2315653,48.08787536621094,11.295632362365723,570.0,0.0,0.0,319.0387878417969,120431,0,0,1,-1.09765625,-0.02392578125,-0.0810546875,1.1009048223495483,-121.17557525634766,22.01526641845703,22.496183395385742,1,95704.0,0.39434814453125,32.33000183105469,1,0,3977,1,5b010000ff1d0b000750230080000000,1,0x2F5B
185,9,14,19888,2345671,48.08796310424805,11.296019554138184,570.0,0.0,0.0,0.0,120501,0,0,1,-0.961181640625,-0.012451171875,-0.051513671875,0.9626415967941284,-1.0763359069824219,0.7251908183097839,0.1679389327764511,1,95709.0,-0.168304443359375,32.41999816894531,1,0,3961,1,5c010000ff0301008093230081000000,1,0x206F
186,9,15,19992,2375734,48.08796310424805,11.296019554138184,570.0,0.0,0.0,0.0,120531,0,0,1,-0.96240234375,-0.164794921875,0.115234375,0.9831859469413757,0.20610687136650085,-0.9236640930175781,0.38167938590049744,1,95706.0,0.2593994140625,32.5,1,0,3980,1,5e010000ff020100331c240083000000,1,0xC5AE
187,9,16,20096,2405794,48.08796310424805,11.296019554138184,570.0,0.0,0.0,0.0,120601,0,0,1,-0.966552734375,-0.09130859375,0.1083984375,0.9768887758255005,-1.4045801162719727,-1.1297709941864014,-0.09160305559635162,1,95707.0,0.02520751953125,32.59000015258789,1,0,3964,1,60010000ff00000054a5240085000000,1,0x7A43
188,9,17,20200,2435875,48.08796310424805,11.296019554138184,570.0,0.0,0.0,0.0,120631,0,0,1,-1.07177734375,-0.13525390625,-0.083251953125,1.0834810733795166,30.793893814086914,-20.083969116210938,-0.5267175436019897,1,95708.0,-0.318939208984375,32.65999984741211,1,0,3929,1,61010000ff00000024ea240086000000,1,0xFABC
189,9,18,20304,2465944,48.08796310424805,11.296019554138184,570.0,0.0,0.0,0.0,120701,0,0,1,-0.920654296875,-0.099609375,-0.025146484375,0.9263685345649719,0.30534350872039795,-1.5419846773147583,7.2366414070129395,1,95714.0,-0.32525634765625,32.720001220703125,1,0,3964,1,63010000ff0b04007a72250088000000,1,0x7F30
190,10,0,20480,2495956,48.08796310424805,11.296019554138184,570.0,0.0,0.0,0.0,120731,0,0,1,-1.003662109375,-0.101806640625,-0.113037109375,1.0151252746582031,26.23664093017578,5.893129825592041,-20.0,1,95708.0,0.268829345703125,32.779998779296875,1,0,3974,1,65010000ff00000086fa25008a000000,1,0xF94C
191,10,1,20584,2526038,48.08796310424805,11.296019554138184,570.0,0.0,0.0,0.0,120801,0,0,1,-1.0244140625,-0.073974609375,-0.074462890625,1.0297771692276,-2.213740348815918,-6.847328186035156,-3.8015267848968506,1,95704.0,0.223236083984375,32.83000183105469,1,0,3977,1,67010000ff030100448226008c000000,1,0x76E6
192,10,2,20688,2556120,48.08796310424805,11.296019554138184,570.0,0.0,0.0,0.0,120831,0,0,1,-0.869140625,0.019287109375,-0.528076171875,1.017173409461975,-0.9312977194786072,-2.641221284866333,-0.6564885377883911,1,95715.0,-0.120361328125,32.900001525878906,1,0,3968,1,68010000ff0b040038c626008d000000,1,0xFD68
193,10,3,20792,2586348,48.08796310424805,11.296019554138184,570.0,0.0,0.0,0.0,120902,0,0,1,-0.786376953125,0.020751953125,-0.626220703125,1.005470871925354,-1.2366411685943604,1.3282443284988403,-0.7251908183097839,1,95708.0,0.088470458984375,32.93000030517578,1,0,3958,1,6a010000ff020100e64e27008f000000,1,0x73A5
194,10,4,20896,2616414,48.08796310424805,11.296019554138184,570.0,0.0,0.0,0.0,120932,0,0,1,-0.88330078125,-0.100830078125,0.361572265625,0.9597507119178772,1.465648889541626,-8.312976837158203,-6.061068534851074,1,95711.0,-0.151947021484375,32.970001220703125,1,0,3961,1,6c010000ff00000061d6270091000000,1,0x4163
195,10,5,21000,2646497,48.08796310424805,11.296019554138184,570.0,0.0,0.0,0.0,121002,0,0,1,-0.98681640625,0.02099609375,0.11474609375,0.9936871528625488,-0.9770992398262024,-1.9389313459396362,-1.801526665687561,1,95712.0,0.088409423828125,33.0099983215332,1,0,3955,1,6e010000ff060200535f280093000000,1,0x0F02
196,10,6,21104,2676499,48.08796310424805,11.296019554138184,570.0,0.0,0.0,0.0,121032,0,0,1,-0.970947265625,-0.095703125,0.11279296875,0.982150673866272,-1.587786316871643,-1.587786316871643,-6.7633585929870605,1,95710.0,0.111236572265625,33.06999969482422,1,0,3964,1,6f010000ff00000008a5280094000000,1,0x3AD7
197,10,7,21208,2706531,48.08796310424805,11.296019554138184,570.0,0.0,0.0,0.0,121102,0,0,1,0.056884765625,-0.51318359375,0.858154296875,1.0015099048614502,-1.1755725145339966,0.1221374049782753,-1.1526718139648438,1,95711.0,0.04803466796875,33.11000061035156,1,0,3971,1,71010000ff000000952d290096000000,1,0xB605
198,10,8,21312,2736543,48.08796310424805,11.296019554138184,570.0,0.0,0.0,0.0,121132,0,0,1,0.0556640625,-0.513427734375,0.853271484375,0.9973859786987305,-1.0839694738388062,0.16030533611774445,-1.0229008197784424,1,95708.0,0.0902099609375,33.130001068115234,1,0,3904,1,73010000ff01000067b4290097000000,1,0x4C58
199,10,9,21416,2766641,48.08796310424805,11.296019554138184,570.0,0.0,0.0,0.0,121202,0,0,1,0.062744140625,-0.5087890625,0.85205078125,0.9943810701370239,-1.7175573110580444,0.4580152630805969,-1.0458015203475952,1,95712.0,0.221466064453125,33.150001525878906,1,0,3968,1,74010000ff040100b3f7290098000000,1,0x3630
200,10,10,21520,2796651,48.08796310424805,11.296019554138184,570.0,0.0,0.0,0.0,121232,0,0,1,0.0556640625,-0.509765625,0.850830078125,0.9934139847755432,-0.4580152630805969,0.17557251453399658,-1.1297709941864014,1,95709.0,0.20111083984375,33.16999816894531,1,0,3955,1,76010000ff0f0600647f2a009a000000,1,0x4E3B
201,10,11,21624,2826693,48.08796310424805,11.296019554138184,570.0,0.0,0.0,0.0,121302,0,0,1,0.057373046875,-0.510498046875,0.852294921875,0.9951414465904236,0.1450381726026535,0.5496183037757874,-1.1908396482467651,1,95714.0,-0.271728515625,33.20000076293945,1,0,3964,1,78010000ff0c050046062b009c000000,1,0xDC2A
202,10,12,21728,2856736,48.08796310424805,11.296019554138184,570.0,0.0,0.0,0.0,121332,0,0,1,0.058349609375,-0.51318359375,0.84521484375,0.990530252456665,-2.244274854660034,-0.10687022656202316,-1.160305380821228,1,95707.0,0.09478759765625,33.22999954223633,1,0,3955,1,7a010000ff040100dc902b009e000000,1,0xC020
203,10,13,21832,2886824,48.08796310424805,11.296019554138184,570.0,0.0,0.0,0.0,121402,0,0,1,0.05419921875,-0.503173828125,0.8583984375,0.9964784383773804,-0.38167938590049744,0.8549618124961853,-0.7175572514533997,1,95698.0,0.337249755859375,33.2599983215332,1,0,3961,1,7b010000ff06020009f92b009f000000,1,0x2549
204,10,14,21936,2916836,48.08796310424805,11.296019554138184,570.0,0.0,0.0,0.0,121432,0,0,1,0.06201171875,-0.513427734375,0.855712890625,0.9998490214347839,-1.587786316871643,-0.038167938590049744,-1.1908396482467651,1,95698.0,-0.024658203125,33.290000915527344,1,0,3961,1,7d010000ff080300217d2c00a1000000,1,0x828E
205,10,15,22040,2946838,48.08796310424805,11.296019554138184,570.0,0.0,0.0,0.0,121502,0,0,1,0.0908203125,-0.4833984375,0.85302734375,0.9846715331077576,0.10687022656202316,-8.213740348815918,-5.992366313934326,1,95698.0,-0.07830810546875,33.31999969482422,1,0,3968,1,7e010000ff07030081bf2c00a2000000,1,0xE2A8
206,10,16,22144,2976891,48.08796310424805,11.296019554138184,570.0,0.0,0.0,0.0,121533,0,0,1,-0.845703125,-0.1044921875,0.214111328125,0.8786216974258423,-31.503816604614258,53.80916213989258,18.274808883666992,1,95694.0,0.251495361328125,33.36000061035156,1,0,3964,1,80010000ff03010034452d00a4000000,1,0xB389
207,10,17,22248,3007082,48.08796310424805,11.296019554138184,570.0,0.0,0.0,0.0,121603,0,0,1,0.059814453125,-0.4970703125,0.87109375,1.0047193765640259,-0.5038167834281921,-0.20610687136650085,-0.8625954389572144,1,95693.0,0.1671142578125,33.38999938964844,1,0,3971,1,82010000000000002ccb2d00a6000000,1,0xC031
208,10,18,22352,3037186,48.08796310424805,11.296019554138184,570.0,0.0,0.0,0.0,121633,0,0,1,0.06201171875,-0.4951171875,0.859375,0.9937363266944885,-1.0610686540603638,-0.007633587811142206,-1.1297709941864014,1,95691.0,0.363800048828125,33.43000030517578,1,0,3971,1,84010000ff0703009c502e00a8000000,1,0x1978
209,11,0,22528,3067218,48.08796310424805,11.296019554138184,570.0,0.0,0.0,0.0,121703,0,0,1,0.059326171875,-0.493896484375,0.863037109375,0.9961357116699219,-1.0916030406951904,0.3358778655529022,-1.0229008197784424,1,95693.0,0.174407958984375,33.470001220703125,1,0,3897,1,85010000ff1408004a932e00a9000000,1,0x7B42
210,11,1,22632,3097322,48.08796310424805,11.296019554138184,570.0,0.0,0.0,0.0,121733,0,0,1,0.0927734375,0.011962890625,0.98828125,0.9926982522010803,-1.2366411685943604,0.3893129825592041,-1.122137427330017,1,95693.0,0.059478759765625,33.5099983215332,1,0,3971,1,87010000ff0803001f192f00ab000000,1,0x4011
211,11,2,22736,3127364,48.08796310424805,11.296019554138184,570.0,0.0,0.0,0.0,121803,0,0,1,0.09228515625,-0.0146484375,0.993896484375,0.9982792139053345,-0.4351145029067993,0.20610687136650085,-1.0687023401260376,1,95689.0,0.189178466796875,33.540000915527344,1,0,3968,1,89010000ff030100e69e2f00ad000000,1,0xBB58
212,11,3,22840,3157457,48.08796310424805,11.296019554138184,570.0,0.0,0.0,0.0,121833,0,0,1,0.083984375,-0.016357421875,0.986083984375,0.9897891283035278,-1.2061069011688232,0.11450381577014923,-1.0305343866348267,1,95695.0,-0.130767822265625,33.59000015258789,1,0,3968,1,8b010000ff1d0b00fb243000af000000,1,0xF1DD
213,11,4,22944,3187555,48.08796310424805,11.296019554138184,570.0,0.0,0.0,0.0,121903,0,0,1,0.082275390625,-0.024658203125,0.99658203125,1.0002764463424683,-0.5648854970932007,0.21374045312404633,-1.0687023401260376,1,95691.0,0.13458251953125,33.630001068115234,1,0,3958,1,8c010000ff020100da673000b0000000,1,0xBE3E
214,11,5,23048,3217660,48.08796310424805,11.296019554138184,570.0,0.0,0.0,0.0,121933,0,0,1,0.18115234375,-0.667724609375,0.72021484375,0.9986900091171265,-0.8091602921485901,0.30534350872039795,-1.0839694738388062,1,95697.0,-0.762969970703125,33.66999816894531,1,0,3958,1,8e010000ff0b04004aee3000b2000000,1,0x25AD
215,11,6,23152,3247711,48.08796310424805,11.296019554138184,570.0,0.0,0.0,0.0,122003,0,0,1,0.112548828125,-0.246337890625,0.95849609375,0.9960242509841919,-1.229007601737976,0.5190839767456055,-1.0152671337127686,1,95694.0,-0.126251220703125,33.709999084472656,1,0,3955,1,90010000ff01000080743100b4000000,1,0x0212
216,11,7,23256,3277813,48.08796310424805,11.296019554138184,570.0,0.0,0.0,0.0,122034,0,0,1,0.03564453125,-0.177734375,0.970703125,0.9874839782714844,0.7251908183097839,-0.25954198837280273,-2.3816792964935303,1,95692.0,0.0067138671875,33.75,1,0,3968,1,92010000ff03010059fa3100b6000000,1,0x7112
217,11,8,23360,3307831,48.08796310424805,11.296019554138184,570.0,0.0,0.0,0.0,122104,0,0,1,0.0712890625,-0.197265625,0.975341796875,0.9976409673690796,-1.5419846773147583,-0.221374049782753,-1.160305380821228,1,95686.0,0.2471923828125,33.790000915527344,1,0,3968,1,93010000ff030100a43d3200b7000000,1,0x5022
218,11,9,23464,3337873,48.08796310424805,11.296019554138184,570.0,0.0,0.0,0.0,122134,0,0,1,0.07666015625,-0.196533203125,0.97412109375,0.9967015385627747,-1.2137404680252075,0.45038166642189026,-0.9770992398262024,1,95690.0,-0.087371826171875,33.84000015258789,1,0,3958,1,95010000ff00000021c43200b9000000,1,0x7809
219,11,10,23568,3367927,48.08796310424805,11.296019554138184,570.0,0.0,0.0,0.0,122204,0,0,1,0.078369140625,-0.20068359375,0.9765625,1.0000449419021606,-1.0229008197784424,0.10687022656202316,-0.9389312863349915,1,95687.0,0.1883544921875,33.869998931884766,1,0,3955,1,97010000ff0100001d4a3300bb000000,1,0xB0D3
220,11,11,23672,3397973,48.08796310424805,11.296019554138184,570.0,0.0,0.0,0.0,122234,0,0,1,0.06787109375,-0.1982421875,0.966064453125,0.9885276556015015,0.9618320465087891,-1.2213740348815918,-1.267175555229187,1,95685.0,0.152008056640625,33.91999816894531,1,0,3945,1,98010000ff040101098d3300bc000000,1,0xB3C1
221,11,12,23776,3428024,48.08796310424805,11.296019554138184,570.0,0.0,0.0,0.0,122304,0,0,1,0.057373046875,-0.156494140625,1.0087890625,1.0224663019180298,8.793892860412598,-9.534351348876953,-4.1984734535217285,1,95685.0,0.1405029296875,33.95000076293945,1,0,3958,1,9a010000ff0d0500f3133400bd000000,1,0xC609
222,11,13,23880,3458108,48.08796310424805,11.296019554138184,570.0,0.0,0.0,0.0,122334,0,0,1,0.090576171875,-0.166259765625,0.98095703125,0.999061107635498,-1.1526718139648438,0.12977099418640137,-1.2519084215164185,1,95683.0,0.1875,33.9900016784668,1,0,3964,1,9c010000ff040100c79a3400bf000000,1,0xAC94
223,11,14,23984,3488155,48.08796310424805,11.296019554138184,570.0,0.0,0.0,0.0,122404,0,0,1,0.09716796875,-0.156494140625,0.9853515625,1.0024218559265137,-1.4809160232543945,0.15267175436019897,-1.0916030406951904,1,95684.0,0.25384521484375,34.029998779296875,1,0,3964,1,9e010000ff010000a9203500c1000000,1,0x85EB
224,11,15,24088,3518199,48.08796310424805,11.296019554138184,570.0,0.0,0.0,0.0,122434,0,0,1,0.0908203125,-0.16748046875,0.970458984375,0.9889836311340332,-0.9618320465087891,0.022900763899087906,-1.1374045610427856,1,95696.0,-0.405487060546875,34.06999969482422,1,0,3945,1,9f010000ff0000014b643500c2000000,1,0x649B
225,11,16,24192,3548235,48.08796310424805,11.296019554138184,570.0,0.0,0.0,0.0,122504,0,0,1,0.092041015625,-0.16552734375,0.977783203125,0.9959572553634644,-1.1755725145339966,0.08396946638822556,-1.0687023401260376,1,95687.0,0.2994384765625,34.119998931884766,1,0,3958,1,a1010000ff0d0500dfea3500c3000000,1,0xDA99
226,11,17,24296,3578333,48.08796310424805,11.296019554138184,570.0,0.0,0.0,0.0,122534,0,0,1,0.087646484375,-0.16162109375,0.974609375,0.9917997121810913,-0.9541984796524048,0.3435114622116089,-1.0152671337127686,1,95690.0,-0.3179931640625,34.150001525878906,1,0,3945,1,a3010000ff040100c1713600c5000000,1,0xDD50
227,11,18,24400,3608363,48.08796310424805,11.296019554138184,570.0,0.0,0.0,0.0,122604,0,0,1,0.12109375,-0.1650390625,0.8486328125,0.8729714751243591,-5.526717662811279,-0.885496199131012,-5.442748069763184,1,95684.0,0.062530517578125,34.189998626708984,1,0,3952,1,a5010000ff020100d9f83600c7000000,1,0x7CAD
228,12,0,24576,3638421,48.08796310424805,11.296019554138184,570.0,0.0,0.0,0.0,122634,0,0,1,0.082275390625,-0.170166015625,0.951171875,0.9697698950767517,-1.1908396482467651,0.3893129825592041,-1.5572519302368164,1,95682.0,0.1429443359375,34.220001220703125,1,0,3955,1,a7010000000000001e803700c9000000,1,0x0E49
229,12,1,24680,3668457,48.08796310424805,11.296019554138184,570.0,0.0,0.0,0.0,122704,0,0,1,-1.0810546875,0.088134765625,-0.03369140625,1.0851645469665527,2.969465732574463,-19.473281860351562,5.29007625579834,1,95684.0,-0.210906982421875,34.27000045776367,1,0,3955,1,a8010000ff000000c7c33700ca000000,1,0x69C0
230,12,2,24784,3698499,48.08796310424805,11.296019554138184,570.0,0.0,0.0,0.0,122735,0,0,1,-0.82470703125,-0.03662109375,0.52978515625,0.9808950424194336,-1.6793893575668335,-0.5572519302368164,-0.9312977194786072,1,95680.0,0.14862060546875,34.310001373291016,1,0,3958,1,aa010000ff000000744b3800cc000000,1,0xCE96
231,12,3,24888,3728531,48.08796310424805,11.296019554138184,570.0,0.0,0.0,0.0,122805,0,0,1,-0.928466796875,-0.017822265625,-0.020263671875,0.9288588762283325,7.816793918609619,8.992366790771484,-7.389312744140625,1,95674.0,0.549591064453125,34.349998474121094,1,0,3942,1,ab010000ff02010019b93800cd000000,1,0x84B0
232,12,4,24992,3758572,48.08796310424805,11.296019554138184,570.0,0.0,0.0,0.0,122835,0,0,1,-0.014892578125,-0.3984375,0.914794921875,0.9979097843170166,-17.97709846496582,8.923664093017578,2.717557191848755,1,95679.0,0.202728271484375,34.400001525878906,1,0,3945,1,ad01000000000000ab3f3900cf000000,1,0x8322
233,12,5,25096,3788629,48.08796310424805,11.296019554138184,570.0,0.0,0.0,0.0,122905,0,0,1,0.05615234375,-0.205322265625,0.970947265625,0.9940065145492554,-3.6946563720703125,3.1526718139648438,-0.19847328960895538,1,95684.0,-0.0889892578125,34.43000030517578,1,0,3952,1,af010000ff03010088c63900d1000000,1,0xF485
234,12,6,25200,3818618,48.08796310424805,11.296019554138184,570.0,0.0,0.0,0.0,122935,0,0,1,0.063232421875,-0.1904296875,0.978271484375,0.9986374974250793,-1.0305343866348267,0.09923664480447769,-0.9847328066825867,1,95696.0,-0.245941162109375,34.459999084472656,1,0,3952,1,b0010000ff000000ea093a00d2000000,1,0x9B29
235,12,7,25304,3848685,48.08796310424805,11.296019554138184,570.0,0.0,0.0,0.0,123005,0,0,1,-0.939697265625,-0.01806640625,0.060791015625,0.9418348670005798,19.694656372070312,-1.5801526308059692,3.396946668624878,1,95690.0,0.41607666015625,34.4900016784668,1,0,3932,1,b2010000ff000000ce903a00d4000000,1,0x1A4C
236,12,8,25408,3878725,48.08796310424805,11.296019554138184,570.0,0.0,0.0,0.0,123035,0,0,1,0.109375,0.633056640625,0.75146484375,0.9886470437049866,-17.22137451171875,2.9847328662872314,-1.1679389476776123,1,95681.0,0.106170654296875,34.56999969482422,1,0,3945,1,b4010000ff622600d3173b00d6000000,1,0x4101
237,12,9,25512,3908717,48.08796310424805,11.296019554138184,570.0,0.0,0.0,0.0,123105,0,0,1,0.068115234375,0.5419921875,0.818115234375,0.9837213754653931,-1.5572519302368164,-0.30534350872039795,-0.9770992398262024,1,95681.0,0.07318115234375,34.599998474121094,1,0,3955,1,b6010000ff000000049e3b00d8000000,1,0x68A0
238,12,10,25616,3938774,48.08796310424805,11.296019554138184,570.0,0.0,0.0,0.0,123135,0,0,1,0.06689453125,0.5380859375,0.822509765625,0.9851566553115845,-1.1679389476776123,0.3664122223854065,-1.2595419883728027,1,95690.0,-0.524810791015625,34.630001068115234,1,0,3948,1,b7010000ff0100006ae13b00d9000000,1,0xA01B
239,12,11,25720,3968864,48.08796310424805,11.296019554138184,570.0,0.0,0.0,0.0,123205,0,0,1,0.0615234375,0.514404296875,0.84033203125,0.9871954321861267,-0.9694656729698181,0.49618321657180786,-1.4809160232543945,1,95693.0,0.15277099609375,34.65999984741211,1,0,3958,1,b9010000ff0100001f6c3c00db000000,1,0xD610
240,12,12,25824,3998888,48.08796310424805,11.296019554138184,570.0,0.0,0.0,0.0,123235,0,0,1,0.059326171875,0.532470703125,0.8330078125,0.9904274940490723,-0.8320610523223877,0.39694657921791077,-1.2442748546600342,1,95689.0,-0.33416748046875,34.689998626708984,1,0,3958,1,bb010000ff03010013f13c00dd000000,1,0x08FB
241,12,13,25928,4028860,48.08796310424805,11.296019554138184,570.0,0.0,0.0,0.0,123305,0,0,1,0.073486328125,0.54638671875,0.80810546875,0.9782500267028809,-1.0229008197784424,-2.175572633743286,2.251908302307129,1,95687.0,0.1614990234375,34.709999084472656,1,0,3955,1,bd010000ff000000a8763d00df000000,1,0x01DB
242,12,14,26032,4058879,48.08796310424805,11.296019554138184,570.0,0.0,0.0,0.0,123335,0,0,1,-0.001708984375,0.462158203125,0.8046875,0.9279628992080688,2.5114502906799316,25.328245162963867,20.076335906982422,1,95681.0,0.30499267578125,34.75,1,0,3955,1,be010000ff000000dcb73d00e0000000,1,0x06DA
243,12,15,26136,4088974,48.08796310424805,11.296019554138184,570.0,0.0,0.0,0.0,123405,0,0,1,0.218505859375,0.735107421875,0.5498046875,0.9436169266700745,0.9923664331436157,13.351144790649414,1.9465649127960205,1,95673.0,0.42230224609375,34.779998779296875,1,0,3939,1,c0010000ff0301001f3d3e00e2000000,1,0x38A5
244,12,16,26240,4119051,48.08796310424805,11.296019554138184,570.0,0.0,0.0,0.0,123435,0,0,1,-0.936279296875,0.13720703125,0.18310546875,0.9638320803642273,-3.3053436279296875,1.9770991802215576,-2.320610761642456,1,95677.0,-0.076324462890625,34.83000183105469,1,0,3942,1,c2010000ff010000b4c23e00e4000000,1,0x7870
245,12,17,26344,4149094,0.0,0.0,0.0,0.0,0.0,0.0,0,0,0,0,-0.971435546875,-0.11083984375,0.029541015625,0.9781846404075623,-1.2900763750076294,0.25190839171409607,-0.9236640930175781,1,95684.0,0.206695556640625,34.88999938964844,1,0,3955,1,c401000000000000dd473f00e6000000,1,0xB3A3
246,12,18,26448,4179104,48.08796310424805,11.296019554138184,570.0,0.0,0.0,0.0,123535,0,0,1,-0.810546875,0.003173828125,-0.571044921875,0.9915082454681396,4.816793918609619,-56.80916213989258,-6.793893337249756,1,95688.0,0.001861572265625,34.959999084472656,1,0,3955,1,c5010000ff050200898a3f00e7000000,1,0x0DFF
247,13,0,26624,4209121,48.08796310424805,11.296019554138184,570.0,0.0,0.0,0.0,123605,0,0,1,-0.987060546875,-0.09912109375,-0.018798828125,0.9922030568122864,-2.1526718139648438,-1.3206106424331665,-0.9160305261611938,1,95684.0,0.292816162109375,35.02000045776367,1,0,3942,1,c6010000ff130701fecc3f00e8000000,0,0x5C7B
248,13,1,26728,4239243,48.08796310424805,11.296019554138184,570.0,0.0,0.0,0.0,123636,0,0,1,-0.98388671875,-0.070556640625,0.0244140625,0.9867154359817505,-1.4885495901107788,-0.28244274854660034,-1.0229008197784424,1,95693.0,-0.318023681640625,35.09000015258789,1,0,3939,1,c9010000ff1f0c00bd954000ea000000,1,0x6AE2
249,13,2,26832,4269334,48.08796310424805,11.296019554138184,570.0,0.0,0.0,0.0,123706,0,0,1,-0.968505859375,-0.07080078125,0.017578125,0.9712493419647217,-0.8091602921485901,0.49618321657180786,-1.0916030406951904,1,95690.0,-0.20172119140625,35.15999984741211,1,0,3952,1,cb010000ff220d00ed1b4100ec000000,1,0xA745
250,13,3,26936,4299422,48.087974548339844,11.295958518981934,581.0,0.4230000078678131,-0.22300000488758087,0.0,123736,5,3,1,-0.96337890625,-0.08447265625,0.10595703125,0.9728624820709229,-1.0534350872039795,-0.06106870248913765,-0.6335877776145935,1,95684.0,0.061920166015625,35.22999954223633,1,0,3952,1,cc010000ff240e00e85e4100ed000000,1,0x50BD
251,13,4,27040,4329489,48.087989807128906,11.296012878417969,570.0,0.05999999865889549,0.0560000017285347,0.0,123806,5,3,1,-0.9599609375,-0.094482421875,0.159912109375,0.9777647256851196,-0.9770992398262024,0.47328245639801025,-1.5801526308059692,1,95682.0,-0.473236083984375,35.2599983215332,1,0,3948,1,ce010000ff00000056e54100ef000000,1,0x13AD
252,13,5,27144,4359517,48.08795928955078,11.296027183532715,576.0,0.04800000041723251,0.1550000011920929,70.01888275146484,123836,7,3,1,-0.955078125,-0.12060546875,0.1943359375,0.9820826649665833,-1.1755725145339966,0.20610687136650085,-1.4885495901107788,1,95682.0,-0.076568603515625,35.29999923706055,1,0,3948,1,d0010000ff1608009c6b4200f1000000,1,0x7067
253,13,6,27248,4389520,48.08761215209961,11.296077728271484,640.0,5.224999904632568,-5.935999870300293,169.81741333007812,123906,8,3,1,-1.216796875,-0.09814453125,-0.078125,1.2232458591461182,96.08396911621094,-18.946565628051758,23.40458106994629,1,95006.0,58.186981201171875,35.34000015258789,1,0,3936,1,d2010000ff0201009df14200f3000000,1,0x56F8
254,13,7,27352,4419584,48.0869255065918,11.295788764953613,814.0,5.730999946594238,-5.581999778747559,46.674591064453125,123936,8,3,1,-1.237548828125,-0.037353515625,-0.145263671875,1.2466049194335938,-48.09160232543945,-11.351144790649414,15.824427604675293,1,93154.0,221.92605590820312,35.380001068115234,1,0,3939,1,d3010000ff1d0b0077344300f4000000,1,0xFA10
255,13,8,27456,4449660,48.08678436279297,11.295684814453125,939.0,4.598999977111816,-4.269999980926514,257.2919921875,124006,7,3,1,-0.965087890625,-0.0263671875,0.039794921875,0.9662678241729736,52.5572509765625,-13.167939186096191,-6.297709941864014,1,91722.0,350.3458557128906,35.41999816894531,1,0,3942,1,d5010000ff54210066ba4300f6000000,1,0xDF0C
256,13,9,27560,4479671,48.086917877197266,11.295042991638184,1053.0,3.7300000190734863,-2.944000005722046,217.6178436279297,124036,8,3,1,-1.058837890625,-0.03369140625,-0.048828125,1.0604984760284424,-42.42748260498047,-11.0,-32.58015441894531,1,90588.0,453.2016296386719,35.470001220703125,1,0,3939,1,d7010000ff401900623f4400f8000000,1,0xEC33
257,13,10,27664,4509717,48.08634948730469,11.2937650680542,1174.0,3.5950000286102295,-5.0370001792907715,256.7024230957031,124106,8,3,1,-1.099853515625,-0.002685546875,0.00048828125,1.0998568534851074,-118.86259460449219,-10.435114860534668,-0.7099236845970154,1,89299.0,571.38525390625,35.52000045776367,1,0,3955,1,d9010000ff1f0c0016c54400fa000000,1,0xDAB5
258,13,11,27768,4539806,48.08600616455078,11.292925834655762,1336.0,4.26800012588501,-5.547999858856201,263.7561340332031,124136,8,3,1,-1.19189453125,-0.080810546875,-0.02734375,1.1949437856674194,52.95419692993164,1.9465649127960205,13.366412162780762,1,87625.0,726.9517822265625,35.58000183105469,1,0,3936,1,da010000ff120700ec074500fb000000,1,0xD62A
259,13,12,27872,4569805,48.086219787597656,11.291810989379883,1490.0,0.6489999890327454,-5.060999870300293,302.6561279296875,124207,5,3,1,-1.261474609375,-0.05615234375,-0.08251953125,1.265417218208313,161.0229034423828,-14.893129348754883,-20.167938232421875,1,86026.0,877.8096923828125,35.619998931884766,1,0,3936,1,dc010000ff1608009b8d4500fd000000,1,0xC136
260,13,13,27976,4599811,48.08634948730469,11.29103946685791,1666.0,0.6290000081062317,-6.085999965667725,260.9537048339844,124237,8,3,1,-0.936279296875,-0.014892578125,0.0322265625,0.9369521141052246,32.76335906982422,8.229007720947266,-25.465648651123047,1,84330.0,1040.325439453125,35.65999984741211,1,0,3942,1,de010000ff54210092134600ff000000,1,0x8568
261,13,14,28080,4629836,48.08665466308594,11.2912015914917,1861.0,3.5179998874664307,-4.4770002365112305,21.552419662475586,124307,8,3,1,-1.02880859375,-0.028076171875,-0.0478515625,1.0303033590316772,-2.435114622116089,-5.5877861976623535,10.076335906982422,1,82444.0,1224.18017578125,35.689998626708984,1,0,3948,1,e0010000ff0602007698460001010000,1,0x51E4
262,13,15,28184,4659935,48.087745666503906,11.292262077331543,2027.0,3.431999921798706,-6.214000225067139,39.20412826538086,124337,8,3,1,-0.9189453125,-0.048828125,-0.0537109375,0.9218077659606934,79.96946716308594,3.030534267425537,28.3435115814209,1,80808.0,1386.44482421875,35.720001220703125,1,0,3952,1,e1010000ff0f060067db460002010000,1,0x0F79
263,13,16,28288,4690028,48.08858871459961,11.293842315673828,2205.0,9.300000190734863,-5.3470001220703125,42.51383972167969,124407,8,3,1,-1.017578125,-0.040283203125,-0.091064453125,1.0224385261535645,-2.9389312267303467,1.465648889541626,-4.56488561630249,1,79132.0,1555.46044921875,35.720001220703125,1,0,3929,1,e3010000ff0803008a61470004010000,1,0x0C6C
264,13,17,28392,4720037,48.089359283447266,11.295977592468262,2373.0,4.901000022888184,-5.9730000495910645,101.0932388305664,124437,8,3,1,-1.068359375,-0.0107421875,0.0068359375,1.0684351921081543,-93.15267181396484,19.374046325683594,-4.717557430267334,1,77540.0,1718.7080078125,35.709999084472656,1,0,3932,1,e5010000ff180900a5e7470006010000,1,0xF612
265,13,18,28496,4750038,48.089759826660156,11.29844856262207,2540.0,10.467000007629395,-5.0960001945495605,83.14196014404297,124507,8,3,1,-0.861328125,0.024658203125,0.005126953125,0.8616962432861328,-28.25954246520996,37.114501953125,-27.862594604492188,1,75913.0,1888.37646484375,35.70000076293945,1,0,3936,1,e7010000ff140800b16d480008010000,1,0xAA9E
266,14,0,28672,4780115,48.08973693847656,11.301677703857422,2728.0,6.126999855041504,-7.288000106811523,68.1715316772461,124537,8,3,1,-1.135986328125,-0.076904296875,-0.054931640625,1.1399106979370117,21.5572509765625,-23.412214279174805,3.503816843032837,1,74277.0,2061.9765625,35.68000030517578,1,0,3920,1,e8010000ff010000e6b0480009010000,1,0x1EE6
267,14,1,28776,4810156,48.09017562866211,11.305188179016113,2922.0,10.333000183105469,-6.1539998054504395,80.09786224365234,124607,8,3,1,-0.898193359375,-0.014892578125,-0.041015625,0.8992526531219482,-56.816795349121094,-3.427480936050415,18.206106185913086,1,72594.0,2243.82568359375,35.650001525878906,1,0,3929,1,ea010000ff391600053749000b010000,1,0x0EA6
268,14,2,28880,4840206,48.08977127075195,11.30839729309082,3094.0,5.192999839782715,-4.921000003814697,101.17019653320312,124637,7,3,1,-1.103271484375,-0.034912109375,0.0380859375,1.104480504989624,11.480916023254395,-7.648854732513428,3.351145029067993,1,71146.0,2403.035888671875,35.61000061035156,1,0,3939,1,ec010000ff35150060bd49000d010000,1,0xA202
269,14,3,28984,4870286,48.0888671875,11.311538696289062,3253.0,10.512999534606934,-6.5329999923706055,116.88948059082031,124707,8,3,1,-1.110595703125,-0.048828125,-0.016357421875,1.1117888689041138,35.8015251159668,-35.4427490234375,-6.702290058135986,1,69702.0,2564.44189453125,35.56999969482422,1,0,3929,1,ee010000ff040100a3434a000f010000,1,0xB0A0
270,14,4,29088,4900352,48.08739471435547,11.314687728881836,3433.0,5.316999912261963,-6.256999969482422,106.10427856445312,124737,8,3,1,-1.08740234375,-0.069091796875,-0.01171875,1.0896581411361694,7.9083967208862305,-7.648854732513428,6.007633686065674,1,68241.0,2730.524658203125,35.52000045776367,1,0,3936,1,ef010000ff220d00d1864a0010010000,1,0x0984
271,14,5,29192,4930388,48.08562088012695,11.318597793579102,3607.0,8.791999816894531,-5.910999774932861,143.83172607421875,124807,8,3,1,-0.9716796875,0.032958984375,-0.01708984375,0.9723886847496033,103.42748260498047,3.213740348815918,-20.59541893005371,1,66794.0,2897.880859375,35.470001220703125,1,0,3904,1,f1010000ff0f06006e0d4b0012010000,1,0x2A07
272,14,6,29296,4960602,48.08391189575195,11.322098731994629,3781.0,8.571999549865723,-5.63100004196167,130.33592224121094,124838,8,3,1,-0.887939453125,-0.026611328125,-0.03369140625,0.8889768123626709,67.29007720947266,-35.82442855834961,-15.251908302307129,1,65407.0,3061.07568359375,35.41999816894531,1,0,3936,1,f3010000ff190a00d1934b0014010000,1,0x02E4
273,14,7,29400,4990661,48.08213806152344,11.325324058532715,3955.0,14.576000213623047,-5.716000080108643,119.76851654052734,124908,8,3,1,-0.875244140625,-0.0791015625,0.0244140625,0.879150390625,-88.16030883789062,5.923664093017578,21.290077209472656,1,64082.0,3219.61474609375,35.36000061035156,1,0,3939,1,f4010000ff5421001d034c0015010000,1,0x1415
274,14,8,29504,5020671,48.080814361572266,11.329272270202637,4106.0,12.565999984741211,-5.11899995803833,136.32594299316406,124938,7,3,1,-0.934814453125,-0.048583984375,0.080810546875,0.9395577907562256,-91.36640930175781,8.603053092956543,-4.106870174407959,1,62867.0,3367.341796875,35.290000915527344,1,0,3929,1,f6010000ff321300e2884c0017010000,1,0x661B
275,14,9,29608,5050678,48.07949447631836,11.332898139953613,4257.0,12.930999755859375,-5.760000228881836,118.28829956054688,125008,8,3,1,-0.922607421875,-0.048095703125,-0.0185546875,0.924046516418457,97.78626251220703,-28.58015251159668,-32.0,1,61709.00390625,3510.3046875,35.22999954223633,1,0,3932,1,f8010000ff190a00110f4d0019010000,1,0x64FE
276,14,10,29712,5080878,48.07770919799805,11.336984634399414,4419.0,9.317000389099121,-5.9029998779296875,119.6649169921875,125038,7,3,1,-0.968505859375,-0.031005859375,-0.02978515625,0.9694597125053406,7.43511438369751,-11.702290534973145,-12.763359069824219,1,60509.99609375,3660.63916015625,35.150001525878906,1,0,3955,1,f9010000ff622600a4564d001a010000,1,0x9815
277,14,11,29816,5110918,48.076290130615234,11.340418815612793,4581.0,10.73799991607666,-4.841000080108643,100.23824310302734,125108,8,3,1,-1.379150390625,0.047119140625,-0.00927734375,1.3799861669540405,78.02290344238281,8.389312744140625,-61.22137451171875,1,59295.0,3815.4580078125,35.06999969482422,1,0,3936,1,fb010000ff1f0c004edb4d001c010000,1,0x3E99
278,14,12,29920,5140969,48.07453918457031,11.344284057617188,4754.0,16.722999572753906,-6.34499979019165,129.7431640625,125138,8,3,1,-1.10009765625,0.015380859375,-0.02099609375,1.1004054546356201,-108.00763702392578,-12.32824420928955,-3.8396947383880615,1,58028.99609375,3979.53564453125,34.970001220703125,1,0,3942,1,fd010000ff020100d85f4e001e010000,1,0x9131
279,14,13,30024,5171033,48.07270812988281,11.348204612731934,4940.0,8.743000030517578,-6.00600004196167,117.74694061279297,125208,8,3,1,-0.9970703125,-0.016357421875,-0.052490234375,0.9985849857330322,-81.0457992553711,-11.946564674377441,10.587786674499512,1,56743.0,4149.1982421875,34.880001068115234,1,0,3955,1,ff010000ff1d0b00d5e34e0020010000,1,0xAD73
280,14,14,30128,5201068,48.07111740112305,11.352152824401855,5112.0,8.795999526977539,-5.449999809265137,139.50836181640625,125238,8,3,1,-1.097412109375,-0.06884765625,-0.049072265625,1.1006640195846558,-92.43511199951172,-7.1984734535217285,7.572519302368164,1,55445.0,4323.630859375,34.779998779296875,1,0,3926,1,00020000ff501f003b264f0021010000,1,0xA69A
281,14,15,30232,5231072,48.06947326660156,11.356344223022461,5317.0,9.006999969482422,-6.171999931335449,137.9374237060547,125308,8,3,1,-1.0439453125,0.010986328125,-0.0517578125,1.0452853441238403,-124.27481079101562,-17.3435115814209,-2.1526718139648438,1,54087.0,4509.705078125,34.66999816894531,1,0,3929,1,02020000ff5d240012ab4f0023010000,1,0x7B8D
282,14,16,30336,5261104,48.06749725341797,11.360597610473633,5508.0,15.04800033569336,-7.303999900817871,142.92727661132812,125338,8,3,1,-0.90625,-0.042236328125,-0.0263671875,0.9076167941093445,-66.02290344238281,-0.47328245639801025,4.106870174407959,1,52796.99609375,4689.998046875,34.560001373291016,1,0,3916,1,04020000ff0100004f30500025010000,1,0x5A22
283,14,17,30440,5291113,48.06550598144531,11.3652982711792,5691.0,15.72700023651123,-6.432000160217285,126.92095947265625,125408,7,3,1,-1.01171875,-0.054931640625,-0.032470703125,1.0137289762496948,-34.92366409301758,-5.778625965118408,-0.7557252049446106,1,51539.0,4869.2841796875,34.439998626708984,1,0,3923,1,06020000ff481c0054b5500027010000,1,0x7594
284,14,18,30544,5321164,48.0636100769043,11.369983673095703,5882.0,13.824000358581543,-7.118000030517578,109.96102142333984,125438,7,3,1,-0.909423828125,0.030517578125,-0.016845703125,0.9100916385650635,15.229007720947266,-14.32824420928955,-5.633587837219238,1,50288.0,5051.12548828125,34.33000183105469,1,0,3920,1,07020000ff2c1100ccf7500028010000,1,0x1AB6
285,15,0,30720,5351198,48.06151580810547,11.375194549560547,6077.0,15.407999992370605,-5.885000228881836,110.82550048828125,125508,7,3,1,-1.108642578125,0.009033203125,-0.0205078125,1.108868956565857,-23.725191116333008,9.725191116333008,-9.641221046447754,1,49113.0,5225.28564453125,34.220001220703125,1,0,3923,1,09020000ff5d2400f77c51002a010000,1,0xA98C
286,15,1,30824,5381278,48.05965805053711,11.380271911621094,6254.0,16.67099952697754,-5.644000053405762,99.69087982177734,125538,8,3,1,-0.953857421875,-0.017333984375,-0.07080078125,0.956638514995575,140.16030883789062,31.671754837036133,23.893129348754883,1,47927.0,5404.52978515625,34.099998474121094,1,0,3926,1,0b020000ff7a3000300252002c010000,1,0xA5EE
287,15,2,30928,5411356,48.05790710449219,11.385693550109863,6439.0,15.446000099182129,-5.059999942779541,104.95835876464844,125609,7,3,1,-1.133056640625,-0.045166015625,-0.028564453125,1.134316086769104,-63.79389190673828,-10.053435325622559,8.70992374420166,1,46808.0,5576.97509765625,33.9900016784668,1,0,3939,1,0d020000ff0301005b8752002e010000,1,0x2094
288,15,3,31032,5441364,48.05636215209961,11.390496253967285,6609.0,10.907999992370605,-5.416999816894531,132.2888641357422,125639,7,3,1,-1.14697265625,-0.0068359375,-0.064697265625,1.1488162279129028,90.49618530273438,-12.893129348754883,-9.572519302368164,1,45749.0,5743.2744140625,33.849998474121094,1,0,3945,1,0e020000ff4c1e000dca52002f010000,1,0x1DE1
289,15,4,31136,5471467,48.05445098876953,11.395671844482422,6798.0,18.079999923706055,-5.7210001945495605,126.92317962646484,125709,7,3,1,-0.84765625,-0.050048828125,-0.02392578125,0.8494694828987122,-57.13740539550781,2.6183207035064697,18.702289581298828,1,44626.0,5923.0654296875,33.709999084472656,1,0,3916,1,10020000ff0c05005a4f530031010000,1,0x9F73
290,15,5,31240,5501522,48.05247116088867,11.40139102935791,6998.0,19.187999725341797,-4.790999889373779,117.58392333984375,125739,7,3,1,-1.179931640625,0.049560546875,0.078125,1.1835532188415527,-19.854961395263672,13.083969116210938,-22.167938232421875,1,43482.0,6110.0244140625,33.54999923706055,1,0,3929,1,12020000ff401900a6d4530033010000,1,0x146A
291,15,6,31344,5531537,48.05022048950195,11.407208442687988,7170.0,18.145000457763672,-6.315999984741211,127.44317626953125,125809,6,3,1,-0.9931640625,0.005126953125,-0.0234375,0.9934538006782532,-13.442748069763184,14.595419883728027,9.045801162719727,1,42516.0,6271.02099609375,33.400001525878906,1,0,3923,1,14020000ff622600225a540035010000,1,0x5683
292,15,7,31448,5561569,48.047908782958984,11.41295051574707,7339.0,15.161999702453613,-4.870999813079834,100.92900085449219,125839,6,3,1,-0.97314453125,-0.0458984375,-0.02392578125,0.9745200872421265,47.76335906982422,-9.564885139465332,-2.0152671337127686,1,41534.0,6437.7509765625,33.22999954223633,1,0,3936,1,15020000ff321300fe9c540036010000,1,0x6414
293,15,8,31552,5591593,48.0459098815918,11.418822288513184,7515.0,19.72800064086914,-5.425000190734863,108.65950012207031,125909,7,3,1,-1.064697265625,-0.037109375,0.041015625,1.0661330223083496,-49.33587646484375,18.076335906982422,16.748090744018555,1,40588.0,6601.41357421875,33.06999969482422,1,0,3920,1,17020000ff0d05008322550038010000,1,0x1675
294,15,9,31656,5621673,48.04417037963867,11.424393653869629,7692.0,19.246000289916992,-5.796999931335449,115.7455825805664,125939,6,3,1,-0.991943359375,-0.00634765625,0.026611328125,0.9923205375671387,-7.893129825592041,14.587786674499512,-2.603053331375122,1,39597.0,6776.2080078125,32.900001525878906,1,0,3929,1,19020000ff18090017a855003a010000,1,0xC012
295,15,10,31760,5651682,48.0423469543457,11.429872512817383,7898.0,15.182000160217285,-7.697000026702881,128.501220703125,130009,7,3,1,-1.032958984375,-0.005859375,0.019775390625,1.0331648588180542,-25.22137451171875,-5.816793918609619,6.129770755767822,1,38591.0,6957.3095703125,32.72999954223633,1,0,3929,1,1b020000ff040100c22d56003c010000,1,0x50D1
296,15,11,31864,5681687,48.04096603393555,11.436034202575684,8072.0,20.6200008392334,-5.7270002365112305,120.55223846435547,130039,7,3,1,-0.93798828125,-0.0439453125,-0.063720703125,0.9411766529083252,96.2595443725586,4.557251930236816,7.58015251159668,1,37607.0,7138.18896484375,32.560001373291016,1,0,3932,1,1c020000ff0b0400ba7056003d010000,1,0x29E6
297,15,12,31968,5711792,48.03897476196289,11.442070960998535,8267.0,12.095999717712402,-6.005000114440918,104.89231872558594,130109,7,3,1,-1.072021484375,0.0078125,-0.032958984375,1.0725563764572144,-0.015267175622284412,-41.671756744384766,10.977099418640137,1,36630.0,7321.61279296875,32.400001525878906,1,0,3929,1,1e020000ff190a0091f656003f010000,1,0x092D
298,15,13,32072,5741909,48.0373420715332,11.448013305664062,8459.0,18.999000549316406,-5.585999965667725,124.56358337402344,130139,7,3,1,-1.029052734375,-0.03515625,-0.048583984375,1.0307985544204712,46.91603088378906,-16.83969497680664,-5.381679534912109,1,35680.0,7503.8056640625,32.22999954223633,1,0,3923,1,20020000ff501f006d7b570041010000,1,0x629D
299,15,14,32176,5771979,48.03543472290039,11.453690528869629,8651.0,16.100000381469727,-7.53000020980835,89.24030303955078,130209,7,3,1,-0.94580078125,-0.0556640625,-0.031982421875,0.9479770660400391,-46.49618148803711,1.9465649127960205,12.12977123260498,1,34712.0,7693.53662109375,32.060001373291016,1,0,3897,1,22020000ff2c11004e01580043010000,1,0x044B
300,15,15,32280,5802038,48.03264236450195,11.46036148071289,8853.0,21.148000717163086,-8.979000091552734,120.49626159667969,130239,6,3,1,-0.84765625,-0.00146484375,0.008056640625,0.8476958274841309,50.95419692993164,-19.106870651245117,-4.56488561630249,1,33728.0,7890.84619140625,31.8799991607666,1,0,3910,1,24020000ff291000af87580045010000,1,0xD9A8
301,15,16,32384,5832111,48.02934646606445,11.467988014221191,9058.0,19.48699951171875,-6.2779998779296875,109.52536010742188,130310,7,3,1,-0.946533203125,-0.051513671875,-0.023681640625,0.9482297301292419,-73.8167953491211,-24.625953674316406,4.137404441833496,1,32814.0,8078.34130859375,31.719999313354492,1,0,3926,1,25020000ff1f0c00b3ca580046010000,1,0x70C8
302,15,17,32488,5862219,48.02653503417969,11.475299835205078,9248.0,21.09600067138672,-4.765999794006348,105.80577850341797,130340,6,3,1,-1.156005859375,-0.00634765625,-0.0361328125,1.156587839126587,-89.23664093017578,-16.366413116455078,-9.374045372009277,1,31932.0,8263.3251953125,31.549999237060547,1,0,3923,1,27020000ff0f06009d50590048010000,1,0x42B4
303,15,18,32592,5892269,48.02374267578125,11.483043670654297,9433.0,22.700000762939453,-6.551000118255615,111.56807708740234,130410,7,3,1,-0.892822265625,-0.02392578125,0.003173828125,0.8931484222412109,87.6259536743164,-7.473282337188721,12.366412162780762,1,31094.0,8442.955078125,31.3799991607666,1,0,3920,1,29020000ff7f3100d7d659004a010000,1,0x3907
304,16,0,32768,5922346,48.02139663696289,11.491229057312012,9626.0,23.812999725341797,-6.208000183105469,109.28500366210938,130440,7,3,1,-0.95703125,-0.032958984375,0.015869140625,0.9577301144599915,70.3740463256836,10.167939186096191,14.862595558166504,1,30251.998046875,8627.43359375,31.209999084472656,1,0,3916,1,2b020000ff4c1e003d5d5a004c010000,1,0xD69F
305,16,1,32872,5952418,48.01944351196289,11.500563621520996,9799.0,25.482999801635742,-3.5840001106262207,100.31591796875,130510,7,3,1,-1.12841796875,0.005126953125,-0.04638671875,1.129382610321045,-15.083969116210938,-10.67175579071045,-31.824426651000977,1,29504.998046875,8794.609375,31.040000915527344,1,0,3916,1,2c020000ff9c3d003aa05a004d010000,1,0xDA57
306,16,2,32976,5982508,48.017337799072266,11.509950637817383,9994.0,23.618999481201172,-7.86899995803833,105.73681640625,130540,11,3,1,-0.98046875,-0.037353515625,-0.017822265625,0.9813418984413147,-30.58015251159668,7.114503860473633,-0.5190839767456055,1,28672.0,8985.1259765625,30.860000610351562,1,0,3929,1,2e020000ff4c1e0082265b004f010000,1,0xA3AB
307,16,3,33080,6012625,48.0147705078125,11.518942832946777,10192.0,21.933000564575195,-5.145999908447266,126.77142333984375,130610,12,3,1,-1.179443359375,-0.060302734375,-0.00390625,1.1809903383255005,60.29771041870117,-5.351145267486572,4.076335906982422,1,27866.0,9173.78125,30.68000030517578,1,0,3923,1,30020000ff672800daac5b0051010000,1,0xA280
308,16,4,33184,6042694,48.012474060058594,11.528596878051758,10362.0,25.983999252319336,-6.132999897003174,104.55850219726562,130640,12,3,1,-1.031005859375,0.0048828125,-0.00830078125,1.0310508012771606,16.145038604736328,14.122137069702148,22.38167953491211,1,27175.0,9339.0712890625,30.489999771118164,1,0,3910,1,32020000ff481c005e335c0053010000,1,0x8F76
309,16,5,33288,6072700,48.00986862182617,11.537504196166992,10559.0,21.604999542236328,-6.4070000648498535,103.29488372802734,130710,13,3,1,-1.0029296875,-0.056884765625,-0.01416015625,1.0046414136886597,-118.45801544189453,-2.251908302307129,0.7022900581359863,1,26401.998046875,9528.060546875,30.299999237060547,1,0,3913,1,33020000ff7f3100c7a25c0054010000,1,0x1A16
310,16,6,33392,6102780,48.00747299194336,11.546845436096191,10724.0,30.02400016784668,-4.303999900817871,110.7747573852539,130740,13,3,1,-1.083740234375,-0.020751953125,0.0234375,1.084192156791687,1.6183205842971802,-0.35877862572669983,-8.496183395385742,1,25760.0,9688.4541015625,30.100000381469727,1,0,3920,1,34020000ff351500e2e55c0055010000,1,0x9689
311,16,7,33496,6132827,48.00489044189453,11.556727409362793,10934.0,32.71900177001953,-6.756999969482422,117.19548034667969,130810,14,3,1,-0.802978515625,-0.047607421875,-0.05859375,0.8065198063850403,15.206107139587402,15.076335906982422,40.57251739501953,1,24951.0,9895.2490234375,29.90999984741211,1,0,3916,1,36020000ffaa42007f6b5d0057010000,1,0x9DC0
312,16,8,33600,6162857,48.00206756591797,11.567405700683594,11107.0,29.929000854492188,-4.683000087738037,112.09664154052734,130840,15,3,1,-1.141845703125,-0.03466796875,-0.005859375,1.1423869132995605,-26.549617767333984,-25.25954246520996,-6.656488418579102,1,24310.0,10062.9912109375,29.700000762939453,1,0,3932,1,38020000ff501f00c2f15d0059010000,1,0x87A8
313,16,9,33704,6192917,47.99908447265625,11.57773494720459,11299.0,27.354999542236328,-8.392000198364258,109.42964172363281,130911,15,3,1,-1.0703125,-0.02978515625,-0.0185546875,1.070887565612793,32.1984748840332,-19.59541893005371,-20.389312744140625,1,23642.0,10241.6513671875,29.489999771118164,1,0,3920,1,3a020000ff702c00757c5e005b010000,1,0xA4FC
314,16,10,33808,6222955,47.99700927734375,11.588626861572266,11490.0,25.961999893188477,-4.824999809265137,97.88289642333984,130941,15,3,1,-1.02392578125,-0.044677734375,-0.0341796875,1.0254697799682617,-52.671756744384766,11.786259651184082,10.70992374420166,1,22957.0,10429.1572265625,29.280000686645508,1,0,3936,1,3b020000ff39160095bd5e005c010000,1,0xC74B
315,16,11,33912,6252934,47.9953727722168,11.598907470703125,11688.0,30.450000762939453,-9.303000450134277,101.93921661376953,131011,15,3,1,-0.90673828125,-0.048828125,0.0009765625,0.9080525636672974,12.038167953491211,3.717557191848755,-3.320610761642456,1,22261.0,10624.37109375,29.06999969482422,1,0,3916,1,3d020000ff0c05003d425f005e010000,1,0xE781
316,16,12,34016,6282960,47.99397659301758,11.610793113708496,11852.0,28.253000259399414,-5.039999961853027,98.1983413696289,131041,17,3,1,-1.009521484375,-0.015869140625,-0.034423828125,1.0102328062057495,-3.2671756744384766,14.351144790649414,15.587786674499512,1,21708.0,10783.0322265625,28.8700008392334,1,0,3929,1,3f020000ff8e370053c65f0060010000,1,0xBF65
317,16,13,34120,6313075,47.992401123046875,11.622623443603516,12055.0,31.481000900268555,-5.677999973297119,95.00502014160156,131111,18,3,1,-0.961669921875,-0.005126953125,-0.015380859375,0.96180659532547,56.213741302490234,-34.60305404663086,-9.19847297668457,1,21026.0,10983.2763671875,28.68000030517578,1,0,3907,1,41020000ff240e00364b600062010000,1,0xB766
318,16,14,34224,6343119,47.99137878417969,11.635041236877441,12254.0,28.36199951171875,-3.796999931335449,96.72772216796875,131141,19,3,1,-1.018310546875,-0.016845703125,-0.005615234375,1.018465280532837,30.60305404663086,5.954198360443115,12.809160232543945,1,20384.0,11176.640625,28.479999542236328,1,0,3923,1,42020000ff5923008b8d600063010000,1,0x7D9F
319,16,15,34328,6373128,47.990142822265625,11.646709442138672,12423.0,28.66699981689453,-6.519999980926514,101.2699966430664,131211,19,3,1,-0.851806640625,-0.01611328125,-0.025146484375,0.8523300886154175,-106.58015441894531,-18.969465255737305,1.8167939186096191,1,19840.0,11344.3857421875,28.280000686645508,1,0,3920,1,44020000ff160800c212610065010000,1,0xCE4B
320,16,16,34432,6403234,47.98889923095703,11.659089088439941,12612.0,31.04400062561035,-5.929999828338623,107.40634155273438,131241,15,3,1,-1.110107421875,-0.038818359375,0.0126953125,1.11085844039917,-29.137405395507812,14.206107139587402,-8.351144790649414,1,19267.0,11525.1513671875,28.09000015258789,1,0,3916,1,46020000ff2f1200b897610067010000,1,0xFCF1
321,16,17,34536,6433331,47.98787307739258,11.67122745513916,12778.0,29.59600067138672,-4.184000015258789,90.69792175292969,131311,21,3,1,-1.26904296875,0.00244140625,-0.02978515625,1.2693947553634644,117.40457916259766,-13.145038604736328,-26.931297302246094,1,18758.0,11689.4140625,27.889999389648438,1,0,3916,1,48020000ffa54000e31c620069010000,1,0x7529
322,16,18,34640,6463359,47.986419677734375,11.682637214660645,12966.0,34.334999084472656,-7.886000156402588,93.57171630859375,131341,20,3,1,-1.134765625,-0.0888671875,-0.041015625,1.1389788389205933,64.23664093017578,10.664122581481934,25.328245162963867,1,18200.0,11873.69140625,27.690000534057617,1,0,3916,1,49020000ff391600835f62006a010000,1,0x6D32
323,17,0,34816,6493442,47.98497009277344,11.69406509399414,13133.0,26.573999404907227,-4.749000072479248,104.87593841552734,131411,21,3,1,-1.0595703125,-0.021240234375,-0.03125,1.060243844985962,20.76335906982422,-13.389312744140625,-2.4503817558288574,1,17734.0,12031.123046875,27.479999542236328,1,0,3920,1,4b020000ff6226007fe462006c010000,1,0x32EC
324,17,1,34920,6523497,47.983638763427734,11.705528259277344,13293.0,26.844999313354492,-9.666999816894531,99.0322036743164,131441,20,3,1,-0.80615234375,-0.040283203125,0.023681640625,0.8075054883956909,-96.96183013916016,-8.09160327911377,19.946565628051758,1,17286.0,12185.6669921875,27.270000457763672,1,0,3916,1,4d020000ff0a0400926963006e010000,1,0xB015
325,17,2,35024,6553541,47.98126983642578,11.714662551879883,13484.0,21.892000198364258,-5.710999965667725,127.25641632080078,131511,21,3,1,-1.053466796875,-0.017333984375,-0.08447265625,1.056990146636963,63.38167953491211,-60.41984558105469,-17.48091697692871,1,16772.0,12367.0224609375,27.06999969482422,1,0,3913,1,4f020000ff35150010ef630070010000,1,0x331E
326,17,3,35128,6583646,47.97911071777344,11.722713470458984,13632.0,20.194000244140625,-6.659999847412109,112.49964141845703,131541,24,3,1,-0.991943359375,-0.027099609375,-0.027099609375,0.9926834106445312,95.52671813964844,2.213740348815918,-20.59541893005371,1,16370.0,12512.025390625,26.8700008392334,1,0,3904,1,51020000ff481c006174640072010000,1,0x95AE
327,17,4,35232,6613712,47.977378845214844,11.731040000915527,13794.0,20.958999633789062,-3.3399999141693115,106.08096313476562,131612,23,3,1,-1.029296875,-0.031005859375,-0.022216796875,1.030003309249878,86.07633209228516,-7.351145267486572,-7.206106662750244,1,15957.0009765625,12664.029296875,26.670000076293945,1,0,3916,1,52020000ff441a0015b7640073010000,1,0x92AF
328,17,5,35336,6643806,47.97604751586914,11.73892593383789,13981.0,16.415000915527344,-8.055000305175781,111.59639739990234,131642,25,3,1,-0.971435546875,-0.03662109375,-0.046875,0.9732550382614136,-82.97709655761719,-15.09160327911377,4.877862453460693,1,15492.0,12839.03515625,26.459999084472656,1,0,3904,1,54020000ff7f31007f3c650075010000,1,0x7CF2
329,17,6,35440,6673815,47.97440719604492,11.745601654052734,14188.0,22.8799991607666,-6.245999813079834,111.05343627929688,131712,24,3,1,-1.12744140625,-0.03173828125,0.0078125,1.1279151439666748,-46.389312744140625,11.175572395324707,27.083969116210938,1,14983.0,13035.5439453125,26.260000228881836,1,0,3904,1,56020000ff0f0600fec1650077010000,1,0xF565
330,17,7,35544,6703828,47.973079681396484,11.752041816711426,14379.0,11.862000465393066,-3.306999921798706,94.45890045166016,131742,25,3,1,-1.300048828125,0.003662109375,-0.025634765625,1.3003066778182983,136.81678771972656,-26.702289581298828,-44.610687255859375,1,14525.0,13217.0390625,26.040000915527344,1,0,3900,1,58020000ff0a0400d147660079010000,1,0x61FA
331,17,8,35648,6733811,47.970367431640625,11.757708549499512,14552.0,16.749000549316406,-7.265999794006348,141.5354461669922,131812,25,3,1,-0.680908203125,-0.055419921875,-0.01806640625,0.6833986639976501,-120.43511199951172,-37.732826232910156,20.526718139648438,1,14133.0,13376.0986328125,25.84000015258789,1,0,3913,1,59020000ff542100938a66007a010000,1,0x9BA9
332,17,9,35752,6763901,47.9677848815918,11.762253761291504,14772.0,11.62600040435791,-10.053999900817871,152.8949432373047,131842,25,3,1,-0.90673828125,-0.03515625,0.038330078125,0.9082287549972534,33.06106948852539,-10.625954627990723,-33.106868743896484,1,13642.0,13580.44921875,25.6299991607666,1,0,3910,1,5b020000ff592300251167007c010000,1,0xEFE4
333,17,10,35856,6793904,47.96659469604492,11.767566680908203,14962.0,16.8439998626709,-3.490999937057495,113.58688354492188,131912,26,3,1,-1.358154296875,-0.038330078125,0.0029296875,1.3586981296539307,-11.816793441772461,39.267173767089844,26.297710418701172,1,13242.9990234375,13750.9423828125,25.420000076293945,1,0,3904,1,5d020000ff3c1700f09567007e010000,1,0x80F1
334,17,11,35960,6823966,47.96537399291992,11.773715019226074,15182.0,8.326000213623047,-4.275000095367432,87.2239990234375,131942,25,3,1,-1.954345703125,-0.020751953125,-0.066162109375,1.9555753469467163,137.9007568359375,-75.51908111572266,-32.49618148803711,1,12780.0,13954.0771484375,25.219999313354492,1,0,3904,1,5f020000ff090300031b680080010000,1,0xFF9E
335,17,12,36064,6854004,47.96404266357422,11.77880573272705,15385.0,15.196000099182129,-9.378000259399414,146.96397399902344,132012,25,3,1,-1.130126953125,-0.02294921875,0.0546875,1.13168203830719,84.8167953491211,65.21373748779297,-72.53434753417969,1,12360.0,14143.568359375,25.010000228881836,1,0,3904,1,60020000ff090300ef5d680081010000,1,0x1FFF
336,17,13,36168,6884029,47.96208953857422,11.784194946289062,15585.0,19.73200035095215,-3.255000114440918,109.13336181640625,132042,26,3,1,-1.731201171875,-0.032470703125,0.054443359375,1.7323613166809082,60.23664093017578,49.64122009277344,-13.938931465148926,1,11979.0,14320.0302734375,24.799999237060547,1,0,3897,1,62020000ff010000fee4680083010000,1,0xE10B
337,17,14,36272,6914087,47.95939636230469,11.789421081542969,15793.0,10.930000305175781,-4.565000057220459,150.85496520996094,132112,26,3,1,-1.888671875,-0.021728515625,-0.013427734375,1.888844609260559,61.656490325927734,10.717556953430176,-76.65648651123047,1,11582.0,14508.8017578125,24.59000015258789,1,0,3900,1,64020000ff0a0400f769690085010000,1,0x3605
338,17,15,36376,6944096,47.9565315246582,11.793632507324219,15989.0,9.069000244140625,-7.948999881744385,170.1441192626953,132142,26,3,1,-0.947509765625,-0.0478515625,-0.057373046875,0.9504505395889282,-134.9007568359375,-12.106870651245117,-1.7786259651184082,1,11226.0,14682.58984375,24.3799991607666,1,0,3897,1,66020000ff481c0025f0690087010000,1,0x36B5
339,17,16,36480,6974126,47.9547233581543,11.796767234802246,16218.0,6.245999813079834,-8.71500015258789,113.65139770507812,132212,23,3,1,-0.749755859375,-0.021240234375,-0.01171875,0.7501481771469116,-10.137404441833496,19.93893051147461,-6.442748069763184,1,10825.0,14883.7724609375,24.15999984741211,1,0,3894,1,67020000ff0b04003d336a0088010000,1,0xE13E
340,17,17,36584,7004220,47.95362091064453,11.799514770507812,16420.0,10.284000396728516,-5.73199987411499,135.33949279785156,132242,26,3,1,-1.41796875,-0.02734375,0.005615234375,1.418243408203125,-10.045801162719727,33.007633209228516,-24.03816795349121,1,10477.0,15063.3173828125,23.959999084472656,1,0,3904,1,69020000ff04010066ba6a008a010000,1,0x2E62
341,17,18,36688,7034289,47.95260238647461,11.80338191986084,16647.0,6.526000022888184,-9.420000076293945,66.9305419921875,132312,25,3,1,-0.996826171875,-0.002197265625,-0.023193359375,0.9970983862876892,-6.206106662750244,24.56488609313965,22.5572509765625,1,10111.0,15257.4375,23.75,1,0,3891,1,6b020000ff220d00863f6b008c010000,1,0x1C23
342,18,0,36864,7064297,47.95179748535156,11.807324409484863,16845.0,5.76200008392334,-9.432000160217285,81.80040740966797,132342,26,3,1,-1.1357421875,-0.022216796875,-0.021484375,1.1361626386642456,-26.48091697692871,-40.374046325683594,-11.931297302246094,1,9803.0,15425.25390625,23.549999237060547,1,0,3894,1,6c020000ff2f1201ab826b008d010000,1,0xA94B
343,18,1,36968,7094367,47.95181655883789,11.81056022644043,17076.0,10.682000160217285,-3.239000082015991,122.75926208496094,132413,25,3,1,-1.514404296875,-0.07421875,0.007080078125,1.5162383317947388,-113.89312744140625,102.48091888427734,63.02289962768555,1,9454.0,15620.646484375,23.360000610351562,1,0,3897,1,6e020000ff1d0b00f2086c008e010000,1,0xD9D1
344,18,2,37072,7124596,47.95183181762695,11.813990592956543,17271.0,12.97700023651123,-6.826000213623047,88.16809844970703,132443,26,3,1,-1.172607421875,-0.010986328125,0.004638671875,1.1726679801940918,-25.175573348999023,24.19847297668457,-27.702289581298828,1,9158.0,15791.001953125,23.170000076293945,1,0,3891,1,70020000ff0201004b8f6c0090010000,1,0xC8A0
345,18,3,37176,7154637,47.95152282714844,11.817111015319824,17436.0,8.663999557495117,-5.510000228881836,102.71369934082031,132513,26,3,1,-0.910400390625,-0.024658203125,-0.022216796875,0.9110051989555359,-32.58778762817383,-18.671754837036133,-16.129770278930664,1,8932.0,15924.099609375,22.989999771118164,1,0,3900,1,71020000ff4c1e019ad26c0091010000,0,0x60CA
346,18,4,37280,7184648,47.95158767700195,11.820821762084961,17588.0,11.690999984741211,-4.980000019073486,83.03460693359375,132543,28,3,1,-1.025390625,-0.0263671875,-0.015380859375,1.0258448123931885,-50.57251739501953,9.610687255859375,13.51145076751709,1,8715.0,16054.484375,22.81999969482422,1,0,3904,1,73020000ff2c110061906d0093010000,1,0xC051
347,18,5,37384,7214732,47.9512939453125,11.825418472290039,17770.0,11.0,-7.453999996185303,82.76300811767578,132613,27,3,1,-1.406494140625,-0.057861328125,-0.016845703125,1.4077845811843872,46.06106948852539,10.862595558166504,89.74809265136719,1,8468.0,16206.134765625,22.649999618530273,1,0,3875,1,75020000ff1d0b008b166e0095010000,1,0x33B1
348,18,6,37488,7244893,47.94961929321289,11.827875137329102,17980.0,9.756999969482422,-11.11299991607666,164.43673706054688,132643,28,3,1,-0.602783203125,-0.001220703125,-0.04296875,0.6043139696121216,-26.80152702331543,-39.946563720703125,-9.41984748840332,1,8181.0,16386.912109375,22.479999542236328,1,0,3891,1,76020000ff040100a0596e0096010000,1,0xEAE1
349,18,7,37592,7274988,47.9488525390625,11.830168724060059,18186.0,1.312000036239624,-3.5380001068115234,142.96641540527344,132713,27,3,1,-1.57080078125,-0.01220703125,-0.035400390625,1.5712469816207886,-41.82442855834961,-37.70228958129883,-56.48091506958008,1,7931.0,16548.615234375,22.329999923706055,1,0,3907,1,78020000ff09030070df6e0098010000,1,0x2CF2
350,18,8,37696,7304996,47.94887161254883,11.832046508789062,18406.0,6.239999771118164,-10.63700008392334,111.13612365722656,132743,26,3,1,-1.03955078125,-0.03466796875,-0.053466796875,1.0415019989013672,-42.931297302246094,-92.56488800048828,121.90839385986328,1,7657.0,16730.658203125,22.18000030517578,1,0,3894,1,7a020000ff0000005a696f009a010000,1,0x67C5
351,18,9,37800,7335050,47.94871139526367,11.833234786987305,18636.0,2.191999912261963,-6.059999942779541,53.77621078491211,132813,26,3,1,-0.228271484375,-0.069580078125,-0.068359375,0.24823831021785736,153.73281860351562,99.45037841796875,-190.4198455810547,1,7383.99951171875,16917.35546875,22.030000686645508,1,0,3904,1,7b020000ff020100a9ab6f009b010000,1,0xCB3D
352,18,10,37904,7365061,47.94891357421875,11.834360122680664,18868.0,5.783999919891357,-10.154999732971191,92.10458374023438,132843,27,3,1,-0.718994140625,-0.027587890625,-0.012451171875,0.7196309566497803,87.0457992553711,-24.129770278930664,50.53435134887695,1,7114.0,17107.5859375,21.8799991607666,1,0,3888,1,7d020000ff010000883070009d010000,1,0xDBF5
353,18,11,38008,7395090,47.949398040771484,11.835196495056152,19089.0,5.679999828338623,-6.048999786376953,55.81821060180664,132913,27,3,1,-1.494384765625,-0.03564453125,0.0263671875,1.495042324066162,-113.52671813964844,11.587786674499512,61.725189208984375,1,6867.0,17286.80078125,21.729999542236328,1,0,3888,1,7f020000ff1b0a001fb570009f010000,1,0x6F32
354,18,12,38112,7425159,47.94993591308594,11.836045265197754,19316.0,7.428999900817871,-9.25100040435791,135.12510681152344,132943,20,3,1,-0.50927734375,-0.0009765625,-0.023193359375,0.5098061561584473,-45.3129768371582,-32.893131256103516,-54.435115814208984,1,6632.0,17462.22265625,21.579999923706055,1,0,3891,1,81020000ff0903001d397100a1010000,1,0x6B54
355,18,13,38216,7455208,47.95046615600586,11.837237358093262,19542.0,7.447000026702881,-5.918000221252441,0.2533299922943115,133014,28,3,1,-0.83642578125,-0.04345703125,-0.0146484375,0.8376820087432861,-34.893131256103516,-11.480916023254395,76.03816986083984,1,6411.0,17631.845703125,21.43000030517578,1,0,3904,1,83020000ff0b0400f9bd7100a3010000,1,0x3F7C
356,18,14,38320,7485235,47.950897216796875,11.83924674987793,19738.0,12.70300006866455,-5.986999988555908,136.4792938232422,133044,27,3,1,-2.055908203125,-0.003173828125,-0.025146484375,2.0560643672943115,61.83969497680664,-33.22137451171875,-72.5572509765625,1,6215.0,17786.291015625,21.290000915527344,1,0,3894,1,84020000ff020100a6007200a4010000,1,0xC282
357,18,15,38424,7515261,47.950706481933594,11.840678215026855,19952.0,4.372000217437744,-9.979000091552734,335.7520446777344,133114,27,3,1,-1.4775390625,-0.017333984375,-0.0146484375,1.4777133464813232,9.557251930236816,-41.45801544189453,-8.83969497680664,1,6009.0,17952.92578125,21.149999618530273,1,0,3888,1,8602000000000000c4857200a6010000,1,0x0E2D
358,18,16,38528,7545373,47.95123291015625,11.841536521911621,20177.0,5.7270002365112305,-1.5130000114440918,74.60093688964844,133144,27,3,1,-1.06689453125,-0.056884765625,-0.022216796875,1.0686408281326294,-38.77862548828125,15.083969116210938,54.816795349121094,1,5798.0,18128.474609375,21.010000228881836,1,0,3910,1,88020000ff020100c40a7300a8010000,1,0x8224
359,18,17,38632,7575419,47.95068359375,11.842041015625,20410.0,3.546999931335449,-5.824999809265137,99.00080108642578,133214,26,3,1,-1.239013671875,-0.042724609375,-0.006103515625,1.2397650480270386,94.03053283691406,-102.79389190673828,-106.61068725585938,1,5594.0,18303.185546875,20.8799991607666,1,0,3907,1,89020000ff2910017e4d7300a9010000,1,0xD4C2
360,18,18,38736,7605507,47.950809478759766,11.841798782348633,20639.0,6.6519999504089355,-3.4790000915527344,155.38331604003906,133244,27,3,1,-1.476806640625,-0.0380859375,0.0478515625,1.4780724048614502,96.59542083740234,69.45801544189453,21.244274139404297,1,5395.0,18478.66015625,20.75,1,0,3875,1,8b020000ff0301008ad27300aa010000,1,0x205A
361,19,0,38912,7635542,47.95112228393555,11.840485572814941,20875.0,13.010000228881836,-2.239000082015991,282.5348205566406,133314,28,3,1,-2.919189453125,-0.12353515625,0.06640625,2.9225566387176514,-86.72518920898438,137.6335906982422,132.06869506835938,1,5200.0,18655.765625,20.6200008392334,1,0,3881,1,8d020000ff030100be577400ac010000,1,0x84F2
362,19,1,39016,7665663,47.95214080810547,11.840292930603027,21110.0,6.571000099182129,-2.617000102996826,302.370849609375,133344,25,3,1,-2.3505859375,-0.041748046875,0.009765625,2.3509769439697266,-49.39694595336914,-55.183204650878906,15.900763511657715,1,5020.0,18824.087890625,20.489999771118164,1,0,3891,1,8f020000ff220d0003dd7400ae010000,1,0x6FC7
363,19,2,39120,7695816,47.953182220458984,11.839237213134766,21354.0,7.445000171661377,-8.925000190734863,328.2119140625,133414,26,3,1,-1.178955078125,-0.170166015625,0.06396484375,1.1928884983062744,-250.1374053955078,33.57251739501953,-96.77099609375,1,4826.0,19011.064453125,20.3700008392334,1,0,3881,1,91020000ff0000008d627500b0010000,1,0x41A2
364,19,3,39224,7725907,47.9539909362793,11.839509963989258,21568.0,3.499000072479248,-6.310999870300293,124.52802276611328,133444,26,3,1,-1.1875,-0.031982421875,-0.00927734375,1.1879668235778809,39.28244400024414,-29.572519302368164,11.312976837158203,1,4664.0,19171.921875,20.25,1,0,3891,1,92020000ff441a0024a57500b1010000,1,0xBA76
365,19,4,39328,7755994,47.954837799072266,11.837482452392578,21781.0,7.432000160217285,-10.644000053405762,350.8809509277344,133515,26,3,1,-1.364990234375,-0.04443359375,-0.014892578125,1.3657944202423096,206.19847106933594,-9.244275093078613,-50.69465637207031,1,4515.0,19323.916015625,20.1299991607666,1,0,3878,1,94020000ff140800972a7600b3010000,1,0x2F0A
366,19,5,39432,7786033,47.95513916015625,11.837294578552246,22014.0,4.451000213623047,-13.75,69.5760726928711,133545,24,3,1,-0.63134765625,-0.05126953125,-0.06640625,0.6368973255157471,-55.66412353515625,-80.2595443725586,-11.061068534851074,1,4354.0,19492.78515625,20.020000457763672,1,0,3913,1,96020000ff501f0014b07600b5010000,1,0xCD9B
367,19,6,39536,7816132,47.95452117919922,11.835928916931152,22243.0,11.397000312805176,-7.13100004196167,232.21438598632812,133615,27,3,1,-1.25634765625,-0.021728515625,0.000244140625,1.256535530090332,8.335877418518066,75.64885711669922,-9.824427604675293,1,4205.0,19653.63671875,19.920000076293945,1,0,3878,1,98020000ff050200c3357700b7010000,1,0x0BE7
368,19,7,39640,7846112,47.95469665527344,11.834185600280762,22474.0,5.88100004196167,-10.503999710083008,284.5012512207031,133645,26,3,1,-1.983154296875,-0.066162109375,-0.00390625,1.9842615127563477,-185.10687255859375,-36.35877990722656,-70.79389190673828,1,4063.0,19811.28515625,19.81999969482422,1,0,3894,1,99020000ff03010091787700b8010000,1,0xF9B3
369,19,8,39744,7876136,47.95513916015625,11.83181095123291,22700.0,10.9350004196167,-6.563000202178955,262.003173828125,133715,26,3,1,-1.034912109375,-0.088134765625,0.010986328125,1.038716197013855,248.343505859375,37.04580307006836,-156.29771423339844,1,3915.000244140625,19980.41796875,19.719999313354492,1,0,3884,1,9b020000ff4019005cfe7700ba010000,1,0x9B4B
370,19,9,39848,7906148,47.95697021484375,11.828712463378906,22934.0,12.010000228881836,-12.694999694824219,299.2431945800781,133745,28,3,1,-0.689208984375,-0.028076171875,-0.029296875,0.6904025077819824,64.61832427978516,87.49618530273438,30.38167953491211,1,3772.0,20148.826171875,19.6200008392334,1,0,3881,1,9d020000ff04010008847800bc010000,1,0x420D
371,19,10,39952,7936223,47.95775604248047,11.827131271362305,23181.0,10.651000022888184,-12.88599967956543,355.9159851074219,133815,28,3,1,-1.06396484375,-0.03271484375,0.0009765625,1.0644681453704834,-45.8702278137207,18.473281860351562,-96.79389190673828,1,3631.000244140625,20320.017578125,19.520000457763672,1,0,3878,1,9f020000ff6b2a00e5097900be010000,1,0xAC9D
372,19,11,40056,7966296,47.95854568481445,11.825979232788086,23385.0,4.267000198364258,-3.8480000495910645,12.802680015563965,133845,25,3,1,-1.683837890625,-0.01416015625,-0.02099609375,1.6840282678604126,-10.358778953552246,-24.175573348999023,-59.671756744384766,1,3514.0,20466.20703125,19.440000534057617,1,0,3872,1,a0020000ff000000ec4c7900bf010000,1,0x9950
373,19,12,40160,7996336,47.959232330322266,11.824372291564941,23629.0,8.456000328063965,-4.920000076293945,324.9107360839844,133915,26,3,1,-1.63037109375,-0.065673828125,0.01806640625,1.6317932605743408,232.38168334960938,40.229007720947266,-1.4427480697631836,1,3384.999755859375,20632.033203125,19.350000381469727,1,0,3891,1,a2020000ff0401000bd27900c1010000,1,0x6E8F
374,19,13,40264,8026372,47.96004867553711,11.823309898376465,23848.0,11.310999870300293,-10.532999992370605,3.679270029067993,133945,27,3,1,-1.0615234375,-0.043701171875,-0.035888671875,1.0630285739898682,-18.893129348754883,-26.045801162719727,75.9312973022461,1,3271.0,20782.892578125,19.270000457763672,1,0,3875,1,a4020000ffc24c00e7577a00c3010000,1,0x932B
375,19,14,40368,8056420,47.96022415161133,11.821701049804688,24063.0,2.8489999771118164,-2.799999952316284,260.1385498046875,134015,28,3,1,-2.293212890625,-0.059326171875,-0.00439453125,2.2939844131469727,-186.87786865234375,-92.42748260498047,-21.35877799987793,1,3160.0,20933.927734375,19.190000534057617,1,0,3872,1,a6020000ff09030062de7a00c5010000,1,0xBB0B
376,19,15,40472,8086647,47.96052169799805,11.819657325744629,24272.0,9.694999694824219,-10.380999565124512,302.8331604003906,134045,28,3,1,-0.690673828125,-0.0322265625,-0.003173828125,0.691432535648346,-68.19084167480469,16.503816604614258,14.473282814025879,1,3062.0,21070.88671875,19.1200008392334,1,0,3859,1,a8020000ff16080077647b00c7010000,1,0x545B
377,19,16,40576,8116675,47.96002960205078,11.816740989685059,24486.0,11.6899995803833,-4.296999931335449,251.53822326660156,134115,23,3,1,-1.745849609375,-0.05517578125,-0.03173828125,1.7470096349716187,-140.8473358154297,-38.931297302246094,109.58778381347656,1,2958.0,21220.171875,19.040000915527344,1,0,3881,1,a9020000ff0000008da77b00c8010000,1,0x7BBB
378,19,17,40680,8146776,47.960838317871094,11.813464164733887,24731.0,5.236999988555908,-9.51200008392334,296.7196350097656,134146,25,3,1,-0.2744140625,-0.003662109375,-0.037841796875,0.2770351767539978,-17.007633209228516,62.8702278137207,-51.007633209228516,1,2852.0,21376.767578125,18.969999313354492,1,0,3888,1,ab020000ff2c1100ba2d7c00ca010000,1,0x0A95
379,19,18,40784,8176859,47.96171569824219,11.81092357635498,24965.0,7.2270002365112305,-0.7570000290870667,292.1322021484375,134216,24,3,1,-3.3701171875,-0.08251953125,0.091796875,3.3723769187927246,-102.45801544189453,250.12977600097656,-111.10687255859375,1,2749.0,21533.51171875,18.899999618530273,1,0,3881,1,ad020000ff0d05001eb47c00cc010000,1,0xEB6C
380,20,0,40960,8206975,47.962703704833984,11.809395790100098,25180.0,9.984000205993652,-5.791999816894531,232.57054138183594,134246,25,3,1,-1.93994140625,-0.059814453125,0.015869140625,1.9409282207489014,-147.3053436279297,70.45801544189453,23.832061767578125,1,2651.0,21687.125,18.84000015258789,1,0,3872,1,af020000ff0301007e3a7d00ce010000,1,0x4791
381,20,1,41064,8237022,47.962913513183594,11.808789253234863,25399.0,4.314000129699707,-8.152999877929688,182.69119262695312,134316,27,3,1,-1.013427734375,-0.064453125,-0.0009765625,1.0154756307601929,224.95419311523438,-16.5572509765625,-30.717557907104492,1,2562.0,21830.66796875,18.780000686645508,1,0,3878,1,b0020000ff130700ce7d7d00cf010000,1,0x253E
382,20,2,41168,8267115,47.962615966796875,11.806750297546387,25595.0,1.1549999713897705,-6.348999977111816,236.59182739257812,134346,27,3,1,-1.122802734375,-0.02978515625,-0.016845703125,1.1233240365982056,48.02289962768555,13.503816604614258,-0.17557251453399658,1,2486.0,21956.4765625,18.719999313354492,1,0,3875,1,b1020000ff0e0500dfec7d00d0010000,1,0x8CF8
383,20,3,41272,8297179,47.96255111694336,11.80500602722168,25796.0,2.5810000896453857,-6.2170000076293945,148.53512573242188,134416,27,3,1,-1.081298828125,-0.034912109375,-0.0146484375,1.0819613933563232,-120.58778381347656,23.854961395263672,8.099236488342285,1,2410.0,22085.439453125,18.670000076293945,1,0,3878,1,b3020000ff391600bc727e00d2010000,1,0xD6EC
384,20,4,41376,8327183,47.960975646972656,11.803462028503418,25996.0,8.35200023651123,-7.10699987411499,219.29112243652344,134446,27,3,1,-0.87646484375,-0.029296875,-0.018310546875,0.8771454691886902,-71.20610809326172,10.213740348815918,-7.442748069763184,1,2334.0,22217.73828125,18.639999389648438,1,0,3878,1,b5020000ff291000eaf87e00d4010000,1,0x17B7
385,20,5,41480,8357273,47.95893859863281,11.800246238708496,26188.0,9.27400016784668,-6.888999938964844,218.83743286132812,134516,27,3,1,-1.065185546875,-0.0185546875,-0.022216796875,1.0655786991119385,71.79389190673828,-4.557251930236816,5.946564674377441,1,2265.0,22340.908203125,18.6200008392334,1,0,3878,1,b7020000ff1f0c00e17e7f00d6010000,1,0x384D
386,20,6,41584,8387307,47.958011627197266,11.796228408813477,26379.0,9.692999839782715,-7.557000160217285,248.05325317382812,134546,27,3,1,-0.8681640625,-0.027587890625,-0.025146484375,0.8689662218093872,71.09923553466797,17.12213706970215,-10.587786674499512,1,2200.0,22459.75,18.600000381469727,1,0,3878,1,b8020000ff1f0c00c7c17f00d7010000,1,0x5038
387,20,7,41688,8417386,47.956153869628906,11.793261528015137,26575.0,9.092000007629395,-6.689000129699707,248.3539581298828,134616,27,3,1,-1.06689453125,-0.02490234375,-0.018798828125,1.0673506259918213,-24.610687255859375,15.67175579071045,-16.175573348999023,1,2129.0,22592.8515625,18.579999923706055,1,0,3881,1,ba020000ff3515009d4b8000d9010000,1,0xAD8A
388,20,8,41792,8447492,47.95466232299805,11.788008689880371,26785.0,18.02899932861328,-4.968999862670898,264.3622131347656,134646,22,3,1,-1.322265625,-0.013671875,-0.02880859375,1.3226500749588013,-65.99236297607422,-11.832060813903809,7.396946430206299,1,2062.0,22721.796875,18.579999923706055,1,0,3868,1,bc020000ff16080064d08000db010000,1,0xA1D5
389,20,9,41896,8477505,47.95381546020508,11.782709121704102,26984.0,16.472000122070312,-5.870999813079834,264.8775939941406,134716,26,3,1,-1.172607421875,-0.03076171875,-0.020751953125,1.1731942892074585,19.213741302490234,-18.854961395263672,-5.43511438369751,1,2000.0,22844.177734375,18.579999923706055,1,0,3891,1,be020000ff190a0014558100dd010000,1,0xB765
390,20,10,42000,8507542,47.952186584472656,11.77761173248291,27194.0,15.017000198364258,-5.452000141143799,250.5583038330078,134747,26,3,1,-1.060302734375,-0.02734375,-0.013427734375,1.0607402324676514,38.488548278808594,0.5114504098892212,-4.068702220916748,1,1936.0,22973.76953125,18.600000381469727,1,0,3872,1,bf020000ff13070084978100de010000,1,0x3EC3
391,20,11,42104,8537587,47.94997024536133,11.772149085998535,27393.0,12.663000106811523,-7.322999954223633,251.79319763183594,134817,26,3,1,-1.05322265625,-0.02197265625,-0.019775390625,1.0536373853683472,-6.129770755767822,11.717556953430176,0.3893129825592041,1,1877.0,23096.34765625,18.6200008392334,1,0,3862,1,c1020000ff070300971b8200e0010000,1,0xB7E9
392,20,12,42208,8567627,47.94902420043945,11.766066551208496,27595.0,9.786999702453613,-5.5370001792907715,252.49575805664062,134847,28,3,1,-1.0703125,-0.021240234375,-0.021240234375,1.070733904838562,-28.32061004638672,-15.320611000061035,7.160305500030518,1,1818.0,23222.087890625,18.639999389648438,1,0,3875,1,c3020000ff62260079a08200e2010000,1,0xEFE3
393,20,13,42312,8597673,47.94880294799805,11.7613525390625,27792.0,11.133999824523926,-5.39300012588501,245.78146362304688,134917,17,3,1,-1.169189453125,-0.022705078125,-0.02685546875,1.1697181463241577,15.236640930175781,6.984732627868652,0.7938931584358215,1,1762.0001220703125,23344.529296875,18.670000076293945,1,0,3868,1,c5020000ff501f009a258300e4010000,1,0xECFF
394,20,14,42416,8627720,47.948020935058594,11.755810737609863,27988.0,13.246999740600586,-5.109000205993652,251.52821350097656,134947,28,3,1,-1.106201171875,-0.02099609375,-0.0322265625,1.1068695783615112,33.52671813964844,22.38167953491211,-4.43511438369751,1,1707.0,23467.888671875,18.709999084472656,1,0,3849,1,c6020000ff240e0036688300e5010000,1,0x1A92
395,20,15,42520,8657931,47.947837829589844,11.750127792358398,28175.0,13.557000160217285,-5.954999923706055,281.8829650878906,135017,29,3,1,-1.05419921875,-0.02587890625,-0.02490234375,1.0548107624053955,2.3435113430023193,-5.465648651123047,-3.419847249984741,1,1659.0,23578.208984375,18.75,1,0,3865,1,c8020000ff13070043ed8300e7010000,1,0x8BAB
396,20,16,42624,8687936,47.947181701660156,11.74549674987793,28365.0,11.800999641418457,-7.285999774932861,255.6398468017578,135047,29,3,1,-0.925048828125,-0.02587890625,-0.016357421875,0.9255552887916565,-62.8702278137207,-7.572519302368164,7.3740458488464355,1,1609.0,23695.90625,18.799999237060547,1,0,3868,1,ca020000ff0803006b728400e9010000,1,0xB059
397,20,17,42728,8718141,47.9462890625,11.740281105041504,28566.0,13.067000389099121,-6.482999801635742,262.43731689453125,135117,28,3,1,-0.926513671875,-0.026123046875,-0.017333984375,0.9270439147949219,17.793893814086914,7.870229244232178,-14.725191116333008,1,1560.0,23814.158203125,18.84000015258789,1,0,3849,1,cc020000ff270f0094f78400eb010000,1,0x05FB
398,20,18,42832,8748274,47.9456787109375,11.734618186950684,28767.0,12.678000450134277,-7.741000175476074,265.5271911621094,135147,29,3,1,-0.851806640625,-0.025146484375,-0.023681640625,0.852506697177887,36.51908493041992,6.358778476715088,-3.6183207035064697,1,1513.0,23930.447265625,18.860000610351562,1,0,3872,1,ce020000ff180900f27c8500ed010000,1,0x827C
399,21,0,43008,8778306,47.945068359375,11.730013847351074,28979.0,13.711999893188477,-7.909999847412109,238.56907653808594,135217,29,3,1,-0.866455078125,-0.021484375,-0.01904296875,0.8669305443763733,-48.90076446533203,3.961832046508789,-7.6946563720703125,1,1459.0,24067.72265625,18.889999389648438,1,0,3868,1,cf020000ff2f12009abf8500ee010000,1,0x1739
400,21,1,43112,8808423,47.943180084228516,11.724300384521484,29196.0,17.639999389648438,-7.159999847412109,228.84303283691406,135248,29,3,1,-1.11669921875,-0.017333984375,-0.0146484375,1.1169297695159912,9.099236488342285,-3.992366313934326,-3.251908302307129,1,1415.0,24182.65234375,18.920000076293945,1,0,3868,1,d1020000ff7f3100f4448600f0010000,1,0xF2ED
401,21,2,43216,8838462,47.94141387939453,11.718947410583496,29408.0,17.645000457763672,-6.03000020980835,230.87493896484375,135318,29,3,1,-1.126953125,-0.02392578125,-0.01318359375,1.1272841691970825,-8.832060813903809,12.12977123260498,-0.7480915784835815,1,1369.0,24305.943359375,18.950000762939453,1,0,3817,1,d3020000ff481c0065ca8600f2010000,1,0xA4A1
402,21,3,43320,8868556,47.93979263305664,11.71272087097168,29613.0,18.347999572753906,-5.859000205993652,261.8301086425781,135348,29,3,1,-0.99072265625,-0.022705078125,-0.021240234375,0.991210401058197,15.061068534851074,-0.13740457594394684,5.671755790710449,1,1322.0,24435.42578125,18.959999084472656,1,0,3872,1,d5020000ff29100022508700f4010000,1,0x7C3C
403,21,4,43424,8898567,47.938568115234375,11.705890655517578,29817.0,15.284000396728516,-5.86299991607666,257.30621337890625,135418,15,3,1,-1.059814453125,-0.02099609375,-0.02294921875,1.0602707862854004,33.60305404663086,3.389312982559204,-13.992366790771484,1,1280.0,24554.330078125,18.969999313354492,1,0,3862,1,d6020000ff1f0c00dd928700f5010000,1,0xCCD1
404,21,5,43528,8928580,47.937286376953125,11.698049545288086,30004.0,22.621000289916992,-5.940999984741211,261.50048828125,135448,29,3,1,-1.076904296875,-0.02294921875,-0.011962890625,1.0772151947021484,-28.77862548828125,-5.603053569793701,-5.58015251159668,1,1246.0,24652.921875,18.979999542236328,1,0,3872,1,d8020000ff06020076188800f7010000,1,0x2454
405,21,6,43632,8958669,47.93672180175781,11.690589904785156,30202.0,17.167999267578125,-7.326000213623047,271.8146057128906,135518,29,3,1,-0.849609375,-0.020751953125,-0.031982421875,0.8504643440246582,-30.824426651000977,3.068702220916748,-12.297709465026855,1,1203.0,24780.78125,18.979999542236328,1,0,3872,1,d9020000ff351501495b8800f8010000,0,0xA2B7
406,21,7,43736,8988738,47.936405181884766,11.684004783630371,30397.0,14.718000411987305,-7.059999942779541,265.08905029296875,135548,28,3,1,-0.95751953125,-0.025146484375,-0.025390625,0.958186149597168,16.60305404663086,-1.9694656133651733,-1.7022900581359863,1,1169.0,24884.5234375,19.0,1,0,3878,1,dc020000ff160800f5238900fa010000,1,0xE118
407,21,8,43840,9018794,47.93535614013672,11.678069114685059,30604.0,21.030000686645508,-6.736000061035156,254.25186157226562,135618,29,3,1,-0.973876953125,-0.0234375,-0.027099609375,0.9745358228683472,15.16030502319336,1.229007601737976,-2.106870174407959,1,1133.0,24997.068359375,19.020000457763672,1,0,3868,1,dd020000ff180900db668900fb010000,1,0xB49E
408,21,9,43944,9048849,47.93488693237305,11.670857429504395,30815.0,17.621999740600586,-7.446000099182129,281.94158935546875,135648,21,3,1,-0.942138671875,-0.0263671875,-0.024169921875,0.9428174495697021,-4.603053569793701,4.061068534851074,6.931297779083252,1,1097.0,25112.544921875,19.040000915527344,1,0,3868,1,df020000ff040100adec8900fd010000,1,0xCD65
409,21,10,44048,9078940,47.9348258972168,11.664078712463379,31033.0,17.790000915527344,-8.791000366210938,281.7230529785156,135718,28,3,1,-0.9248046875,-0.023193359375,-0.028076171875,0.9255214333534241,-1.0610686540603638,1.4351145029067993,-0.6641221642494202,1,1060.0,25234.4765625,19.059999465942383,1,0,3862,1,e1020000ff0c050091728a00ff010000,1,0x354D
410,21,11,44152,9108950,47.936302185058594,11.656410217285156,31249.0,16.69700050354004,-5.993000030517578,300.6460876464844,135748,29,3,1,-1.08740234375,-0.02587890625,-0.019287109375,1.0878812074661255,15.900763511657715,4.5877861976623535,3.6259541511535645,1,1024.0,25356.4609375,19.06999969482422,1,0,3868,1,e3020000ff1b0a00cbf78a0001020000,1,0xB4E2
411,21,12,44256,9139067,47.93696212768555,11.64977741241455,31462.0,16.256999969482422,-6.849999904632568,273.6839599609375,135818,29,3,1,-0.9921875,-0.0146484375,-0.013916015625,0.9923931956291199,-7.954198360443115,-7.41984748840332,-0.35877862572669983,1,989.9999389648438,25474.90234375,19.079999923706055,1,0,3862,1,e4020000ff140800d03a8b0002020000,1,0xA08F
412,21,13,44360,9169109,47.93769454956055,11.643891334533691,31676.0,16.28700065612793,-7.879000186920166,271.5105285644531,135848,28,3,1,-0.834228515625,-0.02490234375,-0.02197265625,0.83488929271698,-6.893129825592041,3.465648889541626,17.793893814086914,1,960.0000610351562,25582.177734375,19.09000015258789,1,0,3856,1,e6020000ff1f0c0023c18b0004020000,1,0x8DC6
413,21,14,44464,9199204,47.93940734863281,11.637649536132812,31900.0,18.447999954223633,-6.498000144958496,279.1321716308594,135919,21,3,1,-1.017822265625,-0.027099609375,-0.02587890625,1.0185117721557617,-8.106870651245117,-3.29007625579834,1.8625954389572144,1,927.0000610351562,25703.361328125,19.100000381469727,1,0,3862,1,e8020000ff16080034478c0006020000,1,0x976A
414,21,15,44568,9229312,47.939640045166016,11.630565643310547,32101.0,16.9950008392334,-6.60099983215332,282.63873291015625,135949,30,3,1,-1.01953125,-0.0224609375,-0.0234375,1.020047903060913,-14.656488418579102,-2.076335906982422,11.045801162719727,1,897.0,25816.6015625,19.110000610351562,1,0,3862,1,ea020000ff3c17009ecd8c0008020000,1,0x1A8D
415,21,16,44672,9259381,47.94033432006836,11.623653411865234,32309.0,16.604000091552734,-6.584000110626221,289.979248046875,140019,30,3,1,-0.89599609375,-0.01806640625,-0.025146484375,0.8965309262275696,4.137404441833496,-0.7709923386573792,-12.679388999938965,1,868.9999389648438,25925.087890625,19.139999389648438,1,0,3846,1,eb020000ff240e00e9108d0009020000,1,0xD0F3
416,21,17,44776,9289436,47.9412727355957,11.617161750793457,32514.0,16.704999923706055,-7.796999931335449,275.9623107910156,140049,29,3,1,-0.91943359375,-0.0205078125,-0.0263671875,0.9200401902198792,-4.778625965118408,-6.526717662811279,21.03816795349121,1,839.9999389648438,26040.48046875,19.170000076293945,1,0,3846,1,ed020000ff1006000a978d000b020000,1,0x027D
417,21,18,44880,9319493,47.9417610168457,11.60952091217041,32721.0,20.503999710083008,-7.585999965667725,285.96435546875,140119,28,3,1,-0.943115234375,-0.01953125,-0.015869140625,0.943450927734375,4.984732627868652,-4.56488561630249,1.9923664331436157,1,814.9999389648438,26142.572265625,19.209999084472656,1,0,3852,1,ef020000ff441a004a1d8e000d020000,1,0x3232
418,22,0,45056,9349668,47.94387435913086,11.602487564086914,32925.0,16.551000595092773,-6.0980000495910645,288.2279968261719,140149,20,3,1,-0.9990234375,-0.029296875,-0.025146484375,0.9997692108154297,1.1374045610427856,-7.664122104644775,-7.061068534851074,1,790.0,26247.232421875,19.25,1,0,3862,1,f0020000ff0d0500aa8c8e000e020000,1,0x6F28
419,22,1,45160,9379735,47.945762634277344,11.595735549926758,33127.0,15.79800033569336,-7.343999862670898,299.60614013671875,140219,29,3,1,-1.0205078125,-0.019775390625,-0.030029296875,1.0211409330368042,-11.946564674377441,6.870229244232178,4.259541988372803,1,769.0,26337.240234375,19.309999465942383,1,0,3852,1,f2020000ff030100b9128f0010020000,1,0xB471
420,22,2,45264,9409858,47.94838333129883,11.590672492980957,33333.0,16.739999771118164,-6.4039998054504395,307.2120056152344,140249,30,3,1,-0.9873046875,-0.02783203125,-0.017578125,0.9878532886505127,-17.74045753479004,0.3206106722354889,-2.0458016395568848,1,745.0,26442.576171875,19.350000381469727,1,0,3862,1,f3020000ff391600a3558f0011020000,1,0x5DA4
421,22,3,45368,9439898,47.95092010498047,11.587047576904297,33536.0,16.417999267578125,-5.960999965667725,301.5393371582031,140319,30,3,1,-1.055908203125,-0.022216796875,-0.01806640625,1.0562963485717773,-11.77862548828125,10.412213325500488,-5.068702220916748,1,720.0,26555.26953125,19.389999389648438,1,0,3859,1,f5020000ff54210075db8f0013020000,1,0x7D55
422,22,4,45472,9469952,47.95216751098633,11.582137107849121,33736.0,15.312999725341797,-6.5980000495910645,292.7581481933594,140349,30,3,1,-1.0107421875,-0.020751953125,-0.0244140625,1.0112498998641968,19.786258697509766,1.0992366075515747,1.6717556715011597,1,699.0,26652.40234375,19.43000030517578,1,0,3865,1,f7020000ff1d0b00b561900015020000,1,0xD1C0
423,22,5,45576,9499960,47.95388412475586,11.576559066772461,33944.0,11.368000030517578,-6.618000030517578,302.3277893066406,140420,23,3,1,-1.00390625,-0.018798828125,-0.0234375,1.0043556690216064,-8.206107139587402,-3.6870229244232178,-4.4122138023376465,1,674.0,26771.169921875,19.479999542236328,1,0,3852,1,f9020000ff1307002eec900017020000,1,0x2154
424,22,6,45680,9530002,47.955230712890625,11.572685241699219,34149.0,9.741000175476074,-5.98199987411499,326.48602294921875,140450,29,3,1,-1.00341796875,-0.015625,-0.031494140625,1.0040336847305298,-11.954198837280273,2.824427366256714,-9.610687255859375,1,656.0,26858.908203125,19.530000686645508,1,0,3859,1,fa020000ff893500782f910018020000,1,0xBEFC
425,22,7,45784,9560067,47.9567985534668,11.568375587463379,34353.0,16.461999893188477,-6.623000144958496,305.246826171875,140520,30,3,1,-0.89599609375,-0.021728515625,-0.016845703125,0.8964177966117859,4.900763511657715,-0.007633587811142206,2.068702220916748,1,641.0,26933.529296875,19.59000015258789,1,0,3849,1,fc020000ff0602002cb391001a020000,1,0x1390
426,22,8,45888,9590236,47.959075927734375,11.562870979309082,34563.0,14.689000129699707,-7.808000087738037,300.65728759765625,140550,30,3,1,-0.921630859375,-0.024658203125,-0.0263671875,0.9223376512527466,-15.83969497680664,-0.4580152630805969,-9.061068534851074,1,616.0,27061.095703125,19.65999984741211,1,0,3820,1,fe020000ff0903000b3892001c020000,1,0xC690
427,22,9,45992,9620249,47.96080017089844,11.557954788208008,34774.0,14.541999816894531,-6.22599983215332,275.06072998046875,140620,30,3,1,-1.091552734375,-0.02197265625,-0.013916015625,1.091862440109253,3.70992374420166,5.351145267486572,4.297709941864014,1,597.0,27160.884765625,19.739999771118164,1,0,3862,1,00030000ff0e0500f4bc92001e020000,1,0xD40B
428,22,10,46096,9650311,47.96113586425781,11.552592277526855,34990.0,16.339000701904297,-8.072999954223633,280.86309814453125,140650,27,3,1,-0.975341796875,-0.023193359375,-0.021728515625,0.9758594632148743,7.381679534912109,0.5038167834281921,1.9465649127960205,1,582.0,27241.494140625,19.799999237060547,1,0,3824,1,01030000ff2f120065ff92001f020000,1,0x0637
429,22,11,46200,9680353,47.96226119995117,11.547428131103516,35209.0,12.001999855041504,-6.888000011444092,308.8850402832031,140720,30,3,1,-0.952392578125,-0.017822265625,-0.02099609375,0.9527906775474548,-13.167939186096191,-2.7328243255615234,-0.580152690410614,1,556.0,27385.296875,19.8700008392334,1,0,3856,1,03030000ff240e006183930021020000,1,0x253E
430,22,12,46304,9710404,47.963829040527344,11.544173240661621,35426.0,6.085999965667725,-6.659999847412109,324.95806884765625,140750,29,3,1,-0.968994140625,-0.01904296875,-0.026123046875,0.9695332050323486,-7.3053436279296875,4.931297779083252,-2.6870229244232178,1,543.0,27459.25,19.90999984741211,1,0,3836,1,05030000ff270f007608940023020000,1,0xCEE0
431,22,13,46408,9740410,47.96453857421875,11.542795181274414,35642.0,4.835999965667725,-6.607999801635742,11.643850326538086,140820,29,3,1,-1.032958984375,-0.0244140625,-0.026611328125,1.0335900783538818,27.809160232543945,-7.671755790710449,-0.6183205842971802,1,521.0,27587.732421875,19.969999313354492,1,0,3849,1,07030000ff160800d48d940025020000,1,0x32C2
432,22,14,46512,9770442,47.96479797363281,11.541193962097168,35856.0,4.548999786376953,-7.0929999351501465,228.396240234375,140850,29,3,1,-0.99951171875,-0.0224609375,-0.025634765625,1.000092625617981,10.122137069702148,-5.27480936050415,-2.9160306453704834,1,506.0,27677.876953125,20.0,1,0,3843,1,09030000ff391600ad13950027020000,1,0x24A0
433,22,15,46616,9800514,47.96406555175781,11.537521362304688,36068.0,10.206999778747559,-7.665999889373779,255.4932861328125,140920,27,3,1,-0.937744140625,-0.02099609375,-0.024169921875,0.938290536403656,-18.38167953491211,-5.595419883728027,0.8549618124961853,1,485.0,27807.787109375,20.040000915527344,1,0,3843,1,0a030000ff1307008b55950028020000,1,0xAD17
434,22,16,46720,9830557,47.963443756103516,11.532867431640625,36271.0,12.156999588012695,-7.543000221252441,266.8337097167969,140950,28,3,1,-0.900146484375,-0.024169921875,-0.029296875,0.9009473919868469,-13.832060813903809,2.8320610523223877,4.9083967208862305,1,475.0,27871.25390625,20.09000015258789,1,0,3852,1,0c030000ff270f00e1da95002a020000,1,0xC7DB
435,22,17,46824,9860608,47.96303939819336,11.527373313903809,36471.0,18.128000259399414,-6.677000045776367,269.3470458984375,141020,29,3,1,-0.9580078125,-0.017822265625,-0.020263671875,0.9583878517150879,12.755724906921387,-0.022900763899087906,3.1297709941864014,1,458.0,27981.677734375,20.149999618530273,1,0,3849,1,0e030000ff050200396096002c020000,1,0x8021
436,22,18,46928,9890667,47.96247482299805,11.520600318908691,36669.0,16.785999298095703,-6.841000080108643,260.47955322265625,141050,29,3,1,-0.98291015625,-0.02294921875,-0.0224609375,0.9834345579147339,13.190839767456055,-0.030534351244568825,-1.4732824563980103,1,444.9999694824219,28068.380859375,20.209999084472656,1,0,3840,1,10030000ff10060088e596002e020000,1,0xF4FE
437,23,0,47104,9920717,47.96233367919922,11.512819290161133,36870.0,20.393999099731445,-7.5370001792907715,265.0887451171875,141120,29,3,1,-0.94140625,-0.015869140625,-0.0185546875,0.9417228102684021,-18.534351348876953,-0.6259542107582092,-2.9465649127960205,1,425.0,28205.8671875,20.290000915527344,1,0,3852,1,11030000ff441a005c2897002f020000,1,0xECBF
438,23,1,47208,9950798,47.962154388427734,11.505738258361816,37076.0,16.513999938964844,-6.5929999351501465,278.2437744140625,141151,26,3,1,-1.021728515625,-0.024658203125,-0.025390625,1.022341251373291,-5.045801639556885,-2.435114622116089,0.22900763154029846,1,417.9999694824219,28255.224609375,20.3799991607666,1,0,3840,1,13030000ff220d00d2ad970031020000,1,0x7FAF
439,23,2,47312,9980913,47.96146011352539,11.498336791992188,37276.0,22.27899932861328,-6.1519999504089355,266.42889404296875,141221,29,3,1,-1.007080078125,-0.024169921875,-0.01416015625,1.0074695348739624,12.099236488342285,6.114503860473633,4.27480936050415,1,409.0,28319.673828125,20.459999084472656,1,0,3846,1,15030000ff240e005c33980033020000,1,0x647E
440,23,3,47416,10010948,47.959861755371094,11.490159034729004,37482.0,20.459999084472656,-7.474999904632568,253.08468627929688,141251,28,3,1,-0.96240234375,-0.0205078125,-0.019287109375,0.9628140330314636,-6.129770755767822,1.2519084215164185,-0.8015267252922058,1,395.0,28422.2578125,20.549999237060547,1,0,3852,1,17030000ff8935000db9980035020000,1,0x89D7
441,23,4,47520,10040959,47.95905685424805,11.480878829956055,37692.0,26.256000518798828,-6.836999893188477,260.7982482910156,141321,29,3,1,-1.001953125,-0.019287109375,-0.025146484375,1.002454161643982,-15.832060813903809,6.007633686065674,-0.23664122819900513,1,385.0,28497.345703125,20.65999984741211,1,0,3840,1,18030000ff18090004fc980036020000,1,0x6EFC
442,23,5,47624,10070993,47.95948791503906,11.472018241882324,37912.0,21.41699981689453,-6.98799991607666,269.81158447265625,141351,28,3,1,-0.9423828125,-0.0234375,-0.019775390625,0.9428816437721252,-6.0916032791137695,2.0229008197784424,-2.7328243255615234,1,372.0,28597.361328125,20.770000457763672,1,0,3840,1,1a030000ff270f007381990038020000,1,0x5A49
443,23,6,47728,10101072,47.959136962890625,11.46414852142334,38131.0,20.795000076293945,-7.869999885559082,261.2865295410156,141421,26,3,1,-0.906494140625,-0.01611328125,-0.02392578125,0.906952977180481,12.61832046508789,0.6564885377883911,-2.7251908779144287,1,356.0,28724.41796875,20.8799991607666,1,0,3843,1,1c030000ff00000071079a003a020000,1,0xA1BB
444,23,7,47832,10131476,47.95766067504883,11.45566177368164,38346.0,20.992000579833984,-6.699999809265137,257.864990234375,141451,29,3,1,-0.978759765625,-0.02001953125,-0.021484375,0.9792001843452454,10.175572395324707,-2.458015203475952,-6.465648651123047,1,346.0,28806.1953125,20.979999542236328,1,0,3820,1,1e030000ff0c0500478d9a003c020000,1,0x40D8
445,23,8,47936,10161571,47.956329345703125,11.447050094604492,37935.0,21.288999557495117,80.50499725341797,271.2391357421875,141522,30,3,1,-0.6396484375,-0.173583984375,-0.198974609375,0.6920061111450195,-250.1374053955078,250.12977600097656,-250.1374053955078,1,363.0,28668.275390625,21.06999969482422,1,0,3827,1,1f030000ff04010035d09a003d020000,1,0xABDA
446,23,9,48040,10191576,47.95555877685547,11.438948631286621,35265.0,13.111000061035156,86.97799682617188,265.0647888183594,141552,27,3,1,-0.927978515625,-0.103515625,0.196533203125,0.9541933536529541,236.81678771972656,135.0763397216797,139.38931274414062,1,553.0,27402.236328125,21.149999618530273,1,0,3804,1,21030000ff05020027569b003f020000,1,0x0246
447,23,10,48144,10221618,47.95688247680664,11.437458992004395,32936.0,11.744999885559082,71.26200103759766,257.4248352050781,141622,28,3,1,-1.3896484375,-0.3427734375,-0.084228515625,1.4337750673294067,250.12977600097656,-49.511451721191406,-52.328243255615234,1,801.0,26200.85546875,21.229999542236328,1,0,3824,1,23030000ff0401006cdb9b0041020000,1,0x0C7F
448,23,11,48248,10251708,47.957584381103516,11.43209457397461,30963.0,6.2170000076293945,59.040000915527344,353.9422912597656,141652,29,3,1,-0.98291015625,-0.14306640625,-0.083251953125,0.9967503547668457,102.35877990722656,24.511449813842773,6.7633585929870605,1,1082.0,25161.5703125,21.299999237060547,1,0,3843,1,25030000ff1809007a619c0043020000,1,0xF775
449,23,12,48352,10281706,47.95591735839844,11.427241325378418,29290.0,27.226999282836914,53.66899871826172,255.4219970703125,141722,28,3,1,-1.212890625,-0.018798828125,-0.024169921875,1.213276982307434,-210.10687255859375,-62.87786102294922,-68.66412353515625,1,1409.0,24198.548828125,21.360000610351562,1,0,3843,1,26030000ff190a00bda49c0044020000,1,0xA7B4
450,23,13,48456,10311819,47.95416259765625,11.42065143585205,27774.0,8.338000297546387,47.69300079345703,264.3884582519531,141752,26,3,1,-1.21044921875,-0.158935546875,0.115234375,1.22626531124115,-250.1374053955078,-51.343509674072266,-45.07633590698242,1,1791.0,23280.736328125,21.40999984741211,1,0,3849,1,28030000ff100600132b9d0046020000,1,0x89F3
451,23,14,48560,10341832,47.95317840576172,11.415909767150879,26406.0,6.882999897003174,42.78900146484375,267.3053894042969,141822,28,3,1,-1.09912109375,-0.107666015625,0.113525390625,1.110201358795166,-190.91603088378906,36.32061004638672,-20.41984748840332,1,2215.0,22432.07421875,21.479999542236328,1,0,3833,1,2a030000ff0401003ab19d0048020000,1,0xB9C8
452,23,15,48664,10371915,47.95272445678711,11.414380073547363,25209.0,2.236999988555908,38.67100143432617,344.2066345214844,141852,29,3,1,-1.14599609375,-0.0029296875,-0.017333984375,1.146130919456482,-38.404579162597656,42.98473358154297,30.045801162719727,1,2662.0,21669.654296875,21.520000457763672,1,0,3836,1,2c030000ff0602009b379e004a020000,1,0x3CBC
453,23,16,48768,10401910,47.952938079833984,11.413485527038574,24154.0,8.092000007629395,33.90599822998047,306.34979248046875,141922,28,3,1,-1.326416015625,-0.18408203125,-0.115234375,1.3440775871276855,-250.1374053955078,-34.52671813964844,16.96183204650879,1,3145.0,20954.666015625,21.559999465942383,1,0,3849,1,2d030000ff120700c77a9e004b020000,1,0x03CA
454,23,17,48872,10432250,47.95283889770508,11.41211223602295,23205.0,3.802000045776367,32.393001556396484,318.0647888183594,141952,27,3,1,-1.05908203125,-0.2041015625,-0.13671875,1.0872001647949219,250.12977600097656,-34.46564865112305,40.77862548828125,1,3652.0,20294.185546875,21.600000381469727,1,0,3824,1,2f030000ff080300322d9f004d020000,1,0xED90
455,23,18,48976,10462273,47.953460693359375,11.411149978637695,22288.0,7.421999931335449,29.45400047302246,265.1642150878906,142022,27,3,1,-0.9990234375,-0.058837890625,0.017822265625,1.0009132623672485,250.12977600097656,66.83206176757812,15.572519302368164,1,4193.0,19666.79296875,21.6299991607666,1,0,3804,1,30030000ff070300fb6f9f004e020000,1,0x4AB7
456,24,0,49152,10492357,47.95478057861328,11.411003112792969,21460.0,8.531999588012695,28.082000732421875,38.02198028564453,142052,29,3,1,-0.881591796875,-0.10498046875,-0.17431640625,0.9047713279724121,163.35877990722656,21.97709846496582,-77.22900390625,1,4766.0,19070.125,21.65999984741211,1,0,3824,1,32030000ff190a002af69f004f020000,1,0x942B
457,24,1,49256,10522415,47.955841064453125,11.411002159118652,20649.0,1.4910000562667847,25.2549991607666,301.3929138183594,142123,25,3,1,-1.193359375,-0.330322265625,0.217041015625,1.2571102380752563,-250.1374053955078,-96.98473358154297,59.1984748840332,1,5391.0,18482.240234375,21.68000030517578,1,0,3833,1,34030000ff040100017ca00051020000,1,0x3A01
458,24,2,49360,10552444,47.956207275390625,11.411819458007812,19911.0,1.3509999513626099,23.979999542236328,232.46087646484375,142153,28,3,1,-0.950927734375,-0.199462890625,0.015869140625,0.9717514514923096,-250.1374053955078,-152.7938995361328,56.45801544189453,1,6054.0,17916.134765625,21.690000534057617,1,0,3824,1,36030000ff0201000202a10053020000,1,0xB062
459,24,3,49464,10582464,47.95594024658203,11.412979125976562,19228.0,6.27400016784668,22.048999786376953,71.78460693359375,142223,28,3,1,-0.880126953125,-0.1513671875,-0.048095703125,0.8943426012992859,41.625953674316406,-47.20610809326172,-23.106870651245117,1,6732.0,17386.970703125,21.700000762939453,1,0,3836,1,37030000ff2c11000c45a10054020000,1,0x51E6
460,24,4,49568,10612559,47.956443786621094,11.413942337036133,18593.0,3.3299999237060547,22.229999542236328,112.46157836914062,142253,29,3,1,-1.108642578125,-0.19091796875,-0.04150390625,1.1257266998291016,-46.07633590698242,-90.03053283691406,118.61068725585938,1,7437.00048828125,16880.677734375,21.690000534057617,1,0,3824,1,39030000ff0b040095cfa10056020000,1,0x9BA4
461,24,5,49672,10642632,47.95555114746094,11.415977478027344,17966.0,13.456999778747559,18.427000045776367,133.78359985351562,142323,29,3,1,-0.96337890625,-0.166015625,0.036865234375,0.9782735705375671,167.3511505126953,-69.26717376708984,6.030534267425537,1,8202.0,16373.513671875,21.700000762939453,1,0,3836,1,3b030000ff7a30003e54a20058020000,1,0x59A7
462,24,6,49776,10673047,47.9540901184082,11.41891098022461,17392.0,7.88700008392334,20.722999572753906,112.72982025146484,142353,27,3,1,-1.041015625,-0.0302734375,0.09814453125,1.0460699796676636,130.74046325683594,61.38167953491211,-17.664121627807617,1,9000.0,15883.767578125,21.670000076293945,1,0,3836,1,3d030000ff070300f2d8a2005a020000,1,0xADC2
463,24,7,49880,10703151,47.95400619506836,11.421990394592285,16798.0,14.5649995803833,18.549999237060547,95.60257720947266,142423,27,3,1,-0.815673828125,-0.17041015625,-0.0419921875,0.8343421220779419,127.71755981445312,-20.59541893005371,67.22900390625,1,9880.0,15382.9033203125,21.65999984741211,1,0,3827,1,3e030000ff060200971ba3005b020000,1,0x90CA
464,24,8,49984,10733173,47.95281219482422,11.425764083862305,16244.0,14.975000381469727,16.628999710083008,117.12870025634766,142453,29,3,1,-1.029541015625,-0.291015625,-0.0224609375,1.070116400718689,-250.1374053955078,-68.4427490234375,12.137404441833496,1,10791.0,14901.1083984375,21.6299991607666,1,0,3840,1,40030000ff05020041a0a3005d020000,1,0x953B
465,24,9,50088,10763209,47.95068359375,11.428848266601562,15719.0,13.437999725341797,17.21299934387207,114.09243774414062,142523,28,3,1,-1.366455078125,-0.1982421875,0.05908203125,1.3820239305496216,-245.18321228027344,100.1832046508789,-117.87786102294922,1,11740.0,14433.0556640625,21.59000015258789,1,0,3824,1,42030000ff481c004325a4005f020000,1,0xD6FF
466,24,10,50192,10793213,47.94883346557617,11.433938026428223,15196.0,15.970000267028809,15.947999954223633,109.16342163085938,142554,29,3,1,-0.93798828125,0.033203125,-0.05615234375,0.9402539730072021,-25.496183395385742,-106.79389190673828,22.374046325683594,1,12730.0,13976.3681640625,21.540000915527344,1,0,3820,1,44030000ff1f0c0039a9a40061020000,1,0x2E4D
467,24,11,50296,10823309,47.947723388671875,11.439167976379395,14715.0,13.185999870300293,16.017000198364258,121.8006362915039,142624,24,3,1,-1.231689453125,-0.293212890625,-0.033447265625,1.266550898551941,250.12977600097656,81.56488800048828,128.22900390625,1,13741.0,13538.7724609375,21.489999771118164,1,0,3840,1,45030000ff000000edeca40062020000,1,0xFF2D
468,24,12,50400,10853341,47.945716857910156,11.444037437438965,14250.0,14.230999946594238,14.465999603271484,108.2309799194336,142654,29,3,1,-1.32421875,-0.181640625,-0.1044921875,1.3406965732574463,-189.87022399902344,162.42747497558594,70.89312744140625,1,14802.0,13106.7265625,21.420000076293945,1,0,3820,1,47030000ff2f12005771a50064020000,1,0x11ED
469,24,13,50504,10883363,47.944759368896484,11.450358390808105,13803.0,16.54400062561035,14.663000106811523,93.14134216308594,142724,28,3,1,-1.481201171875,-0.191650390625,0.04931640625,1.4943623542785645,250.12977600097656,-120.48091888427734,-13.465648651123047,1,15892.0,12688.2431640625,21.329999923706055,1,0,3827,1,49030000ff0502003ef6a50066020000,1,0x6280
470,24,14,50608,10913375,47.943519592285156,11.458025932312012,13372.0,21.382999420166016,14.208999633789062,112.51667785644531,142754,27,3,1,-1.469970703125,-0.118408203125,0.014892578125,1.4748071432113647,250.12977600097656,-153.114501953125,-25.77862548828125,1,17017.0,12280.025390625,21.239999771118164,1,0,3830,1,4b030000ff1b0a00607ba60068020000,1,0x7E79
471,24,15,50712,10943393,47.94206237792969,11.468146324157715,12959.0,31.489999771118164,13.810999870300293,97.72265625,142824,29,3,1,-1.30224609375,-0.182861328125,-0.068115234375,1.3167849779129028,-92.91603088378906,89.30534362792969,68.0,1,18182.0,11879.7099609375,21.1299991607666,1,0,3849,1,4c030000ff080300fabda60069020000,1,0xBC79
472,24,16,50816,10973455,47.94091033935547,11.48006534576416,12554.0,27.540000915527344,13.923999786376953,95.83535766601562,142854,27,3,1,-1.296142578125,-0.3046875,-0.051025390625,1.3324501514434814,250.12977600097656,33.404579162597656,133.6946563720703,1,19379.0,11489.478515625,21.0,1,0,3824,1,4e030000ff0000000943a7006b020000,1,0x3309
473,24,17,50920,11003476,47.939598083496094,11.491999626159668,12164.0,30.239999771118164,11.727999687194824,95.67643737792969,142924,29,3,1,-1.3349609375,-0.18212890625,-0.010986328125,1.3473724126815796,-133.5954132080078,152.38168334960938,-42.02289962768555,1,20631.0,11101.671875,20.8700008392334,1,0,3833,1,50030000ff16080031c8a7006d020000,1,0x4BA3
474,24,18,51024,11033503,47.93813705444336,11.503144264221191,11794.0,25.479999542236328,12.21500015258789,103.23828125,142954,29,3,1,-1.17431640625,-0.106689453125,0.060791015625,1.1807188987731934,97.54198455810547,66.52671813964844,-137.98472595214844,1,21875.0,10734.7783203125,20.719999313354492,1,0,3833,1,52030000ff100600824da8006f020000,1,0x5888
475,25,0,51200,11063546,47.93656921386719,11.513851165771484,11430.0,28.187000274658203,12.276000022888184,106.41400146484375,143024,28,3,1,-1.060791015625,-0.214111328125,0.00634765625,1.0822020769119263,250.12977600097656,150.70993041992188,13.251908302307129,1,23123.0,10383.3056640625,20.56999969482422,1,0,3833,1,53030000ff0d05001f90a80070020000,1,0xD708
476,25,1,51304,11093624,47.93464279174805,11.523789405822754,11080.0,26.48200035095215,11.350000381469727,102.55534362792969,143054,30,3,1,-1.272705078125,-0.03271484375,0.02294921875,1.2733322381973267,-75.02290344238281,-106.0457992553711,-113.2977066040039,1,24402.0,10038.6953125,20.399999618530273,1,0,3814,1,55030000ff0401005a15a90072020000,1,0x65C1
477,25,2,51408,11123700,47.932655334472656,11.533266067504883,10735.0,24.999000549316406,11.756999969482422,112.2691421508789,143124,29,3,1,-1.030029296875,-0.136474609375,0.089599609375,1.0428870916366577,250.12977600097656,-88.14503479003906,-19.091602325439453,1,25704.998046875,9702.3466796875,20.219999313354492,1,0,3833,1,57030000ff2f1200f69aa90074020000,1,0xC918
478,25,3,51512,11153738,47.93042755126953,11.542367935180664,10397.0,23.339000701904297,11.472000122070312,116.08203887939453,143154,29,3,1,-1.26904296875,-0.208251953125,-0.093017578125,1.2893762588500977,-89.5114517211914,86.90076446533203,60.93893051147461,1,27040.0,9371.76171875,20.030000686645508,1,0,3817,1,59030000ff2910009120aa0076020000,1,0x8889
479,25,4,51616,11183843,47.92806625366211,11.551076889038086,10051.0,22.052000045776367,11.10200023651123,117.01139831542969,143224,28,3,1,-1.10791015625,-0.30419921875,-0.054931640625,1.1502258777618408,250.12977600097656,56.16030502319336,45.595420837402344,1,28449.0,9036.8876953125,19.84000015258789,1,0,3798,1,5b030000ff5421002da6aa0078020000,1,0x4071
480,25,5,51720,11213935,47.92597961425781,11.559403419494629,9709.0,19.32200050354004,11.939000129699707,104.48944091796875,143254,29,3,1,-1.051513671875,-0.02978515625,0.098388671875,1.0565265417099,250.12977600097656,45.20610809326172,-63.85496139526367,1,29899.0,8706.01171875,19.65999984741211,1,0,3824,1,5c030000ff29100006e9aa0079020000,1,0x9A7E
481,25,6,51824,11244012,47.923831939697266,11.5682373046875,9366.0,26.218000411987305,11.145000457763672,114.26715850830078,143325,30,3,1,-1.390869140625,-0.005126953125,-0.042236328125,1.3915196657180786,-215.18321228027344,-105.96183013916016,37.07633590698242,1,31384.0,8380.3544921875,19.450000762939453,1,0,3824,1,5e030000ff060200b06eab007b020000,1,0x429F
482,25,7,51928,11274049,47.92131423950195,11.575201034545898,9036.0,18.506999969482422,12.342000007629395,133.36862182617188,143355,29,3,1,-1.185546875,-0.02001953125,0.103759765625,1.1902471780776978,250.12977600097656,51.25954055786133,-33.33587646484375,1,32853.0,8070.25634765625,19.239999771118164,1,0,3811,1,60030000ff270f0094f4ab007d020000,1,0x8227
483,25,8,52032,11304634,47.91798782348633,11.581400871276855,8722.0,16.357999801635742,11.67199993133545,113.67347717285156,143425,29,3,1,-1.29052734375,-0.201171875,0.051513671875,1.3071283102035522,105.885498046875,-48.404579162597656,78.38931274414062,1,34400.0,7755.60400390625,19.040000915527344,1,0,3827,1,62030000ff270f00877aac007f020000,1,0x3605
484,25,9,52136,11334722,47.91569519042969,11.588363647460938,8417.0,17.316999435424805,10.942999839782715,105.25277709960938,143455,29,3,1,-0.986328125,-0.211181640625,-0.10009765625,1.0136371850967407,205.19847106933594,43.106868743896484,-3.0,1,35874.0,7466.28271484375,18.860000610351562,1,0,3811,1,63030000ff1f0c0056bdac0080020000,1,0xEE3A
485,25,10,52240,11364741,47.913963317871094,11.594873428344727,8118.0,13.913999557495117,9.54699993133545,113.02427673339844,143525,28,3,1,-1.250244140625,-0.154052734375,0.087890625,1.2627618312835693,-250.1374053955078,43.63358688354492,-131.01527404785156,1,37404.0,7175.978515625,18.639999389648438,1,0,3824,1,65030000ff1d0b007d42ad0082020000,1,0x6C94
486,25,11,52344,11394776,47.912322998046875,11.600639343261719,7843.0,14.29800033569336,9.289999961853027,99.5493392944336,143555,28,3,1,-1.39208984375,-0.203857421875,-0.094970703125,1.410138726234436,-99.13740539550781,90.7404556274414,66.4427490234375,1,38836.0,6912.85595703125,18.399999618530273,1,0,3808,1,67030000ff481c00f0c8ad0084020000,1,0xC524
487,25,12,52448,11424810,47.91088104248047,11.606673240661621,7544.0,15.109000205993652,9.435999870300293,120.29550170898438,143626,28,3,1,-1.224365234375,-0.08251953125,0.045166015625,1.2279736995697021,250.12977600097656,-17.053434371948242,-95.46565246582031,1,40381.0,6637.63671875,18.18000030517578,1,0,3830,1,69030000ff220d00ff4eae0086020000,1,0x5895
488,25,13,52552,11454880,47.90909194946289,11.612082481384277,7260.0,16.892000198364258,9.177000045776367,127.62493896484375,143656,19,3,1,-1.3310546875,-0.181884765625,-0.1171875,1.3485256433486938,72.83206176757812,125.48091888427734,82.1832046508789,1,41934.0,6369.45654296875,18.0,1,0,3833,1,6a030000ff0201000793ae0087020000,1,0x0F13
489,25,14,52656,11484928,47.9069938659668,11.617682456970215,6990.0,18.57900047302246,9.243000030517578,128.31044006347656,143726,29,3,1,-1.259033203125,-0.192626953125,-0.14306640625,1.2816932201385498,-13.152671813964844,85.4427490234375,51.595420837402344,1,43489.0,6108.8671875,17.780000686645508,1,0,3824,1,6c030000ff1408004b18af0089020000,1,0xF013
490,25,15,52760,11515016,47.90440368652344,11.623356819152832,6724.0,12.005999565124512,7.807000160217285,135.41647338867188,143756,29,3,1,-1.02294921875,-0.004150390625,-0.093505859375,1.0272222757339478,-107.82442474365234,-21.694656372070312,-84.3282470703125,1,45040.0,5856.36083984375,17.540000915527344,1,0,3824,1,6e030000ff120700a09eaf008b020000,1,0x70EA
491,25,16,52864,11545026,47.902095794677734,11.6279935836792,6473.0,12.02400016784668,9.593999862670898,131.67893981933594,143826,28,3,1,-1.0400390625,-0.168701171875,-0.19775390625,1.0720298290252686,-47.02289962768555,-51.786258697509766,-24.832061767578125,1,46577.0,5612.986328125,17.34000015258789,1,0,3820,1,70030000ff0d0500f724b0008d020000,1,0x734A
492,25,17,52968,11575102,47.89994812011719,11.632308006286621,6213.0,14.918000221252441,9.678999900817871,107.13501739501953,143856,29,3,1,-1.150390625,-0.000732421875,-0.216796875,1.1706408262252808,-22.98473358154297,-5.251908302307129,-17.83969497680664,1,48218.0,5360.22119140625,17.139999389648438,1,0,3827,1,71030000ff0d05000b68b0008e020000,1,0x2502
493,25,18,53072,11605158,47.89811325073242,11.636796951293945,5956.0,15.76099967956543,8.109999656677246,100.96855926513672,143926,29,3,1,-1.0810546875,-0.177001953125,-0.076171875,1.0980942249298096,161.4198455810547,-39.847328186035156,-13.877862930297852,1,49838.0,5117.4306640625,16.959999084472656,1,0,3836,1,73030000ff0f0600b4eeb00090020000,1,0x63A8
494,26,0,53248,11635192,47.895660400390625,11.641416549682617,5697.0,12.939000129699707,8.196000099182129,117.33059692382812,143956,27,3,1,-1.1767578125,-0.127197265625,-0.15576171875,1.1938172578811646,-141.9618377685547,-15.610687255859375,120.09160614013672,1,51515.00390625,4872.740234375,16.770000457763672,1,0,3820,1,75030000ff0201004e75b10092020000,1,0xB13E
495,26,1,53352,11665253,47.89386749267578,11.645869255065918,5444.0,9.845000267028809,8.744000434875488,126.73590087890625,144026,28,3,1,-1.04345703125,-0.013916015625,-0.00537109375,1.0435636043548584,-90.3969497680664,-49.511451721191406,-67.24427795410156,1,53228.99609375,4629.2255859375,16.530000686645508,1,0,3820,1,77030000ff0602006efcb10094020000,1,0xAB55
496,26,2,53456,11695294,47.89195251464844,11.649724960327148,5177.0,13.621000289916992,8.628999710083008,120.54692077636719,144056,29,3,1,-1.24609375,-0.1484375,-0.085205078125,1.2577929496765137,250.12977600097656,-57.51908493041992,64.61068725585938,1,55053.00390625,4376.9599609375,16.290000915527344,1,0,3824,1,78030000ff5d24004c3fb20095020000,1,0xE93F
497,26,3,53560,11725348,47.89023971557617,11.653229713439941,4903.0,15.531999588012695,8.302000045776367,138.6905059814453,144126,29,3,1,-0.9482421875,-0.230224609375,0.021240234375,0.976021409034729,250.12977600097656,68.22137451171875,-19.885496139526367,1,56969.0,4119.15869140625,16.1200008392334,1,0,3824,1,79030000ff501f01e486b20096020000,0,0x49F8
498,26,4,53664,11755363,47.88835144042969,11.656510353088379,4619.0,10.574000358581543,9.34000015258789,99.22836303710938,144156,26,3,1,-1.151123046875,-0.142333984375,0.1083984375,1.1649434566497803,162.5801544189453,13.748091697692871,-13.916030883789062,1,59021.00390625,3850.72705078125,15.970000267028809,1,0,3798,1,7b030000ff140800ed37b30098020000,1,0x535C
499,26,5,53768,11785442,47.886962890625,11.659538269042969,4346.0,9.791000366210938,10.11400032043457,145.15005493164062,144226,27,3,1,-1.05859375,-0.120361328125,-0.21435546875,1.086763858795166,92.54198455810547,-18.671754837036133,-38.76335906982422,1,61084.99609375,3588.246337890625,15.800000190734863,1,0,3817,1,7d030000ff0c0500ddbcb3009a020000,1,0xAC6F
500,26,6,53872,11815510,47.88539505004883,11.663451194763184,4079.0,12.489999771118164,9.73900032043457,127.00215911865234,144256,26,3,1,-1.09423828125,-0.217529296875,-0.0107421875,1.1157023906707764,-175.9618377685547,-3.396946668624878,67.09923553466797,1,63140.00390625,3333.94873046875,15.65999984741211,1,0,3785,1,7f030000ff1f0c007141b4009c020000,1,0x0A6A
501,26,7,53976,11845613,47.88388442993164,11.667513847351074,3813.0,14.317999839782715,9.133000373840332,116.61392211914062,144327,26,3,1,-0.95947265625,-0.0419921875,-0.2001953125,0.9810348153114319,97.40457916259766,9.916030883789062,-0.20610687136650085,1,65196.99609375,3086.029296875,15.510000228881836,1,0,3811,1,80030000ff100600a083b4009d020000,1,0x13D8
502,26,8,54080,11875699,47.883094787597656,11.670943260192871,3584.0,10.373000144958496,7.675000190734863,95.09288024902344,144357,23,3,1,-0.924072265625,-0.129150390625,0.03271484375,0.9336271286010742,-60.610687255859375,-19.083969116210938,-16.25954246520996,1,67036.0,2869.6904296875,15.399999618530273,1,0,3801,1,82030000ff0b0400b108b5009f020000,1,0xDA22
503,26,9,54184,11905722,47.881492614746094,11.674694061279297,3345.0,7.300000190734863,7.25600004196167,94.04075622558594,144427,28,3,1,-1.123046875,-0.158203125,-0.13720703125,1.142404556274414,201.9084014892578,-60.404579162597656,-62.656490325927734,1,68996.0,2644.341552734375,15.300000190734863,1,0,3804,1,84030000ff351500c28cb500a1020000,1,0x551E
504,26,10,54288,11935810,47.88087463378906,11.677918434143066,3105.0,8.994000434875488,8.470000267028809,129.80335998535156,144457,27,3,1,-1.005859375,-0.06787109375,-0.20068359375,1.0279268026351929,250.12977600097656,0.3206106722354889,-15.694656372070312,1,71035.0,2415.348876953125,15.1899995803833,1,0,3798,1,86030000ff0b0400a111b600a3020000,1,0x654B
505,26,11,54392,11965886,47.8802490234375,11.681748390197754,2878.0,6.070000171661377,7.210999965667725,81.80397033691406,144527,27,3,1,-1.092041015625,-0.076416015625,-0.183837890625,1.1100401878356934,-250.1374053955078,-91.41221618652344,-55.09160232543945,1,73019.0,2197.5859375,15.109999656677246,1,0,3804,1,87030000ff1006007554b600a4020000,1,0xABF8
506,26,12,54496,11995947,47.88029861450195,11.686192512512207,2639.0,9.621999740600586,8.515000343322754,94.73458099365234,144557,27,3,1,-1.077880859375,-0.161376953125,-0.158935546875,1.10142183303833,95.64885711669922,6.572519302368164,26.22137451171875,1,75178.0,1965.990478515625,15.020000457763672,1,0,3811,1,89030000ff010000a7d9b600a6020000,1,0x0298
507,26,13,54600,12025947,47.88053512573242,11.69095230102539,2402.0,13.991999626159668,7.440999984741211,90.45117950439453,144627,26,3,1,-0.97119140625,0.0302734375,0.01171875,0.971733808517456,46.0,12.854961395263672,-18.9007625579834,1,77339.0,1739.513427734375,14.9399995803833,1,0,3798,1,8b030000ff070300cf5eb700a8020000,1,0x1BCE
508,26,14,54704,12055970,47.87996292114258,11.694384574890137,2174.0,8.069999694824219,7.164000034332275,70.27237701416016,144657,26,3,1,-1.162353515625,-0.029296875,0.06005859375,1.164272665977478,-127.9312973022461,28.67938995361328,18.61832046508789,1,79399.0,1528.3428955078125,14.880000114440918,1,0,3808,1,8d030000ff0502001ee4b700aa020000,1,0xDF55
509,26,15,54808,12086034,47.87943649291992,11.69648265838623,1981.0,3.072000026702881,7.507999897003174,127.82267761230469,144727,26,3,1,-1.062255859375,-0.068115234375,0.15771484375,1.0760581493377686,162.75572204589844,-3.580152750015259,90.89312744140625,1,81263.0,1341.05322265625,14.819999694824219,1,0,3798,1,8f030000ff0401004d69b800ac020000,1,0xB0DA
510,26,16,54912,12116111,47.878902435302734,11.6973295211792,1777.0,5.570000171661377,6.263999938964844,218.52085876464844,144757,27,3,1,-0.997314453125,0.0078125,-0.089111328125,1.001318097114563,-188.8091583251953,8.557251930236816,-19.335878372192383,1,83263.0,1143.9263916015625,14.800000190734863,1,0,3792,1,90030000ff09030020acb800ad020000,1,0xC449
511,26,17,55016,12146154,47.87867736816406,11.697213172912598,1590.0,4.301000118255615,7.357999801635742,172.47108459472656,144827,26,3,1,-0.99365234375,-0.050048828125,-0.22216796875,1.0194157361984253,2.564885377883911,7.862595558166504,7.129770755767822,1,85129.0,963.4378662109375,14.770000457763672,1,0,3798,1,92030000ff1006009031b900af020000,1,0x9077
512,26,18,55120,12176195,47.87854766845703,11.696568489074707,1434.0,3.0239999294281006,5.390999794006348,324.97564697265625,144857,25,3,1,-1.23388671875,-0.0009765625,-0.01123046875,1.233938217163086,11.5496187210083,-70.3740463256836,-2.358778715133667,1,86671.0,816.68603515625,14.760000228881836,1,0,3785,1,94030000ff02010004b7b900b1020000,1,0x204C
513,27,0,55296,12206250,47.87889099121094,11.695286750793457,1277.0,6.870999813079834,5.172999858856201,337.3881530761719,144927,27,3,1,-1.0390625,-0.0888671875,0.090087890625,1.0467396974563599,150.93893432617188,24.40458106994629,16.64122200012207,1,88286.0,665.23876953125,14.75,1,0,3798,1,96030000ff010000863cba00b3020000,1,0xB724
514,27,1,55400,12236342,47.87923812866211,11.694029808044434,1120.0,4.914000034332275,4.379000186920166,270.4147644042969,144958,27,3,1,-1.40185546875,-0.09130859375,0.036376953125,1.405296802520752,140.2366485595703,40.41984558105469,-89.33587646484375,1,89836.0,521.982666015625,14.760000228881836,1,0,3801,1,97030000ff0401006b7fba00b4020000,1,0xFDDE
515,27,2,55504,12266441,47.879539489746094,11.69310474395752,983.0,2.7730000019073486,4.394999980926514,334.21807861328125,145028,27,3,1,-1.06201171875,-0.083984375,-0.195556640625,1.0831272602081299,-174.8625946044922,-70.46565246582031,88.80152893066406,1,91256.0,392.4874572753906,14.770000457763672,1,0,3795,1,99030000ff0a04000405bb00b6020000,1,0x9BD6
516,27,3,55608,12296526,47.879676818847656,11.692561149597168,856.0,1.25600004196167,3.7860000133514404,268.3960876464844,145058,27,3,1,-1.052001953125,-0.01171875,-0.119873046875,1.0588743686676025,-141.26718139648438,-132.12977600097656,36.152671813964844,1,92610.0,270.5227355957031,14.760000228881836,1,0,3718,1,9b030000ff0f0600d48abb00b8020000,1,0x40D3
517,27,4,55712,31454,47.879669189453125,11.69216251373291,693.0,0.17100000381469727,-0.2720000147819519,166.25779724121094,145159,26,3,1,-0.940185546875,0.1494140625,0.501953125,1.0762110948562622,-0.38167938590049744,-16.23664093017578,26.32061004638672,1,94350.0,115.889892578125,14.779999732971191,1,0,3792,1,00000000000000000000000000000000,0,0xFA5D
518,27,5,55816,61515,47.8796501159668,11.692182540893555,692.0,0.03099999949336052,0.08500000089406967,166.25779724121094,145229,25,3,1,0.0576171875,-0.31494140625,0.94189453125,0.994823157787323,-0.885496199131012,0.15267175436019897,-1.1679389476776123,1,94352.0,115.7154541015625,14.829999923706055,1,0,3750,1,9f030000ff2c110089c8000001000000,1,0x62D2
519,27,6,55920,91560,47.87965393066406,11.692176818847656,694.0,0.09399999678134918,0.024000000208616257,308.0656433105469,145300,26,3,1,-0.830078125,0.25439453125,0.4306640625,0.9691324830055237,2.068702220916748,3.0610687732696533,-1.2366411685943604,1,94349.0,115.97967529296875,14.880000114440918,1,0,3763,1,a1030000ff000000c14e010003000000,1,0xD0C4
520,27,7,56024,121591,47.879661560058594,11.692166328430176,691.0,0.2540000081062317,-0.13500000536441803,199.0868377685547,145330,22,3,1,-0.873779296875,0.2294921875,0.299560546875,0.9517843723297119,-1.2595419883728027,-4.2366414070129395,-4.14503812789917,1,94352.0,115.7154541015625,14.9399995803833,1,0,3766,1,a3030000ff1d0b00b2d5010005000000,1,0xAF05
521,27,8,56128,151593,47.87962341308594,11.692178726196289,684.0,0.11900000274181366,0.7269999980926514,241.12002563476562,145400,19,3,1,-0.92919921875,0.242431640625,0.173095703125,0.9757798910140991,-0.7862595319747925,0.25190839171409607,-1.0916030406951904,1,94348.0,116.06689453125,15.020000457763672,1,0,3760,1,a4030000ff000000f218020006000000,1,0xFD8B
522,27,9,56232,181605,47.87962341308594,11.692155838012695,688.0,0.08699999749660492,0.003000000026077032,9.275110244750977,145430,24,3,1,-0.87158203125,0.248779296875,-0.369140625,0.978678286075592,-1.2061069011688232,0.5114504098892212,-1.198473334312439,1,94349.0,115.97967529296875,15.100000381469727,1,0,3766,1,a6030000ff0b040055a0020008000000,1,0xB011
523,27,10,56336,211708,47.87965393066406,11.692156791687012,691.0,0.08399999886751175,-0.06700000166893005,142.94476318359375,145500,22,3,1,0.03515625,-0.421875,0.89306640625,0.9883228540420532,-0.7938931584358215,0.10687022656202316,-1.3282443284988403,1,94352.0,115.7154541015625,15.1899995803833,1,0,3763,1,a8030000ff020100c92603000a000000,1,0x9ED7
524,27,11,56440,241723,47.87966537475586,11.692164421081543,693.0,0.07100000232458115,0.05299999937415123,142.94476318359375,145530,22,3,1,0.037841796875,-0.45849609375,0.876708984375,0.9900854825973511,-0.8091602921485901,0.25954198837280273,-1.2824426889419556,1,94351.0,115.80267333984375,15.289999961853027,1,0,3750,1,aa030000ff030100bdad03000c000000,1,0xF539
525,27,12,56544,271731,47.879669189453125,11.692170143127441,693.0,0.10999999940395355,0.14100000262260437,106.35330200195312,145600,23,3,1,0.052001953125,0.0791015625,0.9599609375,0.964617133140564,0.7938931584358215,3.1297709941864014,-1.3969465494155884,1,94357.0,115.27423095703125,15.390000343322754,1,0,3753,1,ab030000ff00000079f103000d000000,1,0x7458
526,27,13,56648,301841,47.879669189453125,11.692142486572266,693.0,0.04100000113248825,-0.06400000303983688,62.40755081176758,145630,24,3,1,0.025390625,0.06103515625,0.9755859375,0.97782301902771,-0.8549618124961853,0.1450381726026535,-1.2213740348815918,1,94355.0,115.45123291015625,15.510000228881836,1,0,3670,1,ad030000ff040100267704000f000000,1,0x13CA
527,27,14,56752,331846,47.87967300415039,11.692156791687012,693.0,0.04699999839067459,-0.15199999511241913,103.83551788330078,145700,23,3,1,0.01904296875,-0.025146484375,0.982177734375,0.9826841354370117,-0.7480915784835815,0.3129771053791046,-1.0610686540603638,1,94354.0,115.5384521484375,15.65999984741211,1,0,3683,1,af030000ff13070011fe040011000000,1,0x382A
528,27,15,56856,361943,47.879669189453125,11.692169189453125,692.0,0.05700000002980232,0.052000001072883606,157.90745544433594,145730,24,3,1,0.01806640625,-0.0126953125,0.98779296875,0.9880397319793701,-0.9770992398262024,0.09160305559635162,-1.2213740348815918,1,94355.0,115.45123291015625,15.789999961853027,1,0,3689,1,b1030000ff220d008b84050013000000,1,0xC562
529,27,16,56960,391951,47.879676818847656,11.69216537475586,692.0,0.061000000685453415,0.0430000014603138,162.01205444335938,145800,25,3,1,0.00634765625,-0.097412109375,0.982421875,0.9872599244117737,-0.9160305261611938,0.2671755850315094,-1.229007601737976,1,94353.0,115.6256103515625,15.949999809265137,1,0,3760,1,b2030000ff190a00ccc7050014000000,1,0x1200
530,27,17,57064,421961,47.879676818847656,11.69216537475586,692.0,0.0560000017285347,0.004000000189989805,100.10189819335938,145830,24,3,1,0.01513671875,-0.09521484375,0.979248046875,0.9839825630187988,-0.8549618124961853,0.290076345205307,-1.3587785959243774,1,94354.0,115.5384521484375,16.100000381469727,1,0,3750,1,b3030000ff0e05009637060015000000,1,0xFC66
531,27,18,57168,451987,47.879669189453125,11.692154884338379,694.0,0.03500000014901161,-0.0560000017285347,100.10189819335938,145900,24,3,1,0.010498046875,-0.090087890625,0.973388671875,0.9776049852371216,-0.8702290058135986,0.20610687136650085,-1.0534350872039795,1,94350.0,115.889892578125,16.270000457763672,1,0,3747,1,b5030000ff0c050015be060017000000,1,0x5404
532,28,0,57344,482039,47.87966537475586,11.692156791687012,694.0,0.04699999839067459,0.01600000075995922,21.200380325317383,145930,24,3,1,0.011962890625,-0.101318359375,0.988037109375,0.9932904243469238,-0.9312977194786072,0.39694657921791077,-1.3206106424331665,1,94351.0,115.80267333984375,16.43000030517578,1,0,3737,1,b7030000ff0401003f44070019000000,1,0xF9E4
533,28,1,57448,512109,47.879669189453125,11.692158699035645,693.0,0.013000000268220901,-0.02500000037252903,21.200380325317383,150000,23,3,1,0.003662109375,-0.092041015625,0.97705078125,0.9813833236694336,-0.8778625726699829,0.20610687136650085,-1.2977099418640137,1,94350.0,115.889892578125,16.610000610351562,1,0,3731,1,b9030000ff180900a7ce07001b000000,1,0x0C2C
534,28,2,57552,542344,47.879676818847656,11.69216251373291,692.0,0.06599999964237213,0.07400000095367432,21.200380325317383,150031,21,3,1,0.006591796875,-0.092041015625,0.972900390625,0.9772666692733765,-0.8549618124961853,0.290076345205307,-1.1145038604736328,1,94357.0,115.27423095703125,16.799999237060547,1,0,3753,1,ba030000ff1307001d1108001c000000,1,0xAA32
535,28,3,57656,572376,47.879676818847656,11.692160606384277,693.0,0.06700000166893005,0.004999999888241291,21.200380325317383,150101,23,3,1,0.008544921875,-0.09423828125,0.983154296875,0.987697422504425,-0.9847328066825867,0.18320611119270325,-1.14503812789917,1,94355.0,115.45123291015625,16.989999771118164,1,0,3750,1,bc030000ff1d0b000c9608001e000000,1,0x397C
536,28,4,57760,602430,47.87967300415039,11.692171096801758,695.0,0.04500000178813934,0.013000000268220901,21.200380325317383,150131,23,3,1,0.00634765625,-0.09326171875,0.978515625,0.9829704165458679,-0.847328245639801,0.06106870248913765,-1.1832060813903809,1,94355.0,115.45123291015625,17.190000534057617,1,0,3750,1,be030000ff190a00381a090020000000,1,0x025E
537,28,5,57864,632503,47.879676818847656,11.692170143127441,694.0,0.039000000804662704,0.014999999664723873,21.200380325317383,150201,23,3,1,0.00732421875,-0.09130859375,0.9765625,0.9808492064476013,-0.8778625726699829,0.3206106722354889,-1.305343508720398,1,94353.0,115.6256103515625,17.399999618530273,1,0,3731,1,c0030000ff180900019f090022000000,1,0x0950
538,28,6,57968,662528,47.87968444824219,11.692163467407227,692.0,0.039000000804662704,-0.014999999664723873,1.241610050201416,150231,23,3,1,0.00439453125,-0.091064453125,0.978271484375,0.9825106263160706,-0.9541984796524048,0.3206106722354889,-1.2366411685943604,1,94352.0,115.7154541015625,17.600000381469727,1,0,3750,1,c1030000ff1d0b00bce1090023000000,1,0xAB98
539,28,7,58072,692695,47.87968444824219,11.692161560058594,692.0,0.04699999839067459,-0.013000000268220901,1.241610050201416,150301,23,3,1,0.010009765625,-0.095458984375,0.97705078125,0.981753945350647,-0.8244274854660034,0.35877862572669983,-1.1526718139648438,1,94357.0,115.27423095703125,17.81999969482422,1,0,3734,1,c3030000ff1608000c670a0025000000,1,0x1915
540,28,8,58176,722791,47.87968063354492,11.692160606384277,692.0,0.06599999964237213,-0.054999999701976776,1.241610050201416,150331,23,3,1,0.00732421875,-0.089599609375,0.978271484375,0.9823934435844421,-0.8625954389572144,0.221374049782753,-1.4198473691940308,1,94354.0,115.5384521484375,18.040000915527344,1,0,3747,1,c5030000ff14080021ec0a0027000000,1,0x32E7
541,28,9,58280,752837,47.87967300415039,11.692160606384277,693.0,0.0020000000949949026,0.013000000268220901,1.241610050201416,150401,23,3,1,0.00830078125,-0.0869140625,0.976318359375,0.980214536190033,-0.885496199131012,0.21374045312404633,-1.2442748546600342,1,94354.0,115.5384521484375,18.260000228881836,1,0,3750,1,c7030000ff240e00b9710b0029000000,1,0xBBAE
542,28,10,58384,782847,47.879676818847656,11.692168235778809,693.0,0.012000000104308128,0.024000000208616257,350.66082763671875,150431,23,3,1,0.007080078125,-0.089111328125,0.9765625,0.9806453585624695,-0.8396946787834167,0.4351145029067993,-1.2061069011688232,1,94352.0,115.7154541015625,18.479999542236328,1,0,3715,1,c8030000ff14080062b40b002a000000,1,0x773D
543,28,11,58488,812864,47.879669189453125,11.69216537475586,692.0,0.023000000044703484,-0.0560000017285347,350.66082763671875,150501,22,3,1,0.008544921875,-0.093505859375,0.979736328125,0.9842253923416138,-0.8702290058135986,0.35877862572669983,-1.198473334312439,1,94348.0,116.06689453125,18.700000762939453,1,0,3753,1,ca030000ff0c05008e390c002c000000,1,0xDD32
544,28,12,58592,842944,47.879676818847656,11.692167282104492,692.0,0.023000000044703484,-0.03799999877810478,350.66082763671875,150531,22,3,1,0.00830078125,-0.0888671875,0.97900390625,0.9830640554428101,-1.0763359069824219,0.3206106722354889,-1.160305380821228,1,94351.0,115.80267333984375,18.93000030517578,1,0,3740,1,cc030000ff100600d6be0c002e000000,1,0xFB61
545,28,13,58696,872957,47.87967300415039,11.692171096801758,693.0,0.14499999582767487,-0.1120000034570694,36.68790817260742,150601,21,3,1,-0.900146484375,0.234619140625,0.27734375,0.9706850051879883,0.17557251453399658,0.9236640930175781,-0.2977099120616913,1,94346.0,116.24395751953125,19.1299991607666,1,0,3737,1,ce030000ff140800e6440d0030000000,1,0x8B53
546,28,14,58800,903035,47.87966537475586,11.692166328430176,692.0,0.08799999952316284,-0.07400000095367432,100.5234603881836,150631,23,3,1,0.000244140625,-0.461181640625,0.875732421875,0.9897453188896179,-0.2442748099565506,0.3435114622116089,-1.0152671337127686,1,94349.0,115.97967529296875,19.34000015258789,1,0,3740,1,cf030000ff070300ba870d0031000000,1,0x276D
547,28,15,58904,933044,47.87965774536133,11.692166328430176,692.0,0.06199999898672104,0.08500000089406967,278.9754333496094,150702,23,3,1,-0.907958984375,0.354736328125,0.060791015625,0.9766897559165955,-0.9083969593048096,0.25954198837280273,-1.0763359069824219,1,94342.0,116.5980224609375,19.540000915527344,1,0,3744,1,d1030000ff050200730d0e0033000000,1,0x3D34
548,28,16,59008,963062,47.87965774536133,11.692166328430176,691.0,0.04600000008940697,0.05900000035762787,287.0352783203125,150732,22,3,1,-0.904296875,0.355224609375,0.0439453125,0.9725577235221863,-0.9236640930175781,0.06870228797197342,-1.1526718139648438,1,94343.0,116.5081787109375,19.729999542236328,1,0,3737,1,d3030000ff000000f8930e0035000000,1,0x6B1D
549,28,17,59112,993104,47.87966537475586,11.692170143127441,691.0,0.05900000035762787,0.09300000220537186,339.3856506347656,150802,23,3,1,-0.913818359375,0.3603515625,0.053466796875,0.9837560653686523,-0.9618320465087891,0.18320611119270325,-1.122137427330017,1,94341.0,116.6851806640625,19.90999984741211,1,0,3744,1,d5030000ff000000811a0f0037000000,1,0x1ECF
550,28,18,59216,1023166,47.87965774536133,11.692172050476074,690.0,0.050999999046325684,0.12200000137090683,96.11636352539062,150832,22,3,1,-0.90087890625,0.3564453125,0.049560546875,0.970099151134491,-0.9770992398262024,0.21374045312404633,-1.0839694738388062,1,94341.0,116.6851806640625,20.09000015258789,1,0,3740,1,d6030000ff000000b75d0f0038000000,1,0x8E32
551,29,0,59392,1053233,47.879661560058594,11.692169189453125,691.0,0.05299999937415123,-0.05000000074505806,28.83669090270996,150902,22,3,1,-0.90087890625,0.35400390625,0.04931640625,0.9691922664642334,-0.8167939186096191,0.12977099418640137,-1.1145038604736328,1,94341.0,116.6851806640625,20.270000457763672,1,0,3734,1,d8030000ff0a04002ae50f003a000000,1,0x0F41
552,29,1,59496,1083299,47.879661560058594,11.692166328430176,691.0,0.032999999821186066,-0.11599999666213989,28.61103057861328,150932,21,3,1,-0.90234375,0.355712890625,0.03759765625,0.9706541299819946,-1.0839694738388062,0.07633587718009949,-1.0152671337127686,1,94339.0,116.86224365234375,20.450000762939453,1,0,3740,1,da030000ff000000546c10003c000000,1,0x6513
553,29,2,59600,1113375,47.87965393066406,11.692170143127441,690.0,0.02500000037252903,0.029999999329447746,84.48370361328125,151002,23,3,1,-0.914794921875,0.342529296875,0.047119140625,0.977955162525177,-0.9847328066825867,0.20610687136650085,-1.1908396482467651,1,94338.0,116.94940185546875,20.6299991607666,1,0,3750,1,dc030000ff0a0400e2f410003e000000,1,0xF532
554,29,3,59704,1143453,47.8795280456543,11.692178726196289,691.0,1.2510000467300415,0.5609999895095825,181.66773986816406,151032,22,3,1,-0.60009765625,-0.044189453125,0.0302734375,0.6024835109710693,-10.038167953491211,20.83969497680664,-2.4427480697631836,1,94340.0,116.77239990234375,20.81999969482422,1,0,3731,1,dd030000ff1809006e3a11003f000000,1,0x68CE
555,29,4,59808,1173456,47.879486083984375,11.69219970703125,692.0,0.2669999897480011,-0.04100000113248825,119.1427993774414,151102,23,3,1,-0.834228515625,0.447998046875,-0.26611328125,0.9835932850837708,-1.0152671337127686,-0.25190839171409607,-1.3435114622116089,1,94342.0,116.5980224609375,21.0,1,0,3654,1,df030000ff010000aebf110041000000,1,0x5BAB
556,29,5,59912,1203529,47.879478454589844,11.692205429077148,693.0,0.12800000607967377,0.03999999910593033,119.1427993774414,151132,23,3,1,-0.833984375,0.451171875,-0.26171875,0.9836578369140625,-0.8931297659873962,0.2748091518878937,-1.3206106424331665,1,94341.0,116.6851806640625,21.190000534057617,1,0,3734,1,e1030000ff060200ba47120043000000,1,0x3A20
557,29,6,60016,1233617,47.87948989868164,11.69221019744873,695.0,0.028999999165534973,0.13899999856948853,53.612178802490234,151202,22,3,1,-0.83154296875,0.45654296875,-0.277099609375,0.9882708787918091,-0.9007633328437805,0.07633587718009949,-1.0916030406951904,1,94337.0,117.03662109375,21.3799991607666,1,0,3744,1,e3030000ff010000d0cf120045000000,1,0x20F9
558,29,7,60120,1263655,47.879493713378906,11.692207336425781,695.0,0.1469999998807907,-0.04699999839067459,45.784820556640625,151232,21,3,1,0.058837890625,-0.1806640625,-1.032958984375,1.0502883195877075,-0.8931297659873962,0.16030533611774445,-1.0229008197784424,1,94339.0,116.86224365234375,21.56999969482422,1,0,3747,1,e4030000ff010000a213130046000000,1,0xF844
559,29,8,60224,1293686,47.87949752807617,11.692218780517578,695.0,0.054999999701976776,0.0689999982714653,45.784820556640625,151302,21,3,1,0.0625,-0.187255859375,-1.0302734375,1.0490158796310425,-1.0458015203475952,0.6106870174407959,-1.1755725145339966,1,94339.0,116.86224365234375,21.739999771118164,1,0,3740,1,e6030000ff060200199a130048000000,1,0xDE0F
560,29,9,60328,1323766,47.87949752807617,11.692214012145996,694.0,0.06800000369548798,0.04600000008940697,45.784820556640625,151332,22,3,1,0.0615234375,-0.180908203125,-1.02685546875,1.0444831848144531,-0.8320610523223877,0.37404578924179077,-1.0992366075515747,1,94337.0,117.03662109375,21.899999618530273,1,0,3744,1,e8030000ff140800d12014004a000000,1,0xCC74
561,29,10,60432,1353805,47.8795051574707,11.692214012145996,692.0,0.0729999989271164,-0.15600000321865082,19.34345054626465,151403,18,3,1,0.0595703125,-0.17822265625,-1.02685546875,1.0439081192016602,-0.9770992398262024,0.07633587718009949,-1.3358778953552246,1,94339.0,116.86224365234375,22.049999237060547,1,0,3750,1,ea030000ff0a040066a714004c000000,1,0x4702
562,29,11,60536,1383878,47.87950134277344,11.692205429077148,695.0,0.10000000149011612,-0.032999999821186066,19.34345054626465,151433,17,3,1,0.05078125,-0.184326171875,-1.02880859375,1.0464234352111816,-0.9847328066825867,0.19083969295024872,-1.1526718139648438,1,94338.0,116.94940185546875,22.219999313354492,1,0,3744,1,eb030000ff0e0500aaea14004d000000,1,0xD819
563,29,12,60640,1413906,47.87948989868164,11.692211151123047,696.0,0.04800000041723251,-0.09799999743700027,19.34345054626465,151503,19,3,1,0.053955078125,-0.18603515625,-1.02587890625,1.0440056324005127,-0.8549618124961853,0.20610687136650085,-1.2366411685943604,1,94340.0,116.77239990234375,22.3799991607666,1,0,3724,1,ed030000ff070300987115004f000000,1,0xBB47
564,29,13,60744,1444019,47.879486083984375,11.692221641540527,695.0,0.050999999046325684,-0.10000000149011612,19.34345054626465,151533,17,3,1,0.0556640625,-0.1845703125,-1.03759765625,1.0553547143936157,-1.0458015203475952,0.1679389327764511,-1.038167953491211,1,94342.0,116.5980224609375,22.530000686645508,1,0,3731,1,ef030000ff16080060f8150051000000,1,0xB546
565,29,14,60848,1474340,47.879478454589844,11.692214965820312,693.0,0.06599999964237213,-0.10000000149011612,19.34345054626465,151603,18,3,1,0.056884765625,-0.18115234375,-1.020751953125,1.0382612943649292,-1.1679389476776123,0.08396946638822556,-1.1145038604736328,1,94340.0,116.77239990234375,22.690000534057617,1,0,3731,1,f1030000ff0d0500247f160053000000,1,0x75CE
566,29,15,60952,1504379,47.879478454589844,11.692197799682617,691.0,0.09399999678134918,0.024000000208616257,356.95635986328125,151633,19,3,1,0.0556640625,-0.184326171875,-1.0302734375,1.0481115579605103,-0.9312977194786072,0.30534350872039795,-1.1755725145339966,1,94340.0,116.77239990234375,22.84000015258789,1,0,3718,1,f2030000ff1608008cc2160054000000,1,0xE199
567,29,16,61056,1534415,47.87946701049805,11.692211151123047,693.0,0.04399999976158142,0.0010000000474974513,70.1922836303711,151703,22,3,1,0.061279296875,-0.172607421875,-1.033203125,1.049312710762024,-0.9236640930175781,0.25954198837280273,-1.0763359069824219,1,94338.0,116.94940185546875,22.979999542236328,1,0,3724,1,f3030000ff0b04010b06170055000000,0,0x26B5
568,29,17,61160,1564419,47.87947082519531,11.692224502563477,695.0,0.06400000303983688,0.0020000000949949026,96.23433685302734,151733,21,3,1,0.05615234375,-0.1796875,-1.036376953125,1.053336501121521,-1.0763359069824219,0.2748091518878937,-1.160305380821228,1,94338.0,116.94940185546875,23.1299991607666,1,0,3728,1,f5030000ff13070088bc170057000000,1,0xB876
569,29,18,61264,1594591,47.87947082519531,11.692195892333984,694.0,0.09799999743700027,0.17399999499320984,96.23433685302734,151803,22,3,1,0.059326171875,-0.184326171875,-1.029541015625,1.0475926399230957,-1.0610686540603638,0.3893129825592041,-1.2442748546600342,1,94331.0,117.56768798828125,23.260000228881836,1,0,3724,1,f7030000ff0c0500f142180059000000,1,0x5157
570,30,0,61440,1624688,47.87946319580078,11.692206382751465,694.0,2.1459999084472656,1.059000015258789,18.564430236816406,151834,18,3,1,0.057861328125,-0.177001953125,-1.03466796875,1.0512923002243042,-0.7633587718009949,0.39694657921791077,-1.1145038604736328,1,94332.0,117.47784423828125,23.399999618530273,1,0,3734,1,f8030000ff0d05003c8618005a000000,1,0xF78D
571,30,1,61544,1654717,47.879486083984375,11.692205429077148,695.0,0.05999999865889549,0.09600000083446503,18.564430236816406,151904,21,3,1,0.067138671875,-0.18603515625,-1.022705078125,1.0416536331176758,-1.0534350872039795,0.25190839171409607,-1.122137427330017,1,94335.0,117.213623046875,23.540000915527344,1,0,3731,1,fa030000ff0c0500561019005c000000,1,0x4131
572,30,2,61648,1684758,47.879486083984375,11.692230224609375,695.0,0.1809999942779541,-0.014999999664723873,48.42741012573242,151934,21,3,1,0.054931640625,-0.180908203125,-1.029541015625,1.0467568635940552,-0.7557252049446106,0.2748091518878937,-1.2366411685943604,1,94332.0,117.47784423828125,23.65999984741211,1,0,3715,1,fc030000ff0d0500459519005e000000,1,0x1078
573,30,3,61752,1714862,47.87948989868164,11.6922025680542,693.0,0.04600000008940697,-0.06400000303983688,309.5627746582031,152004,23,3,1,0.05615234375,-0.18310546875,-1.02587890625,1.043603539466858,-0.9618320465087891,0.38167938590049744,-1.0229008197784424,1,94333.0,117.39068603515625,23.790000915527344,1,0,3728,1,fe030000ff13070050191a0060000000,1,0x6FB4
574,30,4,61856,1744911,47.879486083984375,11.692201614379883,693.0,0.03799999877810478,0.054999999701976776,309.5627746582031,152034,24,3,1,0.0576171875,-0.180419921875,-1.026611328125,1.043935775756836,-0.9465649127960205,0.32824426889419556,-1.3282443284988403,1,94334.0,117.30084228515625,23.899999618530273,1,0,3731,1,00040000ff0d05007f9e1a0062000000,1,0xBBA8
575,30,5,61960,1774997,47.87948226928711,11.692214012145996,694.0,0.05999999865889549,0.023000000044703484,29.417360305786133,152104,21,3,1,0.0517578125,-0.178955078125,-1.032958984375,1.0496227741241455,-1.0305343866348267,-0.05343511328101158,-1.229007601737976,1,94331.0,117.56768798828125,24.020000457763672,1,0,3731,1,01040000ff070300fee01a0063000000,1,0xABDB
576,30,6,62064,1805042,47.87948226928711,11.69221019744873,694.0,0.0430000014603138,0.10700000077486038,3.084510087966919,152134,21,3,1,0.060302734375,-0.182861328125,-1.02685546875,1.0447520017623901,-1.0076335668563843,0.23664122819900513,-1.2900763750076294,1,94334.0,117.30084228515625,24.1299991607666,1,0,3731,1,03040000ff180900c3661b0065000000,1,0xAB1A
577,30,7,62168,1835100,47.87948226928711,11.6922025680542,695.0,0.04399999976158142,0.01600000075995922,63.795658111572266,152204,22,3,1,0.05419921875,-0.178955078125,-1.027099609375,1.0439808368682861,-0.9465649127960205,0.2671755850315094,-1.2137404680252075,1,94330.0,117.6549072265625,24.229999542236328,1,0,3664,1,05040000ff0e05000fec1b0067000000,1,0xF48B
578,30,8,62272,1865123,47.87948226928711,11.692214012145996,694.0,0.04800000041723251,0.017000000923871994,101.11508178710938,152234,22,3,1,0.059326171875,-0.18505859375,-1.024658203125,1.0429240465164185,-0.9236640930175781,0.12977099418640137,-1.2213740348815918,1,94331.0,117.56768798828125,24.34000015258789,1,0,3731,1,07040000ff080300b6711c0069000000,1,0xF445
579,30,9,62376,1895198,47.87947463989258,11.692265510559082,696.0,0.06700000166893005,-0.07599999755620956,97.6343765258789,152304,23,3,1,0.055419921875,-0.17626953125,-1.0263671875,1.0428671836853027,-0.9160305261611938,0.28244274854660034,-0.9923664331436157,1,94327.0,117.91912841796875,24.440000534057617,1,0,3731,1,08040000ff09030050b41c006a000000,1,0xB990
580,30,10,62480,1925224,47.879478454589844,11.692251205444336,696.0,0.03500000014901161,-0.01899999938905239,113.25943756103516,152334,24,3,1,0.062744140625,-0.177490234375,-1.03173828125,1.0487723350524902,-0.9847328066825867,0.25954198837280273,-1.160305380821228,1,94330.0,117.6549072265625,24.530000686645508,1,0,3731,1,0a040000ff120700d4391d006c000000,1,0x2622
581,30,11,62584,1955382,47.879486083984375,11.692206382751465,695.0,0.04399999976158142,-0.05400000140070915,174.93807983398438,152404,23,3,1,0.057861328125,-0.1796875,-1.029052734375,1.0462241172790527,-1.0076335668563843,0.007633587811142206,-1.1679389476776123,1,94331.0,117.56768798828125,24.6299991607666,1,0,3731,1,0c040000ff06020068bf1d006e000000,1,0x841D
582,30,12,62688,1985400,47.87947463989258,11.692200660705566,696.0,0.6269999742507935,-0.47200000286102295,346.599365234375,152435,23,3,1,-0.276123046875,0.598388671875,-0.537841796875,0.8506390452384949,18.885496139526367,8.236640930175781,210.68702697753906,1,94321.0,118.45025634765625,24.729999542236328,1,0,3731,1,0e040000ff4019002b451e0070000000,1,0x92A4
583,30,13,62792,2015710,47.87948989868164,11.692190170288086,693.0,0.041999999433755875,0.041999999433755875,357.6758117675781,152505,24,3,1,-0.09228515625,-0.035400390625,0.972900390625,0.9779084324836731,-0.9541984796524048,0.13740457594394684,-1.267175555229187,1,94332.0,117.47784423828125,24.799999237060547,1,0,3718,1,0f040000ff060200e2881e0071000000,1,0x2B7C
584,30,14,62896,2045776,47.879493713378906,11.692182540893555,695.0,0.15000000596046448,-0.032999999821186066,18.643259048461914,152535,24,3,1,-0.093017578125,-0.037841796875,0.98193359375,0.9870551228523254,-1.1145038604736328,0.06870228797197342,-1.1526718139648438,1,94327.0,117.91912841796875,24.8700008392334,1,0,3721,1,11040000ff090300d80e1f0073000000,1,0x553F
585,30,15,63000,2075847,47.879486083984375,11.692179679870605,694.0,0.1289999932050705,-0.05900000035762787,8.55856990814209,152605,23,3,1,-0.086669921875,-0.0458984375,0.97900390625,0.9839039444923401,-1.0610686540603638,0.20610687136650085,-1.0229008197784424,1,94328.0,117.8319091796875,24.940000534057617,1,0,3718,1,13040000ff0c0500c0941f0075000000,1,0xC52F
586,30,16,63104,2105896,47.879478454589844,11.692184448242188,698.0,0.04399999976158142,-0.01899999938905239,8.55856990814209,152635,25,3,1,-0.088623046875,-0.050048828125,0.9736328125,0.978938102722168,-1.0687023401260376,0.20610687136650085,-1.106870174407959,1,94328.0,117.8319091796875,25.010000228881836,1,0,3715,1,15040000ff060200901a200077000000,1,0xE2F8
587,30,17,63208,2135950,47.879478454589844,11.692193031311035,696.0,0.008999999612569809,-0.032999999821186066,103.76921844482422,152705,23,3,1,-0.085693359375,-0.056640625,0.970703125,0.9761229753494263,-1.0458015203475952,0.3129771053791046,-0.9770992398262024,1,94327.0,117.91912841796875,25.079999923706055,1,0,3638,1,16040000ff040100685d200078000000,1,0x2871
588,30,18,63312,2165996,47.879478454589844,11.692190170288086,696.0,0.014999999664723873,-0.017000000923871994,103.76921844482422,152735,23,3,1,-0.093017578125,-0.0537109375,0.982421875,0.9882762432098389,-1.1374045610427856,0.17557251453399658,-1.0992366075515747,1,94329.0,117.7447509765625,25.170000076293945,1,0,3699,1,18040000ff09030098e320007a000000,1,0x46AF
589,31,0,63488,2196022,47.879486083984375,11.692171096801758,696.0,0.0729999989271164,0.03799999877810478,123.54969787597656,152805,23,3,1,-0.086181640625,-0.05419921875,0.982421875,0.9876829385757446,-1.0,0.1221374049782753,-1.3587785959243774,1,94327.0,117.91912841796875,25.25,1,0,3724,1,1a040000ff020100a46921007c000000,1,0xF191
590,31,1,63592,2226125,47.879478454589844,11.692177772521973,694.0,0.09099999815225601,-0.0560000017285347,198.4254608154297,152835,24,3,1,-0.089599609375,-0.057373046875,0.98046875,0.9862244725227356,-1.0229008197784424,0.221374049782753,-1.1679389476776123,1,94329.0,117.7447509765625,25.329999923706055,1,0,3712,1,1c04000000000000bdef21007e000000,1,0xB522
591,31,2,63696,2256237,47.87948226928711,11.692180633544922,690.0,0.07599999755620956,-0.024000000208616257,216.0640411376953,152906,24,3,1,-0.09423828125,-0.05517578125,0.98046875,0.9865313768386841,-1.0229008197784424,0.18320611119270325,-1.267175555229187,1,94324.0,118.183349609375,25.40999984741211,1,0,3728,1,1d040000ff000000f83222007f000000,1,0x98BE
592,31,3,63800,2286277,47.879478454589844,11.692187309265137,691.0,0.017000000923871994,0.006000000052154064,206.17625427246094,152936,21,3,1,-0.085205078125,-0.058837890625,0.9833984375,0.988834798336029,-1.1526718139648438,0.23664122819900513,-1.0992366075515747,1,94322.0,118.36041259765625,25.489999771118164,1,0,3705,1,1f040000ff0903005cb8220081000000,1,0x011C
593,31,4,63904,2316371,47.87947463989258,11.6921968460083,692.0,0.03099999949336052,-0.029999999329447746,206.17625427246094,153006,23,3,1,-0.092529296875,-0.062744140625,0.96923828125,0.9756645560264587,-1.0687023401260376,0.13740457594394684,-1.305343508720398,1,94322.0,118.36041259765625,25.56999969482422,1,0,3715,1,21040000ff0201008d3e230083000000,1,0xF800
594,31,5,64008,2346459,47.879486083984375,11.692180633544922,693.0,0.032999999821186066,0.21299999952316284,274.92095947265625,153036,23,3,1,-0.08935546875,-0.064208984375,0.980224609375,0.9863809943199158,-1.0839694738388062,0.2671755850315094,-1.0763359069824219,1,94323.0,118.273193359375,25.649999618530273,1,0,3705,1,23040000ff0e05003dc5230085000000,1,0xA242
595,31,6,64112,2376491,47.87948989868164,11.692172050476074,694.0,0.02199999988079071,-0.012000000104308128,274.92095947265625,153106,22,3,1,-0.091552734375,-0.065673828125,0.975341796875,0.9818281531333923,-0.9007633328437805,0.1679389327764511,-1.1297709941864014,1,94326.0,118.00897216796875,25.729999542236328,1,0,3699,1,24040000ff0401006f08240086000000,1,0x13CF
596,31,7,64216,2406526,47.879493713378906,11.69217586517334,694.0,0.017999999225139618,0.039000000804662704,274.92095947265625,153136,24,3,1,-0.085693359375,-0.059326171875,0.980712890625,0.9862356185913086,-1.0916030406951904,0.038167938590049744,-1.2977099418640137,1,94322.0,118.36041259765625,25.809999465942383,1,0,3731,1,26040000ff010000a48e240088000000,1,0x1102
597,31,8,64320,2436579,47.87949752807617,11.692179679870605,693.0,0.06599999964237213,0.14900000393390656,282.6964111328125,153206,23,3,1,-0.093017578125,-0.0703125,0.971923828125,0.9788932800292969,-0.9923664331436157,0.16030533611774445,-1.1679389476776123,1,94321.0,118.45025634765625,25.8799991607666,1,0,3702,1,28040000ff240e00761525008a000000,1,0xA568
598,31,9,64424,2466679,47.87949752807617,11.692184448242188,691.0,0.07900000363588333,0.06599999964237213,317.6338195800781,153236,24,3,1,-0.086181640625,-0.068359375,0.982177734375,0.9883184432983398,-0.9618320465087891,0.038167938590049744,-1.2900763750076294,1,94320.0,118.53741455078125,25.950000762939453,1,0,3628,1,2a040000ff020100a39b25008c000000,1,0x98FE
599,31,10,64528,2496757,47.87947463989258,11.692201614379883,692.0,0.06700000166893005,0.16599999368190765,239.3070831298828,153306,24,3,1,-0.087890625,-0.065185546875,0.97998046875,0.9860708117485046,-1.0076335668563843,0.09923664480447769,-1.1832060813903809,1,94324.0,118.183349609375,26.030000686645508,1,0,3718,1,2b040000ff030100e5de25008d000000,1,0xFB69
600,31,11,64632,2526825,47.879486083984375,11.692174911499023,692.0,0.15700000524520874,0.1120000034570694,307.3102111816406,153336,23,3,1,-0.090576171875,-0.0712890625,0.98193359375,0.9886757731437683,-0.9770992398262024,0.13740457594394684,-1.2977099418640137,1,94323.0,118.273193359375,26.100000381469727,1,0,3699,1,2d040000000000008f6526008f000000,1,0x4C39
601,31,12,64736,2556895,47.87948226928711,11.692173957824707,690.0,0.10100000351667404,-0.257999986410141,295.56915283203125,153406,25,3,1,-0.082275390625,-0.0712890625,0.98095703125,0.9869792461395264,-1.0839694738388062,0.18320611119270325,-1.0305343866348267,1,94319.0,118.6246337890625,26.170000076293945,1,0,3718,1,2f0400000000000012ec260091000000,1,0xF948
602,31,13,64840,2586959,47.879478454589844,11.692182540893555,691.0,0.0860000029206276,-0.003000000026077032,295.56915283203125,153436,25,3,1,-0.091064453125,-0.071533203125,0.984130859375,0.9909204244613647,-0.9160305261611938,0.290076345205307,-1.2366411685943604,1,94318.0,118.7144775390625,26.239999771118164,1,0,3708,1,31040000ff0f06000173270093000000,1,0x72F7
603,31,14,64944,2617017,47.879478454589844,11.692183494567871,692.0,0.032999999821186066,0.07199999690055847,212.3384552001953,153506,25,3,1,-0.089599609375,-0.07568359375,0.9716796875,0.9787325859069824,-1.0458015203475952,0.08396946638822556,-1.1679389476776123,1,94317.0,118.8016357421875,26.309999465942383,1,0,3715,1,32040000ff0401006eb6270094000000,1,0x0BC2
604,31,15,65048,2647078,47.879486083984375,11.692185401916504,690.0,0.06400000303983688,0.0430000014603138,195.5052032470703,153537,23,3,1,-0.091552734375,-0.069091796875,0.979248046875,0.9859423637390137,-1.14503812789917,0.22900763154029846,-1.0458015203475952,1,94321.0,118.45025634765625,26.3799991607666,1,0,3715,1,33040000ff130700732a280095000000,1,0xF3DA
605,31,16,65152,2677080,47.879493713378906,11.69217300415039,692.0,0.09700000286102295,0.09600000083446503,267.8222961425781,153607,25,3,1,-0.091796875,-0.074462890625,0.97265625,0.9798120260238647,-1.1145038604736328,0.19847328960895538,-1.160305380821228,1,94319.0,118.6246337890625,26.440000534057617,1,0,3705,1,35040000ff140800d5b0280097000000,1,0x07D9
606,31,17,65256,2707220,47.87948226928711,11.692191123962402,694.0,0.04600000008940697,0.2409999966621399,172.14053344726562,153637,23,3,1,-0.0927734375,-0.0732421875,0.972900390625,0.9800543189048767,-0.9236640930175781,0.3358778655529022,-1.0458015203475952,1,94316.0,118.8914794921875,26.5,1,0,3715,1,37040000ff0100006b37290099000000,1,0x938F
607,31,18,65360,2737303,47.879486083984375,11.69218921661377,692.0,0.05900000035762787,-0.07000000029802322,165.19244384765625,153707,24,3,1,-0.0888671875,-0.0791015625,0.97900390625,0.9862064123153687,-1.1526718139648438,0.20610687136650085,-1.0687023401260376,1,94322.0,118.36041259765625,26.56999969482422,1,0,3696,1,39040000ff1408001fc229009b000000,1,0x1695
608,32,0,65536,2767291,47.87948226928711,11.69218635559082,691.0,0.03099999949336052,-0.023000000044703484,127.60008239746094,153737,23,3,1,-0.08544921875,-0.07666015625,0.9775390625,0.9842565655708313,-1.0763359069824219,0.3129771053791046,-1.198473334312439,1,94319.0,118.6246337890625,26.6299991607666,1,0,3721,1,3a040000ff1f0c0079042a009c000000,1,0xD0B4
609,32,1,65640,2797360,47.879486083984375,11.692179679870605,693.0,0.10100000351667404,0.035999998450279236,126.78800201416016,153807,27,3,1,-0.091064453125,-0.080322265625,0.979248046875,0.9867477416992188,-1.122137427330017,0.221374049782753,-1.2824426889419556,1,94320.0,118.53741455078125,26.700000762939453,1,0,3705,1,3c040000ff220d006f892a009e000000,1,0xE322
610,32,2,65744,2827440,47.87948226928711,11.69216537475586,693.0,0.17900000512599945,0.02800000086426735,115.2064437866211,153837,25,3,1,-0.089599609375,-0.0771484375,0.983642578125,0.9907233119010925,-1.2061069011688232,-0.35114502906799316,-1.2137404680252075,1,94319.0,118.6246337890625,26.75,1,0,3705,1,3e040000ff1d0b00980d2b00a0000000,1,0xC80A
611,32,3,65848,2857500,47.879478454589844,11.69217300415039,692.0,0.08799999952316284,-0.0689999982714653,115.2064437866211,153907,25,3,1,-0.092529296875,-0.0791015625,0.979248046875,0.9867854118347168,-1.106870174407959,0.22900763154029846,-1.2977099418640137,1,94320.0,118.53741455078125,26.809999465942383,1,0,3718,1,40040000ff130700b0922b00a2000000,1,0xDBD9
612,32,4,65952,2887553,47.87948226928711,11.692178726196289,693.0,0.035999998450279236,-0.0949999988079071,115.2064437866211,153937,25,3,1,-0.08740234375,-0.078125,0.983642578125,0.9906035661697388,-0.8931297659873962,0.35877862572669983,-1.2061069011688232,1,94324.0,118.183349609375,26.8700008392334,1,0,3724,1,41040000ff1d0b005dd52b00a3000000,1,0xAC34
613,32,5,66056,2917586,47.879478454589844,11.692171096801758,693.0,0.07100000232458115,-0.04399999976158142,173.68409729003906,154007,26,3,1,1.0126953125,-0.049072265625,0.14990234375,1.0249050855636597,-0.5419847369194031,0.015267175622284412,-1.2213740348815918,1,94314.0,119.06585693359375,26.93000030517578,1,0,3692,1,43040000ff291000de5a2c00a5000000,1,0xA93B
614,32,6,66160,2947607,47.879478454589844,11.692163467407227,693.0,0.23100000619888306,0.03200000151991844,113.74797821044922,154037,24,3,1,-0.739013671875,0.40478515625,-0.365478515625,0.9184589385986328,-44.374046325683594,6.4809160232543945,2.29007625579834,1,94310.0,119.419921875,27.0,1,0,3699,1,45040000ff1d0b0046e02c00a7000000,1,0x2C93
615,32,7,66264,2977684,47.879486083984375,11.692170143127441,694.0,0.10300000011920929,-0.010999999940395355,213.44509887695312,154107,28,3,1,-0.974365234375,0.084716796875,-0.1044921875,0.9836072325706482,5.3740458488464355,-7.183206081390381,11.061068534851074,1,94312.0,119.242919921875,27.06999969482422,1,0,3705,1,47040000ff291000cb652d00a9000000,1,0xFECA
616,32,8,66368,3007776,47.879478454589844,11.692201614379883,694.0,0.03400000184774399,0.19300000369548798,281.0752258300781,154137,26,3,1,-0.8779296875,0.421875,0.06005859375,0.9758822321891785,0.3893129825592041,6.870229244232178,-1.4198473691940308,1,94324.0,118.183349609375,27.149999618530273,1,0,3715,1,48040000ff1f0c00eca82d00aa000000,1,0xE53F
617,32,9,66472,3037834,47.879478454589844,11.692201614379883,694.0,0.05700000002980232,0.03200000151991844,281.0752258300781,154208,24,3,1,-0.1259765625,-0.2255859375,-1.01123046875,1.0437175035476685,-1.0152671337127686,0.1450381726026535,-1.1908396482467651,1,94323.0,118.273193359375,27.219999313354492,1,0,3689,1,4a040000ff010000ae2f2e00ac000000,1,0xEB54
618,32,10,66576,3067831,47.87947463989258,11.692209243774414,693.0,0.07800000160932541,0.1289999932050705,279.5802307128906,154238,26,3,1,-0.12548828125,-0.228515625,-1.008056640625,1.0412228107452393,-1.0534350872039795,0.19083969295024872,-1.1145038604736328,1,94328.0,117.8319091796875,27.280000686645508,1,0,3689,1,4c040000ff0100006fb52e00ae000000,1,0x412F
619,32,11,66680,3097884,47.87947463989258,11.69218635559082,693.0,0.05900000035762787,-0.2460000067949295,279.5802307128906,154308,25,3,1,-0.12744140625,-0.227294921875,-1.003173828125,1.036466121673584,-1.1297709941864014,0.17557251453399658,-1.1526718139648438,1,94323.0,118.273193359375,27.329999923706055,1,0,3692,1,4e040000ff000000e63a2f00b0000000,1,0x36F7
620,32,12,66784,3127931,47.87946701049805,11.692201614379883,691.0,0.017000000923871994,-0.0430000014603138,262.76953125,154338,28,3,1,-0.12890625,-0.23193359375,-1.004150390625,1.0386183261871338,-0.7862595319747925,0.2977099120616913,-1.0992366075515747,1,94329.0,117.7447509765625,27.3799991607666,1,0,3676,1,4f040000ff000000ba7d2f00b1000000,1,0x9AE4
621,32,13,66888,3157970,47.87946319580078,11.692205429077148,692.0,0.07999999821186066,-0.20600000023841858,106.1946792602539,154408,27,3,1,-0.129638671875,-0.231689453125,-1.005615234375,1.0400712490081787,-1.0229008197784424,0.17557251453399658,-1.1145038604736328,1,94325.0,118.09619140625,27.43000030517578,1,0,3680,1,51040000ff0201007e033000b3000000,1,0x994D
622,32,14,66992,3188011,47.87946319580078,11.69219970703125,695.0,0.05000000074505806,0.22599999606609344,74.8006591796875,154438,28,3,1,-0.129150390625,-0.22900390625,-1.00390625,1.03776216506958,-1.198473334312439,0.17557251453399658,-1.0839694738388062,1,94322.0,118.36041259765625,27.479999542236328,1,0,3686,1,53040000ff020100288a3000b5000000,1,0x078F
623,32,15,67096,3218030,47.87946319580078,11.692193031311035,692.0,0.024000000208616257,0.20999999344348907,80.21283721923828,154508,28,3,1,-0.1279296875,-0.22607421875,-1.0078125,1.040750503540039,-0.9160305261611938,0.7557252049446106,-1.0534350872039795,1,94318.0,118.7144775390625,27.520000457763672,1,0,3680,1,55040000ff040100ed0e3100b7000000,1,0x6CAD
624,32,16,67200,3248074,47.87946701049805,11.692191123962402,693.0,0.035999998450279236,0.006000000052154064,85.13954162597656,154538,26,3,1,-0.12646484375,-0.22900390625,-0.99609375,1.029873251914978,-0.9847328066825867,0.08396946638822556,-1.2977099418640137,1,94320.0,118.53741455078125,27.56999969482422,1,0,3692,1,56040000ff060200f5513100b8000000,1,0xE2EB
625,32,17,67304,3278128,47.87947463989258,11.692201614379883,694.0,0.05299999937415123,-0.30399999022483826,330.7827453613281,154608,27,3,1,-0.1318359375,-0.22802734375,-1.003662109375,1.0376486778259277,-0.9618320465087891,0.23664122819900513,-1.0,1,94319.0,118.6246337890625,27.600000381469727,1,0,3680,1,58040000ff000000f5d73100ba000000,1,0x5878
626,32,18,67408,3308219,47.879478454589844,11.6921968460083,696.0,0.09099999815225601,0.2630000114440918,305.1383361816406,154638,26,3,1,-0.14990234375,-0.241455078125,-0.99267578125,1.0325582027435303,-1.106870174407959,0.290076345205307,-1.2748091220855713,1,94325.0,118.09619140625,27.649999618530273,1,0,3689,1,5a040000ff070300e15d3200bc000000,1,0xA901
627,33,0,67584,3338270,47.879478454589844,11.692185401916504,694.0,0.02800000086426735,-0.1809999942779541,291.2486877441406,154708,27,3,1,-0.13525390625,-0.322265625,-0.98388671875,1.0441176891326904,-1.1832060813903809,0.22900763154029846,-1.0534350872039795,1,94327.0,117.91912841796875,27.690000534057617,1,0,3680,1,5c040000ff030100c4e33200be000000,1,0x055E
628,33,1,67688,3368350,47.87948226928711,11.692185401916504,694.0,0.10599999874830246,-0.14800000190734863,291.2486877441406,154738,27,3,1,-0.156982421875,-0.017822265625,-1.0244140625,1.0365256071090698,-1.1679389476776123,0.1450381726026535,-1.0763359069824219,1,94321.0,118.45025634765625,27.729999542236328,1,0,3689,1,5d040000ff0d050002273300bf000000,1,0x5132
629,33,2,67792,3398370,47.879486083984375,11.692188262939453,693.0,0.039000000804662704,0.01600000075995922,291.2486877441406,154808,27,3,1,-0.15673828125,-0.01123046875,-1.0234375,1.0354310274124146,-0.9541984796524048,0.09923664480447769,-1.0305343866348267,1,94328.0,117.8319091796875,27.770000457763672,1,0,3603,1,5f040000ff0401004eac3300c1000000,1,0x051B
630,33,3,67896,3428458,47.87948226928711,11.692181587219238,691.0,0.050999999046325684,-0.008999999612569809,291.2486877441406,154838,26,3,1,-0.160400390625,-0.013916015625,-1.028564453125,1.0410891771316528,-1.0610686540603638,0.290076345205307,-1.0305343866348267,1,94327.0,117.91912841796875,27.799999237060547,1,0,3689,1,61040000ff0000007e333400c3000000,1,0x5902
631,33,4,68000,3458471,47.87948989868164,11.692140579223633,692.0,0.5609999895095825,0.17599999904632568,120.28943634033203,154908,28,3,1,-1.0146484375,0.112060546875,-0.07861328125,1.023840308189392,58.3129768371582,-14.816793441772461,4.221374034881592,1,94310.0,119.419921875,27.850000381469727,1,0,3664,1,63040000ff441a0027b93400c5000000,1,0xACDF
632,33,5,68104,3488506,47.879459381103516,11.691914558410645,694.0,3.740000009536743,1.6469999551773071,240.92288208007812,154938,18,3,1,-1.187744140625,0.0048828125,-0.0654296875,1.1895549297332764,11.51145076751709,-6.58015251159668,-62.229007720947266,1,94314.0,119.06585693359375,27.899999618530273,1,0,3667,1,64040000ff2f120060fc3400c6000000,1,0xBD4C
633,33,6,68208,3518577,47.87932586669922,11.69175910949707,694.0,0.15700000524520874,0.07199999690055847,143.56802368164062,155009,25,3,1,-0.942626953125,0.0849609375,-0.08203125,0.9499963521957397,42.488548278808594,15.48854923248291,-13.4503812789917,1,94313.0,119.15570068359375,27.959999084472656,1,0,3670,1,66040000ff010000a4823500c8000000,1,0x6928
634,33,7,68312,3548686,47.879154205322266,11.691649436950684,696.0,0.7960000038146973,-0.3059999942779541,238.3319549560547,155039,25,3,1,-0.828857421875,0.1025390625,-0.049560546875,0.8366451859474182,6.748091697692871,11.305343627929688,-47.7557258605957,1,94315.0,118.97869873046875,28.020000457763672,1,0,3676,1,68040000ff0000007e093600ca000000,1,0x368E
635,33,8,68416,3578733,47.87918472290039,11.691227912902832,697.0,1.4149999618530273,-0.6079999804496765,301.46429443359375,155109,25,3,1,-0.67919921875,0.095947265625,0.0068359375,0.6859768033027649,-38.09160232543945,-6.259541988372803,-33.54198455810547,1,94314.0,119.06585693359375,28.09000015258789,1,0,3670,1,6a040000ff010000908f3600cc000000,1,0xB6F1
636,33,9,68520,3608782,47.879398345947266,11.690868377685547,695.0,1.128999948501587,0.035999998450279236,317.85321044921875,155139,26,3,1,-1.062744140625,0.08203125,-0.0888671875,1.069603443145752,74.92366790771484,-3.541984796524048,-16.954198837280273,1,94308.0,119.59698486328125,28.149999618530273,1,0,3689,1,6b040000ff120700ead23600cd000000,1,0xE85C
637,33,10,68624,3638842,47.87964630126953,11.690463066101074,697.0,1.5230000019073486,-0.4440000057220459,303.05743408203125,155209,21,3,1,-0.88720703125,0.072509765625,-0.073486328125,0.893193244934082,13.534351348876953,-30.366413116455078,-3.1297709941864014,1,94309.0,119.50714111328125,28.209999084472656,1,0,3689,1,6d040000000000008b593700cf000000,1,0x5ACE
638,33,11,68728,3668882,47.879913330078125,11.690102577209473,697.0,1.4420000314712524,-0.23499999940395355,325.6617736816406,155239,27,3,1,-0.887939453125,0.037109375,-0.057861328125,0.8905961513519287,6.7633585929870605,21.5572509765625,1.0687023401260376,1,94309.0,119.50714111328125,28.270000457763672,1,0,3670,1,6f040000ff010000dbdf3700d1000000,1,0x88D9
639,33,12,68832,3698921,47.88016128540039,11.690253257751465,698.0,1.281000018119812,-0.5339999794960022,32.1031494140625,155309,22,3,1,-0.84130859375,0.14013671875,0.200439453125,0.876136064529419,-62.770992279052734,27.48091697692871,-25.35877799987793,1,94311.0,119.332763671875,28.34000015258789,1,0,3670,1,7104000000000000b3663800d3000000,1,0x536E
640,33,13,68936,3729005,47.88042449951172,11.690608978271484,695.0,1.9040000438690186,-0.3009999990463257,42.100868225097656,155339,24,3,1,-0.83203125,0.019775390625,-0.078857421875,0.835993766784668,-18.22137451171875,11.847328186035156,-14.862595558166504,1,94319.0,118.6246337890625,28.399999618530273,1,0,3680,1,7204000000000000f4da3800d4000000,1,0x8BD6
641,33,14,69040,3759035,47.88066864013672,11.690986633300781,694.0,1.2209999561309814,0.05700000002980232,33.95254135131836,155409,25,3,1,-1.117431640625,-0.0068359375,-0.08984375,1.121058464050293,93.98473358154297,-11.053435325622559,22.39694595336914,1,94323.0,118.273193359375,28.459999084472656,1,0,3689,1,73040000ff000000111e3900d5000000,1,0x4818
642,33,15,69144,3789050,47.88093948364258,11.691221237182617,696.0,1.50600004196167,-0.10599999874830246,315.58056640625,155439,26,3,1,-1.125,0.064453125,-0.078125,1.1295497417449951,-55.12213897705078,-10.465648651123047,-51.09160232543945,1,94321.0,118.45025634765625,28.530000686645508,1,0,3680,1,75040000ff0100005ea43900d7000000,1,0xC67C
643,33,16,69248,3819272,47.88093948364258,11.691173553466797,696.0,0.0020000000949949026,-0.06800000369548798,297.28302001953125,155509,22,3,1,-0.737060546875,-0.110595703125,-0.658203125,0.9943445324897766,-2.0,1.0076335668563843,2.5877861976623535,1,94329.0,117.7447509765625,28.600000381469727,1,0,3676,1,7704000000000000fe2c3a00d9000000,1,0x9CC3
644,33,17,69352,3849303,47.880455017089844,11.690546989440918,692.0,7.78000020980835,0.10700000077486038,226.424560546875,155540,22,3,1,-0.99853515625,-0.201171875,-0.020263671875,1.018799901008606,4.045801639556885,5.984732627868652,3.6946563720703125,1,94306.0,119.77398681640625,28.670000076293945,1,0,3664,1,79040000000000006fbb3a00db000000,1,0x05C4
645,33,18,69456,3879362,47.87929916381836,11.69094467163086,691.0,10.232000350952148,-0.09200000017881393,131.0607147216797,155610,21,3,1,-0.964599609375,-0.24560546875,0.1064453125,1.001051902770996,-0.9007633328437805,-1.9236640930175781,1.4580153226852417,1,94287.0,121.44921875,28.75,1,0,3683,1,7a04000000000000c1ff3a00dc000000,1,0x3254
646,34,0,69632,3909403,47.878395080566406,11.693868637084961,687.0,10.479000091552734,0.5289999842643738,123.6556396484375,155640,22,3,1,-0.986083984375,-0.091064453125,0.1181640625,0.9973049163818359,-4.770992279052734,0.12977099418640137,0.6030534505844116,1,94330.0,117.6549072265625,28.809999465942383,1,0,3676,1,7c0400000000000061883b00de000000,1,0xA476
647,34,1,69736,3939477,47.87764358520508,11.696781158447266,689.0,8.944999694824219,-0.3700000047683716,92.58260345458984,155710,16,3,1,-0.988037109375,-0.101806640625,0.213623046875,1.0159807205200195,-3.1984732151031494,-2.572519063949585,-14.274808883666992,1,94329.0,117.7447509765625,28.8799991607666,1,0,3664,1,7e0400000000000072103c00e0000000,1,0x5E22
648,34,2,69840,3969561,47.8783073425293,11.699472427368164,691.0,5.504000186920166,0.15299999713897705,83.51197052001953,155740,20,3,1,-0.951171875,-0.3974609375,-0.123291015625,1.0382214784622192,2.076335906982422,-12.809160232543945,12.427480697631836,1,94319.0,118.6246337890625,28.940000534057617,1,0,3676,1,7f04000000000000b5543c00e1000000,1,0x3BA5
649,34,3,69944,3999573,47.87828826904297,11.699572563171387,689.0,0.11599999666213989,0.15800000727176666,39.657920837402344,155810,20,3,1,-0.957275390625,-0.126708984375,0.1982421875,0.9857643246650696,-1.427480936050415,-0.16030533611774445,-1.0534350872039795,1,94338.0,116.94940185546875,29.010000228881836,1,0,3673,1,8104000000000000b2dd3c00e3000000,1,0xD163
650,34,4,70048,4029609,47.878299713134766,11.69957447052002,689.0,0.07999999821186066,-0.10999999940395355,17.604690551757812,155840,18,3,1,-0.9560546875,-0.123291015625,0.206787109375,0.9859017133712769,-1.6564885377883911,1.2900763750076294,-1.9389313459396362,1,94335.0,117.213623046875,29.06999969482422,1,0,3664,1,8304000000000000ff663d00e5000000,1,0x0301
651,34,5,70152,4059726,47.878543853759766,11.700291633605957,689.0,9.034000396728516,-0.0020000000949949026,46.377559661865234,155910,19,3,1,-1.0283203125,-0.061767578125,0.208740234375,1.0511090755462646,-1.9694656133651733,1.3282443284988403,-0.5419847369194031,1,94326.0,118.00897216796875,29.139999389648438,1,0,3680,1,8504000000000000f6ef3d00e7000000,1,0xAE48
652,34,6,70256,4089794,47.879722595214844,11.702057838439941,689.0,1.774999976158142,-0.3109999895095825,30.152570724487305,155940,21,3,1,-0.803955078125,0.08935546875,0.447265625,0.9243239164352417,-7.114503860473633,0.847328245639801,-5.27480936050415,1,94355.0,115.45123291015625,29.200000762939453,1,0,3657,1,860400000000000066343e00e8000000,1,0x69BF
653,34,7,70360,4119844,47.880714416503906,11.70439338684082,684.0,11.088000297546387,-0.2529999911785126,96.25247955322266,160010,24,3,1,-0.953857421875,-0.058837890625,0.287109375,0.9978665709495544,-1.4732824563980103,0.580152690410614,-3.9770991802215576,1,94368.0,114.30450439453125,29.270000457763672,1,0,3660,1,8804000000000000bfbd3e00ea000000,1,0x5C58
654,34,8,70464,4149872,47.88087844848633,11.708696365356445,682.0,6.327000141143799,-0.3199999928474426,82.05825805664062,160040,20,3,1,-0.935302734375,-0.2412109375,0.149658203125,0.977431058883667,3.389312982559204,2.717557191848755,9.099236488342285,1,94415.0,110.15875244140625,29.34000015258789,1,0,3651,1,8a04000000000000ec463f00ec000000,1,0x9E0B
655,34,9,70568,4179955,47.88023376464844,11.712292671203613,676.0,13.536999702453613,0.40299999713897705,113.595458984375,160110,24,3,1,-1.004150390625,-0.1787109375,0.149658203125,1.0308506488800049,2.4427480697631836,1.0076335668563843,10.206107139587402,1,94429.0,108.9248046875,29.399999618530273,1,0,3651,1,8b040000000000008a8b3f00ed000000,1,0x433A
656,34,10,70672,4210002,47.87907028198242,11.716212272644043,673.0,6.640999794006348,0.08399999886751175,26.070209503173828,160140,22,3,1,-0.9267578125,-0.115966796875,0.23583984375,0.9633010029792786,-2.8015267848968506,1.7404580116271973,-0.7251908183097839,1,94488.0,103.724853515625,29.469999313354492,1,0,3651,1,8d04000000000000d0144000ef000000,1,0x9214
657,34,11,70776,4240085,47.881317138671875,11.717594146728516,673.0,6.7870001792907715,0.27799999713897705,88.02603912353516,160210,22,3,1,-0.738037109375,-0.65234375,0.201171875,1.0053462982177734,1.0610686540603638,-0.22900763154029846,-11.496183395385742,1,94492.0,103.3734130859375,29.540000915527344,1,0,3657,1,8f040000ff010000479e4000f1000000,1,0x3BF5
658,34,12,70880,4270117,47.879356384277344,11.720531463623047,669.0,11.883000373840332,0.7250000238418579,228.7812042236328,160241,19,3,1,-0.645263671875,-0.833740234375,0.32568359375,1.1034300327301025,10.595419883728027,3.923664093017578,-11.931297302246094,1,94513.0,101.5238037109375,29.59000015258789,1,0,3664,1,9104000000000000b2274100f3000000,1,0xDE15
659,34,13,70984,4300240,47.88329315185547,11.721169471740723,671.0,23.23699951171875,-0.3370000123977661,13.305520057678223,160311,17,3,1,-0.889892578125,-0.215576171875,0.18505859375,0.9341459274291992,-1.6870229244232178,1.9465649127960205,-0.3893129825592041,1,94385.0,112.8037109375,29.649999618530273,1,0,3648,1,9204000000000000906c4100f4000000,1,0x3FC8
660,34,14,71088,4330305,47.89022445678711,11.723800659179688,667.0,27.160999298095703,0.08500000089406967,19.00411033630371,160341,22,3,1,-0.91357421875,-0.348388671875,0.248291015625,1.008781909942627,1.229007601737976,-12.984732627868652,1.3358778953552246,1,94367.0,114.3917236328125,29.719999313354492,1,0,3651,1,9404000000000000f0f54100f6000000,1,0xBB58
661,34,15,71192,4360373,47.89592361450195,11.72721004486084,669.0,18.50200080871582,0.5519999861717224,321.8546447753906,160411,23,3,1,-1.030517578125,-0.140625,-0.173583984375,1.05445396900177,-22.473281860351562,8.641221046447754,4.4122138023376465,1,94454.0,106.72119140625,29.790000915527344,1,0,3657,1,9604000000000000a77f4200f8000000,1,0xB1C5
662,34,16,71296,4390397,47.8990592956543,11.721817970275879,661.0,23.131000518798828,0.004999999888241291,336.17401123046875,160441,20,3,1,-0.866943359375,-0.34033203125,0.099365234375,0.9366376996040344,-1.106870174407959,2.679389238357544,-2.251908302307129,1,94498.0,102.844970703125,29.850000381469727,1,0,3632,1,97040000000000007ec44200f9000000,1,0xA1BB
663,34,17,71400,4420444,47.905643463134766,11.718772888183594,653.0,29.246000289916992,0.19499999284744263,344.9302673339844,160511,21,3,1,-0.91357421875,-0.30224609375,0.25341796875,0.9950835108757019,-2.5114502906799316,-5.511450290679932,-1.0458015203475952,1,94531.0,99.9384765625,29.920000076293945,1,0,3651,1,9904000000000000434e4300fb000000,1,0x3352
664,34,18,71504,4450531,47.91367721557617,11.715578079223633,653.0,31.667999267578125,-0.4000000059604645,345.20819091796875,160541,21,3,1,-0.9677734375,-0.301513671875,0.162353515625,1.0265741348266602,-3.458015203475952,-1.3587785959243774,-0.8549618124961853,1,94494.0,103.1964111328125,29.979999542236328,1,0,3644,1,9b04000000000000ead74300fd000000,1,0x8250
665,35,0,71680,4480594,47.921871185302734,11.712301254272461,654.0,31.950000762939453,0.0689999982714653,345.34368896484375,160611,20,3,1,-0.8603515625,-0.291748046875,0.084228515625,0.9123684167861938,-2.2366411685943604,5.9083967208862305,1.572519063949585,1,94475.0,104.87158203125,30.049999237060547,1,0,3638,1,9c04000000000000e91c4400fe000000,1,0x6BB7
666,35,1,71784,4510618,47.93021011352539,11.708738327026367,649.0,32.88800048828125,0.0430000014603138,338.5533752441406,160641,20,3,1,-0.903076171875,-0.44775390625,0.201416015625,1.027909755706787,-2.9007632732391357,2.9160306453704834,-0.48091602325439453,1,94560.0,97.38604736328125,30.110000610351562,1,0,3638,1,9e04000000000000e7a5440000010000,1,0x14D9
667,35,2,71888,4540718,47.93863296508789,11.703312873840332,643.0,34.207000732421875,0.32899999618530273,336.51214599609375,160711,17,3,1,-0.86279296875,-0.2861328125,0.173583984375,0.9254269599914551,-0.6335877776145935,3.4809160232543945,-1.2977099418640137,1,94595.0,94.302490234375,30.170000076293945,1,0,3654,1,a004000000000000f02f450002010000,1,0xF452
668,35,3,71992,4570833,47.94727325439453,11.69770336151123,636.0,34.32400131225586,0.3499999940395355,336.5809631347656,160741,21,3,1,-0.876220703125,-0.386962890625,0.30029296875,1.0038321018218994,-2.610687017440796,-0.6488549709320068,3.6183207035064697,1,94697.0,85.329345703125,30.219999313354492,1,0,3660,1,a20400000000000020ba450004010000,1,0x65EC
669,35,4,72096,4600833,47.95563507080078,11.692259788513184,631.0,35.8120002746582,0.10400000214576721,337.7457275390625,160811,18,3,1,-0.8212890625,-0.41845703125,0.302001953125,0.969962477684021,-1.3816794157028198,0.8931297659873962,-0.007633587811142206,1,94724.0,82.95654296875,30.280000686645508,1,0,3638,1,a3040000000000003eff450005010000,1,0x579D
670,35,5,72200,4630906,47.96489334106445,11.68820571899414,623.0,35.268001556396484,0.32600000500679016,349.92144775390625,160842,22,3,1,-0.87255859375,-0.383056640625,0.2783203125,0.9927502870559692,1.2213740348815918,2.5114502906799316,-2.7251908779144287,1,94763.0,79.52691650390625,30.329999923706055,1,0,3635,1,a5040000000000003289460007010000,1,0x3DD7
671,35,6,72304,4660982,47.97416305541992,11.68565559387207,615.0,32.68199920654297,0.2160000056028366,349.2665710449219,160912,21,3,1,-0.928466796875,-0.2578125,-0.019287109375,0.9637893438339233,-2.6183207035064697,0.6793892979621887,4.740458011627197,1,94907.0,66.87835693359375,30.40999984741211,1,0,3660,1,a704000000000000a513470009010000,1,0x52C1
672,35,7,72408,4691062,47.98243713378906,11.683331489562988,609.0,31.888999938964844,0.19499999284744263,349.20806884765625,160942,21,3,1,-0.935302734375,-0.234619140625,0.08642578125,0.968146026134491,-2.717557191848755,-5.030534267425537,-0.9923664331436157,1,95018.0,57.138916015625,30.489999771118164,1,0,3641,1,a804000000000000c35847000a010000,1,0xB985
673,35,8,72512,4721091,47.990989685058594,11.680671691894531,603.0,31.868000030517578,0.09200000017881393,342.6929626464844,161012,21,3,1,-0.853515625,-0.30712890625,0.011474609375,0.9071652293205261,-4.610687255859375,-19.427480697631836,10.106870651245117,1,95075.0,52.14239501953125,30.56999969482422,1,0,3648,1,aa04000000000000e5e247000c010000,1,0xFDBC
674,35,9,72616,4751106,47.998870849609375,11.675662994384766,598.0,30.67099952697754,0.04600000008940697,334.8988037109375,161042,22,3,1,0.591796875,0.013427734375,0.741455078125,0.948767364025116,1.3587785959243774,4.328244209289551,-5.099236488342285,1,95163.0,44.4295654296875,30.600000381469727,1,0,3648,1,ac040000ff020100f36b48000e010000,1,0xA6C4
675,35,10,72720,4781145,48.0068473815918,11.6702299118042,588.0,33.992000579833984,0.48500001430511475,333.90081787109375,161112,20,3,1,-0.63037109375,-0.132080078125,0.658447265625,0.9210676550865173,-0.09923664480447769,-8.41984748840332,-4.320610523223877,1,95165.0,44.25518798828125,30.6299991607666,1,0,3638,1,ae0400000000000063f3480010010000,1,0xD687
676,35,11,72824,4811222,48.015193939208984,11.664505958557129,583.0,33.52399826049805,0.1080000028014183,335.0135192871094,161142,21,3,1,-0.7255859375,-0.24755859375,0.69677734375,1.0359821319580078,-6.732824325561523,-2.1679389476776123,-4.969465732574463,1,95191.0,41.9775390625,30.670000076293945,1,0,3648,1,af040000000000009138490011010000,1,0xC50C
677,35,12,72928,4841301,48.023746490478516,11.659345626831055,578.0,35.21500015258789,-0.008999999612569809,341.0574951171875,161212,20,3,1,-0.687744140625,-0.254150390625,0.79296875,1.0799925327301025,-1.0534350872039795,-2.70992374420166,-1.038167953491211,1,95163.0,44.4295654296875,30.729999542236328,1,0,3628,1,b004000000000001bb7d490012010000,0,0x017D
678,35,13,73032,4871327,48.032936096191406,11.654813766479492,573.0,36.7140007019043,0.257999986410141,341.404052734375,161242,23,3,1,-0.639892578125,-0.30322265625,0.730224609375,1.0171698331832886,-2.106870174407959,-1.0687023401260376,-2.580152750015259,1,95192.0,41.89031982421875,30.780000686645508,1,0,3651,1,b2040000ff000000ee384a0014010000,1,0x8C99
679,35,14,73136,4901365,48.04046630859375,11.651629447937012,569.0,13.197999954223633,0.597000002861023,18.18770980834961,161312,22,3,1,-0.51708984375,-0.455810546875,0.689697265625,0.9751038551330566,-8.984732627868652,-2.1297709941864014,8.190839767456055,1,95583.0,7.707244873046875,30.84000015258789,1,0,3644,1,b4040000ff000000d7c24a0016010000,1,0x074B
680,35,15,73240,4931465,48.041202545166016,11.651761054992676,563.0,0.0430000014603138,0.17399999499320984,54.395530700683594,161342,23,3,1,-0.724609375,-0.172607421875,0.6396484375,0.9818361401557922,-0.9083969593048096,0.4656488597393036,-0.6870229244232178,1,95684.0,-1.104736328125,30.899999618530273,1,0,3638,1,b5040000ff000000d7074b0017010000,1,0xBA9D
681,35,16,73344,4961483,48.04155349731445,11.65407657623291,567.0,0.019999999552965164,0.10999999940395355,86.9705810546875,161412,21,3,1,-0.654052734375,-0.03466796875,0.726318359375,0.9780210852622986,-1.4885495901107788,-0.015267175622284412,-0.32824426889419556,1,95632.0,3.429412841796875,30.950000762939453,1,0,3648,1,b7040000ff000000ee914b0019010000,1,0xDB79
682,35,17,73448,4991487,48.04154586791992,11.65403938293457,569.0,0.1850000023841858,-0.2919999957084656,48.386810302734375,161442,18,3,1,-0.71240234375,-0.02880859375,0.665283203125,0.9751660227775574,-1.2442748546600342,0.06870228797197342,-1.4045801162719727,1,95636.0,3.08062744140625,31.010000228881836,1,0,3644,1,b9040000000000007f204c001b010000,1,0xD2A3
683,35,18,73552,5021567,48.044158935546875,11.65352725982666,564.0,16.31800079345703,-0.007000000216066837,348.46295166015625,161512,24,3,1,-0.6943359375,-0.0673828125,0.683837890625,0.9768710732460022,-3.8396947383880615,1.1908396482467651,-13.435114860534668,1,95584.0,7.617401123046875,31.06999969482422,1,0,3641,1,ba040000ff000000d3644c001c010000,1,0x74DA
684,36,0,73728,5051692,48.04906463623047,11.651625633239746,559.0,18.78700065612793,0.004000000189989805,341.6671447753906,161543,21,3,1,-0.5537109375,-0.093505859375,0.675048828125,0.8780831694602966,-0.5114504098892212,-2.251908302307129,-0.18320611119270325,1,95597.0,6.48388671875,31.1200008392334,1,0,3635,1,bc0400000000000069ed4c001e010000,1,0x7BF5
685,36,1,73832,5081821,48.05141830444336,11.652122497558594,558.0,13.22599983215332,-0.16200000047683716,75.38414764404297,161613,22,3,1,-0.723388671875,-0.08740234375,0.71044921875,1.017677903175354,-1.106870174407959,1.7404580116271973,-0.3129771053791046,1,95654.0,1.5111083984375,31.18000030517578,1,0,3632,1,be040000000000008e754d0020010000,1,0x17CF
686,36,2,73936,5111863,48.052276611328125,11.6547269821167,557.0,7.828000068664551,0.5680000185966492,338.6993103027344,161643,20,3,1,-0.61279296875,-0.092529296875,0.8134765625,1.0226538181304932,1.267175555229187,0.6335877776145935,-4.748091697692871,1,95694.0,-1.9766845703125,31.229999542236328,1,0,3628,1,c00400000000000042fe4d0022010000,1,0x0479
687,36,3,74040,5142110,48.052642822265625,11.655047416687012,562.0,0.08799999952316284,-0.03500000014901161,1.0932600498199463,161713,22,3,1,-0.64306640625,-0.031982421875,0.734619140625,0.9768431782722473,-1.5801526308059692,0.5572519302368164,-0.7557252049446106,1,95716.0,-3.894989013671875,31.280000686645508,1,0,3612,1,c104000000000000d1424e0023010000,1,0xC662
688,36,4,74144,5172153,48.052616119384766,11.655035018920898,567.0,0.07900000363588333,0.13600000739097595,247.92239379882812,161743,22,3,1,-0.884033203125,-0.4677734375,-0.005126953125,1.0001764297485352,-0.4885496199131012,2.2671756744384766,-3.610687017440796,1,95711.0,-3.459014892578125,31.360000610351562,1,0,3628,1,c3040000ff0000001bcb4e0025010000,1,0x5D11
689,36,5,74248,5202396,48.05261993408203,11.655046463012695,567.0,0.8370000123977661,0.37599998712539673,234.10618591308594,161813,24,3,1,-0.941650390625,-0.427490234375,-0.008544921875,1.0341790914535522,37.64885330200195,24.23664093017578,-0.19083969295024872,1,95710.0,-3.371795654296875,31.450000762939453,1,0,3625,1,c5040000ff180900bf504f0027010000,1,0xA7E0
690,36,6,74352,5232511,48.0526237487793,11.655043601989746,569.0,0.00800000037997961,0.09000000357627869,41.15692901611328,161844,23,3,1,-0.918212890625,-0.337646484375,-0.11279296875,0.984805703163147,-8.259541511535645,-0.1450381726026535,3.3435113430023193,1,95709.0,-3.28460693359375,31.530000686645508,1,0,3619,1,c7040000ff120700fdd64f0029010000,1,0x8F9F
691,36,7,74456,5262564,48.05248260498047,11.654733657836914,569.0,1.3600000143051147,0.00800000037997961,206.2820587158203,161914,24,3,1,-0.8232421875,-0.048095703125,0.169677734375,0.8419212698936462,-44.47328186035156,16.01526641845703,-13.992366790771484,1,95709.0,-3.28460693359375,31.59000015258789,1,0,3632,1,c804000000000000c21950002a010000,1,0x780E
692,36,8,74560,5292580,48.05221939086914,11.654708862304688,587.0,0.16599999368190765,0.10300000011920929,174.79981994628906,161944,19,3,1,-0.6845703125,-0.60791015625,-0.179443359375,0.93294757604599,-45.274810791015625,-17.22137451171875,-6.511450290679932,1,95710.0,-3.371795654296875,31.649999618530273,1,0,3628,1,ca040000ff1006003a9f50002c010000,1,0xAC64
693,36,9,74664,5322616,48.05223846435547,11.654638290405273,560.0,0.0,0.0,141.66812133789062,162014,0,0,1,-0.716064453125,-0.594482421875,-0.29248046875,0.9755523800849915,0.580152690410614,-20.549617767333984,-1.732824444770813,1,95698.0,-2.325469970703125,31.719999313354492,1,0,3616,1,cc040000ff0401003b2651002e010000,1,0x5167
694,36,10,74768,5352704,48.05223846435547,11.654638290405273,560.0,0.0,0.0,141.66812133789062,162044,0,0,1,-0.924560546875,0.314208984375,-0.07275390625,0.979200005531311,-1.2748091220855713,0.3358778655529022,-1.4045801162719727,1,95705.0,-2.935821533203125,31.760000228881836,1,0,3622,1,cd04000000000000136b51002f010000,1,0x2D79
695,36,11,74872,5382790,48.05223846435547,11.654638290405273,560.0,0.0,0.0,141.66812133789062,162114,0,0,1,-0.975341796875,0.091796875,-0.066162109375,0.9818837642669678,-1.4045801162719727,-2.8473281860351562,0.28244274854660034,1,95703.0,-2.761444091796875,31.809999465942383,1,0,3622,1,cf0400000000000081f4510031010000,1,0xD6A0
696,36,12,74976,31562,48.052215576171875,11.654633522033691,576.0,0.0,0.0,0.0,162443,0,0,1,-0.976806640625,-0.010009765625,0.03857421875,0.9776192307472229,-0.9236640930175781,0.20610687136650085,-1.0229008197784424,1,95697.0,-2.23828125,30.510000228881836,1,0,3724,1,00000000000000000000000000000000,0,0x4224
697,36,13,75080,61562,48.052215576171875,11.654633522033691,576.0,0.0,0.0,0.0,162513,0,0,1,-0.977294921875,-0.007568359375,0.049072265625,0.97855544090271,-1.0,0.22900763154029846,-1.3740458488464355,1,95699.0,-2.41265869140625,30.510000228881836,1,0,3728,1,00000000000000000000000000000000,0,0x6789
698,36,14,75184,91662,48.052215576171875,11.654633522033691,576.0,0.0,0.0,0.0,162543,0,0,1,-0.978271484375,-0.00634765625,0.037841796875,0.9790236949920654,-1.1374045610427856,0.09923664480447769,-1.2366411685943604,1,95701.0,-2.587066650390625,30.450000762939453,1,0,3721,1,00000000000000000000000000000000,0,0x01CC
