pc_receive_time_iso,pc_receive_time_unix,lora_downlink_rssi_dbm,lora_downlink_snr_db,lora_crc_error,packet_type,protocol_version,packet_type_ok,protocol_version_ok,length_ok,crc_ok,received_crc16,calculated_crc16,sequence_number,lost_packets_since_previous,total_lost_packets,utc_timestamp,obc_uptime_ms,flight_state,flight_state_name,status_flags_raw,GNSS_FIX_VALID,GNSS_TIME_VALID,IMU_VALID,BARO_VALID,BARO_RANGE_VALID,BATTERY_VALID,CORAL_VALID,CORAL_NEW,SD_LOGGING_OK,LAST_LORA_TX_OK,COMMAND_RX_SINCE_LAST,OBC_TIME_FALLBACK,GPS_ERROR,IMU_ERROR,BARO_ERROR,SD_ERROR,battery_mv,battery_v,gnss_fix_type,gnss_satellites_used,latitude_deg,longitude_deg,gnss_altitude_m,gnss_hdop,gnss_vdop,ground_speed_ms,vertical_speed_ms,course_deg,baro_pressure_pa,baro_temperature_c,baro_altitude_m,accel_x_ms2,accel_y_ms2,accel_z_ms2,gyro_x_rads,gyro_y_rads,gyro_z_rads,imu_temperature_c,mcu_temperature_c,reset_cause_raw,PIN_RESET,BOR_RESET,SOFTWARE_RESET,IWDG_RESET,WWDG_RESET,LOW_POWER_RESET,OPTION_BYTE_RESET,FIREWALL_RESET,boot_count,sd_log_record_counter,sd_error_counter,sensor_error_counter,command_counter,last_uplink_rssi_dbm,last_uplink_snr_db,coral_status,coral_result_age_s,coral_payload_text,coral_payload_hex
2026-07-05T17:36:23.943189+00:00,1783272983.943189,-53,13.25,False,1,2,True,True,True,True,0xBEF1,0xBEF1,1191,0,0,1700001191,24516424,1,STANDBY,831,True,True,True,True,True,True,False,False,True,True,False,False,False,False,False,False,3700,3.7,3,10,48.1353,11.582,520.0,0.9,1.3,0.25,0.0,90.0,101325,22.0,520.0,0.0,0.0,9.81,0.0,0.0,0.0,23.0,25.0,0,False,False,False,False,False,False,False,False,1,1191,0,0,0,0,0,0,65535,NO_CORAL_DATA,4e 4f 5f 43 4f 52 41 4c 5f 44 41 54 41 00 00 00
2026-07-05T17:36:44.561473+00:00,1783273004.561473,-49,10.25,False,1,2,True,True,True,True,0xD9A8,0xD9A8,1192,0,0,1700001192,24537009,1,STANDBY,831,True,True,True,True,True,True,False,False,True,True,False,False,False,False,False,False,3700,3.7,3,10,48.1353,11.582,520.0,0.9,1.3,0.25,0.0,90.0,101325,22.0,520.0,0.0,0.0,9.81,0.0,0.0,0.0,23.0,25.0,0,False,False,False,False,False,False,False,False,1,1192,0,0,0,0,0,0,65535,NO_CORAL_DATA,4e 4f 5f 43 4f 52 41 4c 5f 44 41 54 41 00 00 00
2026-07-05T17:37:05.051359+00:00,1783273025.051359,-49,10.25,False,1,2,True,True,True,True,0xDED9,0xDED9,1193,0,0,1700001193,24557594,1,STANDBY,831,True,True,True,True,True,True,False,False,True,True,False,False,False,False,False,False,3700,3.7,3,10,48.1353,11.582,520.0,0.9,1.3,0.25,0.0,90.0,101325,22.0,520.0,0.0,0.0,9.81,0.0,0.0,0.0,23.0,25.0,0,False,False,False,False,False,False,False,False,1,1193,0,0,0,0,0,0,65535,NO_CORAL_DATA,4e 4f 5f 43 4f 52 41 4c 5f 44 41 54 41 00 00 00
2026-07-05T17:37:25.605585+00:00,1783273045.605585,-49,10.25,False,1,2,True,True,True,True,0x1FA5,0x1FA5,1194,0,0,1700001194,24578179,1,STANDBY,831,True,True,True,True,True,True,False,False,True,True,False,False,False,False,False,False,3700,3.7,3,10,48.1353,11.582,520.0,0.9,1.3,0.25,0.0,90.0,101325,22.0,520.0,0.0,0.0,9.81,0.0,0.0,0.0,23.0,25.0,0,False,False,False,False,False,False,False,False,1,1194,0,0,0,0,0,0,65535,NO_CORAL_DATA,4e 4f 5f 43 4f 52 41 4c 5f 44 41 54 41 00 00 00
2026-07-05T17:37:46.132583+00:00,1783273066.132583,-49,10.25,False,1,2,True,True,True,True,0x17D1,0x17D1,1195,0,0,1700001195,24598764,1,STANDBY,831,True,True,True,True,True,True,False,False,True,True,False,False,False,False,False,False,3700,3.7,3,10,48.1353,11.582,520.0,0.9,1.3,0.25,0.0,90.0,101325,22.0,520.0,0.0,0.0,9.81,0.0,0.0,0.0,23.0,25.0,0,False,False,False,False,False,False,False,False,1,1195,0,0,0,0,0,0,65535,NO_CORAL_DATA,4e 4f 5f 43 4f 52 41 4c 5f 44 41 54 41 00 00 00
2026-07-05T17:38:06.678238+00:00,1783273086.678238,-50,10.0,False,1,2,True,True,True,True,0xADD2,0xADD2,1196,0,0,1700001196,24619349,1,STANDBY,831,True,True,True,True,True,True,False,False,True,True,False,False,False,False,False,False,3700,3.7,3,10,48.1353,11.582,520.0,0.9,1.3,0.25,0.0,90.0,101325,22.0,520.0,0.0,0.0,9.81,0.0,0.0,0.0,23.0,25.0,0,False,False,False,False,False,False,False,False,1,1196,0,0,0,0,0,0,65535,NO_CORAL_DATA,4e 4f 5f 43 4f 52 41 4c 5f 44 41 54 41 00 00 00
2026-07-05T17:38:47.831992+00:00,1783273127.831992,-49,10.0,False,1,2,True,True,True,True,0x2492,0x2492,1198,1,1,1700001198,24660519,1,STANDBY,831,True,True,True,True,True,True,False,False,True,True,False,False,False,False,False,False,3700,3.7,3,10,48.1353,11.582,520.0,0.9,1.3,0.25,0.0,90.0,101325,22.0,520.0,0.0,0.0,9.81,0.0,0.0,0.0,23.0,25.0,0,False,False,False,False,False,False,False,False,1,1198,0,0,0,0,0,0,65535,NO_CORAL_DATA,4e 4f 5f 43 4f 52 41 4c 5f 44 41 54 41 00 00 00
2026-07-05T17:39:08.397600+00:00,1783273148.3976,-49,10.5,False,1,2,True,True,True,True,0x2E3E,0x2E3E,1199,0,1,1700001199,24681104,1,STANDBY,831,True,True,True,True,True,True,False,False,True,True,False,False,False,False,False,False,3700,3.7,3,10,48.1353,11.582,520.0,0.9,1.3,0.25,0.0,90.0,101325,22.0,520.0,0.0,0.0,9.81,0.0,0.0,0.0,23.0,25.0,0,False,False,False,False,False,False,False,False,1,1199,0,0,0,0,0,0,65535,NO_CORAL_DATA,4e 4f 5f 43 4f 52 41 4c 5f 44 41 54 41 00 00 00
2026-07-05T17:39:29.346309+00:00,1783273169.346309,-48,10.0,False,1,2,True,True,True,True,0x3320,0x3320,1200,0,1,1700001200,24701689,1,STANDBY,831,True,True,True,True,True,True,False,False,True,True,False,False,False,False,False,False,3700,3.7,3,10,48.1353,11.582,520.0,0.9,1.3,0.25,0.0,90.0,101325,22.0,520.0,0.0,0.0,9.81,0.0,0.0,0.0,23.0,25.0,0,False,False,False,False,False,False,False,False,1,1200,0,0,0,0,0,0,65535,NO_CORAL_DATA,4e 4f 5f 43 4f 52 41 4c 5f 44 41 54 41 00 00 00
2026-07-05T17:39:49.612500+00:00,1783273189.6125,-49,10.25,False,1,2,True,True,True,True,0x6693,0x6693,1201,0,1,1700001201,24722274,1,STANDBY,831,True,True,True,True,True,True,False,False,True,True,False,False,False,False,False,False,3700,3.7,3,10,48.1353,11.582,520.0,0.9,1.3,0.25,0.0,90.0,101325,22.0,520.0,0.0,0.0,9.81,0.0,0.0,0.0,23.0,25.0,0,False,False,False,False,False,False,False,False,1,1201,0,0,0,0,0,0,65535,NO_CORAL_DATA,4e 4f 5f 43 4f 52 41 4c 5f 44 41 54 41 00 00 00
2026-07-05T17:40:09.947937+00:00,1783273209.947937,-49,10.25,False,1,2,True,True,True,True,0x9AEF,0x9AEF,1202,0,1,1700001202,24742859,1,STANDBY,831,True,True,True,True,True,True,False,False,True,True,False,False,False,False,False,False,3700,3.7,3,10,48.1353,11.582,520.0,0.9,1.3,0.25,0.0,90.0,101325,22.0,520.0,0.0,0.0,9.81,0.0,0.0,0.0,23.0,25.0,0,False,False,False,False,False,False,False,False,1,1202,0,0,0,0,0,0,65535,NO_CORAL_DATA,4e 4f 5f 43 4f 52 41 4c 5f 44 41 54 41 00 00 00
2026-07-05T17:40:30.467851+00:00,1783273230.467851,-48,11.5,False,1,2,True,True,True,True,0x7CF1,0x7CF1,1203,0,1,1700001203,24763443,1,STANDBY,831,True,True,True,True,True,True,False,False,True,True,False,False,False,False,False,False,3700,3.7,3,10,48.1353,11.582,520.0,0.9,1.3,0.25,0.0,90.0,101325,22.0,520.0,0.0,0.0,9.81,0.0,0.0,0.0,23.0,25.0,0,False,False,False,False,False,False,False,False,1,1203,0,0,0,0,0,0,65535,NO_CORAL_DATA,4e 4f 5f 43 4f 52 41 4c 5f 44 41 54 41 00 00 00
2026-07-05T17:40:51.017812+00:00,1783273251.017812,-49,10.75,False,1,2,True,True,True,True,0xB539,0xB539,1204,0,1,1700001204,24784028,1,STANDBY,831,True,True,True,True,True,True,False,False,True,True,False,False,False,False,False,False,3700,3.7,3,10,48.1353,11.582,520.0,0.9,1.3,0.25,0.0,90.0,101325,22.0,520.0,0.0,0.0,9.81,0.0,0.0,0.0,23.0,25.0,0,False,False,False,False,False,False,False,False,1,1204,0,0,0,0,0,0,65535,NO_CORAL_DATA,4e 4f 5f 43 4f 52 41 4c 5f 44 41 54 41 00 00 00
2026-07-05T17:41:11.559551+00:00,1783273271.559551,-51,13.75,False,1,2,True,True,True,True,0x1BA8,0x1BA8,1205,0,1,1700001205,24804613,1,STANDBY,831,True,True,True,True,True,True,False,False,True,True,False,False,False,False,False,False,3700,3.7,3,10,48.1353,11.582,520.0,0.9,1.3,0.25,0.0,90.0,101325,22.0,520.0,0.0,0.0,9.81,0.0,0.0,0.0,23.0,25.0,0,False,False,False,False,False,False,False,False,1,1205,0,0,0,0,0,0,65535,NO_CORAL_DATA,4e 4f 5f 43 4f 52 41 4c 5f 44 41 54 41 00 00 00
2026-07-05T17:41:32.114473+00:00,1783273292.114473,-51,14.0,False,1,2,True,True,True,True,0xB033,0xB033,1206,0,1,1700001206,24825198,1,STANDBY,831,True,True,True,True,True,True,False,False,True,True,False,False,False,False,False,False,3700,3.7,3,10,48.1353,11.582,520.0,0.9,1.3,0.25,0.0,90.0,101325,22.0,520.0,0.0,0.0,9.81,0.0,0.0,0.0,23.0,25.0,0,False,False,False,False,False,False,False,False,1,1206,0,0,0,0,0,0,65535,NO_CORAL_DATA,4e 4f 5f 43 4f 52 41 4c 5f 44 41 54 41 00 00 00
2026-07-05T17:41:52.663798+00:00,1783273312.663798,-52,13.5,False,1,2,True,True,True,True,0xCADF,0xCADF,1207,0,1,1700001207,24845783,1,STANDBY,831,True,True,True,True,True,True,False,False,True,True,False,False,False,False,False,False,3700,3.7,3,10,48.1353,11.582,520.0,0.9,1.3,0.25,0.0,90.0,101325,22.0,520.0,0.0,0.0,9.81,0.0,0.0,0.0,23.0,25.0,0,False,False,False,False,False,False,False,False,1,1207,0,0,0,0,0,0,65535,NO_CORAL_DATA,4e 4f 5f 43 4f 52 41 4c 5f 44 41 54 41 00 00 00
2026-07-05T17:42:13.202228+00:00,1783273333.202228,-52,13.25,False,1,2,True,True,True,True,0xA36B,0xA36B,1208,0,1,1700001208,24866368,1,STANDBY,831,True,True,True,True,True,True,False,False,True,True,False,False,False,False,False,False,3700,3.7,3,10,48.1353,11.582,520.0,0.9,1.3,0.25,0.0,90.0,101325,22.0,520.0,0.0,0.0,9.81,0.0,0.0,0.0,23.0,25.0,0,False,False,False,False,False,False,False,False,1,1208,0,0,0,0,0,0,65535,NO_CORAL_DATA,4e 4f 5f 43 4f 52 41 4c 5f 44 41 54 41 00 00 00
2026-07-05T17:42:33.752385+00:00,1783273353.752385,-52,12.75,False,1,2,True,True,True,True,0xC095,0xC095,1209,0,1,1700001209,24886953,1,STANDBY,831,True,True,True,True,True,True,False,False,True,True,False,False,False,False,False,False,3700,3.7,3,10,48.1353,11.582,520.0,0.9,1.3,0.25,0.0,90.0,101325,22.0,520.0,0.0,0.0,9.81,0.0,0.0,0.0,23.0,25.0,0,False,False,False,False,False,False,False,False,1,1209,0,0,0,0,0,0,65535,NO_CORAL_DATA,4e 4f 5f 43 4f 52 41 4c 5f 44 41 54 41 00 00 00
2026-07-05T17:42:54.288301+00:00,1783273374.288301,-52,13.25,False,1,2,True,True,True,True,0x54B2,0x54B2,1210,0,1,1700001210,24907537,1,STANDBY,831,True,True,True,True,True,True,False,False,True,True,False,False,False,False,False,False,3700,3.7,3,10,48.1353,11.582,520.0,0.9,1.3,0.25,0.0,90.0,101325,22.0,520.0,0.0,0.0,9.81,0.0,0.0,0.0,23.0,25.0,0,False,False,False,False,False,False,False,False,1,1210,0,0,0,0,0,0,65535,NO_CORAL_DATA,4e 4f 5f 43 4f 52 41 4c 5f 44 41 54 41 00 00 00
2026-07-05T17:43:14.816128+00:00,1783273394.816128,-53,13.25,False,1,2,True,True,True,True,0x6340,0x6340,1211,0,1,1700001211,24928122,1,STANDBY,831,True,True,True,True,True,True,False,False,True,True,False,False,False,False,False,False,3700,3.7,3,10,48.1353,11.582,520.0,0.9,1.3,0.25,0.0,90.0,101325,22.0,520.0,0.0,0.0,9.81,0.0,0.0,0.0,23.0,25.0,0,False,False,False,False,False,False,False,False,1,1211,0,0,0,0,0,0,65535,NO_CORAL_DATA,4e 4f 5f 43 4f 52 41 4c 5f 44 41 54 41 00 00 00
2026-07-05T17:43:35.359201+00:00,1783273415.359201,-52,13.0,False,1,2,True,True,True,True,0xE9DF,0xE9DF,1212,0,1,1700001212,24948707,1,STANDBY,831,True,True,True,True,True,True,False,False,True,True,False,False,False,False,False,False,3700,3.7,3,10,48.1353,11.582,520.0,0.9,1.3,0.25,0.0,90.0,101325,22.0,520.0,0.0,0.0,9.81,0.0,0.0,0.0,23.0,25.0,0,False,False,False,False,False,False,False,False,1,1212,0,0,0,0,0,0,65535,NO_CORAL_DATA,4e 4f 5f 43 4f 52 41 4c 5f 44 41 54 41 00 00 00
2026-07-05T17:43:55.927348+00:00,1783273435.927348,-52,13.5,False,1,2,True,True,True,True,0xB052,0xB052,1213,0,1,1700001213,24969292,1,STANDBY,831,True,True,True,True,True,True,False,False,True,True,False,False,False,False,False,False,3700,3.7,3,10,48.1353,11.582,520.0,0.9,1.3,0.25,0.0,90.0,101325,22.0,520.0,0.0,0.0,9.81,0.0,0.0,0.0,23.0,25.0,0,False,False,False,False,False,False,False,False,1,1213,0,0,0,0,0,0,65535,NO_CORAL_DATA,4e 4f 5f 43 4f 52 41 4c 5f 44 41 54 41 00 00 00
2026-07-05T17:44:16.462155+00:00,1783273456.462155,-52,13.25,False,1,2,True,True,True,True,0xE6D3,0xE6D3,1214,0,1,1700001214,24989877,1,STANDBY,831,True,True,True,True,True,True,False,False,True,True,False,False,False,False,False,False,3700,3.7,3,10,48.1353,11.582,520.0,0.9,1.3,0.25,0.0,90.0,101325,22.0,520.0,0.0,0.0,9.81,0.0,0.0,0.0,23.0,25.0,0,False,False,False,False,False,False,False,False,1,1214,0,0,0,0,0,0,65535,NO_CORAL_DATA,4e 4f 5f 43 4f 52 41 4c 5f 44 41 54 41 00 00 00
2026-07-05T17:44:36.993429+00:00,1783273476.993429,-52,13.5,False,1,2,True,True,True,True,0xBC9A,0xBC9A,1215,0,1,1700001215,25010462,1,STANDBY,831,True,True,True,True,True,True,False,False,True,True,False,False,False,False,False,False,3700,3.7,3,10,48.1353,11.582,520.0,0.9,1.3,0.25,0.0,90.0,101325,22.0,520.0,0.0,0.0,9.81,0.0,0.0,0.0,23.0,25.0,0,False,False,False,False,False,False,False,False,1,1215,0,0,0,0,0,0,65535,NO_CORAL_DATA,4e 4f 5f 43 4f 52 41 4c 5f 44 41 54 41 00 00 00
2026-07-05T17:44:57.541531+00:00,1783273497.541531,-51,13.75,False,1,2,True,True,True,True,0xD043,0xD043,1216,0,1,1700001216,25031047,1,STANDBY,831,True,True,True,True,True,True,False,False,True,True,False,False,False,False,False,False,3700,3.7,3,10,48.1353,11.582,520.0,0.9,1.3,0.25,0.0,90.0,101325,22.0,520.0,0.0,0.0,9.81,0.0,0.0,0.0,23.0,25.0,0,False,False,False,False,False,False,False,False,1,1216,0,0,0,0,0,0,65535,NO_CORAL_DATA,4e 4f 5f 43 4f 52 41 4c 5f 44 41 54 41 00 00 00
2026-07-05T17:45:18.098464+00:00,1783273518.098464,-52,13.0,False,1,2,True,True,True,True,0xB4DE,0xB4DE,1217,0,1,1700001217,25051632,1,STANDBY,831,True,True,True,True,True,True,False,False,True,True,False,False,False,False,False,False,3700,3.7,3,10,48.1353,11.582,520.0,0.9,1.3,0.25,0.0,90.0,101325,22.0,520.0,0.0,0.0,9.81,0.0,0.0,0.0,23.0,25.0,0,False,False,False,False,False,False,False,False,1,1217,0,0,0,0,0,0,65535,NO_CORAL_DATA,4e 4f 5f 43 4f 52 41 4c 5f 44 41 54 41 00 00 00
2026-07-05T17:45:38.625023+00:00,1783273538.625023,-52,13.0,False,1,2,True,True,True,True,0x6A1A,0x6A1A,1218,0,1,1700001218,25072217,1,STANDBY,831,True,True,True,True,True,True,False,False,True,True,False,False,False,False,False,False,3700,3.7,3,10,48.1353,11.582,520.0,0.9,1.3,0.25,0.0,90.0,101325,22.0,520.0,0.0,0.0,9.81,0.0,0.0,0.0,23.0,25.0,0,False,False,False,False,False,False,False,False,1,1218,0,0,0,0,0,0,65535,NO_CORAL_DATA,4e 4f 5f 43 4f 52 41 4c 5f 44 41 54 41 00 00 00
2026-07-05T17:45:59.178454+00:00,1783273559.178454,-51,13.25,False,1,2,True,True,True,True,0x353F,0x353F,1219,0,1,1700001219,25092802,1,STANDBY,831,True,True,True,True,True,True,False,False,True,True,False,False,False,False,False,False,3700,3.7,3,10,48.1353,11.582,520.0,0.9,1.3,0.25,0.0,90.0,101325,22.0,520.0,0.0,0.0,9.81,0.0,0.0,0.0,23.0,25.0,0,False,False,False,False,False,False,False,False,1,1219,0,0,0,0,0,0,65535,NO_CORAL_DATA,4e 4f 5f 43 4f 52 41 4c 5f 44 41 54 41 00 00 00
2026-07-05T17:46:19.719072+00:00,1783273579.719072,-52,13.0,False,1,2,True,True,True,True,0xA4D4,0xA4D4,1220,0,1,1700001220,25113387,1,STANDBY,831,True,True,True,True,True,True,False,False,True,True,False,False,False,False,False,False,3700,3.7,3,10,48.1353,11.582,520.0,0.9,1.3,0.25,0.0,90.0,101325,22.0,520.0,0.0,0.0,9.81,0.0,0.0,0.0,23.0,25.0,0,False,False,False,False,False,False,False,False,1,1220,0,0,0,0,0,0,65535,NO_CORAL_DATA,4e 4f 5f 43 4f 52 41 4c 5f 44 41 54 41 00 00 00
2026-07-05T17:46:40.257233+00:00,1783273600.257233,-53,13.25,False,1,2,True,True,True,True,0x867A,0x867A,1221,0,1,1700001221,25133972,1,STANDBY,831,True,True,True,True,True,True,False,False,True,True,False,False,False,False,False,False,3700,3.7,3,10,48.1353,11.582,520.0,0.9,1.3,0.25,0.0,90.0,101325,22.0,520.0,0.0,0.0,9.81,0.0,0.0,0.0,23.0,25.0,0,False,False,False,False,False,False,False,False,1,1221,0,0,0,0,0,0,65535,NO_CORAL_DATA,4e 4f 5f 43 4f 52 41 4c 5f 44 41 54 41 00 00 00
2026-07-05T17:47:00.808402+00:00,1783273620.808402,-52,12.75,False,1,2,True,True,True,True,0xAEC4,0xAEC4,1222,0,1,1700001222,25154557,1,STANDBY,831,True,True,True,True,True,True,False,False,True,True,False,False,False,False,False,False,3700,3.7,3,10,48.1353,11.582,520.0,0.9,1.3,0.25,0.0,90.0,101325,22.0,520.0,0.0,0.0,9.81,0.0,0.0,0.0,23.0,25.0,0,False,False,False,False,False,False,False,False,1,1222,0,0,0,0,0,0,65535,NO_CORAL_DATA,4e 4f 5f 43 4f 52 41 4c 5f 44 41 54 41 00 00 00
2026-07-05T17:47:21.349616+00:00,1783273641.349616,-51,13.75,False,1,2,True,True,True,True,0xC4A6,0xC4A6,1223,0,1,1700001223,25175141,1,STANDBY,831,True,True,True,True,True,True,False,False,True,True,False,False,False,False,False,False,3700,3.7,3,10,48.1353,11.582,520.0,0.9,1.3,0.25,0.0,90.0,101325,22.0,520.0,0.0,0.0,9.81,0.0,0.0,0.0,23.0,25.0,0,False,False,False,False,False,False,False,False,1,1223,0,0,0,0,0,0,65535,NO_CORAL_DATA,4e 4f 5f 43 4f 52 41 4c 5f 44 41 54 41 00 00 00
2026-07-05T17:47:41.911701+00:00,1783273661.911701,-52,13.25,False,1,2,True,True,True,True,0xB8DD,0xB8DD,1224,0,1,1700001224,25195726,1,STANDBY,831,True,True,True,True,True,True,False,False,True,True,False,False,False,False,False,False,3700,3.7,3,10,48.1353,11.582,520.0,0.9,1.3,0.25,0.0,90.0,101325,22.0,520.0,0.0,0.0,9.81,0.0,0.0,0.0,23.0,25.0,0,False,False,False,False,False,False,False,False,1,1224,0,0,0,0,0,0,65535,NO_CORAL_DATA,4e 4f 5f 43 4f 52 41 4c 5f 44 41 54 41 00 00 00
2026-07-05T17:48:02.454356+00:00,1783273682.454356,-51,13.0,False,1,2,True,True,True,True,0xAEB8,0xAEB8,1225,0,1,1700001225,25216311,1,STANDBY,831,True,True,True,True,True,True,False,False,True,True,False,False,False,False,False,False,3700,3.7,3,10,48.1353,11.582,520.0,0.9,1.3,0.25,0.0,90.0,101325,22.0,520.0,0.0,0.0,9.81,0.0,0.0,0.0,23.0,25.0,0,False,False,False,False,False,False,False,False,1,1225,0,0,0,0,0,0,65535,NO_CORAL_DATA,4e 4f 5f 43 4f 52 41 4c 5f 44 41 54 41 00 00 00
2026-07-05T17:48:22.988186+00:00,1783273702.988186,-52,13.25,False,1,2,True,True,True,True,0x6783,0x6783,1226,0,1,1700001226,25236896,1,STANDBY,831,True,True,True,True,True,True,False,False,True,True,False,False,False,False,False,False,3700,3.7,3,10,48.1353,11.582,520.0,0.9,1.3,0.25,0.0,90.0,101325,22.0,520.0,0.0,0.0,9.81,0.0,0.0,0.0,23.0,25.0,0,False,False,False,False,False,False,False,False,1,1226,0,0,0,0,0,0,65535,NO_CORAL_DATA,4e 4f 5f 43 4f 52 41 4c 5f 44 41 54 41 00 00 00
2026-07-05T17:48:43.523271+00:00,1783273723.523271,-51,13.25,False,1,2,True,True,True,True,0x40DA,0x40DA,1227,0,1,1700001227,25257481,1,STANDBY,831,True,True,True,True,True,True,False,False,True,True,False,False,False,False,False,False,3700,3.7,3,10,48.1353,11.582,520.0,0.9,1.3,0.25,0.0,90.0,101325,22.0,520.0,0.0,0.0,9.81,0.0,0.0,0.0,23.0,25.0,0,False,False,False,False,False,False,False,False,1,1227,0,0,0,0,0,0,65535,NO_CORAL_DATA,4e 4f 5f 43 4f 52 41 4c 5f 44 41 54 41 00 00 00
2026-07-05T17:49:04.066583+00:00,1783273744.066583,-52,13.25,False,1,2,True,True,True,True,0x4349,0x4349,1228,0,1,1700001228,25278066,1,STANDBY,831,True,True,True,True,True,True,False,False,True,True,False,False,False,False,False,False,3700,3.7,3,10,48.1353,11.582,520.0,0.9,1.3,0.25,0.0,90.0,101325,22.0,520.0,0.0,0.0,9.81,0.0,0.0,0.0,23.0,25.0,0,False,False,False,False,False,False,False,False,1,1228,0,0,0,0,0,0,65535,NO_CORAL_DATA,4e 4f 5f 43 4f 52 41 4c 5f 44 41 54 41 00 00 00
2026-07-05T17:49:24.609089+00:00,1783273764.609089,-53,13.0,False,1,2,True,True,True,True,0xCEA1,0xCEA1,1229,0,1,1700001229,25298651,1,STANDBY,831,True,True,True,True,True,True,False,False,True,True,False,False,False,False,False,False,3700,3.7,3,10,48.1353,11.582,520.0,0.9,1.3,0.25,0.0,90.0,101325,22.0,520.0,0.0,0.0,9.81,0.0,0.0,0.0,23.0,25.0,0,False,False,False,False,False,False,False,False,1,1229,0,0,0,0,0,0,65535,NO_CORAL_DATA,4e 4f 5f 43 4f 52 41 4c 5f 44 41 54 41 00 00 00
2026-07-05T17:49:45.151283+00:00,1783273785.151283,-54,13.25,False,1,2,True,True,True,True,0xE74E,0xE74E,1230,0,1,1700001230,25319235,1,STANDBY,831,True,True,True,True,True,True,False,False,True,True,False,False,False,False,False,False,3700,3.7,3,10,48.1353,11.582,520.0,0.9,1.3,0.25,0.0,90.0,101325,22.0,520.0,0.0,0.0,9.81,0.0,0.0,0.0,23.0,25.0,0,False,False,False,False,False,False,False,False,1,1230,0,0,0,0,0,0,65535,NO_CORAL_DATA,4e 4f 5f 43 4f 52 41 4c 5f 44 41 54 41 00 00 00
2026-07-05T17:50:05.694538+00:00,1783273805.694538,-51,13.25,False,1,2,True,True,True,True,0x960F,0x960F,1231,0,1,1700001231,25339820,1,STANDBY,831,True,True,True,True,True,True,False,False,True,True,False,False,False,False,False,False,3700,3.7,3,10,48.1353,11.582,520.0,0.9,1.3,0.25,0.0,90.0,101325,22.0,520.0,0.0,0.0,9.81,0.0,0.0,0.0,23.0,25.0,0,False,False,False,False,False,False,False,False,1,1231,0,0,0,0,0,0,65535,NO_CORAL_DATA,4e 4f 5f 43 4f 52 41 4c 5f 44 41 54 41 00 00 00
2026-07-05T17:50:26.248238+00:00,1783273826.248238,-52,14.0,False,1,2,True,True,True,True,0xBC98,0xBC98,1232,0,1,1700001232,25360405,1,STANDBY,831,True,True,True,True,True,True,False,False,True,True,False,False,False,False,False,False,3700,3.7,3,10,48.1353,11.582,520.0,0.9,1.3,0.25,0.0,90.0,101325,22.0,520.0,0.0,0.0,9.81,0.0,0.0,0.0,23.0,25.0,0,False,False,False,False,False,False,False,False,1,1232,0,0,0,0,0,0,65535,NO_CORAL_DATA,4e 4f 5f 43 4f 52 41 4c 5f 44 41 54 41 00 00 00
2026-07-05T17:50:46.781295+00:00,1783273846.781295,-52,13.5,False,1,2,True,True,True,True,0x3885,0x3885,1233,0,1,1700001233,25380990,1,STANDBY,831,True,True,True,True,True,True,False,False,True,True,False,False,False,False,False,False,3700,3.7,3,10,48.1353,11.582,520.0,0.9,1.3,0.25,0.0,90.0,101325,22.0,520.0,0.0,0.0,9.81,0.0,0.0,0.0,23.0,25.0,0,False,False,False,False,False,False,False,False,1,1233,0,0,0,0,0,0,65535,NO_CORAL_DATA,4e 4f 5f 43 4f 52 41 4c 5f 44 41 54 41 00 00 00
2026-07-05T17:51:07.339943+00:00,1783273867.339943,-53,13.25,False,1,2,True,True,True,True,0x81FE,0x81FE,1234,0,1,1700001234,25401575,1,STANDBY,831,True,True,True,True,True,True,False,False,True,True,False,False,False,False,False,False,3700,3.7,3,10,48.1353,11.582,520.0,0.9,1.3,0.25,0.0,90.0,101325,22.0,520.0,0.0,0.0,9.81,0.0,0.0,0.0,23.0,25.0,0,False,False,False,False,False,False,False,False,1,1234,0,0,0,0,0,0,65535,NO_CORAL_DATA,4e 4f 5f 43 4f 52 41 4c 5f 44 41 54 41 00 00 00
2026-07-05T17:51:27.864729+00:00,1783273887.864729,-53,13.0,False,1,2,True,True,True,True,0xAECD,0xAECD,1235,0,1,1700001235,25422160,1,STANDBY,831,True,True,True,True,True,True,False,False,True,True,False,False,False,False,False,False,3700,3.7,3,10,48.1353,11.582,520.0,0.9,1.3,0.25,0.0,90.0,101325,22.0,520.0,0.0,0.0,9.81,0.0,0.0,0.0,23.0,25.0,0,False,False,False,False,False,False,False,False,1,1235,0,0,0,0,0,0,65535,NO_CORAL_DATA,4e 4f 5f 43 4f 52 41 4c 5f 44 41 54 41 00 00 00
2026-07-05T17:51:48.410197+00:00,1783273908.410197,-52,13.0,False,1,2,True,True,True,True,0x019D,0x019D,1236,0,1,1700001236,25442745,1,STANDBY,831,True,True,True,True,True,True,False,False,True,True,False,False,False,False,False,False,3700,3.7,3,10,48.1353,11.582,520.0,0.9,1.3,0.25,0.0,90.0,101325,22.0,520.0,0.0,0.0,9.81,0.0,0.0,0.0,23.0,25.0,0,False,False,False,False,False,False,False,False,1,1236,0,0,0,0,0,0,65535,NO_CORAL_DATA,4e 4f 5f 43 4f 52 41 4c 5f 44 41 54 41 00 00 00
2026-07-05T17:52:08.965868+00:00,1783273928.965868,-51,13.25,False,1,2,True,True,True,True,0x8512,0x8512,1237,0,1,1700001237,25463330,1,STANDBY,831,True,True,True,True,True,True,False,False,True,True,False,False,False,False,False,False,3700,3.7,3,10,48.1353,11.582,520.0,0.9,1.3,0.25,0.0,90.0,101325,22.0,520.0,0.0,0.0,9.81,0.0,0.0,0.0,23.0,25.0,0,False,False,False,False,False,False,False,False,1,1237,0,0,0,0,0,0,65535,NO_CORAL_DATA,4e 4f 5f 43 4f 52 41 4c 5f 44 41 54 41 00 00 00
2026-07-05T17:52:29.488252+00:00,1783273949.488252,-52,12.75,False,1,2,True,True,True,True,0xE588,0xE588,1238,0,1,1700001238,25483915,1,STANDBY,831,True,True,True,True,True,True,False,False,True,True,False,False,False,False,False,False,3700,3.7,3,10,48.1353,11.582,520.0,0.9,1.3,0.25,0.0,90.0,101325,22.0,520.0,0.0,0.0,9.81,0.0,0.0,0.0,23.0,25.0,0,False,False,False,False,False,False,False,False,1,1238,0,0,0,0,0,0,65535,NO_CORAL_DATA,4e 4f 5f 43 4f 52 41 4c 5f 44 41 54 41 00 00 00
2026-07-05T17:52:50.058611+00:00,1783273970.058611,-52,13.25,False,1,2,True,True,True,True,0xC5FF,0xC5FF,1239,0,1,1700001239,25504500,1,STANDBY,831,True,True,True,True,True,True,False,False,True,True,False,False,False,False,False,False,3700,3.7,3,10,48.1353,11.582,520.0,0.9,1.3,0.25,0.0,90.0,101325,22.0,520.0,0.0,0.0,9.81,0.0,0.0,0.0,23.0,25.0,0,False,False,False,False,False,False,False,False,1,1239,0,0,0,0,0,0,65535,NO_CORAL_DATA,4e 4f 5f 43 4f 52 41 4c 5f 44 41 54 41 00 00 00
2026-07-05T17:53:10.586488+00:00,1783273990.586488,-53,13.0,False,1,2,True,True,True,True,0x7ACA,0x7ACA,1240,0,1,1700001240,25525085,1,STANDBY,831,True,True,True,True,True,True,False,False,True,True,False,False,False,False,False,False,3700,3.7,3,10,48.1353,11.582,520.0,0.9,1.3,0.25,0.0,90.0,101325,22.0,520.0,0.0,0.0,9.81,0.0,0.0,0.0,23.0,25.0,0,False,False,False,False,False,False,False,False,1,1240,0,0,0,0,0,0,65535,NO_CORAL_DATA,4e 4f 5f 43 4f 52 41 4c 5f 44 41 54 41 00 00 00
2026-07-05T17:53:31.136493+00:00,1783274011.136493,-53,13.5,False,1,2,True,True,True,True,0x8BF3,0x8BF3,1241,0,1,1700001241,25545670,1,STANDBY,831,True,True,True,True,True,True,False,False,True,True,False,False,False,False,False,False,3700,3.7,3,10,48.1353,11.582,520.0,0.9,1.3,0.25,0.0,90.0,101325,22.0,520.0,0.0,0.0,9.81,0.0,0.0,0.0,23.0,25.0,0,False,False,False,False,False,False,False,False,1,1241,0,0,0,0,0,0,65535,NO_CORAL_DATA,4e 4f 5f 43 4f 52 41 4c 5f 44 41 54 41 00 00 00
2026-07-05T17:53:51.680017+00:00,1783274031.680017,-53,12.75,False,1,2,True,True,True,True,0xAE78,0xAE78,1242,0,1,1700001242,25566255,1,STANDBY,831,True,True,True,True,True,True,False,False,True,True,False,False,False,False,False,False,3700,3.7,3,10,48.1353,11.582,520.0,0.9,1.3,0.25,0.0,90.0,101325,22.0,520.0,0.0,0.0,9.81,0.0,0.0,0.0,23.0,25.0,0,False,False,False,False,False,False,False,False,1,1242,0,0,0,0,0,0,65535,NO_CORAL_DATA,4e 4f 5f 43 4f 52 41 4c 5f 44 41 54 41 00 00 00
2026-07-05T17:54:12.215434+00:00,1783274052.215434,-51,13.0,False,1,2,True,True,True,True,0x5DC6,0x5DC6,1243,0,1,1700001243,25586840,1,STANDBY,831,True,True,True,True,True,True,False,False,True,True,False,False,False,False,False,False,3700,3.7,3,10,48.1353,11.582,520.0,0.9,1.3,0.25,0.0,90.0,101325,22.0,520.0,0.0,0.0,9.81,0.0,0.0,0.0,23.0,25.0,0,False,False,False,False,False,False,False,False,1,1243,0,0,0,0,0,0,65535,NO_CORAL_DATA,4e 4f 5f 43 4f 52 41 4c 5f 44 41 54 41 00 00 00
2026-07-05T17:54:32.762665+00:00,1783274072.762665,-52,13.25,False,1,2,True,True,True,True,0x392E,0x392E,1244,0,1,1700001244,25607425,1,STANDBY,831,True,True,True,True,True,True,False,False,True,True,False,False,False,False,False,False,3700,3.7,3,10,48.1353,11.582,520.0,0.9,1.3,0.25,0.0,90.0,101325,22.0,520.0,0.0,0.0,9.81,0.0,0.0,0.0,23.0,25.0,0,False,False,False,False,False,False,False,False,1,1244,0,0,0,0,0,0,65535,NO_CORAL_DATA,4e 4f 5f 43 4f 52 41 4c 5f 44 41 54 41 00 00 00
2026-07-05T17:54:53.294097+00:00,1783274093.294097,-51,14.0,False,1,2,True,True,True,True,0xBD33,0xBD33,1245,0,1,1700001245,25628010,1,STANDBY,831,True,True,True,True,True,True,False,False,True,True,False,False,False,False,False,False,3700,3.7,3,10,48.1353,11.582,520.0,0.9,1.3,0.25,0.0,90.0,101325,22.0,520.0,0.0,0.0,9.81,0.0,0.0,0.0,23.0,25.0,0,False,False,False,False,False,False,False,False,1,1245,0,0,0,0,0,0,65535,NO_CORAL_DATA,4e 4f 5f 43 4f 52 41 4c 5f 44 41 54 41 00 00 00
2026-07-05T17:55:13.848867+00:00,1783274113.848867,-51,13.5,False,1,2,True,True,True,True,0x23B1,0x23B1,1246,0,1,1700001246,25648595,1,STANDBY,831,True,True,True,True,True,True,False,False,True,True,False,False,False,False,False,False,3700,3.7,3,10,48.1353,11.582,520.0,0.9,1.3,0.25,0.0,90.0,101325,22.0,520.0,0.0,0.0,9.81,0.0,0.0,0.0,23.0,25.0,0,False,False,False,False,False,False,False,False,1,1246,0,0,0,0,0,0,65535,NO_CORAL_DATA,4e 4f 5f 43 4f 52 41 4c 5f 44 41 54 41 00 00 00
2026-07-05T17:55:34.400958+00:00,1783274134.400958,-52,13.0,False,1,2,True,True,True,True,0x2746,0x2746,1247,0,1,1700001247,25669180,1,STANDBY,831,True,True,True,True,True,True,False,False,True,True,False,False,False,False,False,False,3700,3.7,3,10,48.1353,11.582,520.0,0.9,1.3,0.25,0.0,90.0,101325,22.0,520.0,0.0,0.0,9.81,0.0,0.0,0.0,23.0,25.0,0,False,False,False,False,False,False,False,False,1,1247,0,0,0,0,0,0,65535,NO_CORAL_DATA,4e 4f 5f 43 4f 52 41 4c 5f 44 41 54 41 00 00 00
2026-07-05T17:55:54.940821+00:00,1783274154.940821,-52,13.5,False,1,2,True,True,True,True,0x5A7F,0x5A7F,1248,0,1,1700001248,25689765,1,STANDBY,831,True,True,True,True,True,True,False,False,True,True,False,False,False,False,False,False,3700,3.7,3,10,48.1353,11.582,520.0,0.9,1.3,0.25,0.0,90.0,101325,22.0,520.0,0.0,0.0,9.81,0.0,0.0,0.0,23.0,25.0,0,False,False,False,False,False,False,False,False,1,1248,0,0,0,0,0,0,65535,NO_CORAL_DATA,4e 4f 5f 43 4f 52 41 4c 5f 44 41 54 41 00 00 00
2026-07-05T17:56:15.482282+00:00,1783274175.482282,-51,13.25,False,1,2,True,True,True,True,0xC094,0xC094,1249,0,1,1700001249,25710350,1,STANDBY,831,True,True,True,True,True,True,False,False,True,True,False,False,False,False,False,False,3700,3.7,3,10,48.1353,11.582,520.0,0.9,1.3,0.25,0.0,90.0,101325,22.0,520.0,0.0,0.0,9.81,0.0,0.0,0.0,23.0,25.0,0,False,False,False,False,False,False,False,False,1,1249,0,0,0,0,0,0,65535,NO_CORAL_DATA,4e 4f 5f 43 4f 52 41 4c 5f 44 41 54 41 00 00 00
2026-07-05T17:56:36.031037+00:00,1783274196.031037,-51,13.5,False,1,2,True,True,True,True,0xDDDA,0xDDDA,1250,0,1,1700001250,25730935,1,STANDBY,831,True,True,True,True,True,True,False,False,True,True,False,False,False,False,False,False,3700,3.7,3,10,48.1353,11.582,520.0,0.9,1.3,0.25,0.0,90.0,101325,22.0,520.0,0.0,0.0,9.81,0.0,0.0,0.0,23.0,25.0,0,False,False,False,False,False,False,False,False,1,1250,0,0,0,0,0,0,65535,NO_CORAL_DATA,4e 4f 5f 43 4f 52 41 4c 5f 44 41 54 41 00 00 00
2026-07-05T17:56:56.569787+00:00,1783274216.569787,-52,13.5,False,1,2,True,True,True,True,0xC275,0xC275,1251,0,1,1700001251,25751520,1,STANDBY,831,True,True,True,True,True,True,False,False,True,True,False,False,False,False,False,False,3700,3.7,3,10,48.1353,11.582,520.0,0.9,1.3,0.25,0.0,90.0,101325,22.0,520.0,0.0,0.0,9.81,0.0,0.0,0.0,23.0,25.0,0,False,False,False,False,False,False,False,False,1,1251,0,0,0,0,0,0,65535,NO_CORAL_DATA,4e 4f 5f 43 4f 52 41 4c 5f 44 41 54 41 00 00 00
2026-07-05T17:57:17.126710+00:00,1783274237.12671,-52,13.25,False,1,2,True,True,True,True,0xBA2C,0xBA2C,1252,0,1,1700001252,25772105,1,STANDBY,831,True,True,True,True,True,True,False,False,True,True,False,False,False,False,False,False,3700,3.7,3,10,48.1353,11.582,520.0,0.9,1.3,0.25,0.0,90.0,101325,22.0,520.0,0.0,0.0,9.81,0.0,0.0,0.0,23.0,25.0,0,False,False,False,False,False,False,False,False,1,1252,0,0,0,0,0,0,65535,NO_CORAL_DATA,4e 4f 5f 43 4f 52 41 4c 5f 44 41 54 41 00 00 00
2026-07-05T17:57:37.663763+00:00,1783274257.663763,-52,13.25,False,1,2,True,True,True,True,0x3809,0x3809,1253,0,1,1700001253,25792690,1,STANDBY,831,True,True,True,True,True,True,False,False,True,True,False,False,False,False,False,False,3700,3.7,3,10,48.1353,11.582,520.0,0.9,1.3,0.25,0.0,90.0,101325,22.0,520.0,0.0,0.0,9.81,0.0,0.0,0.0,23.0,25.0,0,False,False,False,False,False,False,False,False,1,1253,0,0,0,0,0,0,65535,NO_CORAL_DATA,4e 4f 5f 43 4f 52 41 4c 5f 44 41 54 41 00 00 00
2026-07-05T17:57:58.223580+00:00,1783274278.22358,-52,12.75,False,1,2,True,True,True,True,0xB6E4,0xB6E4,1254,0,1,1700001254,25813275,1,STANDBY,831,True,True,True,True,True,True,False,False,True,True,False,False,False,False,False,False,3700,3.7,3,10,48.1353,11.582,520.0,0.9,1.3,0.25,0.0,90.0,101325,22.0,520.0,0.0,0.0,9.81,0.0,0.0,0.0,23.0,25.0,0,False,False,False,False,False,False,False,False,1,1254,0,0,0,0,0,0,65535,NO_CORAL_DATA,4e 4f 5f 43 4f 52 41 4c 5f 44 41 54 41 00 00 00
2026-07-05T17:58:18.751313+00:00,1783274298.751313,-52,13.25,False,1,2,True,True,True,True,0x5E4E,0x5E4E,1255,0,1,1700001255,25833860,1,STANDBY,831,True,True,True,True,True,True,False,False,True,True,False,False,False,False,False,False,3700,3.7,3,10,48.1353,11.582,520.0,0.9,1.3,0.25,0.0,90.0,101325,22.0,520.0,0.0,0.0,9.81,0.0,0.0,0.0,23.0,25.0,0,False,False,False,False,False,False,False,False,1,1255,0,0,0,0,0,0,65535,NO_CORAL_DATA,4e 4f 5f 43 4f 52 41 4c 5f 44 41 54 41 00 00 00
2026-07-05T17:58:39.300213+00:00,1783274319.300213,-53,13.25,False,1,2,True,True,True,True,0xE934,0xE934,1256,0,1,1700001256,25854445,1,STANDBY,831,True,True,True,True,True,True,False,False,True,True,False,False,False,False,False,False,3700,3.7,3,10,48.1353,11.582,520.0,0.9,1.3,0.25,0.0,90.0,101325,22.0,520.0,0.0,0.0,9.81,0.0,0.0,0.0,23.0,25.0,0,False,False,False,False,False,False,False,False,1,1256,0,0,0,0,0,0,65535,NO_CORAL_DATA,4e 4f 5f 43 4f 52 41 4c 5f 44 41 54 41 00 00 00
2026-07-05T17:58:59.835742+00:00,1783274339.835742,-51,13.25,False,1,2,True,True,True,True,0x1D4C,0x1D4C,1257,0,1,1700001257,25875030,1,STANDBY,831,True,True,True,True,True,True,False,False,True,True,False,False,False,False,False,False,3700,3.7,3,10,48.1353,11.582,520.0,0.9,1.3,0.25,0.0,90.0,101325,22.0,520.0,0.0,0.0,9.81,0.0,0.0,0.0,23.0,25.0,0,False,False,False,False,False,False,False,False,1,1257,0,0,0,0,0,0,65535,NO_CORAL_DATA,4e 4f 5f 43 4f 52 41 4c 5f 44 41 54 41 00 00 00
2026-07-05T17:59:20.387359+00:00,1783274360.387359,-52,13.5,False,1,2,True,True,True,True,0x63CE,0x63CE,1258,0,1,1700001258,25895615,1,STANDBY,831,True,True,True,True,True,True,False,False,True,True,False,False,False,False,False,False,3700,3.7,3,10,48.1353,11.582,520.0,0.9,1.3,0.25,0.0,90.0,101325,22.0,520.0,0.0,0.0,9.81,0.0,0.0,0.0,23.0,25.0,0,False,False,False,False,False,False,False,False,1,1258,0,0,0,0,0,0,65535,NO_CORAL_DATA,4e 4f 5f 43 4f 52 41 4c 5f 44 41 54 41 00 00 00
2026-07-05T17:59:40.933278+00:00,1783274380.933278,-51,13.75,False,1,2,True,True,True,True,0x9216,0x9216,1259,0,1,1700001259,25916200,1,STANDBY,831,True,True,True,True,True,True,False,False,True,True,False,False,False,False,False,False,3700,3.7,3,10,48.1353,11.582,520.0,0.9,1.3,0.25,0.0,90.0,101325,22.0,520.0,0.0,0.0,9.81,0.0,0.0,0.0,23.0,25.0,0,False,False,False,False,False,False,False,False,1,1259,0,0,0,0,0,0,65535,NO_CORAL_DATA,4e 4f 5f 43 4f 52 41 4c 5f 44 41 54 41 00 00 00
2026-07-05T18:00:01.463782+00:00,1783274401.463782,-53,13.25,False,1,2,True,True,True,True,0x916C,0x916C,1260,0,1,1700001260,25936785,1,STANDBY,831,True,True,True,True,True,True,False,False,True,True,False,False,False,False,False,False,3700,3.7,3,10,48.1353,11.582,520.0,0.9,1.3,0.25,0.0,90.0,101325,22.0,520.0,0.0,0.0,9.81,0.0,0.0,0.0,23.0,25.0,0,False,False,False,False,False,False,False,False,1,1260,0,0,0,0,0,0,65535,NO_CORAL_DATA,4e 4f 5f 43 4f 52 41 4c 5f 44 41 54 41 00 00 00
2026-07-05T18:00:22.021120+00:00,1783274422.02112,-52,13.25,False,1,2,True,True,True,True,0xA049,0xA049,1261,0,1,1700001261,25957370,1,STANDBY,831,True,True,True,True,True,True,False,False,True,True,False,False,False,False,False,False,3700,3.7,3,10,48.1353,11.582,520.0,0.9,1.3,0.25,0.0,90.0,101325,22.0,520.0,0.0,0.0,9.81,0.0,0.0,0.0,23.0,25.0,0,False,False,False,False,False,False,False,False,1,1261,0,0,0,0,0,0,65535,NO_CORAL_DATA,4e 4f 5f 43 4f 52 41 4c 5f 44 41 54 41 00 00 00
2026-07-05T18:00:42.549863+00:00,1783274442.549863,-51,13.5,False,1,2,True,True,True,True,0xD7C1,0xD7C1,1262,0,1,1700001262,25977955,1,STANDBY,831,True,True,True,True,True,True,False,False,True,True,False,False,False,False,False,False,3700,3.7,3,10,48.1353,11.582,520.0,0.9,1.3,0.25,0.0,90.0,101325,22.0,520.0,0.0,0.0,9.81,0.0,0.0,0.0,23.0,25.0,0,False,False,False,False,False,False,False,False,1,1262,0,0,0,0,0,0,65535,NO_CORAL_DATA,4e 4f 5f 43 4f 52 41 4c 5f 44 41 54 41 00 00 00
2026-07-05T18:01:03.109147+00:00,1783274463.109147,-52,12.75,False,1,2,True,True,True,True,0x5C79,0x5C79,1263,0,1,1700001263,25998540,1,STANDBY,831,True,True,True,True,True,True,False,False,True,True,False,False,False,False,False,False,3700,3.7,3,10,48.1353,11.582,520.0,0.9,1.3,0.25,0.0,90.0,101325,22.0,520.0,0.0,0.0,9.81,0.0,0.0,0.0,23.0,25.0,0,False,False,False,False,False,False,False,False,1,1263,0,0,0,0,0,0,65535,NO_CORAL_DATA,4e 4f 5f 43 4f 52 41 4c 5f 44 41 54 41 00 00 00
2026-07-05T18:01:23.647598+00:00,1783274483.647598,-50,10.0,False,1,2,True,True,True,True,0x62C0,0x62C0,1264,0,1,1700001264,26019125,1,STANDBY,831,True,True,True,True,True,True,False,False,True,True,False,False,False,False,False,False,3700,3.7,3,10,48.1353,11.582,520.0,0.9,1.3,0.25,0.0,90.0,101325,22.0,520.0,0.0,0.0,9.81,0.0,0.0,0.0,23.0,25.0,0,False,False,False,False,False,False,False,False,1,1264,0,0,0,0,0,0,65535,NO_CORAL_DATA,4e 4f 5f 43 4f 52 41 4c 5f 44 41 54 41 00 00 00
2026-07-05T18:01:44.191842+00:00,1783274504.191842,-49,10.25,False,1,2,True,True,True,True,0x1D16,0x1D16,1265,0,1,1700001265,26039710,1,STANDBY,831,True,True,True,True,True,True,False,False,True,True,False,False,False,False,False,False,3700,3.7,3,10,48.1353,11.582,520.0,0.9,1.3,0.25,0.0,90.0,101325,22.0,520.0,0.0,0.0,9.81,0.0,0.0,0.0,23.0,25.0,0,False,False,False,False,False,False,False,False,1,1265,0,0,0,0,0,0,65535,NO_CORAL_DATA,4e 4f 5f 43 4f 52 41 4c 5f 44 41 54 41 00 00 00
2026-07-05T18:02:04.732116+00:00,1783274524.732116,-49,9.75,False,1,2,True,True,True,True,0xE321,0xE321,1266,0,1,1700001266,26060295,1,STANDBY,831,True,True,True,True,True,True,False,False,True,True,False,False,False,False,False,False,3700,3.7,3,10,48.1353,11.582,520.0,0.9,1.3,0.25,0.0,90.0,101325,22.0,520.0,0.0,0.0,9.81,0.0,0.0,0.0,23.0,25.0,0,False,False,False,False,False,False,False,False,1,1266,0,0,0,0,0,0,65535,NO_CORAL_DATA,4e 4f 5f 43 4f 52 41 4c 5f 44 41 54 41 00 00 00
2026-07-05T18:02:25.273284+00:00,1783274545.273284,-50,10.0,False,1,2,True,True,True,True,0x6A41,0x6A41,1267,0,1,1700001267,26080880,1,STANDBY,831,True,True,True,True,True,True,False,False,True,True,False,False,False,False,False,False,3700,3.7,3,10,48.1353,11.582,520.0,0.9,1.3,0.25,0.0,90.0,101325,22.0,520.0,0.0,0.0,9.81,0.0,0.0,0.0,23.0,25.0,0,False,False,False,False,False,False,False,False,1,1267,0,0,0,0,0,0,65535,NO_CORAL_DATA,4e 4f 5f 43 4f 52 41 4c 5f 44 41 54 41 00 00 00
2026-07-05T18:02:45.828982+00:00,1783274565.828982,-50,10.0,False,1,2,True,True,True,True,0xE638,0xE638,1268,0,1,1700001268,26101465,1,STANDBY,831,True,True,True,True,True,True,False,False,True,True,False,False,False,False,False,False,3700,3.7,3,10,48.1353,11.582,520.0,0.9,1.3,0.25,0.0,90.0,101325,22.0,520.0,0.0,0.0,9.81,0.0,0.0,0.0,23.0,25.0,0,False,False,False,False,False,False,False,False,1,1268,0,0,0,0,0,0,65535,NO_CORAL_DATA,4e 4f 5f 43 4f 52 41 4c 5f 44 41 54 41 00 00 00
2026-07-05T18:03:06.377427+00:00,1783274586.377427,-49,10.25,False,1,2,True,True,True,True,0x9C82,0x9C82,1269,0,1,1700001269,26122050,1,STANDBY,831,True,True,True,True,True,True,False,False,True,True,False,False,False,False,False,False,3700,3.7,3,10,48.1353,11.582,520.0,0.9,1.3,0.25,0.0,90.0,101325,22.0,520.0,0.0,0.0,9.81,0.0,0.0,0.0,23.0,25.0,0,False,False,False,False,False,False,False,False,1,1269,0,0,0,0,0,0,65535,NO_CORAL_DATA,4e 4f 5f 43 4f 52 41 4c 5f 44 41 54 41 00 00 00
2026-07-05T18:03:26.906327+00:00,1783274606.906327,-49,12.75,False,1,2,True,True,True,True,0x06E1,0x06E1,1270,0,1,1700001270,26142635,1,STANDBY,831,True,True,True,True,True,True,False,False,True,True,False,False,False,False,False,False,3700,3.7,3,10,48.1353,11.582,520.0,0.9,1.3,0.25,0.0,90.0,101325,22.0,520.0,0.0,0.0,9.81,0.0,0.0,0.0,23.0,25.0,0,False,False,False,False,False,False,False,False,1,1270,0,0,0,0,0,0,65535,NO_CORAL_DATA,4e 4f 5f 43 4f 52 41 4c 5f 44 41 54 41 00 00 00
2026-07-05T18:03:47.441520+00:00,1783274627.44152,-49,10.75,False,1,2,True,True,True,True,0xEF07,0xEF07,1271,0,1,1700001271,26163220,1,STANDBY,831,True,True,True,True,True,True,False,False,True,True,False,False,False,False,False,False,3700,3.7,3,10,48.1353,11.582,520.0,0.9,1.3,0.25,0.0,90.0,101325,22.0,520.0,0.0,0.0,9.81,0.0,0.0,0.0,23.0,25.0,0,False,False,False,False,False,False,False,False,1,1271,0,0,0,0,0,0,65535,NO_CORAL_DATA,4e 4f 5f 43 4f 52 41 4c 5f 44 41 54 41 00 00 00
2026-07-05T18:04:07.996835+00:00,1783274647.996835,-49,11.0,False,1,2,True,True,True,True,0x587D,0x587D,1272,0,1,1700001272,26183805,1,STANDBY,831,True,True,True,True,True,True,False,False,True,True,False,False,False,False,False,False,3700,3.7,3,10,48.1353,11.582,520.0,0.9,1.3,0.25,0.0,90.0,101325,22.0,520.0,0.0,0.0,9.81,0.0,0.0,0.0,23.0,25.0,0,False,False,False,False,False,False,False,False,1,1272,0,0,0,0,0,0,65535,NO_CORAL_DATA,4e 4f 5f 43 4f 52 41 4c 5f 44 41 54 41 00 00 00
2026-07-05T18:04:28.544845+00:00,1783274668.544845,-48,11.0,False,1,2,True,True,True,True,0x35A2,0x35A2,1273,0,1,1700001273,26204390,1,STANDBY,831,True,True,True,True,True,True,False,False,True,True,False,False,False,False,False,False,3700,3.7,3,10,48.1353,11.582,520.0,0.9,1.3,0.25,0.0,90.0,101325,22.0,520.0,0.0,0.0,9.81,0.0,0.0,0.0,23.0,25.0,0,False,False,False,False,False,False,False,False,1,1273,0,0,0,0,0,0,65535,NO_CORAL_DATA,4e 4f 5f 43 4f 52 41 4c 5f 44 41 54 41 00 00 00
2026-07-05T18:04:49.080740+00:00,1783274689.08074,-49,10.75,False,1,2,True,True,True,True,0x0523,0x0523,1274,0,1,1700001274,26224975,1,STANDBY,831,True,True,True,True,True,True,False,False,True,True,False,False,False,False,False,False,3700,3.7,3,10,48.1353,11.582,520.0,0.9,1.3,0.25,0.0,90.0,101325,22.0,520.0,0.0,0.0,9.81,0.0,0.0,0.0,23.0,25.0,0,False,False,False,False,False,False,False,False,1,1274,0,0,0,0,0,0,65535,NO_CORAL_DATA,4e 4f 5f 43 4f 52 41 4c 5f 44 41 54 41 00 00 00
2026-07-05T18:05:09.619807+00:00,1783274709.619807,-49,10.25,False,1,2,True,True,True,True,0x0C64,0x0C64,1275,0,1,1700001275,26245560,1,STANDBY,831,True,True,True,True,True,True,False,False,True,True,False,False,False,False,False,False,3700,3.7,3,10,48.1353,11.582,520.0,0.9,1.3,0.25,0.0,90.0,101325,22.0,520.0,0.0,0.0,9.81,0.0,0.0,0.0,23.0,25.0,0,False,False,False,False,False,False,False,False,1,1275,0,0,0,0,0,0,65535,NO_CORAL_DATA,4e 4f 5f 43 4f 52 41 4c 5f 44 41 54 41 00 00 00
2026-07-05T18:05:30.155565+00:00,1783274730.155565,-49,10.25,False,1,2,True,True,True,True,0x96B9,0x96B9,1276,0,1,1700001276,26266145,1,STANDBY,831,True,True,True,True,True,True,False,False,True,True,False,False,False,False,False,False,3700,3.7,3,10,48.1353,11.582,520.0,0.9,1.3,0.25,0.0,90.0,101325,22.0,520.0,0.0,0.0,9.81,0.0,0.0,0.0,23.0,25.0,0,False,False,False,False,False,False,False,False,1,1276,0,0,0,0,0,0,65535,NO_CORAL_DATA,4e 4f 5f 43 4f 52 41 4c 5f 44 41 54 41 00 00 00
2026-07-05T18:05:50.708848+00:00,1783274750.708848,-48,10.0,False,1,2,True,True,True,True,0x0D8E,0x0D8E,1277,0,1,1700001277,26286730,1,STANDBY,831,True,True,True,True,True,True,False,False,True,True,False,False,False,False,False,False,3700,3.7,3,10,48.1353,11.582,520.0,0.9,1.3,0.25,0.0,90.0,101325,22.0,520.0,0.0,0.0,9.81,0.0,0.0,0.0,23.0,25.0,0,False,False,False,False,False,False,False,False,1,1277,0,0,0,0,0,0,65535,NO_CORAL_DATA,4e 4f 5f 43 4f 52 41 4c 5f 44 41 54 41 00 00 00
2026-07-05T18:06:11.264762+00:00,1783274771.264762,-49,10.0,False,1,2,True,True,True,True,0xE9D2,0xE9D2,1278,0,1,1700001278,26307315,1,STANDBY,831,True,True,True,True,True,True,False,False,True,True,False,False,False,False,False,False,3700,3.7,3,10,48.1353,11.582,520.0,0.9,1.3,0.25,0.0,90.0,101325,22.0,520.0,0.0,0.0,9.81,0.0,0.0,0.0,23.0,25.0,0,False,False,False,False,False,False,False,False,1,1278,0,0,0,0,0,0,65535,NO_CORAL_DATA,4e 4f 5f 43 4f 52 41 4c 5f 44 41 54 41 00 00 00
2026-07-05T18:06:31.802987+00:00,1783274791.802987,-49,10.0,False,1,2,True,True,True,True,0xBEE7,0xBEE7,1279,0,1,1700001279,26327900,1,STANDBY,831,True,True,True,True,True,True,False,False,True,True,False,False,False,False,False,False,3700,3.7,3,10,48.1353,11.582,520.0,0.9,1.3,0.25,0.0,90.0,101325,22.0,520.0,0.0,0.0,9.81,0.0,0.0,0.0,23.0,25.0,0,False,False,False,False,False,False,False,False,1,1279,0,0,0,0,0,0,65535,NO_CORAL_DATA,4e 4f 5f 43 4f 52 41 4c 5f 44 41 54 41 00 00 00
2026-07-05T18:06:52.335018+00:00,1783274812.335018,-50,10.0,False,1,2,True,True,True,True,0x8CB8,0x8CB8,1280,0,1,1700001280,26348485,1,STANDBY,831,True,True,True,True,True,True,False,False,True,True,False,False,False,False,False,False,3700,3.7,3,10,48.1353,11.582,520.0,0.9,1.3,0.25,0.0,90.0,101325,22.0,520.0,0.0,0.0,9.81,0.0,0.0,0.0,23.0,25.0,0,False,False,False,False,False,False,False,False,1,1280,0,0,0,0,0,0,65535,NO_CORAL_DATA,4e 4f 5f 43 4f 52 41 4c 5f 44 41 54 41 00 00 00
2026-07-05T18:07:12.895626+00:00,1783274832.895626,-49,10.0,False,1,2,True,True,True,True,0x0C8C,0x0C8C,1281,0,1,1700001281,26369070,1,STANDBY,831,True,True,True,True,True,True,False,False,True,True,False,False,False,False,False,False,3700,3.7,3,10,48.1353,11.582,520.0,0.9,1.3,0.25,0.0,90.0,101325,22.0,520.0,0.0,0.0,9.81,0.0,0.0,0.0,23.0,25.0,0,False,False,False,False,False,False,False,False,1,1281,0,0,0,0,0,0,65535,NO_CORAL_DATA,4e 4f 5f 43 4f 52 41 4c 5f 44 41 54 41 00 00 00
2026-07-05T18:07:33.417640+00:00,1783274853.41764,-50,9.75,False,1,2,True,True,True,True,0x6B1C,0x6B1C,1282,0,1,1700001282,26389655,1,STANDBY,831,True,True,True,True,True,True,False,False,True,True,False,False,False,False,False,False,3700,3.7,3,10,48.1353,11.582,520.0,0.9,1.3,0.25,0.0,90.0,101325,22.0,520.0,0.0,0.0,9.81,0.0,0.0,0.0,23.0,25.0,0,False,False,False,False,False,False,False,False,1,1282,0,0,0,0,0,0,65535,NO_CORAL_DATA,4e 4f 5f 43 4f 52 41 4c 5f 44 41 54 41 00 00 00
2026-07-05T18:07:53.979823+00:00,1783274873.979823,-49,10.0,False,1,2,True,True,True,True,0x9AC4,0x9AC4,1283,0,1,1700001283,26410240,1,STANDBY,831,True,True,True,True,True,True,False,False,True,True,False,False,False,False,False,False,3700,3.7,3,10,48.1353,11.582,520.0,0.9,1.3,0.25,0.0,90.0,101325,22.0,520.0,0.0,0.0,9.81,0.0,0.0,0.0,23.0,25.0,0,False,False,False,False,False,False,False,False,1,1283,0,0,0,0,0,0,65535,NO_CORAL_DATA,4e 4f 5f 43 4f 52 41 4c 5f 44 41 54 41 00 00 00
2026-07-05T18:08:14.520680+00:00,1783274894.52068,-49,10.75,False,1,2,True,True,True,True,0x008B,0x008B,1284,0,1,1700001284,26430825,1,STANDBY,831,True,True,True,True,True,True,False,False,True,True,False,False,False,False,False,False,3700,3.7,3,10,48.1353,11.582,520.0,0.9,1.3,0.25,0.0,90.0,101325,22.0,520.0,0.0,0.0,9.81,0.0,0.0,0.0,23.0,25.0,0,False,False,False,False,False,False,False,False,1,1284,0,0,0,0,0,0,65535,NO_CORAL_DATA,4e 4f 5f 43 4f 52 41 4c 5f 44 41 54 41 00 00 00
2026-07-05T18:08:35.067879+00:00,1783274915.067879,-50,10.0,False,1,2,True,True,True,True,0x4AAD,0x4AAD,1285,0,1,1700001285,26451410,1,STANDBY,831,True,True,True,True,True,True,False,False,True,True,False,False,False,False,False,False,3700,3.7,3,10,48.1353,11.582,520.0,0.9,1.3,0.25,0.0,90.0,101325,22.0,520.0,0.0,0.0,9.81,0.0,0.0,0.0,23.0,25.0,0,False,False,False,False,False,False,False,False,1,1285,0,0,0,0,0,0,65535,NO_CORAL_DATA,4e 4f 5f 43 4f 52 41 4c 5f 44 41 54 41 00 00 00
2026-07-05T18:08:55.589333+00:00,1783274935.589333,-50,10.75,False,1,2,True,True,True,True,0xA578,0xA578,1286,0,1,1700001286,26471995,1,STANDBY,831,True,True,True,True,True,True,False,False,True,True,False,False,False,False,False,False,3700,3.7,3,10,48.1353,11.582,520.0,0.9,1.3,0.25,0.0,90.0,101325,22.0,520.0,0.0,0.0,9.81,0.0,0.0,0.0,23.0,25.0,0,False,False,False,False,False,False,False,False,1,1286,0,0,0,0,0,0,65535,NO_CORAL_DATA,4e 4f 5f 43 4f 52 41 4c 5f 44 41 54 41 00 00 00
2026-07-05T18:09:16.144985+00:00,1783274956.144985,-49,10.25,False,1,2,True,True,True,True,0xF1F6,0xF1F6,1287,0,1,1700001287,26492580,1,STANDBY,831,True,True,True,True,True,True,False,False,True,True,False,False,False,False,False,False,3700,3.7,3,10,48.1353,11.582,520.0,0.9,1.3,0.25,0.0,90.0,101325,22.0,520.0,0.0,0.0,9.81,0.0,0.0,0.0,23.0,25.0,0,False,False,False,False,False,False,False,False,1,1287,0,0,0,0,0,0,65535,NO_CORAL_DATA,4e 4f 5f 43 4f 52 41 4c 5f 44 41 54 41 00 00 00
2026-07-05T18:09:36.679368+00:00,1783274976.679368,-50,10.0,False,1,2,True,True,True,True,0xD225,0xD225,1288,0,1,1700001288,26513165,1,STANDBY,831,True,True,True,True,True,True,False,False,True,True,False,False,False,False,False,False,3700,3.7,3,10,48.1353,11.582,520.0,0.9,1.3,0.25,0.0,90.0,101325,22.0,520.0,0.0,0.0,9.81,0.0,0.0,0.0,23.0,25.0,0,False,False,False,False,False,False,False,False,1,1288,0,0,0,0,0,0,65535,NO_CORAL_DATA,4e 4f 5f 43 4f 52 41 4c 5f 44 41 54 41 00 00 00
2026-07-05T18:09:57.223018+00:00,1783274997.223018,-49,11.0,False,1,2,True,True,True,True,0x1BCF,0x1BCF,1289,0,1,1700001289,26533750,1,STANDBY,831,True,True,True,True,True,True,False,False,True,True,False,False,False,False,False,False,3700,3.7,3,10,48.1353,11.582,520.0,0.9,1.3,0.25,0.0,90.0,101325,22.0,520.0,0.0,0.0,9.81,0.0,0.0,0.0,23.0,25.0,0,False,False,False,False,False,False,False,False,1,1289,0,0,0,0,0,0,65535,NO_CORAL_DATA,4e 4f 5f 43 4f 52 41 4c 5f 44 41 54 41 00 00 00
2026-07-05T18:10:17.774279+00:00,1783275017.774279,-50,10.0,False,1,2,True,True,True,True,0xAD4E,0xAD4E,1290,0,1,1700001290,26554335,1,STANDBY,831,True,True,True,True,True,True,False,False,True,True,False,False,False,False,False,False,3700,3.7,3,10,48.1353,11.582,520.0,0.9,1.3,0.25,0.0,90.0,101325,22.0,520.0,0.0,0.0,9.81,0.0,0.0,0.0,23.0,25.0,0,False,False,False,False,False,False,False,False,1,1290,0,0,0,0,0,0,65535,NO_CORAL_DATA,4e 4f 5f 43 4f 52 41 4c 5f 44 41 54 41 00 00 00
2026-07-05T18:10:38.309534+00:00,1783275038.309534,-50,10.25,False,1,2,True,True,True,True,0xB6CF,0xB6CF,1291,0,1,1700001291,26574920,1,STANDBY,831,True,True,True,True,True,True,False,False,True,True,False,False,False,False,False,False,3700,3.7,3,10,48.1353,11.582,520.0,0.9,1.3,0.25,0.0,90.0,101325,22.0,520.0,0.0,0.0,9.81,0.0,0.0,0.0,23.0,25.0,0,False,False,False,False,False,False,False,False,1,1291,0,0,0,0,0,0,65535,NO_CORAL_DATA,4e 4f 5f 43 4f 52 41 4c 5f 44 41 54 41 00 00 00
2026-07-05T18:10:58.845573+00:00,1783275058.845573,-49,10.5,False,1,2,True,True,True,True,0xE150,0xE150,1292,0,1,1700001292,26595505,1,STANDBY,831,True,True,True,True,True,True,False,False,True,True,False,False,False,False,False,False,3700,3.7,3,10,48.1353,11.582,520.0,0.9,1.3,0.25,0.0,90.0,101325,22.0,520.0,0.0,0.0,9.81,0.0,0.0,0.0,23.0,25.0,0,False,False,False,False,False,False,False,False,1,1292,0,0,0,0,0,0,65535,NO_CORAL_DATA,4e 4f 5f 43 4f 52 41 4c 5f 44 41 54 41 00 00 00
2026-07-05T18:11:19.396194+00:00,1783275079.396194,-50,10.0,False,1,2,True,True,True,True,0xCA02,0xCA02,1293,0,1,1700001293,26616090,1,STANDBY,831,True,True,True,True,True,True,False,False,True,True,False,False,False,False,False,False,3700,3.7,3,10,48.1353,11.582,520.0,0.9,1.3,0.25,0.0,90.0,101325,22.0,520.0,0.0,0.0,9.81,0.0,0.0,0.0,23.0,25.0,0,False,False,False,False,False,False,False,False,1,1293,0,0,0,0,0,0,65535,NO_CORAL_DATA,4e 4f 5f 43 4f 52 41 4c 5f 44 41 54 41 00 00 00
2026-07-05T18:11:39.943025+00:00,1783275099.943025,-50,10.0,False,1,2,True,True,True,True,0xB891,0xB891,1294,0,1,1700001294,26636675,1,STANDBY,831,True,True,True,True,True,True,False,False,True,True,False,False,False,False,False,False,3700,3.7,3,10,48.1353,11.582,520.0,0.9,1.3,0.25,0.0,90.0,101325,22.0,520.0,0.0,0.0,9.81,0.0,0.0,0.0,23.0,25.0,0,False,False,False,False,False,False,False,False,1,1294,0,0,0,0,0,0,65535,NO_CORAL_DATA,4e 4f 5f 43 4f 52 41 4c 5f 44 41 54 41 00 00 00
2026-07-05T18:12:00.485319+00:00,1783275120.485319,-49,10.5,False,1,2,True,True,True,True,0x2C03,0x2C03,1295,0,1,1700001295,26657260,1,STANDBY,831,True,True,True,True,True,True,False,False,True,True,False,False,False,False,False,False,3700,3.7,3,10,48.1353,11.582,520.0,0.9,1.3,0.25,0.0,90.0,101325,22.0,520.0,0.0,0.0,9.81,0.0,0.0,0.0,23.0,25.0,0,False,False,False,False,False,False,False,False,1,1295,0,0,0,0,0,0,65535,NO_CORAL_DATA,4e 4f 5f 43 4f 52 41 4c 5f 44 41 54 41 00 00 00
2026-07-05T18:12:21.036003+00:00,1783275141.036003,-50,10.5,False,1,2,True,True,True,True,0xA37D,0xA37D,1296,0,1,1700001296,26677844,1,STANDBY,831,True,True,True,True,True,True,False,False,True,True,False,False,False,False,False,False,3700,3.7,3,10,48.1353,11.582,520.0,0.9,1.3,0.25,0.0,90.0,101325,22.0,520.0,0.0,0.0,9.81,0.0,0.0,0.0,23.0,25.0,0,False,False,False,False,False,False,False,False,1,1296,0,0,0,0,0,0,65535,NO_CORAL_DATA,4e 4f 5f 43 4f 52 41 4c 5f 44 41 54 41 00 00 00
2026-07-05T18:12:41.582231+00:00,1783275161.582231,-50,10.5,False,1,2,True,True,True,True,0xBE60,0xBE60,1297,0,1,1700001297,26698428,1,STANDBY,831,True,True,True,True,True,True,False,False,True,True,False,False,False,False,False,False,3700,3.7,3,10,48.1353,11.582,520.0,0.9,1.3,0.25,0.0,90.0,101325,22.0,520.0,0.0,0.0,9.81,0.0,0.0,0.0,23.0,25.0,0,False,False,False,False,False,False,False,False,1,1297,0,0,0,0,0,0,65535,NO_CORAL_DATA,4e 4f 5f 43 4f 52 41 4c 5f 44 41 54 41 00 00 00
2026-07-05T18:13:02.123897+00:00,1783275182.123897,-49,10.0,False,1,2,True,True,True,True,0xDB96,0xDB96,1298,0,1,1700001298,26719013,1,STANDBY,831,True,True,True,True,True,True,False,False,True,True,False,False,False,False,False,False,3700,3.7,3,10,48.1353,11.582,520.0,0.9,1.3,0.25,0.0,90.0,101325,22.0,520.0,0.0,0.0,9.81,0.0,0.0,0.0,23.0,25.0,0,False,False,False,False,False,False,False,False,1,1298,0,0,0,0,0,0,65535,NO_CORAL_DATA,4e 4f 5f 43 4f 52 41 4c 5f 44 41 54 41 00 00 00
2026-07-05T18:13:22.675333+00:00,1783275202.675333,-50,10.0,False,1,2,True,True,True,True,0x05C2,0x05C2,1299,0,1,1700001299,26739597,1,STANDBY,831,True,True,True,True,True,True,False,False,True,True,False,False,False,False,False,False,3700,3.7,3,10,48.1353,11.582,520.0,0.9,1.3,0.25,0.0,90.0,101325,22.0,520.0,0.0,0.0,9.81,0.0,0.0,0.0,23.0,25.0,0,False,False,False,False,False,False,False,False,1,1299,0,0,0,0,0,0,65535,NO_CORAL_DATA,4e 4f 5f 43 4f 52 41 4c 5f 44 41 54 41 00 00 00
2026-07-05T18:13:43.224166+00:00,1783275223.224166,-49,11.25,False,1,2,True,True,True,True,0xCDB9,0xCDB9,1300,0,1,1700001300,26760182,1,STANDBY,831,True,True,True,True,True,True,False,False,True,True,False,False,False,False,False,False,3700,3.7,3,10,48.1353,11.582,520.0,0.9,1.3,0.25,0.0,90.0,101325,22.0,520.0,0.0,0.0,9.81,0.0,0.0,0.0,23.0,25.0,0,False,False,False,False,False,False,False,False,1,1300,0,0,0,0,0,0,65535,NO_CORAL_DATA,4e 4f 5f 43 4f 52 41 4c 5f 44 41 54 41 00 00 00
2026-07-05T18:14:03.766857+00:00,1783275243.766857,-49,9.75,False,1,2,True,True,True,True,0xE4AE,0xE4AE,1301,0,1,1700001301,26780766,1,STANDBY,831,True,True,True,True,True,True,False,False,True,True,False,False,False,False,False,False,3700,3.7,3,10,48.1353,11.582,520.0,0.9,1.3,0.25,0.0,90.0,101325,22.0,520.0,0.0,0.0,9.81,0.0,0.0,0.0,23.0,25.0,0,False,False,False,False,False,False,False,False,1,1301,0,0,0,0,0,0,65535,NO_CORAL_DATA,4e 4f 5f 43 4f 52 41 4c 5f 44 41 54 41 00 00 00
2026-07-05T18:14:24.309860+00:00,1783275264.30986,-50,11.0,False,1,2,True,True,True,True,0x11CC,0x11CC,1302,0,1,1700001302,26801350,1,STANDBY,831,True,True,True,True,True,True,False,False,True,True,False,False,False,False,False,False,3700,3.7,3,10,48.1353,11.582,520.0,0.9,1.3,0.25,0.0,90.0,101325,22.0,520.0,0.0,0.0,9.81,0.0,0.0,0.0,23.0,25.0,0,False,False,False,False,False,False,False,False,1,1302,0,0,0,0,0,0,65535,NO_CORAL_DATA,4e 4f 5f 43 4f 52 41 4c 5f 44 41 54 41 00 00 00
2026-07-05T18:14:44.851614+00:00,1783275284.851614,-49,10.25,False,1,2,True,True,True,True,0xD6B8,0xD6B8,1303,0,1,1700001303,26821935,1,STANDBY,831,True,True,True,True,True,True,False,False,True,True,False,False,False,False,False,False,3700,3.7,3,10,48.1353,11.582,520.0,0.9,1.3,0.25,0.0,90.0,101325,22.0,520.0,0.0,0.0,9.81,0.0,0.0,0.0,23.0,25.0,0,False,False,False,False,False,False,False,False,1,1303,0,0,0,0,0,0,65535,NO_CORAL_DATA,4e 4f 5f 43 4f 52 41 4c 5f 44 41 54 41 00 00 00
2026-07-05T18:15:05.407646+00:00,1783275305.407646,-50,10.0,False,1,2,True,True,True,True,0xDFB9,0xDFB9,1304,0,1,1700001304,26842520,1,STANDBY,831,True,True,True,True,True,True,False,False,True,True,False,False,False,False,False,False,3700,3.7,3,10,48.1353,11.582,520.0,0.9,1.3,0.25,0.0,90.0,101325,22.0,520.0,0.0,0.0,9.81,0.0,0.0,0.0,23.0,25.0,0,False,False,False,False,False,False,False,False,1,1304,0,0,0,0,0,0,65535,NO_CORAL_DATA,4e 4f 5f 43 4f 52 41 4c 5f 44 41 54 41 00 00 00
2026-07-05T18:15:25.944048+00:00,1783275325.944048,-49,10.5,False,1,2,True,True,True,True,0xEAE9,0xEAE9,1305,0,1,1700001305,26863105,1,STANDBY,831,True,True,True,True,True,True,False,False,True,True,False,False,False,False,False,False,3700,3.7,3,10,48.1353,11.582,520.0,0.9,1.3,0.25,0.0,90.0,101325,22.0,520.0,0.0,0.0,9.81,0.0,0.0,0.0,23.0,25.0,0,False,False,False,False,False,False,False,False,1,1305,0,0,0,0,0,0,65535,NO_CORAL_DATA,4e 4f 5f 43 4f 52 41 4c 5f 44 41 54 41 00 00 00
2026-07-05T18:15:46.477083+00:00,1783275346.477083,-49,10.25,False,1,2,True,True,True,True,0x6767,0x6767,1306,0,1,1700001306,26883690,1,STANDBY,831,True,True,True,True,True,True,False,False,True,True,False,False,False,False,False,False,3700,3.7,3,10,48.1353,11.582,520.0,0.9,1.3,0.25,0.0,90.0,101325,22.0,520.0,0.0,0.0,9.81,0.0,0.0,0.0,23.0,25.0,0,False,False,False,False,False,False,False,False,1,1306,0,0,0,0,0,0,65535,NO_CORAL_DATA,4e 4f 5f 43 4f 52 41 4c 5f 44 41 54 41 00 00 00
2026-07-05T18:16:07.044056+00:00,1783275367.044056,-50,9.75,False,1,2,True,True,True,True,0x658C,0x658C,1307,0,1,1700001307,26904275,1,STANDBY,831,True,True,True,True,True,True,False,False,True,True,False,False,False,False,False,False,3700,3.7,3,10,48.1353,11.582,520.0,0.9,1.3,0.25,0.0,90.0,101325,22.0,520.0,0.0,0.0,9.81,0.0,0.0,0.0,23.0,25.0,0,False,False,False,False,False,False,False,False,1,1307,0,0,0,0,0,0,65535,NO_CORAL_DATA,4e 4f 5f 43 4f 52 41 4c 5f 44 41 54 41 00 00 00
2026-07-05T18:16:48.129801+00:00,1783275408.129801,-49,10.0,False,1,2,True,True,True,True,0x94C4,0x94C4,1309,1,2,1700001309,26945445,1,STANDBY,831,True,True,True,True,True,True,False,False,True,True,False,False,False,False,False,False,3700,3.7,3,10,48.1353,11.582,520.0,0.9,1.3,0.25,0.0,90.0,101325,22.0,520.0,0.0,0.0,9.81,0.0,0.0,0.0,23.0,25.0,0,False,False,False,False,False,False,False,False,1,1309,0,0,0,0,0,0,65535,NO_CORAL_DATA,4e 4f 5f 43 4f 52 41 4c 5f 44 41 54 41 00 00 00
2026-07-05T18:17:08.671180+00:00,1783275428.67118,-49,10.0,False,1,2,True,True,True,True,0x58D2,0x58D2,1310,0,2,1700001310,26966030,1,STANDBY,831,True,True,True,True,True,True,False,False,True,True,False,False,False,False,False,False,3700,3.7,3,10,48.1353,11.582,520.0,0.9,1.3,0.25,0.0,90.0,101325,22.0,520.0,0.0,0.0,9.81,0.0,0.0,0.0,23.0,25.0,0,False,False,False,False,False,False,False,False,1,1310,0,0,0,0,0,0,65535,NO_CORAL_DATA,4e 4f 5f 43 4f 52 41 4c 5f 44 41 54 41 00 00 00
2026-07-05T18:17:29.219587+00:00,1783275449.219587,,,True,,,,,,False,,,,,,,,,,,,,,,,,,,,,,,,,,,,,,,,,,,,,,,,,,,,,,,,,,,,,,,,,,,,,,,,,,,,,
2026-07-05T18:17:49.778983+00:00,1783275469.778983,-49,10.25,False,1,2,True,True,True,True,0x36BA,0x36BA,1312,1,3,1700001312,27007200,1,STANDBY,831,True,True,True,True,True,True,False,False,True,True,False,False,False,False,False,False,3700,3.7,3,10,48.1353,11.582,520.0,0.9,1.3,0.25,0.0,90.0,101325,22.0,520.0,0.0,0.0,9.81,0.0,0.0,0.0,23.0,25.0,0,False,False,False,False,False,False,False,False,1,1312,0,0,0,0,0,0,65535,NO_CORAL_DATA,4e 4f 5f 43 4f 52 41 4c 5f 44 41 54 41 00 00 00
2026-07-05T18:18:10.323521+00:00,1783275490.323521,-49,13.0,False,1,2,True,True,True,True,0xB8D8,0xB8D8,1313,0,3,1700001313,27027785,1,STANDBY,831,True,True,True,True,True,True,False,False,True,True,False,False,False,False,False,False,3700,3.7,3,10,48.1353,11.582,520.0,0.9,1.3,0.25,0.0,90.0,101325,22.0,520.0,0.0,0.0,9.81,0.0,0.0,0.0,23.0,25.0,0,False,False,False,False,False,False,False,False,1,1313,0,0,0,0,0,0,65535,NO_CORAL_DATA,4e 4f 5f 43 4f 52 41 4c 5f 44 41 54 41 00 00 00
2026-07-05T18:18:30.863954+00:00,1783275510.863954,-49,10.75,False,1,2,True,True,True,True,0x3A72,0x3A72,1314,0,3,1700001314,27048370,1,STANDBY,831,True,True,True,True,True,True,False,False,True,True,False,False,False,False,False,False,3700,3.7,3,10,48.1353,11.582,520.0,0.9,1.3,0.25,0.0,90.0,101325,22.0,520.0,0.0,0.0,9.81,0.0,0.0,0.0,23.0,25.0,0,False,False,False,False,False,False,False,False,1,1314,0,0,0,0,0,0,65535,NO_CORAL_DATA,4e 4f 5f 43 4f 52 41 4c 5f 44 41 54 41 00 00 00
2026-07-05T18:18:51.409148+00:00,1783275531.409148,-49,10.5,False,1,2,True,True,True,True,0x9C3E,0x9C3E,1315,0,3,1700001315,27068955,1,STANDBY,831,True,True,True,True,True,True,False,False,True,True,False,False,False,False,False,False,3700,3.7,3,10,48.1353,11.582,520.0,0.9,1.3,0.25,0.0,90.0,101325,22.0,520.0,0.0,0.0,9.81,0.0,0.0,0.0,23.0,25.0,0,False,False,False,False,False,False,False,False,1,1315,0,0,0,0,0,0,65535,NO_CORAL_DATA,4e 4f 5f 43 4f 52 41 4c 5f 44 41 54 41 00 00 00
2026-07-05T18:19:11.935216+00:00,1783275551.935216,-50,9.75,False,1,2,True,True,True,True,0xCFF6,0xCFF6,1316,0,3,1700001316,27089540,1,STANDBY,831,True,True,True,True,True,True,False,False,True,True,False,False,False,False,False,False,3700,3.7,3,10,48.1353,11.582,520.0,0.9,1.3,0.25,0.0,90.0,101325,22.0,520.0,0.0,0.0,9.81,0.0,0.0,0.0,23.0,25.0,0,False,False,False,False,False,False,False,False,1,1316,0,0,0,0,0,0,65535,NO_CORAL_DATA,4e 4f 5f 43 4f 52 41 4c 5f 44 41 54 41 00 00 00
2026-07-05T18:19:32.488943+00:00,1783275572.488943,-50,10.25,False,1,2,True,True,True,True,0x1ED5,0x1ED5,1317,0,3,1700001317,27110125,1,STANDBY,831,True,True,True,True,True,True,False,False,True,True,False,False,False,False,False,False,3700,3.7,3,10,48.1353,11.582,520.0,0.9,1.3,0.25,0.0,90.0,101325,22.0,520.0,0.0,0.0,9.81,0.0,0.0,0.0,23.0,25.0,0,False,False,False,False,False,False,False,False,1,1317,0,0,0,0,0,0,65535,NO_CORAL_DATA,4e 4f 5f 43 4f 52 41 4c 5f 44 41 54 41 00 00 00
2026-07-05T18:19:53.051905+00:00,1783275593.051905,-49,9.75,False,1,2,True,True,True,True,0x4319,0x4319,1318,0,3,1700001318,27130710,1,STANDBY,831,True,True,True,True,True,True,False,False,True,True,False,False,False,False,False,False,3700,3.7,3,10,48.1353,11.582,520.0,0.9,1.3,0.25,0.0,90.0,101325,22.0,520.0,0.0,0.0,9.81,0.0,0.0,0.0,23.0,25.0,0,False,False,False,False,False,False,False,False,1,1318,0,0,0,0,0,0,65535,NO_CORAL_DATA,4e 4f 5f 43 4f 52 41 4c 5f 44 41 54 41 00 00 00
2026-07-05T18:20:13.592741+00:00,1783275613.592741,-50,10.25,False,1,2,True,True,True,True,0x06F2,0x06F2,1319,0,3,1700001319,27151295,1,STANDBY,831,True,True,True,True,True,True,False,False,True,True,False,False,False,False,False,False,3700,3.7,3,10,48.1353,11.582,520.0,0.9,1.3,0.25,0.0,90.0,101325,22.0,520.0,0.0,0.0,9.81,0.0,0.0,0.0,23.0,25.0,0,False,False,False,False,False,False,False,False,1,1319,0,0,0,0,0,0,65535,NO_CORAL_DATA,4e 4f 5f 43 4f 52 41 4c 5f 44 41 54 41 00 00 00
2026-07-05T18:20:34.140580+00:00,1783275634.14058,-49,10.75,False,1,2,True,True,True,True,0xD403,0xD403,1320,0,3,1700001320,27171880,1,STANDBY,831,True,True,True,True,True,True,False,False,True,True,False,False,False,False,False,False,3700,3.7,3,10,48.1353,11.582,520.0,0.9,1.3,0.25,0.0,90.0,101325,22.0,520.0,0.0,0.0,9.81,0.0,0.0,0.0,23.0,25.0,0,False,False,False,False,False,False,False,False,1,1320,0,0,0,0,0,0,65535,NO_CORAL_DATA,4e 4f 5f 43 4f 52 41 4c 5f 44 41 54 41 00 00 00
2026-07-05T18:20:54.665992+00:00,1783275654.665992,-49,10.25,False,1,2,True,True,True,True,0x78F4,0x78F4,1321,0,3,1700001321,27192465,1,STANDBY,831,True,True,True,True,True,True,False,False,True,True,False,False,False,False,False,False,3700,3.7,3,10,48.1353,11.582,520.0,0.9,1.3,0.25,0.0,90.0,101325,22.0,520.0,0.0,0.0,9.81,0.0,0.0,0.0,23.0,25.0,0,False,False,False,False,False,False,False,False,1,1321,0,0,0,0,0,0,65535,NO_CORAL_DATA,4e 4f 5f 43 4f 52 41 4c 5f 44 41 54 41 00 00 00
2026-07-05T18:21:15.211396+00:00,1783275675.211396,-48,10.0,False,1,2,True,True,True,True,0xAB68,0xAB68,1322,0,3,1700001322,27213050,1,STANDBY,831,True,True,True,True,True,True,False,False,True,True,False,False,False,False,False,False,3700,3.7,3,10,48.1353,11.582,520.0,0.9,1.3,0.25,0.0,90.0,101325,22.0,520.0,0.0,0.0,9.81,0.0,0.0,0.0,23.0,25.0,0,False,False,False,False,False,False,False,False,1,1322,0,0,0,0,0,0,65535,NO_CORAL_DATA,4e 4f 5f 43 4f 52 41 4c 5f 44 41 54 41 00 00 00
2026-07-05T18:21:35.760106+00:00,1783275695.760106,-49,10.5,False,1,2,True,True,True,True,0x991F,0x991F,1323,0,3,1700001323,27233635,1,STANDBY,831,True,True,True,True,True,True,False,False,True,True,False,False,False,False,False,False,3700,3.7,3,10,48.1353,11.582,520.0,0.9,1.3,0.25,0.0,90.0,101325,22.0,520.0,0.0,0.0,9.81,0.0,0.0,0.0,23.0,25.0,0,False,False,False,False,False,False,False,False,1,1323,0,0,0,0,0,0,65535,NO_CORAL_DATA,4e 4f 5f 43 4f 52 41 4c 5f 44 41 54 41 00 00 00
2026-07-05T18:21:56.294054+00:00,1783275716.294054,-48,10.75,False,1,2,True,True,True,True,0xD8DE,0xD8DE,1324,0,3,1700001324,27254220,1,STANDBY,831,True,True,True,True,True,True,False,False,True,True,False,False,False,False,False,False,3700,3.7,3,10,48.1353,11.582,520.0,0.9,1.3,0.25,0.0,90.0,101325,22.0,520.0,0.0,0.0,9.81,0.0,0.0,0.0,23.0,25.0,0,False,False,False,False,False,False,False,False,1,1324,0,0,0,0,0,0,65535,NO_CORAL_DATA,4e 4f 5f 43 4f 52 41 4c 5f 44 41 54 41 00 00 00
2026-07-05T18:22:16.839954+00:00,1783275736.839954,-49,10.25,False,1,2,True,True,True,True,0xC675,0xC675,1325,0,3,1700001325,27274805,1,STANDBY,831,True,True,True,True,True,True,False,False,True,True,False,False,False,False,False,False,3700,3.7,3,10,48.1353,11.582,520.0,0.9,1.3,0.25,0.0,90.0,101325,22.0,520.0,0.0,0.0,9.81,0.0,0.0,0.0,23.0,25.0,0,False,False,False,False,False,False,False,False,1,1325,0,0,0,0,0,0,65535,NO_CORAL_DATA,4e 4f 5f 43 4f 52 41 4c 5f 44 41 54 41 00 00 00
2026-07-05T18:22:37.389147+00:00,1783275757.389147,-48,11.0,False,1,2,True,True,True,True,0xB92C,0xB92C,1326,0,3,1700001326,27295390,1,STANDBY,831,True,True,True,True,True,True,False,False,True,True,False,False,False,False,False,False,3700,3.7,3,10,48.1353,11.582,520.0,0.9,1.3,0.25,0.0,90.0,101325,22.0,520.0,0.0,0.0,9.81,0.0,0.0,0.0,23.0,25.0,0,False,False,False,False,False,False,False,False,1,1326,0,0,0,0,0,0,65535,NO_CORAL_DATA,4e 4f 5f 43 4f 52 41 4c 5f 44 41 54 41 00 00 00
2026-07-05T18:22:57.941799+00:00,1783275777.941799,-49,10.25,False,1,2,True,True,True,True,0x8B5B,0x8B5B,1327,0,3,1700001327,27315975,1,STANDBY,831,True,True,True,True,True,True,False,False,True,True,False,False,False,False,False,False,3700,3.7,3,10,48.1353,11.582,520.0,0.9,1.3,0.25,0.0,90.0,101325,22.0,520.0,0.0,0.0,9.81,0.0,0.0,0.0,23.0,25.0,0,False,False,False,False,False,False,False,False,1,1327,0,0,0,0,0,0,65535,NO_CORAL_DATA,4e 4f 5f 43 4f 52 41 4c 5f 44 41 54 41 00 00 00
2026-07-05T18:23:18.484988+00:00,1783275798.484988,-50,10.75,False,1,2,True,True,True,True,0xE10F,0xE10F,1328,0,3,1700001328,27336560,1,STANDBY,831,True,True,True,True,True,True,False,False,True,True,False,False,False,False,False,False,3700,3.7,3,10,48.1353,11.582,520.0,0.9,1.3,0.25,0.0,90.0,101325,22.0,520.0,0.0,0.0,9.81,0.0,0.0,0.0,23.0,25.0,0,False,False,False,False,False,False,False,False,1,1328,0,0,0,0,0,0,65535,NO_CORAL_DATA,4e 4f 5f 43 4f 52 41 4c 5f 44 41 54 41 00 00 00
2026-07-05T18:23:39.021532+00:00,1783275819.021532,-49,10.25,False,1,2,True,True,True,True,0x3411,0x3411,1329,0,3,1700001329,27357144,1,STANDBY,831,True,True,True,True,True,True,False,False,True,True,False,False,False,False,False,False,3700,3.7,3,10,48.1353,11.582,520.0,0.9,1.3,0.25,0.0,90.0,101325,22.0,520.0,0.0,0.0,9.81,0.0,0.0,0.0,23.0,25.0,0,False,False,False,False,False,False,False,False,1,1329,0,0,0,0,0,0,65535,NO_CORAL_DATA,4e 4f 5f 43 4f 52 41 4c 5f 44 41 54 41 00 00 00
2026-07-05T18:23:59.564352+00:00,1783275839.564352,-49,9.75,False,1,2,True,True,True,True,0x7056,0x7056,1330,0,3,1700001330,27377729,1,STANDBY,831,True,True,True,True,True,True,False,False,True,True,False,False,False,False,False,False,3700,3.7,3,10,48.1353,11.582,520.0,0.9,1.3,0.25,0.0,90.0,101325,22.0,520.0,0.0,0.0,9.81,0.0,0.0,0.0,23.0,25.0,0,False,False,False,False,False,False,False,False,1,1330,0,0,0,0,0,0,65535,NO_CORAL_DATA,4e 4f 5f 43 4f 52 41 4c 5f 44 41 54 41 00 00 00
2026-07-05T18:24:20.099750+00:00,1783275860.09975,-49,10.5,False,1,2,True,True,True,True,0x7D70,0x7D70,1331,0,3,1700001331,27398314,1,STANDBY,831,True,True,True,True,True,True,False,False,True,True,False,False,False,False,False,False,3700,3.7,3,10,48.1353,11.582,520.0,0.9,1.3,0.25,0.0,90.0,101325,22.0,520.0,0.0,0.0,9.81,0.0,0.0,0.0,23.0,25.0,0,False,False,False,False,False,False,False,False,1,1331,0,0,0,0,0,0,65535,NO_CORAL_DATA,4e 4f 5f 43 4f 52 41 4c 5f 44 41 54 41 00 00 00
2026-07-05T18:24:40.651336+00:00,1783275880.651336,-49,10.0,False,1,2,True,True,True,True,0x0C9B,0x0C9B,1332,0,3,1700001332,27418899,1,STANDBY,831,True,True,True,True,True,True,False,False,True,True,False,False,False,False,False,False,3700,3.7,3,10,48.1353,11.582,520.0,0.9,1.3,0.25,0.0,90.0,101325,22.0,520.0,0.0,0.0,9.81,0.0,0.0,0.0,23.0,25.0,0,False,False,False,False,False,False,False,False,1,1332,0,0,0,0,0,0,65535,NO_CORAL_DATA,4e 4f 5f 43 4f 52 41 4c 5f 44 41 54 41 00 00 00
2026-07-05T18:25:01.198775+00:00,1783275901.198775,-49,9.5,False,1,2,True,True,True,True,0xCF07,0xCF07,1333,0,3,1700001333,27439484,1,STANDBY,831,True,True,True,True,True,True,False,False,True,True,False,False,False,False,False,False,3700,3.7,3,10,48.1353,11.582,520.0,0.9,1.3,0.25,0.0,90.0,101325,22.0,520.0,0.0,0.0,9.81,0.0,0.0,0.0,23.0,25.0,0,False,False,False,False,False,False,False,False,1,1333,0,0,0,0,0,0,65535,NO_CORAL_DATA,4e 4f 5f 43 4f 52 41 4c 5f 44 41 54 41 00 00 00
2026-07-05T18:25:21.733217+00:00,1783275921.733217,-50,10.0,False,1,2,True,True,True,True,0x0E7B,0x0E7B,1334,0,3,1700001334,27460069,1,STANDBY,831,True,True,True,True,True,True,False,False,True,True,False,False,False,False,False,False,3700,3.7,3,10,48.1353,11.582,520.0,0.9,1.3,0.25,0.0,90.0,101325,22.0,520.0,0.0,0.0,9.81,0.0,0.0,0.0,23.0,25.0,0,False,False,False,False,False,False,False,False,1,1334,0,0,0,0,0,0,65535,NO_CORAL_DATA,4e 4f 5f 43 4f 52 41 4c 5f 44 41 54 41 00 00 00
2026-07-05T18:25:42.293961+00:00,1783275942.293961,-49,10.0,False,1,2,True,True,True,True,0x041B,0x041B,1335,0,3,1700001335,27480654,1,STANDBY,831,True,True,True,True,True,True,False,False,True,True,False,False,False,False,False,False,3700,3.7,3,10,48.1353,11.582,520.0,0.9,1.3,0.25,0.0,90.0,101325,22.0,520.0,0.0,0.0,9.81,0.0,0.0,0.0,23.0,25.0,0,False,False,False,False,False,False,False,False,1,1335,0,0,0,0,0,0,65535,NO_CORAL_DATA,4e 4f 5f 43 4f 52 41 4c 5f 44 41 54 41 00 00 00
2026-07-05T18:26:02.829090+00:00,1783275962.82909,-49,9.5,False,1,2,True,True,True,True,0xA8AA,0xA8AA,1336,0,3,1700001336,27501239,1,STANDBY,831,True,True,True,True,True,True,False,False,True,True,False,False,False,False,False,False,3700,3.7,3,10,48.1353,11.582,520.0,0.9,1.3,0.25,0.0,90.0,101325,22.0,520.0,0.0,0.0,9.81,0.0,0.0,0.0,23.0,25.0,0,False,False,False,False,False,False,False,False,1,1336,0,0,0,0,0,0,65535,NO_CORAL_DATA,4e 4f 5f 43 4f 52 41 4c 5f 44 41 54 41 00 00 00
2026-07-05T18:26:23.387378+00:00,1783275983.387378,-49,11.5,False,1,2,True,True,True,True,0x5972,0x5972,1337,0,3,1700001337,27521824,1,STANDBY,831,True,True,True,True,True,True,False,False,True,True,False,False,False,False,False,False,3700,3.7,3,10,48.1353,11.582,520.0,0.9,1.3,0.25,0.0,90.0,101325,22.0,520.0,0.0,0.0,9.81,0.0,0.0,0.0,23.0,25.0,0,False,False,False,False,False,False,False,False,1,1337,0,0,0,0,0,0,65535,NO_CORAL_DATA,4e 4f 5f 43 4f 52 41 4c 5f 44 41 54 41 00 00 00
2026-07-05T18:26:43.929019+00:00,1783276003.929019,-50,10.25,False,1,2,True,True,True,True,0xEFC0,0xEFC0,1338,0,3,1700001338,27542408,1,STANDBY,831,True,True,True,True,True,True,False,False,True,True,False,False,False,False,False,False,3700,3.7,3,10,48.1353,11.582,520.0,0.9,1.3,0.25,0.0,90.0,101325,22.0,520.0,0.0,0.0,9.81,0.0,0.0,0.0,23.0,25.0,0,False,False,False,False,False,False,False,False,1,1338,0,0,0,0,0,0,65535,NO_CORAL_DATA,4e 4f 5f 43 4f 52 41 4c 5f 44 41 54 41 00 00 00
2026-07-05T18:27:04.477100+00:00,1783276024.4771,-49,10.0,False,1,2,True,True,True,True,0xF201,0xF201,1339,0,3,1700001339,27562993,1,STANDBY,831,True,True,True,True,True,True,False,False,True,True,False,False,False,False,False,False,3700,3.7,3,10,48.1353,11.582,520.0,0.9,1.3,0.25,0.0,90.0,101325,22.0,520.0,0.0,0.0,9.81,0.0,0.0,0.0,23.0,25.0,0,False,False,False,False,False,False,False,False,1,1339,0,0,0,0,0,0,65535,NO_CORAL_DATA,4e 4f 5f 43 4f 52 41 4c 5f 44 41 54 41 00 00 00
2026-07-05T18:27:25.001714+00:00,1783276045.001714,-49,10.0,False,1,2,True,True,True,True,0x895D,0x895D,1340,0,3,1700001340,27583578,1,STANDBY,831,True,True,True,True,True,True,False,False,True,True,False,False,False,False,False,False,3700,3.7,3,10,48.1353,11.582,520.0,0.9,1.3,0.25,0.0,90.0,101325,22.0,520.0,0.0,0.0,9.81,0.0,0.0,0.0,23.0,25.0,0,False,False,False,False,False,False,False,False,1,1340,0,0,0,0,0,0,65535,NO_CORAL_DATA,4e 4f 5f 43 4f 52 41 4c 5f 44 41 54 41 00 00 00
2026-07-05T18:27:45.550209+00:00,1783276065.550209,-50,10.0,False,1,2,True,True,True,True,0x1FA0,0x1FA0,1341,0,3,1700001341,27604163,1,STANDBY,831,True,True,True,True,True,True,False,False,True,True,False,False,False,False,False,False,3700,3.7,3,10,48.1353,11.582,520.0,0.9,1.3,0.25,0.0,90.0,101325,22.0,520.0,0.0,0.0,9.81,0.0,0.0,0.0,23.0,25.0,0,False,False,False,False,False,False,False,False,1,1341,0,0,0,0,0,0,65535,NO_CORAL_DATA,4e 4f 5f 43 4f 52 41 4c 5f 44 41 54 41 00 00 00
2026-07-05T18:28:06.122690+00:00,1783276086.12269,-49,10.0,False,1,2,True,True,True,True,0xD717,0xD717,1342,0,3,1700001342,27624748,1,STANDBY,831,True,True,True,True,True,True,False,False,True,True,False,False,False,False,False,False,3700,3.7,3,10,48.1353,11.582,520.0,0.9,1.3,0.25,0.0,90.0,101325,22.0,520.0,0.0,0.0,9.81,0.0,0.0,0.0,23.0,25.0,0,False,False,False,False,False,False,False,False,1,1342,0,0,0,0,0,0,65535,NO_CORAL_DATA,4e 4f 5f 43 4f 52 41 4c 5f 44 41 54 41 00 00 00
2026-07-05T18:28:26.662917+00:00,1783276106.662917,-50,10.0,False,1,2,True,True,True,True,0x491A,0x491A,1343,0,3,1700001343,27645333,1,STANDBY,831,True,True,True,True,True,True,False,False,True,True,False,False,False,False,False,False,3700,3.7,3,10,48.1353,11.582,520.0,0.9,1.3,0.25,0.0,90.0,101325,22.0,520.0,0.0,0.0,9.81,0.0,0.0,0.0,23.0,25.0,0,False,False,False,False,False,False,False,False,1,1343,0,0,0,0,0,0,65535,NO_CORAL_DATA,4e 4f 5f 43 4f 52 41 4c 5f 44 41 54 41 00 00 00
2026-07-05T18:28:47.201841+00:00,1783276127.201841,-50,10.25,False,1,2,True,True,True,True,0xE824,0xE824,1344,0,3,1700001344,27665918,1,STANDBY,831,True,True,True,True,True,True,False,False,True,True,False,False,False,False,False,False,3700,3.7,3,10,48.1353,11.582,520.0,0.9,1.3,0.25,0.0,90.0,101325,22.0,520.0,0.0,0.0,9.81,0.0,0.0,0.0,23.0,25.0,0,False,False,False,False,False,False,False,False,1,1344,0,0,0,0,0,0,65535,NO_CORAL_DATA,4e 4f 5f 43 4f 52 41 4c 5f 44 41 54 41 00 00 00
2026-07-05T18:29:07.744213+00:00,1783276147.744213,-49,10.5,False,1,2,True,True,True,True,0xEF8E,0xEF8E,1345,0,3,1700001345,27686503,1,STANDBY,831,True,True,True,True,True,True,False,False,True,True,False,False,False,False,False,False,3700,3.7,3,10,48.1353,11.582,520.0,0.9,1.3,0.25,0.0,90.0,101325,22.0,520.0,0.0,0.0,9.81,0.0,0.0,0.0,23.0,25.0,0,False,False,False,False,False,False,False,False,1,1345,0,0,0,0,0,0,65535,NO_CORAL_DATA,4e 4f 5f 43 4f 52 41 4c 5f 44 41 54 41 00 00 00
2026-07-05T18:29:28.291208+00:00,1783276168.291208,-49,11.0,False,1,2,True,True,True,True,0xB2A3,0xB2A3,1346,0,3,1700001346,27707088,1,STANDBY,831,True,True,True,True,True,True,False,False,True,True,False,False,False,False,False,False,3700,3.7,3,10,48.1353,11.582,520.0,0.9,1.3,0.25,0.0,90.0,101325,22.0,520.0,0.0,0.0,9.81,0.0,0.0,0.0,23.0,25.0,0,False,False,False,False,False,False,False,False,1,1346,0,0,0,0,0,0,65535,NO_CORAL_DATA,4e 4f 5f 43 4f 52 41 4c 5f 44 41 54 41 00 00 00
2026-07-05T18:29:48.826057+00:00,1783276188.826057,-50,10.75,False,1,2,True,True,True,True,0x22D9,0x22D9,1347,0,3,1700001347,27727673,1,STANDBY,831,True,True,True,True,True,True,False,False,True,True,False,False,False,False,False,False,3700,3.7,3,10,48.1353,11.582,520.0,0.9,1.3,0.25,0.0,90.0,101325,22.0,520.0,0.0,0.0,9.81,0.0,0.0,0.0,23.0,25.0,0,False,False,False,False,False,False,False,False,1,1347,0,0,0,0,0,0,65535,NO_CORAL_DATA,4e 4f 5f 43 4f 52 41 4c 5f 44 41 54 41 00 00 00
2026-07-05T18:30:09.385721+00:00,1783276209.385721,-49,10.25,False,1,2,True,True,True,True,0x7C6D,0x7C6D,1348,0,3,1700001348,27748258,1,STANDBY,831,True,True,True,True,True,True,False,False,True,True,False,False,False,False,False,False,3700,3.7,3,10,48.1353,11.582,520.0,0.9,1.3,0.25,0.0,90.0,101325,22.0,520.0,0.0,0.0,9.81,0.0,0.0,0.0,23.0,25.0,0,False,False,False,False,False,False,False,False,1,1348,0,0,0,0,0,0,65535,NO_CORAL_DATA,4e 4f 5f 43 4f 52 41 4c 5f 44 41 54 41 00 00 00
2026-07-05T18:30:29.907636+00:00,1783276229.907636,-50,11.0,False,1,2,True,True,True,True,0x64DF,0x64DF,1349,0,3,1700001349,27768843,1,STANDBY,831,True,True,True,True,True,True,False,False,True,True,False,False,False,False,False,False,3700,3.7,3,10,48.1353,11.582,520.0,0.9,1.3,0.25,0.0,90.0,101325,22.0,520.0,0.0,0.0,9.81,0.0,0.0,0.0,23.0,25.0,0,False,False,False,False,False,False,False,False,1,1349,0,0,0,0,0,0,65535,NO_CORAL_DATA,4e 4f 5f 43 4f 52 41 4c 5f 44 41 54 41 00 00 00
2026-07-05T18:30:50.459940+00:00,1783276250.45994,-49,11.25,False,1,2,True,True,True,True,0xAB8C,0xAB8C,1350,0,3,1700001350,27789428,1,STANDBY,831,True,True,True,True,True,True,False,False,True,True,False,False,False,False,False,False,3700,3.7,3,10,48.1353,11.582,520.0,0.9,1.3,0.25,0.0,90.0,101325,22.0,520.0,0.0,0.0,9.81,0.0,0.0,0.0,23.0,25.0,0,False,False,False,False,False,False,False,False,1,1350,0,0,0,0,0,0,65535,NO_CORAL_DATA,4e 4f 5f 43 4f 52 41 4c 5f 44 41 54 41 00 00 00
2026-07-05T18:31:10.991323+00:00,1783276270.991323,-48,10.5,False,1,2,True,True,True,True,0xCB99,0xCB99,1351,0,3,1700001351,27810013,1,STANDBY,831,True,True,True,True,True,True,False,False,True,True,False,False,False,False,False,False,3700,3.7,3,10,48.1353,11.582,520.0,0.9,1.3,0.25,0.0,90.0,101325,22.0,520.0,0.0,0.0,9.81,0.0,0.0,0.0,23.0,25.0,0,False,False,False,False,False,False,False,False,1,1351,0,0,0,0,0,0,65535,NO_CORAL_DATA,4e 4f 5f 43 4f 52 41 4c 5f 44 41 54 41 00 00 00
2026-07-05T18:31:31.549482+00:00,1783276291.549482,-49,11.0,False,1,2,True,True,True,True,0x8074,0x8074,1352,0,3,1700001352,27830598,1,STANDBY,831,True,True,True,True,True,True,False,False,True,True,False,False,False,False,False,False,3700,3.7,3,10,48.1353,11.582,520.0,0.9,1.3,0.25,0.0,90.0,101325,22.0,520.0,0.0,0.0,9.81,0.0,0.0,0.0,23.0,25.0,0,False,False,False,False,False,False,False,False,1,1352,0,0,0,0,0,0,65535,NO_CORAL_DATA,4e 4f 5f 43 4f 52 41 4c 5f 44 41 54 41 00 00 00
2026-07-05T18:31:52.097956+00:00,1783276312.097956,-50,10.0,False,1,2,True,True,True,True,0x2862,0x2862,1353,0,3,1700001353,27851183,1,STANDBY,831,True,True,True,True,True,True,False,False,True,True,False,False,False,False,False,False,3700,3.7,3,10,48.1353,11.582,520.0,0.9,1.3,0.25,0.0,90.0,101325,22.0,520.0,0.0,0.0,9.81,0.0,0.0,0.0,23.0,25.0,0,False,False,False,False,False,False,False,False,1,1353,0,0,0,0,0,0,65535,NO_CORAL_DATA,4e 4f 5f 43 4f 52 41 4c 5f 44 41 54 41 00 00 00
2026-07-05T18:32:12.645046+00:00,1783276332.645046,-50,10.25,False,1,2,True,True,True,True,0xF748,0xF748,1354,0,3,1700001354,27871767,1,STANDBY,831,True,True,True,True,True,True,False,False,True,True,False,False,False,False,False,False,3700,3.7,3,10,48.1353,11.582,520.0,0.9,1.3,0.25,0.0,90.0,101325,22.0,520.0,0.0,0.0,9.81,0.0,0.0,0.0,23.0,25.0,0,False,False,False,False,False,False,False,False,1,1354,0,0,0,0,0,0,65535,NO_CORAL_DATA,4e 4f 5f 43 4f 52 41 4c 5f 44 41 54 41 00 00 00
2026-07-05T18:32:33.184134+00:00,1783276353.184134,-50,10.25,False,1,2,True,True,True,True,0x11F5,0x11F5,1355,0,3,1700001355,27892352,1,STANDBY,831,True,True,True,True,True,True,False,False,True,True,False,False,False,False,False,False,3700,3.7,3,10,48.1353,11.582,520.0,0.9,1.3,0.25,0.0,90.0,101325,22.0,520.0,0.0,0.0,9.81,0.0,0.0,0.0,23.0,25.0,0,False,False,False,False,False,False,False,False,1,1355,0,0,0,0,0,0,65535,NO_CORAL_DATA,4e 4f 5f 43 4f 52 41 4c 5f 44 41 54 41 00 00 00
2026-07-05T18:32:53.727680+00:00,1783276373.72768,-50,10.75,False,1,2,True,True,True,True,0x0AAF,0x0AAF,1356,0,3,1700001356,27912937,1,STANDBY,831,True,True,True,True,True,True,False,False,True,True,False,False,False,False,False,False,3700,3.7,3,10,48.1353,11.582,520.0,0.9,1.3,0.25,0.0,90.0,101325,22.0,520.0,0.0,0.0,9.81,0.0,0.0,0.0,23.0,25.0,0,False,False,False,False,False,False,False,False,1,1356,0,0,0,0,0,0,65535,NO_CORAL_DATA,4e 4f 5f 43 4f 52 41 4c 5f 44 41 54 41 00 00 00
2026-07-05T18:33:14.266702+00:00,1783276394.266702,-50,10.25,False,1,2,True,True,True,True,0xED1F,0xED1F,1357,0,3,1700001357,27933522,1,STANDBY,831,True,True,True,True,True,True,False,False,True,True,False,False,False,False,False,False,3700,3.7,3,10,48.1353,11.582,520.0,0.9,1.3,0.25,0.0,90.0,101325,22.0,520.0,0.0,0.0,9.81,0.0,0.0,0.0,23.0,25.0,0,False,False,False,False,False,False,False,False,1,1357,0,0,0,0,0,0,65535,NO_CORAL_DATA,4e 4f 5f 43 4f 52 41 4c 5f 44 41 54 41 00 00 00
2026-07-05T18:33:34.814527+00:00,1783276414.814527,-50,10.5,False,1,2,True,True,True,True,0x5E91,0x5E91,1358,0,3,1700001358,27954106,1,STANDBY,831,True,True,True,True,True,True,False,False,True,True,False,False,False,False,False,False,3700,3.7,3,10,48.1353,11.582,520.0,0.9,1.3,0.25,0.0,90.0,101325,22.0,520.0,0.0,0.0,9.81,0.0,0.0,0.0,23.0,25.0,0,False,False,False,False,False,False,False,False,1,1358,0,0,0,0,0,0,65535,NO_CORAL_DATA,4e 4f 5f 43 4f 52 41 4c 5f 44 41 54 41 00 00 00
2026-07-05T18:33:55.375903+00:00,1783276435.375903,-50,11.25,False,1,2,True,True,True,True,0x1B6C,0x1B6C,1359,0,3,1700001359,27974691,1,STANDBY,831,True,True,True,True,True,True,False,False,True,True,False,False,False,False,False,False,3700,3.7,3,10,48.1353,11.582,520.0,0.9,1.3,0.25,0.0,90.0,101325,22.0,520.0,0.0,0.0,9.81,0.0,0.0,0.0,23.0,25.0,0,False,False,False,False,False,False,False,False,1,1359,0,0,0,0,0,0,65535,NO_CORAL_DATA,4e 4f 5f 43 4f 52 41 4c 5f 44 41 54 41 00 00 00
2026-07-05T18:34:15.916094+00:00,1783276455.916094,-51,11.0,False,1,2,True,True,True,True,0x2D46,0x2D46,1360,0,3,1700001360,27995275,1,STANDBY,831,True,True,True,True,True,True,False,False,True,True,False,False,False,False,False,False,3700,3.7,3,10,48.1353,11.582,520.0,0.9,1.3,0.25,0.0,90.0,101325,22.0,520.0,0.0,0.0,9.81,0.0,0.0,0.0,23.0,25.0,0,False,False,False,False,False,False,False,False,1,1360,0,0,0,0,0,0,65535,NO_CORAL_DATA,4e 4f 5f 43 4f 52 41 4c 5f 44 41 54 41 00 00 00
2026-07-05T18:34:36.464159+00:00,1783276476.464159,-50,10.25,False,1,2,True,True,True,True,0x7C9E,0x7C9E,1361,0,3,1700001361,28015859,1,STANDBY,831,True,True,True,True,True,True,False,False,True,True,False,False,False,False,False,False,3700,3.7,3,10,48.1353,11.582,520.0,0.9,1.3,0.25,0.0,90.0,101325,22.0,520.0,0.0,0.0,9.81,0.0,0.0,0.0,23.0,25.0,0,False,False,False,False,False,False,False,False,1,1361,0,0,0,0,0,0,65535,NO_CORAL_DATA,4e 4f 5f 43 4f 52 41 4c 5f 44 41 54 41 00 00 00
2026-07-05T18:34:57.014948+00:00,1783276497.014948,-50,10.0,False,1,2,True,True,True,True,0xDB9E,0xDB9E,1362,0,3,1700001362,28036443,1,STANDBY,831,True,True,True,True,True,True,False,False,True,True,False,False,False,False,False,False,3700,3.7,3,10,48.1353,11.582,520.0,0.9,1.3,0.25,0.0,90.0,101325,22.0,520.0,0.0,0.0,9.81,0.0,0.0,0.0,23.0,25.0,0,False,False,False,False,False,False,False,False,1,1362,0,0,0,0,0,0,65535,NO_CORAL_DATA,4e 4f 5f 43 4f 52 41 4c 5f 44 41 54 41 00 00 00
2026-07-05T18:35:17.561070+00:00,1783276517.56107,-50,10.25,False,1,2,True,True,True,True,0x28A4,0x28A4,1363,0,3,1700001363,28057027,1,STANDBY,831,True,True,True,True,True,True,False,False,True,True,False,False,False,False,False,False,3700,3.7,3,10,48.1353,11.582,520.0,0.9,1.3,0.25,0.0,90.0,101325,22.0,520.0,0.0,0.0,9.81,0.0,0.0,0.0,23.0,25.0,0,False,False,False,False,False,False,False,False,1,1363,0,0,0,0,0,0,65535,NO_CORAL_DATA,4e 4f 5f 43 4f 52 41 4c 5f 44 41 54 41 00 00 00
2026-07-05T18:35:38.120587+00:00,1783276538.120587,-50,10.0,False,1,2,True,True,True,True,0x419E,0x419E,1364,0,3,1700001364,28077611,1,STANDBY,831,True,True,True,True,True,True,False,False,True,True,False,False,False,False,False,False,3700,3.7,3,10,48.1353,11.582,520.0,0.9,1.3,0.25,0.0,90.0,101325,22.0,520.0,0.0,0.0,9.81,0.0,0.0,0.0,23.0,25.0,0,False,False,False,False,False,False,False,False,1,1364,0,0,0,0,0,0,65535,NO_CORAL_DATA,4e 4f 5f 43 4f 52 41 4c 5f 44 41 54 41 00 00 00
2026-07-05T18:35:58.664123+00:00,1783276558.664123,-49,10.5,False,1,2,True,True,True,True,0x938A,0x938A,1365,0,3,1700001365,28098195,1,STANDBY,831,True,True,True,True,True,True,False,False,True,True,False,False,False,False,False,False,3700,3.7,3,10,48.1353,11.582,520.0,0.9,1.3,0.25,0.0,90.0,101325,22.0,520.0,0.0,0.0,9.81,0.0,0.0,0.0,23.0,25.0,0,False,False,False,False,False,False,False,False,1,1365,0,0,0,0,0,0,65535,NO_CORAL_DATA,4e 4f 5f 43 4f 52 41 4c 5f 44 41 54 41 00 00 00
2026-07-05T18:36:19.226174+00:00,1783276579.226174,-49,10.0,False,1,2,True,True,True,True,0x289E,0x289E,1366,0,3,1700001366,28118780,1,STANDBY,831,True,True,True,True,True,True,False,False,True,True,False,False,False,False,False,False,3700,3.7,3,10,48.1353,11.582,520.0,0.9,1.3,0.25,0.0,90.0,101325,22.0,520.0,0.0,0.0,9.81,0.0,0.0,0.0,23.0,25.0,0,False,False,False,False,False,False,False,False,1,1366,0,0,0,0,0,0,65535,NO_CORAL_DATA,4e 4f 5f 43 4f 52 41 4c 5f 44 41 54 41 00 00 00
2026-07-05T18:36:39.770654+00:00,1783276599.770654,-51,10.0,False,1,2,True,True,True,True,0x01FE,0x01FE,1367,0,3,1700001367,28139364,1,STANDBY,831,True,True,True,True,True,True,False,False,True,True,False,False,False,False,False,False,3700,3.7,3,10,48.1353,11.582,520.0,0.9,1.3,0.25,0.0,90.0,101325,22.0,520.0,0.0,0.0,9.81,0.0,0.0,0.0,23.0,25.0,0,False,False,False,False,False,False,False,False,1,1367,0,0,0,0,0,0,65535,NO_CORAL_DATA,4e 4f 5f 43 4f 52 41 4c 5f 44 41 54 41 00 00 00
2026-07-05T18:37:00.317775+00:00,1783276620.317775,-50,10.0,False,1,2,True,True,True,True,0x1CA5,0x1CA5,1368,0,3,1700001368,28159948,1,STANDBY,831,True,True,True,True,True,True,False,False,True,True,False,False,False,False,False,False,3700,3.7,3,10,48.1353,11.582,520.0,0.9,1.3,0.25,0.0,90.0,101325,22.0,520.0,0.0,0.0,9.81,0.0,0.0,0.0,23.0,25.0,0,False,False,False,False,False,False,False,False,1,1368,0,0,0,0,0,0,65535,NO_CORAL_DATA,4e 4f 5f 43 4f 52 41 4c 5f 44 41 54 41 00 00 00
2026-07-05T18:37:20.865186+00:00,1783276640.865186,-49,10.0,False,1,2,True,True,True,True,0x8A95,0x8A95,1369,0,3,1700001369,28180532,1,STANDBY,831,True,True,True,True,True,True,False,False,True,True,False,False,False,False,False,False,3700,3.7,3,10,48.1353,11.582,520.0,0.9,1.3,0.25,0.0,90.0,101325,22.0,520.0,0.0,0.0,9.81,0.0,0.0,0.0,23.0,25.0,0,False,False,False,False,False,False,False,False,1,1369,0,0,0,0,0,0,65535,NO_CORAL_DATA,4e 4f 5f 43 4f 52 41 4c 5f 44 41 54 41 00 00 00
2026-07-05T18:37:41.404164+00:00,1783276661.404164,-50,10.0,False,1,2,True,True,True,True,0xEA0F,0xEA0F,1370,0,3,1700001370,28201117,1,STANDBY,831,True,True,True,True,True,True,False,False,True,True,False,False,False,False,False,False,3700,3.7,3,10,48.1353,11.582,520.0,0.9,1.3,0.25,0.0,90.0,101325,22.0,520.0,0.0,0.0,9.81,0.0,0.0,0.0,23.0,25.0,0,False,False,False,False,False,False,False,False,1,1370,0,0,0,0,0,0,65535,NO_CORAL_DATA,4e 4f 5f 43 4f 52 41 4c 5f 44 41 54 41 00 00 00
2026-07-05T18:38:01.952335+00:00,1783276681.952335,-50,11.0,False,1,2,True,True,True,True,0x3A7D,0x3A7D,1371,0,3,1700001371,28221701,1,STANDBY,831,True,True,True,True,True,True,False,False,True,True,False,False,False,False,False,False,3700,3.7,3,10,48.1353,11.582,520.0,0.9,1.3,0.25,0.0,90.0,101325,22.0,520.0,0.0,0.0,9.81,0.0,0.0,0.0,23.0,25.0,0,False,False,False,False,False,False,False,False,1,1371,0,0,0,0,0,0,65535,NO_CORAL_DATA,4e 4f 5f 43 4f 52 41 4c 5f 44 41 54 41 00 00 00
2026-07-05T18:38:22.506938+00:00,1783276702.506938,-50,11.5,False,1,2,True,True,True,True,0x0C1E,0x0C1E,1372,0,3,1700001372,28242286,1,STANDBY,831,True,True,True,True,True,True,False,False,True,True,False,False,False,False,False,False,3700,3.7,3,10,48.1353,11.582,520.0,0.9,1.3,0.25,0.0,90.0,101325,22.0,520.0,0.0,0.0,9.81,0.0,0.0,0.0,23.0,25.0,0,False,False,False,False,False,False,False,False,1,1372,0,0,0,0,0,0,65535,NO_CORAL_DATA,4e 4f 5f 43 4f 52 41 4c 5f 44 41 54 41 00 00 00
2026-07-05T18:38:43.042205+00:00,1783276723.042205,-50,10.5,False,1,2,True,True,True,True,0x21FC,0x21FC,1373,0,3,1700001373,28262871,1,STANDBY,831,True,True,True,True,True,True,False,False,True,True,False,False,False,False,False,False,3700,3.7,3,10,48.1353,11.582,520.0,0.9,1.3,0.25,0.0,90.0,101325,22.0,520.0,0.0,0.0,9.81,0.0,0.0,0.0,23.0,25.0,0,False,False,False,False,False,False,False,False,1,1373,0,0,0,0,0,0,65535,NO_CORAL_DATA,4e 4f 5f 43 4f 52 41 4c 5f 44 41 54 41 00 00 00
2026-07-05T18:39:03.587908+00:00,1783276743.587908,-50,11.0,False,1,2,True,True,True,True,0xB278,0xB278,1374,0,3,1700001374,28283456,1,STANDBY,831,True,True,True,True,True,True,False,False,True,True,False,False,False,False,False,False,3700,3.7,3,10,48.1353,11.582,520.0,0.9,1.3,0.25,0.0,90.0,101325,22.0,520.0,0.0,0.0,9.81,0.0,0.0,0.0,23.0,25.0,0,False,False,False,False,False,False,False,False,1,1374,0,0,0,0,0,0,65535,NO_CORAL_DATA,4e 4f 5f 43 4f 52 41 4c 5f 44 41 54 41 00 00 00
2026-07-05T18:39:24.121230+00:00,1783276764.12123,-50,10.0,False,1,2,True,True,True,True,0x2894,0x2894,1375,0,3,1700001375,28304041,1,STANDBY,831,True,True,True,True,True,True,False,False,True,True,False,False,False,False,False,False,3700,3.7,3,10,48.1353,11.582,520.0,0.9,1.3,0.25,0.0,90.0,101325,22.0,520.0,0.0,0.0,9.81,0.0,0.0,0.0,23.0,25.0,0,False,False,False,False,False,False,False,False,1,1375,0,0,0,0,0,0,65535,NO_CORAL_DATA,4e 4f 5f 43 4f 52 41 4c 5f 44 41 54 41 00 00 00
2026-07-05T18:39:44.686255+00:00,1783276784.686255,-49,9.75,False,1,2,True,True,True,True,0xC49E,0xC49E,1376,0,3,1700001376,28324626,1,STANDBY,831,True,True,True,True,True,True,False,False,True,True,False,False,False,False,False,False,3700,3.7,3,10,48.1353,11.582,520.0,0.9,1.3,0.25,0.0,90.0,101325,22.0,520.0,0.0,0.0,9.81,0.0,0.0,0.0,23.0,25.0,0,False,False,False,False,False,False,False,False,1,1376,0,0,0,0,0,0,65535,NO_CORAL_DATA,4e 4f 5f 43 4f 52 41 4c 5f 44 41 54 41 00 00 00
2026-07-05T18:40:05.219906+00:00,1783276805.219906,-50,9.75,False,1,2,True,True,True,True,0x7049,0x7049,1377,0,3,1700001377,28345211,1,STANDBY,831,True,True,True,True,True,True,False,False,True,True,False,False,False,False,False,False,3700,3.7,3,10,48.1353,11.582,520.0,0.9,1.3,0.25,0.0,90.0,101325,22.0,520.0,0.0,0.0,9.81,0.0,0.0,0.0,23.0,25.0,0,False,False,False,False,False,False,False,False,1,1377,0,0,0,0,0,0,65535,NO_CORAL_DATA,4e 4f 5f 43 4f 52 41 4c 5f 44 41 54 41 00 00 00
2026-07-05T18:40:25.755058+00:00,1783276825.755058,-50,10.5,False,1,2,True,True,True,True,0x229F,0x229F,1378,0,3,1700001378,28365796,1,STANDBY,831,True,True,True,True,True,True,False,False,True,True,False,False,False,False,False,False,3700,3.7,3,10,48.1353,11.582,520.0,0.9,1.3,0.25,0.0,90.0,101325,22.0,520.0,0.0,0.0,9.81,0.0,0.0,0.0,23.0,25.0,0,False,False,False,False,False,False,False,False,1,1378,0,0,0,0,0,0,65535,NO_CORAL_DATA,4e 4f 5f 43 4f 52 41 4c 5f 44 41 54 41 00 00 00
2026-07-05T18:40:46.318889+00:00,1783276846.318889,-50,10.0,False,1,2,True,True,True,True,0xA370,0xA370,1379,0,3,1700001379,28386381,1,STANDBY,831,True,True,True,True,True,True,False,False,True,True,False,False,False,False,False,False,3700,3.7,3,10,48.1353,11.582,520.0,0.9,1.3,0.25,0.0,90.0,101325,22.0,520.0,0.0,0.0,9.81,0.0,0.0,0.0,23.0,25.0,0,False,False,False,False,False,False,False,False,1,1379,0,0,0,0,0,0,65535,NO_CORAL_DATA,4e 4f 5f 43 4f 52 41 4c 5f 44 41 54 41 00 00 00
2026-07-05T18:41:06.866093+00:00,1783276866.866093,-50,10.25,False,1,2,True,True,True,True,0xEB2C,0xEB2C,1380,0,3,1700001380,28406966,1,STANDBY,831,True,True,True,True,True,True,False,False,True,True,False,False,False,False,False,False,3700,3.7,3,10,48.1353,11.582,520.0,0.9,1.3,0.25,0.0,90.0,101325,22.0,520.0,0.0,0.0,9.81,0.0,0.0,0.0,23.0,25.0,0,False,False,False,False,False,False,False,False,1,1380,0,0,0,0,0,0,65535,NO_CORAL_DATA,4e 4f 5f 43 4f 52 41 4c 5f 44 41 54 41 00 00 00
2026-07-05T18:41:27.412234+00:00,1783276887.412234,-50,9.75,False,1,2,True,True,True,True,0xCB52,0xCB52,1381,0,3,1700001381,28427551,1,STANDBY,831,True,True,True,True,True,True,False,False,True,True,False,False,False,False,False,False,3700,3.7,3,10,48.1353,11.582,520.0,0.9,1.3,0.25,0.0,90.0,101325,22.0,520.0,0.0,0.0,9.81,0.0,0.0,0.0,23.0,25.0,0,False,False,False,False,False,False,False,False,1,1381,0,0,0,0,0,0,65535,NO_CORAL_DATA,4e 4f 5f 43 4f 52 41 4c 5f 44 41 54 41 00 00 00
2026-07-05T18:41:47.944395+00:00,1783276907.944395,-49,11.0,False,1,2,True,True,True,True,0x5C7B,0x5C7B,1382,0,3,1700001382,28448136,1,STANDBY,831,True,True,True,True,True,True,False,False,True,True,False,False,False,False,False,False,3700,3.7,3,10,48.1353,11.582,520.0,0.9,1.3,0.25,0.0,90.0,101325,22.0,520.0,0.0,0.0,9.81,0.0,0.0,0.0,23.0,25.0,0,False,False,False,False,False,False,False,False,1,1382,0,0,0,0,0,0,65535,NO_CORAL_DATA,4e 4f 5f 43 4f 52 41 4c 5f 44 41 54 41 00 00 00
2026-07-05T18:42:08.506543+00:00,1783276928.506543,-49,10.0,False,1,2,True,True,True,True,0x3F59,0x3F59,1383,0,3,1700001383,28468720,1,STANDBY,831,True,True,True,True,True,True,False,False,True,True,False,False,False,False,False,False,3700,3.7,3,10,48.1353,11.582,520.0,0.9,1.3,0.25,0.0,90.0,101325,22.0,520.0,0.0,0.0,9.81,0.0,0.0,0.0,23.0,25.0,0,False,False,False,False,False,False,False,False,1,1383,0,0,0,0,0,0,65535,NO_CORAL_DATA,4e 4f 5f 43 4f 52 41 4c 5f 44 41 54 41 00 00 00
2026-07-05T18:42:29.037855+00:00,1783276949.037855,-49,10.75,False,1,2,True,True,True,True,0x654E,0x654E,1384,0,3,1700001384,28489304,1,STANDBY,831,True,True,True,True,True,True,False,False,True,True,False,False,False,False,False,False,3700,3.7,3,10,48.1353,11.582,520.0,0.9,1.3,0.25,0.0,90.0,101325,22.0,520.0,0.0,0.0,9.81,0.0,0.0,0.0,23.0,25.0,0,False,False,False,False,False,False,False,False,1,1384,0,0,0,0,0,0,65535,NO_CORAL_DATA,4e 4f 5f 43 4f 52 41 4c 5f 44 41 54 41 00 00 00
2026-07-05T18:42:49.592772+00:00,1783276969.592772,-49,10.75,False,1,2,True,True,True,True,0xA4BD,0xA4BD,1385,0,3,1700001385,28509889,1,STANDBY,831,True,True,True,True,True,True,False,False,True,True,False,False,False,False,False,False,3700,3.7,3,10,48.1353,11.582,520.0,0.9,1.3,0.25,0.0,90.0,101325,22.0,520.0,0.0,0.0,9.81,0.0,0.0,0.0,23.0,25.0,0,False,False,False,False,False,False,False,False,1,1385,0,0,0,0,0,0,65535,NO_CORAL_DATA,4e 4f 5f 43 4f 52 41 4c 5f 44 41 54 41 00 00 00
2026-07-05T18:43:10.144206+00:00,1783276990.144206,-48,11.25,False,1,2,True,True,True,True,0x5758,0x5758,1386,0,3,1700001386,28530473,1,STANDBY,831,True,True,True,True,True,True,False,False,True,True,False,False,False,False,False,False,3700,3.7,3,10,48.1353,11.582,520.0,0.9,1.3,0.25,0.0,90.0,101325,22.0,520.0,0.0,0.0,9.81,0.0,0.0,0.0,23.0,25.0,0,False,False,False,False,False,False,False,False,1,1386,0,0,0,0,0,0,65535,NO_CORAL_DATA,4e 4f 5f 43 4f 52 41 4c 5f 44 41 54 41 00 00 00
2026-07-05T18:43:30.671714+00:00,1783277010.671714,-49,11.0,False,1,2,True,True,True,True,0x2F84,0x2F84,1387,0,3,1700001387,28551058,1,STANDBY,831,True,True,True,True,True,True,False,False,True,True,False,False,False,False,False,False,3700,3.7,3,10,48.1353,11.582,520.0,0.9,1.3,0.25,0.0,90.0,101325,22.0,520.0,0.0,0.0,9.81,0.0,0.0,0.0,23.0,25.0,0,False,False,False,False,False,False,False,False,1,1387,0,0,0,0,0,0,65535,NO_CORAL_DATA,4e 4f 5f 43 4f 52 41 4c 5f 44 41 54 41 00 00 00
2026-07-05T18:43:51.222666+00:00,1783277031.222666,-48,11.25,False,1,2,True,True,True,True,0x0624,0x0624,1388,0,3,1700001388,28571643,1,STANDBY,831,True,True,True,True,True,True,False,False,True,True,False,False,False,False,False,False,3700,3.7,3,10,48.1353,11.582,520.0,0.9,1.3,0.25,0.0,90.0,101325,22.0,520.0,0.0,0.0,9.81,0.0,0.0,0.0,23.0,25.0,0,False,False,False,False,False,False,False,False,1,1388,0,0,0,0,0,0,65535,NO_CORAL_DATA,4e 4f 5f 43 4f 52 41 4c 5f 44 41 54 41 00 00 00
2026-07-05T18:44:11.767300+00:00,1783277051.7673,-49,10.25,False,1,2,True,True,True,True,0xB6EB,0xB6EB,1389,0,3,1700001389,28592228,1,STANDBY,831,True,True,True,True,True,True,False,False,True,True,False,False,False,False,False,False,3700,3.7,3,10,48.1353,11.582,520.0,0.9,1.3,0.25,0.0,90.0,101325,22.0,520.0,0.0,0.0,9.81,0.0,0.0,0.0,23.0,25.0,0,False,False,False,False,False,False,False,False,1,1389,0,0,0,0,0,0,65535,NO_CORAL_DATA,4e 4f 5f 43 4f 52 41 4c 5f 44 41 54 41 00 00 00
2026-07-05T18:44:32.328507+00:00,1783277072.328507,-50,10.0,False,1,2,True,True,True,True,0x9A68,0x9A68,1390,0,3,1700001390,28612812,1,STANDBY,831,True,True,True,True,True,True,False,False,True,True,False,False,False,False,False,False,3700,3.7,3,10,48.1353,11.582,520.0,0.9,1.3,0.25,0.0,90.0,101325,22.0,520.0,0.0,0.0,9.81,0.0,0.0,0.0,23.0,25.0,0,False,False,False,False,False,False,False,False,1,1390,0,0,0,0,0,0,65535,NO_CORAL_DATA,4e 4f 5f 43 4f 52 41 4c 5f 44 41 54 41 00 00 00
2026-07-05T18:44:52.864618+00:00,1783277092.864618,-49,10.0,False,1,2,True,True,True,True,0x2211,0x2211,1391,0,3,1700001391,28633397,1,STANDBY,831,True,True,True,True,True,True,False,False,True,True,False,False,False,False,False,False,3700,3.7,3,10,48.1353,11.582,520.0,0.9,1.3,0.25,0.0,90.0,101325,22.0,520.0,0.0,0.0,9.81,0.0,0.0,0.0,23.0,25.0,0,False,False,False,False,False,False,False,False,1,1391,0,0,0,0,0,0,65535,NO_CORAL_DATA,4e 4f 5f 43 4f 52 41 4c 5f 44 41 54 41 00 00 00
2026-07-05T18:45:13.402722+00:00,1783277113.402722,-49,11.0,False,1,2,True,True,True,True,0xBEF3,0xBEF3,1392,0,3,1700001392,28653982,1,STANDBY,831,True,True,True,True,True,True,False,False,True,True,False,False,False,False,False,False,3700,3.7,3,10,48.1353,11.582,520.0,0.9,1.3,0.25,0.0,90.0,101325,22.0,520.0,0.0,0.0,9.81,0.0,0.0,0.0,23.0,25.0,0,False,False,False,False,False,False,False,False,1,1392,0,0,0,0,0,0,65535,NO_CORAL_DATA,4e 4f 5f 43 4f 52 41 4c 5f 44 41 54 41 00 00 00
2026-07-05T18:45:33.961145+00:00,1783277133.961145,-49,10.5,False,1,2,True,True,True,True,0x25BF,0x25BF,1393,0,3,1700001393,28674567,1,STANDBY,831,True,True,True,True,True,True,False,False,True,True,False,False,False,False,False,False,3700,3.7,3,10,48.1353,11.582,520.0,0.9,1.3,0.25,0.0,90.0,101325,22.0,520.0,0.0,0.0,9.81,0.0,0.0,0.0,23.0,25.0,0,False,False,False,False,False,False,False,False,1,1393,0,0,0,0,0,0,65535,NO_CORAL_DATA,4e 4f 5f 43 4f 52 41 4c 5f 44 41 54 41 00 00 00
2026-07-05T18:45:54.504199+00:00,1783277154.504199,-50,9.75,False,1,2,True,True,True,True,0xAC50,0xAC50,1394,0,3,1700001394,28695152,1,STANDBY,831,True,True,True,True,True,True,False,False,True,True,False,False,False,False,False,False,3700,3.7,3,10,48.1353,11.582,520.0,0.9,1.3,0.25,0.0,90.0,101325,22.0,520.0,0.0,0.0,9.81,0.0,0.0,0.0,23.0,25.0,0,False,False,False,False,False,False,False,False,1,1394,0,0,0,0,0,0,65535,NO_CORAL_DATA,4e 4f 5f 43 4f 52 41 4c 5f 44 41 54 41 00 00 00
2026-07-05T18:46:15.042977+00:00,1783277175.042977,-49,9.75,False,1,2,True,True,True,True,0x444C,0x444C,1395,0,3,1700001395,28715737,1,STANDBY,831,True,True,True,True,True,True,False,False,True,True,False,False,False,False,False,False,3700,3.7,3,10,48.1353,11.582,520.0,0.9,1.3,0.25,0.0,90.0,101325,22.0,520.0,0.0,0.0,9.81,0.0,0.0,0.0,23.0,25.0,0,False,False,False,False,False,False,False,False,1,1395,0,0,0,0,0,0,65535,NO_CORAL_DATA,4e 4f 5f 43 4f 52 41 4c 5f 44 41 54 41 00 00 00
2026-07-05T18:46:35.587520+00:00,1783277195.58752,-50,10.5,False,1,2,True,True,True,True,0xF48F,0xF48F,1396,0,3,1700001396,28736322,1,STANDBY,831,True,True,True,True,True,True,False,False,True,True,False,False,False,False,False,False,3700,3.7,3,10,48.1353,11.582,520.0,0.9,1.3,0.25,0.0,90.0,101325,22.0,520.0,0.0,0.0,9.81,0.0,0.0,0.0,23.0,25.0,0,False,False,False,False,False,False,False,False,1,1396,0,0,0,0,0,0,65535,NO_CORAL_DATA,4e 4f 5f 43 4f 52 41 4c 5f 44 41 54 41 00 00 00
2026-07-05T18:46:56.123549+00:00,1783277216.123549,-49,10.25,False,1,2,True,True,True,True,0xC07F,0xC07F,1397,0,3,1700001397,28756907,1,STANDBY,831,True,True,True,True,True,True,False,False,True,True,False,False,False,False,False,False,3700,3.7,3,10,48.1353,11.582,520.0,0.9,1.3,0.25,0.0,90.0,101325,22.0,520.0,0.0,0.0,9.81,0.0,0.0,0.0,23.0,25.0,0,False,False,False,False,False,False,False,False,1,1397,0,0,0,0,0,0,65535,NO_CORAL_DATA,4e 4f 5f 43 4f 52 41 4c 5f 44 41 54 41 00 00 00
2026-07-05T18:47:16.674706+00:00,1783277236.674706,-49,10.5,False,1,2,True,True,True,True,0xADB8,0xADB8,1398,0,3,1700001398,28777492,1,STANDBY,831,True,True,True,True,True,True,False,False,True,True,False,False,False,False,False,False,3700,3.7,3,10,48.1353,11.582,520.0,0.9,1.3,0.25,0.0,90.0,101325,22.0,520.0,0.0,0.0,9.81,0.0,0.0,0.0,23.0,25.0,0,False,False,False,False,False,False,False,False,1,1398,0,0,0,0,0,0,65535,NO_CORAL_DATA,4e 4f 5f 43 4f 52 41 4c 5f 44 41 54 41 00 00 00
2026-07-05T18:47:37.226024+00:00,1783277257.226024,-49,10.0,False,1,2,True,True,True,True,0xB773,0xB773,1399,0,3,1700001399,28798077,1,STANDBY,831,True,True,True,True,True,True,False,False,True,True,False,False,False,False,False,False,3700,3.7,3,10,48.1353,11.582,520.0,0.9,1.3,0.25,0.0,90.0,101325,22.0,520.0,0.0,0.0,9.81,0.0,0.0,0.0,23.0,25.0,0,False,False,False,False,False,False,False,False,1,1399,0,0,0,0,0,0,65535,NO_CORAL_DATA,4e 4f 5f 43 4f 52 41 4c 5f 44 41 54 41 00 00 00
2026-07-05T18:47:57.767821+00:00,1783277277.767821,-49,10.25,False,1,2,True,True,True,True,0x8ADB,0x8ADB,1400,0,3,1700001400,28818661,1,STANDBY,831,True,True,True,True,True,True,False,False,True,True,False,False,False,False,False,False,3700,3.7,3,10,48.1353,11.582,520.0,0.9,1.3,0.25,0.0,90.0,101325,22.0,520.0,0.0,0.0,9.81,0.0,0.0,0.0,23.0,25.0,0,False,False,False,False,False,False,False,False,1,1400,0,0,0,0,0,0,65535,NO_CORAL_DATA,4e 4f 5f 43 4f 52 41 4c 5f 44 41 54 41 00 00 00
2026-07-05T18:48:18.325482+00:00,1783277298.325482,-49,10.0,False,1,2,True,True,True,True,0x8802,0x8802,1401,0,3,1700001401,28839245,1,STANDBY,831,True,True,True,True,True,True,False,False,True,True,False,False,False,False,False,False,3700,3.7,3,10,48.1353,11.582,520.0,0.9,1.3,0.25,0.0,90.0,101325,22.0,520.0,0.0,0.0,9.81,0.0,0.0,0.0,23.0,25.0,0,False,False,False,False,False,False,False,False,1,1401,0,0,0,0,0,0,65535,NO_CORAL_DATA,4e 4f 5f 43 4f 52 41 4c 5f 44 41 54 41 00 00 00
2026-07-05T18:48:38.868854+00:00,1783277318.868854,-49,11.0,False,1,2,True,True,True,True,0x5972,0x5972,1402,0,3,1700001402,28859829,1,STANDBY,831,True,True,True,True,True,True,False,False,True,True,False,False,False,False,False,False,3700,3.7,3,10,48.1353,11.582,520.0,0.9,1.3,0.25,0.0,90.0,101325,22.0,520.0,0.0,0.0,9.81,0.0,0.0,0.0,23.0,25.0,0,False,False,False,False,False,False,False,False,1,1402,0,0,0,0,0,0,65535,NO_CORAL_DATA,4e 4f 5f 43 4f 52 41 4c 5f 44 41 54 41 00 00 00
2026-07-05T18:48:59.424416+00:00,1783277339.424416,-49,10.25,False,1,2,True,True,True,True,0x3232,0x3232,1403,0,3,1700001403,28880413,1,STANDBY,831,True,True,True,True,True,True,False,False,True,True,False,False,False,False,False,False,3700,3.7,3,10,48.1353,11.582,520.0,0.9,1.3,0.25,0.0,90.0,101325,22.0,520.0,0.0,0.0,9.81,0.0,0.0,0.0,23.0,25.0,0,False,False,False,False,False,False,False,False,1,1403,0,0,0,0,0,0,65535,NO_CORAL_DATA,4e 4f 5f 43 4f 52 41 4c 5f 44 41 54 41 00 00 00
2026-07-05T18:49:19.955590+00:00,1783277359.95559,-49,11.0,False,1,2,True,True,True,True,0x5E7C,0x5E7C,1404,0,3,1700001404,28900998,1,STANDBY,831,True,True,True,True,True,True,False,False,True,True,False,False,False,False,False,False,3700,3.7,3,10,48.1353,11.582,520.0,0.9,1.3,0.25,0.0,90.0,101325,22.0,520.0,0.0,0.0,9.81,0.0,0.0,0.0,23.0,25.0,0,False,False,False,False,False,False,False,False,1,1404,0,0,0,0,0,0,65535,NO_CORAL_DATA,4e 4f 5f 43 4f 52 41 4c 5f 44 41 54 41 00 00 00
2026-07-05T18:49:40.495176+00:00,1783277380.495176,-50,10.0,False,1,2,True,True,True,True,0xC5A2,0xC5A2,1405,0,3,1700001405,28921583,1,STANDBY,831,True,True,True,True,True,True,False,False,True,True,False,False,False,False,False,False,3700,3.7,3,10,48.1353,11.582,520.0,0.9,1.3,0.25,0.0,90.0,101325,22.0,520.0,0.0,0.0,9.81,0.0,0.0,0.0,23.0,25.0,0,False,False,False,False,False,False,False,False,1,1405,0,0,0,0,0,0,65535,NO_CORAL_DATA,4e 4f 5f 43 4f 52 41 4c 5f 44 41 54 41 00 00 00
2026-07-05T18:50:01.063851+00:00,1783277401.063851,-50,10.0,False,1,2,True,True,True,True,0xCBB4,0xCBB4,1406,0,3,1700001406,28942167,1,STANDBY,831,True,True,True,True,True,True,False,False,True,True,False,False,False,False,False,False,3700,3.7,3,10,48.1353,11.582,520.0,0.9,1.3,0.25,0.0,90.0,101325,22.0,520.0,0.0,0.0,9.81,0.0,0.0,0.0,23.0,25.0,0,False,False,False,False,False,False,False,False,1,1406,0,0,0,0,0,0,65535,NO_CORAL_DATA,4e 4f 5f 43 4f 52 41 4c 5f 44 41 54 41 00 00 00
2026-07-05T18:50:21.594368+00:00,1783277421.594368,-49,10.0,False,1,2,True,True,True,True,0xD41B,0xD41B,1407,0,3,1700001407,28962752,1,STANDBY,831,True,True,True,True,True,True,False,False,True,True,False,False,False,False,False,False,3700,3.7,3,10,48.1353,11.582,520.0,0.9,1.3,0.25,0.0,90.0,101325,22.0,520.0,0.0,0.0,9.81,0.0,0.0,0.0,23.0,25.0,0,False,False,False,False,False,False,False,False,1,1407,0,0,0,0,0,0,65535,NO_CORAL_DATA,4e 4f 5f 43 4f 52 41 4c 5f 44 41 54 41 00 00 00
2026-07-05T18:50:42.157421+00:00,1783277442.157421,-49,11.0,False,1,2,True,True,True,True,0x8136,0x8136,1408,0,3,1700001408,28983336,1,STANDBY,831,True,True,True,True,True,True,False,False,True,True,False,False,False,False,False,False,3700,3.7,3,10,48.1353,11.582,520.0,0.9,1.3,0.25,0.0,90.0,101325,22.0,520.0,0.0,0.0,9.81,0.0,0.0,0.0,23.0,25.0,0,False,False,False,False,False,False,False,False,1,1408,0,0,0,0,0,0,65535,NO_CORAL_DATA,4e 4f 5f 43 4f 52 41 4c 5f 44 41 54 41 00 00 00
2026-07-05T18:51:02.689413+00:00,1783277462.689413,-48,11.0,False,1,2,True,True,True,True,0xD4D3,0xD4D3,1409,0,3,1700001409,29003921,1,STANDBY,831,True,True,True,True,True,True,False,False,True,True,False,False,False,False,False,False,3700,3.7,3,10,48.1353,11.582,520.0,0.9,1.3,0.25,0.0,90.0,101325,22.0,520.0,0.0,0.0,9.81,0.0,0.0,0.0,23.0,25.0,0,False,False,False,False,False,False,False,False,1,1409,0,0,0,0,0,0,65535,NO_CORAL_DATA,4e 4f 5f 43 4f 52 41 4c 5f 44 41 54 41 00 00 00
2026-07-05T18:51:23.242215+00:00,1783277483.242215,-48,10.75,False,1,2,True,True,True,True,0xD154,0xD154,1410,0,3,1700001410,29024506,1,STANDBY,831,True,True,True,True,True,True,False,False,True,True,False,False,False,False,False,False,3700,3.7,3,10,48.1353,11.582,520.0,0.9,1.3,0.25,0.0,90.0,101325,22.0,520.0,0.0,0.0,9.81,0.0,0.0,0.0,23.0,25.0,0,False,False,False,False,False,False,False,False,1,1410,0,0,0,0,0,0,65535,NO_CORAL_DATA,4e 4f 5f 43 4f 52 41 4c 5f 44 41 54 41 00 00 00
2026-07-05T18:51:43.792775+00:00,1783277503.792775,-49,10.5,False,1,2,True,True,True,True,0x1CD5,0x1CD5,1411,0,3,1700001411,29045090,1,STANDBY,831,True,True,True,True,True,True,False,False,True,True,False,False,False,False,False,False,3700,3.7,3,10,48.1353,11.582,520.0,0.9,1.3,0.25,0.0,90.0,101325,22.0,520.0,0.0,0.0,9.81,0.0,0.0,0.0,23.0,25.0,0,False,False,False,False,False,False,False,False,1,1411,0,0,0,0,0,0,65535,NO_CORAL_DATA,4e 4f 5f 43 4f 52 41 4c 5f 44 41 54 41 00 00 00
2026-07-05T18:52:04.334723+00:00,1783277524.334723,-49,10.75,False,1,2,True,True,True,True,0x6646,0x6646,1412,0,3,1700001412,29065674,1,STANDBY,831,True,True,True,True,True,True,False,False,True,True,False,False,False,False,False,False,3700,3.7,3,10,48.1353,11.582,520.0,0.9,1.3,0.25,0.0,90.0,101325,22.0,520.0,0.0,0.0,9.81,0.0,0.0,0.0,23.0,25.0,0,False,False,False,False,False,False,False,False,1,1412,0,0,0,0,0,0,65535,NO_CORAL_DATA,4e 4f 5f 43 4f 52 41 4c 5f 44 41 54 41 00 00 00
2026-07-05T18:52:24.893934+00:00,1783277544.893934,-49,11.0,False,1,2,True,True,True,True,0x45FE,0x45FE,1413,0,3,1700001413,29086259,1,STANDBY,831,True,True,True,True,True,True,False,False,True,True,False,False,False,False,False,False,3700,3.7,3,10,48.1353,11.582,520.0,0.9,1.3,0.25,0.0,90.0,101325,22.0,520.0,0.0,0.0,9.81,0.0,0.0,0.0,23.0,25.0,0,False,False,False,False,False,False,False,False,1,1413,0,0,0,0,0,0,65535,NO_CORAL_DATA,4e 4f 5f 43 4f 52 41 4c 5f 44 41 54 41 00 00 00
2026-07-05T18:52:45.433103+00:00,1783277565.433103,-49,11.0,False,1,2,True,True,True,True,0x96B8,0x96B8,1414,0,3,1700001414,29106843,1,STANDBY,831,True,True,True,True,True,True,False,False,True,True,False,False,False,False,False,False,3700,3.7,3,10,48.1353,11.582,520.0,0.9,1.3,0.25,0.0,90.0,101325,22.0,520.0,0.0,0.0,9.81,0.0,0.0,0.0,23.0,25.0,0,False,False,False,False,False,False,False,False,1,1414,0,0,0,0,0,0,65535,NO_CORAL_DATA,4e 4f 5f 43 4f 52 41 4c 5f 44 41 54 41 00 00 00
2026-07-05T18:53:05.984601+00:00,1783277585.984601,-50,10.5,False,1,2,True,True,True,True,0x186C,0x186C,1415,0,3,1700001415,29127428,1,STANDBY,831,True,True,True,True,True,True,False,False,True,True,False,False,False,False,False,False,3700,3.7,3,10,48.1353,11.582,520.0,0.9,1.3,0.25,0.0,90.0,101325,22.0,520.0,0.0,0.0,9.81,0.0,0.0,0.0,23.0,25.0,0,False,False,False,False,False,False,False,False,1,1415,0,0,0,0,0,0,65535,NO_CORAL_DATA,4e 4f 5f 43 4f 52 41 4c 5f 44 41 54 41 00 00 00
2026-07-05T18:53:26.531084+00:00,1783277606.531084,-50,10.25,False,1,2,True,True,True,True,0xAF16,0xAF16,1416,0,3,1700001416,29148013,1,STANDBY,831,True,True,True,True,True,True,False,False,True,True,False,False,False,False,False,False,3700,3.7,3,10,48.1353,11.582,520.0,0.9,1.3,0.25,0.0,90.0,101325,22.0,520.0,0.0,0.0,9.81,0.0,0.0,0.0,23.0,25.0,0,False,False,False,False,False,False,False,False,1,1416,0,0,0,0,0,0,65535,NO_CORAL_DATA,4e 4f 5f 43 4f 52 41 4c 5f 44 41 54 41 00 00 00
2026-07-05T18:53:47.076524+00:00,1783277627.076524,-49,10.0,False,1,2,True,True,True,True,0x520B,0x520B,1417,0,3,1700001417,29168597,1,STANDBY,831,True,True,True,True,True,True,False,False,True,True,False,False,False,False,False,False,3700,3.7,3,10,48.1353,11.582,520.0,0.9,1.3,0.25,0.0,90.0,101325,22.0,520.0,0.0,0.0,9.81,0.0,0.0,0.0,23.0,25.0,0,False,False,False,False,False,False,False,False,1,1417,0,0,0,0,0,0,65535,NO_CORAL_DATA,4e 4f 5f 43 4f 52 41 4c 5f 44 41 54 41 00 00 00
2026-07-05T18:54:07.607327+00:00,1783277647.607327,-49,10.5,False,1,2,True,True,True,True,0x7878,0x7878,1418,0,3,1700001418,29189181,1,STANDBY,831,True,True,True,True,True,True,False,False,True,True,False,False,False,False,False,False,3700,3.7,3,10,48.1353,11.582,520.0,0.9,1.3,0.25,0.0,90.0,101325,22.0,520.0,0.0,0.0,9.81,0.0,0.0,0.0,23.0,25.0,0,False,False,False,False,False,False,False,False,1,1418,0,0,0,0,0,0,65535,NO_CORAL_DATA,4e 4f 5f 43 4f 52 41 4c 5f 44 41 54 41 00 00 00
2026-07-05T18:54:28.170496+00:00,1783277668.170496,-49,10.25,False,1,2,True,True,True,True,0xDE4F,0xDE4F,1419,0,3,1700001419,29209766,1,STANDBY,831,True,True,True,True,True,True,False,False,True,True,False,False,False,False,False,False,3700,3.7,3,10,48.1353,11.582,520.0,0.9,1.3,0.25,0.0,90.0,101325,22.0,520.0,0.0,0.0,9.81,0.0,0.0,0.0,23.0,25.0,0,False,False,False,False,False,False,False,False,1,1419,0,0,0,0,0,0,65535,NO_CORAL_DATA,4e 4f 5f 43 4f 52 41 4c 5f 44 41 54 41 00 00 00
2026-07-05T18:54:48.703537+00:00,1783277688.703537,-49,10.5,False,1,2,True,True,True,True,0x8EBB,0x8EBB,1420,0,3,1700001420,29230351,1,STANDBY,831,True,True,True,True,True,True,False,False,True,True,False,False,False,False,False,False,3700,3.7,3,10,48.1353,11.582,520.0,0.9,1.3,0.25,0.0,90.0,101325,22.0,520.0,0.0,0.0,9.81,0.0,0.0,0.0,23.0,25.0,0,False,False,False,False,False,False,False,False,1,1420,0,0,0,0,0,0,65535,NO_CORAL_DATA,4e 4f 5f 43 4f 52 41 4c 5f 44 41 54 41 00 00 00
2026-07-05T18:55:09.256489+00:00,1783277709.256489,-49,10.5,False,1,2,True,True,True,True,0x07DB,0x07DB,1421,0,3,1700001421,29250936,1,STANDBY,831,True,True,True,True,True,True,False,False,True,True,False,False,False,False,False,False,3700,3.7,3,10,48.1353,11.582,520.0,0.9,1.3,0.25,0.0,90.0,101325,22.0,520.0,0.0,0.0,9.81,0.0,0.0,0.0,23.0,25.0,0,False,False,False,False,False,False,False,False,1,1421,0,0,0,0,0,0,65535,NO_CORAL_DATA,4e 4f 5f 43 4f 52 41 4c 5f 44 41 54 41 00 00 00
2026-07-05T18:55:29.796777+00:00,1783277729.796777,-49,10.0,False,1,2,True,True,True,True,0x8C5A,0x8C5A,1422,0,3,1700001422,29271521,1,STANDBY,831,True,True,True,True,True,True,False,False,True,True,False,False,False,False,False,False,3700,3.7,3,10,48.1353,11.582,520.0,0.9,1.3,0.25,0.0,90.0,101325,22.0,520.0,0.0,0.0,9.81,0.0,0.0,0.0,23.0,25.0,0,False,False,False,False,False,False,False,False,1,1422,0,0,0,0,0,0,65535,NO_CORAL_DATA,4e 4f 5f 43 4f 52 41 4c 5f 44 41 54 41 00 00 00
2026-07-05T18:55:50.325470+00:00,1783277750.32547,-50,10.0,False,1,2,True,True,True,True,0x863A,0x863A,1423,0,3,1700001423,29292106,1,STANDBY,831,True,True,True,True,True,True,False,False,True,True,False,False,False,False,False,False,3700,3.7,3,10,48.1353,11.582,520.0,0.9,1.3,0.25,0.0,90.0,101325,22.0,520.0,0.0,0.0,9.81,0.0,0.0,0.0,23.0,25.0,0,False,False,False,False,False,False,False,False,1,1423,0,0,0,0,0,0,65535,NO_CORAL_DATA,4e 4f 5f 43 4f 52 41 4c 5f 44 41 54 41 00 00 00
2026-07-05T18:56:10.887668+00:00,1783277770.887668,-49,10.25,False,1,2,True,True,True,True,0x640E,0x640E,1424,0,3,1700001424,29312691,1,STANDBY,831,True,True,True,True,True,True,False,False,True,True,False,False,False,False,False,False,3700,3.7,3,10,48.1353,11.582,520.0,0.9,1.3,0.25,0.0,90.0,101325,22.0,520.0,0.0,0.0,9.81,0.0,0.0,0.0,23.0,25.0,0,False,False,False,False,False,False,False,False,1,1424,0,0,0,0,0,0,65535,NO_CORAL_DATA,4e 4f 5f 43 4f 52 41 4c 5f 44 41 54 41 00 00 00
2026-07-05T18:56:31.428800+00:00,1783277791.4288,-49,9.75,False,1,2,True,True,True,True,0x333B,0x333B,1425,0,3,1700001425,29333276,1,STANDBY,831,True,True,True,True,True,True,False,False,True,True,False,False,False,False,False,False,3700,3.7,3,10,48.1353,11.582,520.0,0.9,1.3,0.25,0.0,90.0,101325,22.0,520.0,0.0,0.0,9.81,0.0,0.0,0.0,23.0,25.0,0,False,False,False,False,False,False,False,False,1,1425,0,0,0,0,0,0,65535,NO_CORAL_DATA,4e 4f 5f 43 4f 52 41 4c 5f 44 41 54 41 00 00 00
2026-07-05T18:56:51.966361+00:00,1783277811.966361,-50,10.5,False,1,2,True,True,True,True,0x7352,0x7352,1426,0,3,1700001426,29353861,1,STANDBY,831,True,True,True,True,True,True,False,False,True,True,False,False,False,False,False,False,3700,3.7,3,10,48.1353,11.582,520.0,0.9,1.3,0.25,0.0,90.0,101325,22.0,520.0,0.0,0.0,9.81,0.0,0.0,0.0,23.0,25.0,0,False,False,False,False,False,False,False,False,1,1426,0,0,0,0,0,0,65535,NO_CORAL_DATA,4e 4f 5f 43 4f 52 41 4c 5f 44 41 54 41 00 00 00
2026-07-05T18:57:12.520054+00:00,1783277832.520054,-49,10.25,False,1,2,True,True,True,True,0x3862,0x3862,1427,0,3,1700001427,29374446,1,STANDBY,831,True,True,True,True,True,True,False,False,True,True,False,False,False,False,False,False,3700,3.7,3,10,48.1353,11.582,520.0,0.9,1.3,0.25,0.0,90.0,101325,22.0,520.0,0.0,0.0,9.81,0.0,0.0,0.0,23.0,25.0,0,False,False,False,False,False,False,False,False,1,1427,0,0,0,0,0,0,65535,NO_CORAL_DATA,4e 4f 5f 43 4f 52 41 4c 5f 44 41 54 41 00 00 00
2026-07-05T18:57:33.067328+00:00,1783277853.067328,-50,10.0,False,1,2,True,True,True,True,0x0FA6,0x0FA6,1428,0,3,1700001428,29395030,1,STANDBY,831,True,True,True,True,True,True,False,False,True,True,False,False,False,False,False,False,3700,3.7,3,10,48.1353,11.582,520.0,0.9,1.3,0.25,0.0,90.0,101325,22.0,520.0,0.0,0.0,9.81,0.0,0.0,0.0,23.0,25.0,0,False,False,False,False,False,False,False,False,1,1428,0,0,0,0,0,0,65535,NO_CORAL_DATA,4e 4f 5f 43 4f 52 41 4c 5f 44 41 54 41 00 00 00
2026-07-05T18:57:53.599982+00:00,1783277873.599982,-50,9.75,False,1,2,True,True,True,True,0x2041,0x2041,1429,0,3,1700001429,29415614,1,STANDBY,831,True,True,True,True,True,True,False,False,True,True,False,False,False,False,False,False,3700,3.7,3,10,48.1353,11.582,520.0,0.9,1.3,0.25,0.0,90.0,101325,22.0,520.0,0.0,0.0,9.81,0.0,0.0,0.0,23.0,25.0,0,False,False,False,False,False,False,False,False,1,1429,0,0,0,0,0,0,65535,NO_CORAL_DATA,4e 4f 5f 43 4f 52 41 4c 5f 44 41 54 41 00 00 00
2026-07-05T18:58:14.154868+00:00,1783277894.154868,-50,10.0,False,1,2,True,True,True,True,0xDFB5,0xDFB5,1430,0,3,1700001430,29436198,1,STANDBY,831,True,True,True,True,True,True,False,False,True,True,False,False,False,False,False,False,3700,3.7,3,10,48.1353,11.582,520.0,0.9,1.3,0.25,0.0,90.0,101325,22.0,520.0,0.0,0.0,9.81,0.0,0.0,0.0,23.0,25.0,0,False,False,False,False,False,False,False,False,1,1430,0,0,0,0,0,0,65535,NO_CORAL_DATA,4e 4f 5f 43 4f 52 41 4c 5f 44 41 54 41 00 00 00
2026-07-05T18:58:34.710264+00:00,1783277914.710264,-49,10.5,False,1,2,True,True,True,True,0x3851,0x3851,1431,0,3,1700001431,29456782,1,STANDBY,831,True,True,True,True,True,True,False,False,True,True,False,False,False,False,False,False,3700,3.7,3,10,48.1353,11.582,520.0,0.9,1.3,0.25,0.0,90.0,101325,22.0,520.0,0.0,0.0,9.81,0.0,0.0,0.0,23.0,25.0,0,False,False,False,False,False,False,False,False,1,1431,0,0,0,0,0,0,65535,NO_CORAL_DATA,4e 4f 5f 43 4f 52 41 4c 5f 44 41 54 41 00 00 00
2026-07-05T18:58:55.244058+00:00,1783277935.244058,-49,11.0,False,1,2,True,True,True,True,0x7133,0x7133,1432,0,3,1700001432,29477367,1,STANDBY,831,True,True,True,True,True,True,False,False,True,True,False,False,False,False,False,False,3700,3.7,3,10,48.1353,11.582,520.0,0.9,1.3,0.25,0.0,90.0,101325,22.0,520.0,0.0,0.0,9.81,0.0,0.0,0.0,23.0,25.0,0,False,False,False,False,False,False,False,False,1,1432,0,0,0,0,0,0,65535,NO_CORAL_DATA,4e 4f 5f 43 4f 52 41 4c 5f 44 41 54 41 00 00 00
2026-07-05T18:59:15.790034+00:00,1783277955.790034,-49,9.75,False,1,2,True,True,True,True,0x9323,0x9323,1433,0,3,1700001433,29497952,1,STANDBY,831,True,True,True,True,True,True,False,False,True,True,False,False,False,False,False,False,3700,3.7,3,10,48.1353,11.582,520.0,0.9,1.3,0.25,0.0,90.0,101325,22.0,520.0,0.0,0.0,9.81,0.0,0.0,0.0,23.0,25.0,0,False,False,False,False,False,False,False,False,1,1433,0,0,0,0,0,0,65535,NO_CORAL_DATA,4e 4f 5f 43 4f 52 41 4c 5f 44 41 54 41 00 00 00
2026-07-05T18:59:36.341073+00:00,1783277976.341073,-49,10.25,False,1,2,True,True,True,True,0xC143,0xC143,1434,0,3,1700001434,29518537,1,STANDBY,831,True,True,True,True,True,True,False,False,True,True,False,False,False,False,False,False,3700,3.7,3,10,48.1353,11.582,520.0,0.9,1.3,0.25,0.0,90.0,101325,22.0,520.0,0.0,0.0,9.81,0.0,0.0,0.0,23.0,25.0,0,False,False,False,False,False,False,False,False,1,1434,0,0,0,0,0,0,65535,NO_CORAL_DATA,4e 4f 5f 43 4f 52 41 4c 5f 44 41 54 41 00 00 00
2026-07-05T18:59:56.893035+00:00,1783277996.893035,-49,10.5,False,1,2,True,True,True,True,0x9FEB,0x9FEB,1435,0,3,1700001435,29539122,1,STANDBY,831,True,True,True,True,True,True,False,False,True,True,False,False,False,False,False,False,3700,3.7,3,10,48.1353,11.582,520.0,0.9,1.3,0.25,0.0,90.0,101325,22.0,520.0,0.0,0.0,9.81,0.0,0.0,0.0,23.0,25.0,0,False,False,False,False,False,False,False,False,1,1435,0,0,0,0,0,0,65535,NO_CORAL_DATA,4e 4f 5f 43 4f 52 41 4c 5f 44 41 54 41 00 00 00
2026-07-05T19:00:17.416476+00:00,1783278017.416476,-50,10.0,False,1,2,True,True,True,True,0x4D80,0x4D80,1436,0,3,1700001436,29559707,1,STANDBY,831,True,True,True,True,True,True,False,False,True,True,False,False,False,False,False,False,3700,3.7,3,10,48.1353,11.582,520.0,0.9,1.3,0.25,0.0,90.0,101325,22.0,520.0,0.0,0.0,9.81,0.0,0.0,0.0,23.0,25.0,0,False,False,False,False,False,False,False,False,1,1436,0,0,0,0,0,0,65535,NO_CORAL_DATA,4e 4f 5f 43 4f 52 41 4c 5f 44 41 54 41 00 00 00
2026-07-05T19:00:37.969117+00:00,1783278037.969117,-48,10.5,False,1,2,True,True,True,True,0x2838,0x2838,1437,0,3,1700001437,29580292,1,STANDBY,831,True,True,True,True,True,True,False,False,True,True,False,False,False,False,False,False,3700,3.7,3,10,48.1353,11.582,520.0,0.9,1.3,0.25,0.0,90.0,101325,22.0,520.0,0.0,0.0,9.81,0.0,0.0,0.0,23.0,25.0,0,False,False,False,False,False,False,False,False,1,1437,0,0,0,0,0,0,65535,NO_CORAL_DATA,4e 4f 5f 43 4f 52 41 4c 5f 44 41 54 41 00 00 00
2026-07-05T19:00:58.501953+00:00,1783278058.501953,-49,12.75,False,1,2,True,True,True,True,0xF994,0xF994,1438,0,3,1700001438,29600877,1,STANDBY,831,True,True,True,True,True,True,False,False,True,True,False,False,False,False,False,False,3700,3.7,3,10,48.1353,11.582,520.0,0.9,1.3,0.25,0.0,90.0,101325,22.0,520.0,0.0,0.0,9.81,0.0,0.0,0.0,23.0,25.0,0,False,False,False,False,False,False,False,False,1,1438,0,0,0,0,0,0,65535,NO_CORAL_DATA,4e 4f 5f 43 4f 52 41 4c 5f 44 41 54 41 00 00 00
2026-07-05T19:01:19.053896+00:00,1783278079.053896,-48,13.75,False,1,2,True,True,True,True,0x785A,0x785A,1439,0,3,1700001439,29621462,1,STANDBY,831,True,True,True,True,True,True,False,False,True,True,False,False,False,False,False,False,3700,3.7,3,10,48.1353,11.582,520.0,0.9,1.3,0.25,0.0,90.0,101325,22.0,520.0,0.0,0.0,9.81,0.0,0.0,0.0,23.0,25.0,0,False,False,False,False,False,False,False,False,1,1439,0,0,0,0,0,0,65535,NO_CORAL_DATA,4e 4f 5f 43 4f 52 41 4c 5f 44 41 54 41 00 00 00
2026-07-05T19:01:39.604806+00:00,1783278099.604806,-49,10.25,False,1,2,True,True,True,True,0x523D,0x523D,1440,0,3,1700001440,29642047,1,STANDBY,831,True,True,True,True,True,True,False,False,True,True,False,False,False,False,False,False,3700,3.7,3,10,48.1353,11.582,520.0,0.9,1.3,0.25,0.0,90.0,101325,22.0,520.0,0.0,0.0,9.81,0.0,0.0,0.0,23.0,25.0,0,False,False,False,False,False,False,False,False,1,1440,0,0,0,0,0,0,65535,NO_CORAL_DATA,4e 4f 5f 43 4f 52 41 4c 5f 44 41 54 41 00 00 00
2026-07-05T19:02:00.135492+00:00,1783278120.135492,-49,11.0,False,1,2,True,True,True,True,0xB480,0xB480,1441,0,3,1700001441,29662632,1,STANDBY,831,True,True,True,True,True,True,False,False,True,True,False,False,False,False,False,False,3700,3.7,3,10,48.1353,11.582,520.0,0.9,1.3,0.25,0.0,90.0,101325,22.0,520.0,0.0,0.0,9.81,0.0,0.0,0.0,23.0,25.0,0,False,False,False,False,False,False,False,False,1,1441,0,0,0,0,0,0,65535,NO_CORAL_DATA,4e 4f 5f 43 4f 52 41 4c 5f 44 41 54 41 00 00 00
2026-07-05T19:02:20.681920+00:00,1783278140.68192,-50,11.5,False,1,2,True,True,True,True,0x6D4E,0x6D4E,1442,0,3,1700001442,29683217,1,STANDBY,831,True,True,True,True,True,True,False,False,True,True,False,False,False,False,False,False,3700,3.7,3,10,48.1353,11.582,520.0,0.9,1.3,0.25,0.0,90.0,101325,22.0,520.0,0.0,0.0,9.81,0.0,0.0,0.0,23.0,25.0,0,False,False,False,False,False,False,False,False,1,1442,0,0,0,0,0,0,65535,NO_CORAL_DATA,4e 4f 5f 43 4f 52 41 4c 5f 44 41 54 41 00 00 00
2026-07-05T19:02:41.219602+00:00,1783278161.219602,-50,10.25,False,1,2,True,True,True,True,0xBE5D,0xBE5D,1443,0,3,1700001443,29703802,1,STANDBY,831,True,True,True,True,True,True,False,False,True,True,False,False,False,False,False,False,3700,3.7,3,10,48.1353,11.582,520.0,0.9,1.3,0.25,0.0,90.0,101325,22.0,520.0,0.0,0.0,9.81,0.0,0.0,0.0,23.0,25.0,0,False,False,False,False,False,False,False,False,1,1443,0,0,0,0,0,0,65535,NO_CORAL_DATA,4e 4f 5f 43 4f 52 41 4c 5f 44 41 54 41 00 00 00
2026-07-05T19:03:01.771819+00:00,1783278181.771819,-50,10.5,False,1,2,True,True,True,True,0x5136,0x5136,1444,0,3,1700001444,29724387,1,STANDBY,831,True,True,True,True,True,True,False,False,True,True,False,False,False,False,False,False,3700,3.7,3,10,48.1353,11.582,520.0,0.9,1.3,0.25,0.0,90.0,101325,22.0,520.0,0.0,0.0,9.81,0.0,0.0,0.0,23.0,25.0,0,False,False,False,False,False,False,False,False,1,1444,0,0,0,0,0,0,65535,NO_CORAL_DATA,4e 4f 5f 43 4f 52 41 4c 5f 44 41 54 41 00 00 00
2026-07-05T19:03:22.323718+00:00,1783278202.323718,-49,10.0,False,1,2,True,True,True,True,0xCDEB,0xCDEB,1445,0,3,1700001445,29744972,1,STANDBY,831,True,True,True,True,True,True,False,False,True,True,False,False,False,False,False,False,3700,3.7,3,10,48.1353,11.582,520.0,0.9,1.3,0.25,0.0,90.0,101325,22.0,520.0,0.0,0.0,9.81,0.0,0.0,0.0,23.0,25.0,0,False,False,False,False,False,False,False,False,1,1445,0,0,0,0,0,0,65535,NO_CORAL_DATA,4e 4f 5f 43 4f 52 41 4c 5f 44 41 54 41 00 00 00
2026-07-05T19:03:42.878489+00:00,1783278222.878489,-50,10.0,False,1,2,True,True,True,True,0x1363,0x1363,1446,0,3,1700001446,29765557,1,STANDBY,831,True,True,True,True,True,True,False,False,True,True,False,False,False,False,False,False,3700,3.7,3,10,48.1353,11.582,520.0,0.9,1.3,0.25,0.0,90.0,101325,22.0,520.0,0.0,0.0,9.81,0.0,0.0,0.0,23.0,25.0,0,False,False,False,False,False,False,False,False,1,1446,0,0,0,0,0,0,65535,NO_CORAL_DATA,4e 4f 5f 43 4f 52 41 4c 5f 44 41 54 41 00 00 00
2026-07-05T19:04:03.418384+00:00,1783278243.418384,-50,9.75,False,1,2,True,True,True,True,0x5A61,0x5A61,1447,0,3,1700001447,29786142,1,STANDBY,831,True,True,True,True,True,True,False,False,True,True,False,False,False,False,False,False,3700,3.7,3,10,48.1353,11.582,520.0,0.9,1.3,0.25,0.0,90.0,101325,22.0,520.0,0.0,0.0,9.81,0.0,0.0,0.0,23.0,25.0,0,False,False,False,False,False,False,False,False,1,1447,0,0,0,0,0,0,65535,NO_CORAL_DATA,4e 4f 5f 43 4f 52 41 4c 5f 44 41 54 41 00 00 00
2026-07-05T19:04:23.973545+00:00,1783278263.973545,-50,10.0,False,1,2,True,True,True,True,0x2BD0,0x2BD0,1448,0,3,1700001448,29806727,1,STANDBY,831,True,True,True,True,True,True,False,False,True,True,False,False,False,False,False,False,3700,3.7,3,10,48.1353,11.582,520.0,0.9,1.3,0.25,0.0,90.0,101325,22.0,520.0,0.0,0.0,9.81,0.0,0.0,0.0,23.0,25.0,0,False,False,False,False,False,False,False,False,1,1448,0,0,0,0,0,0,65535,NO_CORAL_DATA,4e 4f 5f 43 4f 52 41 4c 5f 44 41 54 41 00 00 00
2026-07-05T19:04:44.500589+00:00,1783278284.500589,-50,9.5,False,1,2,True,True,True,True,0x74AB,0x74AB,1449,0,3,1700001449,29827312,1,STANDBY,831,True,True,True,True,True,True,False,False,True,True,False,False,False,False,False,False,3700,3.7,3,10,48.1353,11.582,520.0,0.9,1.3,0.25,0.0,90.0,101325,22.0,520.0,0.0,0.0,9.81,0.0,0.0,0.0,23.0,25.0,0,False,False,False,False,False,False,False,False,1,1449,0,0,0,0,0,0,65535,NO_CORAL_DATA,4e 4f 5f 43 4f 52 41 4c 5f 44 41 54 41 00 00 00
2026-07-05T19:05:05.057457+00:00,1783278305.057457,-49,10.75,False,1,2,True,True,True,True,0x4F4D,0x4F4D,1450,0,3,1700001450,29847896,1,STANDBY,831,True,True,True,True,True,True,False,False,True,True,False,False,False,False,False,False,3700,3.7,3,10,48.1353,11.582,520.0,0.9,1.3,0.25,0.0,90.0,101325,22.0,520.0,0.0,0.0,9.81,0.0,0.0,0.0,23.0,25.0,0,False,False,False,False,False,False,False,False,1,1450,0,0,0,0,0,0,65535,NO_CORAL_DATA,4e 4f 5f 43 4f 52 41 4c 5f 44 41 54 41 00 00 00
2026-07-05T19:42:41.200860+00:00,1783280561.20086,-49,11.0,False,1,2,True,True,True,True,0xDCA2,0xDCA2,1559,108,111,1700001559,32091653,1,STANDBY,831,True,True,True,True,True,True,False,False,True,True,False,False,False,False,False,False,3700,3.7,3,10,48.1353,11.582,520.0,0.9,1.3,0.25,0.0,90.0,101325,22.0,520.0,0.0,0.0,9.81,0.0,0.0,0.0,23.0,25.0,0,False,False,False,False,False,False,False,False,1,1559,0,0,0,0,0,0,65535,NO_CORAL_DATA,4e 4f 5f 43 4f 52 41 4c 5f 44 41 54 41 00 00 00
2026-07-05T19:42:44.789980+00:00,1783280564.78998,-47,13.5,False,1,2,True,True,True,True,0xE8FD,0xE8FD,1560,0,111,1700001560,32112238,1,STANDBY,831,True,True,True,True,True,True,False,False,True,True,False,False,False,False,False,False,3700,3.7,3,10,48.1353,11.582,520.0,0.9,1.3,0.25,0.0,90.0,101325,22.0,520.0,0.0,0.0,9.81,0.0,0.0,0.0,23.0,25.0,0,False,False,False,False,False,False,False,False,1,1560,0,0,0,0,0,0,65535,NO_CORAL_DATA,4e 4f 5f 43 4f 52 41 4c 5f 44 41 54 41 00 00 00
2026-07-05T19:43:05.344389+00:00,1783280585.344389,-49,10.75,False,1,2,True,True,True,True,0x9B0D,0x9B0D,1561,0,111,1700001561,32132823,1,STANDBY,831,True,True,True,True,True,True,False,False,True,True,False,False,False,False,False,False,3700,3.7,3,10,48.1353,11.582,520.0,0.9,1.3,0.25,0.0,90.0,101325,22.0,520.0,0.0,0.0,9.81,0.0,0.0,0.0,23.0,25.0,0,False,False,False,False,False,False,False,False,1,1561,0,0,0,0,0,0,65535,NO_CORAL_DATA,4e 4f 5f 43 4f 52 41 4c 5f 44 41 54 41 00 00 00
2026-07-05T19:43:25.881537+00:00,1783280605.881537,-49,10.5,False,1,2,True,True,True,True,0xA1B2,0xA1B2,1562,0,111,1700001562,32153408,1,STANDBY,831,True,True,True,True,True,True,False,False,True,True,False,False,False,False,False,False,3700,3.7,3,10,48.1353,11.582,520.0,0.9,1.3,0.25,0.0,90.0,101325,22.0,520.0,0.0,0.0,9.81,0.0,0.0,0.0,23.0,25.0,0,False,False,False,False,False,False,False,False,1,1562,0,0,0,0,0,0,65535,NO_CORAL_DATA,4e 4f 5f 43 4f 52 41 4c 5f 44 41 54 41 00 00 00
2026-07-05T19:43:46.432793+00:00,1783280626.432793,-49,10.0,False,1,2,True,True,True,True,0x3B5E,0x3B5E,1563,0,111,1700001563,32173993,1,STANDBY,831,True,True,True,True,True,True,False,False,True,True,False,False,False,False,False,False,3700,3.7,3,10,48.1353,11.582,520.0,0.9,1.3,0.25,0.0,90.0,101325,22.0,520.0,0.0,0.0,9.81,0.0,0.0,0.0,23.0,25.0,0,False,False,False,False,False,False,False,False,1,1563,0,0,0,0,0,0,65535,NO_CORAL_DATA,4e 4f 5f 43 4f 52 41 4c 5f 44 41 54 41 00 00 00
2026-07-05T19:44:06.961998+00:00,1783280646.961998,-49,10.5,False,1,2,True,True,True,True,0xA2DC,0xA2DC,1564,0,111,1700001564,32194578,1,STANDBY,831,True,True,True,True,True,True,False,False,True,True,False,False,False,False,False,False,3700,3.7,3,10,48.1353,11.582,520.0,0.9,1.3,0.25,0.0,90.0,101325,22.0,520.0,0.0,0.0,9.81,0.0,0.0,0.0,23.0,25.0,0,False,False,False,False,False,False,False,False,1,1564,0,0,0,0,0,0,65535,NO_CORAL_DATA,4e 4f 5f 43 4f 52 41 4c 5f 44 41 54 41 00 00 00
2026-07-05T19:44:27.510175+00:00,1783280667.510175,-48,10.75,False,1,2,True,True,True,True,0x4105,0x4105,1565,0,111,1700001565,32215163,1,STANDBY,831,True,True,True,True,True,True,False,False,True,True,False,False,False,False,False,False,3700,3.7,3,10,48.1353,11.582,520.0,0.9,1.3,0.25,0.0,90.0,101325,22.0,520.0,0.0,0.0,9.81,0.0,0.0,0.0,23.0,25.0,0,False,False,False,False,False,False,False,False,1,1565,0,0,0,0,0,0,65535,NO_CORAL_DATA,4e 4f 5f 43 4f 52 41 4c 5f 44 41 54 41 00 00 00
2026-07-05T19:44:48.048359+00:00,1783280688.048359,-49,11.0,False,1,2,True,True,True,True,0x2129,0x2129,1566,0,111,1700001566,32235748,1,STANDBY,831,True,True,True,True,True,True,False,False,True,True,False,False,False,False,False,False,3700,3.7,3,10,48.1353,11.582,520.0,0.9,1.3,0.25,0.0,90.0,101325,22.0,520.0,0.0,0.0,9.81,0.0,0.0,0.0,23.0,25.0,0,False,False,False,False,False,False,False,False,1,1566,0,0,0,0,0,0,65535,NO_CORAL_DATA,4e 4f 5f 43 4f 52 41 4c 5f 44 41 54 41 00 00 00
2026-07-05T19:45:08.584657+00:00,1783280708.584657,-49,10.25,False,1,2,True,True,True,True,0x9B66,0x9B66,1567,0,111,1700001567,32256333,1,STANDBY,831,True,True,True,True,True,True,False,False,True,True,False,False,False,False,False,False,3700,3.7,3,10,48.1353,11.582,520.0,0.9,1.3,0.25,0.0,90.0,101325,22.0,520.0,0.0,0.0,9.81,0.0,0.0,0.0,23.0,25.0,0,False,False,False,False,False,False,False,False,1,1567,0,0,0,0,0,0,65535,NO_CORAL_DATA,4e 4f 5f 43 4f 52 41 4c 5f 44 41 54 41 00 00 00
2026-07-05T19:45:29.112497+00:00,1783280729.112497,-49,10.0,False,1,2,True,True,True,True,0x4168,0x4168,1568,0,111,1700001568,32276918,1,STANDBY,831,True,True,True,True,True,True,False,False,True,True,False,False,False,False,False,False,3700,3.7,3,10,48.1353,11.582,520.0,0.9,1.3,0.25,0.0,90.0,101325,22.0,520.0,0.0,0.0,9.81,0.0,0.0,0.0,23.0,25.0,0,False,False,False,False,False,False,False,False,1,1568,0,0,0,0,0,0,65535,NO_CORAL_DATA,4e 4f 5f 43 4f 52 41 4c 5f 44 41 54 41 00 00 00
2026-07-05T19:45:49.658960+00:00,1783280749.65896,-49,10.5,False,1,2,True,True,True,True,0x54CB,0x54CB,1569,0,111,1700001569,32297503,1,STANDBY,831,True,True,True,True,True,True,False,False,True,True,False,False,False,False,False,False,3700,3.7,3,10,48.1353,11.582,520.0,0.9,1.3,0.25,0.0,90.0,101325,22.0,520.0,0.0,0.0,9.81,0.0,0.0,0.0,23.0,25.0,0,False,False,False,False,False,False,False,False,1,1569,0,0,0,0,0,0,65535,NO_CORAL_DATA,4e 4f 5f 43 4f 52 41 4c 5f 44 41 54 41 00 00 00
2026-07-05T19:46:10.203003+00:00,1783280770.203003,-50,10.25,False,1,2,True,True,True,True,0xAF0A,0xAF0A,1570,0,111,1700001570,32318088,1,STANDBY,831,True,True,True,True,True,True,False,False,True,True,False,False,False,False,False,False,3700,3.7,3,10,48.1353,11.582,520.0,0.9,1.3,0.25,0.0,90.0,101325,22.0,520.0,0.0,0.0,9.81,0.0,0.0,0.0,23.0,25.0,0,False,False,False,False,False,False,False,False,1,1570,0,0,0,0,0,0,65535,NO_CORAL_DATA,4e 4f 5f 43 4f 52 41 4c 5f 44 41 54 41 00 00 00
2026-07-05T19:46:30.742840+00:00,1783280790.74284,-48,10.0,False,1,2,True,True,True,True,0x7923,0x7923,1571,0,111,1700001571,32338673,1,STANDBY,831,True,True,True,True,True,True,False,False,True,True,False,False,False,False,False,False,3700,3.7,3,10,48.1353,11.582,520.0,0.9,1.3,0.25,0.0,90.0,101325,22.0,520.0,0.0,0.0,9.81,0.0,0.0,0.0,23.0,25.0,0,False,False,False,False,False,False,False,False,1,1571,0,0,0,0,0,0,65535,NO_CORAL_DATA,4e 4f 5f 43 4f 52 41 4c 5f 44 41 54 41 00 00 00
2026-07-05T19:46:51.293851+00:00,1783280811.293851,-48,10.5,False,1,2,True,True,True,True,0x470F,0x470F,1572,0,111,1700001572,32359258,1,STANDBY,831,True,True,True,True,True,True,False,False,True,True,False,False,False,False,False,False,3700,3.7,3,10,48.1353,11.582,520.0,0.9,1.3,0.25,0.0,90.0,101325,22.0,520.0,0.0,0.0,9.81,0.0,0.0,0.0,23.0,25.0,0,False,False,False,False,False,False,False,False,1,1572,0,0,0,0,0,0,65535,NO_CORAL_DATA,4e 4f 5f 43 4f 52 41 4c 5f 44 41 54 41 00 00 00
2026-07-05T19:47:11.841016+00:00,1783280831.841016,-50,10.0,False,1,2,True,True,True,True,0x8FE0,0x8FE0,1573,0,111,1700001573,32379843,1,STANDBY,831,True,True,True,True,True,True,False,False,True,True,False,False,False,False,False,False,3700,3.7,3,10,48.1353,11.582,520.0,0.9,1.3,0.25,0.0,90.0,101325,22.0,520.0,0.0,0.0,9.81,0.0,0.0,0.0,23.0,25.0,0,False,False,False,False,False,False,False,False,1,1573,0,0,0,0,0,0,65535,NO_CORAL_DATA,4e 4f 5f 43 4f 52 41 4c 5f 44 41 54 41 00 00 00
2026-07-05T19:47:32.377930+00:00,1783280852.37793,-49,9.75,False,1,2,True,True,True,True,0x0227,0x0227,1574,0,111,1700001574,32400428,1,STANDBY,831,True,True,True,True,True,True,False,False,True,True,False,False,False,False,False,False,3700,3.7,3,10,48.1353,11.582,520.0,0.9,1.3,0.25,0.0,90.0,101325,22.0,520.0,0.0,0.0,9.81,0.0,0.0,0.0,23.0,25.0,0,False,False,False,False,False,False,False,False,1,1574,0,0,0,0,0,0,65535,NO_CORAL_DATA,4e 4f 5f 43 4f 52 41 4c 5f 44 41 54 41 00 00 00
2026-07-05T19:47:52.933475+00:00,1783280872.933475,-49,9.75,False,1,2,True,True,True,True,0x57C2,0x57C2,1575,0,111,1700001575,32421013,1,STANDBY,831,True,True,True,True,True,True,False,False,True,True,False,False,False,False,False,False,3700,3.7,3,10,48.1353,11.582,520.0,0.9,1.3,0.25,0.0,90.0,101325,22.0,520.0,0.0,0.0,9.81,0.0,0.0,0.0,23.0,25.0,0,False,False,False,False,False,False,False,False,1,1575,0,0,0,0,0,0,65535,NO_CORAL_DATA,4e 4f 5f 43 4f 52 41 4c 5f 44 41 54 41 00 00 00
2026-07-05T19:48:13.475829+00:00,1783280893.475829,-49,10.25,False,1,2,True,True,True,True,0xD072,0xD072,1576,0,111,1700001576,32441598,1,STANDBY,831,True,True,True,True,True,True,False,False,True,True,False,False,False,False,False,False,3700,3.7,3,10,48.1353,11.582,520.0,0.9,1.3,0.25,0.0,90.0,101325,22.0,520.0,0.0,0.0,9.81,0.0,0.0,0.0,23.0,25.0,0,False,False,False,False,False,False,False,False,1,1576,0,0,0,0,0,0,65535,NO_CORAL_DATA,4e 4f 5f 43 4f 52 41 4c 5f 44 41 54 41 00 00 00
2026-07-05T19:48:34.014325+00:00,1783280914.014325,-49,10.5,False,1,2,True,True,True,True,0x7EE3,0x7EE3,1577,0,111,1700001577,32462183,1,STANDBY,831,True,True,True,True,True,True,False,False,True,True,False,False,False,False,False,False,3700,3.7,3,10,48.1353,11.582,520.0,0.9,1.3,0.25,0.0,90.0,101325,22.0,520.0,0.0,0.0,9.81,0.0,0.0,0.0,23.0,25.0,0,False,False,False,False,False,False,False,False,1,1577,0,0,0,0,0,0,65535,NO_CORAL_DATA,4e 4f 5f 43 4f 52 41 4c 5f 44 41 54 41 00 00 00
2026-07-05T19:48:54.550142+00:00,1783280934.550142,-48,10.25,False,1,2,True,True,True,True,0x463A,0x463A,1578,0,111,1700001578,32482768,1,STANDBY,831,True,True,True,True,True,True,False,False,True,True,False,False,False,False,False,False,3700,3.7,3,10,48.1353,11.582,520.0,0.9,1.3,0.25,0.0,90.0,101325,22.0,520.0,0.0,0.0,9.81,0.0,0.0,0.0,23.0,25.0,0,False,False,False,False,False,False,False,False,1,1578,0,0,0,0,0,0,65535,NO_CORAL_DATA,4e 4f 5f 43 4f 52 41 4c 5f 44 41 54 41 00 00 00
2026-07-05T19:49:15.080082+00:00,1783280955.080082,-49,10.25,False,1,2,True,True,True,True,0x9B9A,0x9B9A,1579,0,111,1700001579,32503353,1,STANDBY,831,True,True,True,True,True,True,False,False,True,True,False,False,False,False,False,False,3700,3.7,3,10,48.1353,11.582,520.0,0.9,1.3,0.25,0.0,90.0,101325,22.0,520.0,0.0,0.0,9.81,0.0,0.0,0.0,23.0,25.0,0,False,False,False,False,False,False,False,False,1,1579,0,0,0,0,0,0,65535,NO_CORAL_DATA,4e 4f 5f 43 4f 52 41 4c 5f 44 41 54 41 00 00 00
2026-07-05T19:49:35.617266+00:00,1783280975.617266,-50,10.5,False,1,2,True,True,True,True,0x1EB6,0x1EB6,1580,0,111,1700001580,32523938,1,STANDBY,831,True,True,True,True,True,True,False,False,True,True,False,False,False,False,False,False,3700,3.7,3,10,48.1353,11.582,520.0,0.9,1.3,0.25,0.0,90.0,101325,22.0,520.0,0.0,0.0,9.81,0.0,0.0,0.0,23.0,25.0,0,False,False,False,False,False,False,False,False,1,1580,0,0,0,0,0,0,65535,NO_CORAL_DATA,4e 4f 5f 43 4f 52 41 4c 5f 44 41 54 41 00 00 00
2026-07-05T19:49:56.178460+00:00,1783280996.17846,-50,10.75,False,1,2,True,True,True,True,0x69C6,0x69C6,1581,0,111,1700001581,32544523,1,STANDBY,831,True,True,True,True,True,True,False,False,True,True,False,False,False,False,False,False,3700,3.7,3,10,48.1353,11.582,520.0,0.9,1.3,0.25,0.0,90.0,101325,22.0,520.0,0.0,0.0,9.81,0.0,0.0,0.0,23.0,25.0,0,False,False,False,False,False,False,False,False,1,1581,0,0,0,0,0,0,65535,NO_CORAL_DATA,4e 4f 5f 43 4f 52 41 4c 5f 44 41 54 41 00 00 00
2026-07-05T19:50:16.698736+00:00,1783281016.698736,-49,10.5,False,1,2,True,True,True,True,0xADDF,0xADDF,1582,0,111,1700001582,32565108,1,STANDBY,831,True,True,True,True,True,True,False,False,True,True,False,False,False,False,False,False,3700,3.7,3,10,48.1353,11.582,520.0,0.9,1.3,0.25,0.0,90.0,101325,22.0,520.0,0.0,0.0,9.81,0.0,0.0,0.0,23.0,25.0,0,False,False,False,False,False,False,False,False,1,1582,0,0,0,0,0,0,65535,NO_CORAL_DATA,4e 4f 5f 43 4f 52 41 4c 5f 44 41 54 41 00 00 00
2026-07-05T19:50:37.262093+00:00,1783281037.262093,-49,10.0,False,1,2,True,True,True,True,0x292B,0x292B,1583,0,111,1700001583,32585693,1,STANDBY,831,True,True,True,True,True,True,False,False,True,True,False,False,False,False,False,False,3700,3.7,3,10,48.1353,11.582,520.0,0.9,1.3,0.25,0.0,90.0,101325,22.0,520.0,0.0,0.0,9.81,0.0,0.0,0.0,23.0,25.0,0,False,False,False,False,False,False,False,False,1,1583,0,0,0,0,0,0,65535,NO_CORAL_DATA,4e 4f 5f 43 4f 52 41 4c 5f 44 41 54 41 00 00 00
2026-07-05T19:50:57.800160+00:00,1783281057.80016,-49,10.0,False,1,2,True,True,True,True,0x6C88,0x6C88,1584,0,111,1700001584,32606278,1,STANDBY,831,True,True,True,True,True,True,False,False,True,True,False,False,False,False,False,False,3700,3.7,3,10,48.1353,11.582,520.0,0.9,1.3,0.25,0.0,90.0,101325,22.0,520.0,0.0,0.0,9.81,0.0,0.0,0.0,23.0,25.0,0,False,False,False,False,False,False,False,False,1,1584,0,0,0,0,0,0,65535,NO_CORAL_DATA,4e 4f 5f 43 4f 52 41 4c 5f 44 41 54 41 00 00 00
2026-07-05T19:51:18.353073+00:00,1783281078.353073,-48,10.0,False,1,2,True,True,True,True,0xC49E,0xC49E,1585,0,111,1700001585,32626863,1,STANDBY,831,True,True,True,True,True,True,False,False,True,True,False,False,False,False,False,False,3700,3.7,3,10,48.1353,11.582,520.0,0.9,1.3,0.25,0.0,90.0,101325,22.0,520.0,0.0,0.0,9.81,0.0,0.0,0.0,23.0,25.0,0,False,False,False,False,False,False,False,False,1,1585,0,0,0,0,0,0,65535,NO_CORAL_DATA,4e 4f 5f 43 4f 52 41 4c 5f 44 41 54 41 00 00 00
2026-07-05T19:51:38.886997+00:00,1783281098.886997,-48,10.5,False,1,2,True,True,True,True,0x51D1,0x51D1,1586,0,111,1700001586,32647448,1,STANDBY,831,True,True,True,True,True,True,False,False,True,True,False,False,False,False,False,False,3700,3.7,3,10,48.1353,11.582,520.0,0.9,1.3,0.25,0.0,90.0,101325,22.0,520.0,0.0,0.0,9.81,0.0,0.0,0.0,23.0,25.0,0,False,False,False,False,False,False,False,False,1,1586,0,0,0,0,0,0,65535,NO_CORAL_DATA,4e 4f 5f 43 4f 52 41 4c 5f 44 41 54 41 00 00 00
2026-07-05T19:51:59.434599+00:00,1783281119.434599,-50,10.75,False,1,2,True,True,True,True,0x23CD,0x23CD,1587,0,111,1700001587,32668033,1,STANDBY,831,True,True,True,True,True,True,False,False,True,True,False,False,False,False,False,False,3700,3.7,3,10,48.1353,11.582,520.0,0.9,1.3,0.25,0.0,90.0,101325,22.0,520.0,0.0,0.0,9.81,0.0,0.0,0.0,23.0,25.0,0,False,False,False,False,False,False,False,False,1,1587,0,0,0,0,0,0,65535,NO_CORAL_DATA,4e 4f 5f 43 4f 52 41 4c 5f 44 41 54 41 00 00 00
2026-07-05T19:52:19.964447+00:00,1783281139.964447,-49,10.25,False,1,2,True,True,True,True,0x8948,0x8948,1588,0,111,1700001588,32688618,1,STANDBY,831,True,True,True,True,True,True,False,False,True,True,False,False,False,False,False,False,3700,3.7,3,10,48.1353,11.582,520.0,0.9,1.3,0.25,0.0,90.0,101325,22.0,520.0,0.0,0.0,9.81,0.0,0.0,0.0,23.0,25.0,0,False,False,False,False,False,False,False,False,1,1588,0,0,0,0,0,0,65535,NO_CORAL_DATA,4e 4f 5f 43 4f 52 41 4c 5f 44 41 54 41 00 00 00
2026-07-05T19:52:40.518334+00:00,1783281160.518334,-49,10.25,False,1,2,True,True,True,True,0x8612,0x8612,1589,0,111,1700001589,32709203,1,STANDBY,831,True,True,True,True,True,True,False,False,True,True,False,False,False,False,False,False,3700,3.7,3,10,48.1353,11.582,520.0,0.9,1.3,0.25,0.0,90.0,101325,22.0,520.0,0.0,0.0,9.81,0.0,0.0,0.0,23.0,25.0,0,False,False,False,False,False,False,False,False,1,1589,0,0,0,0,0,0,65535,NO_CORAL_DATA,4e 4f 5f 43 4f 52 41 4c 5f 44 41 54 41 00 00 00
2026-07-05T19:53:01.062807+00:00,1783281181.062807,-48,10.0,False,1,2,True,True,True,True,0x3C34,0x3C34,1590,0,111,1700001590,32729788,1,STANDBY,831,True,True,True,True,True,True,False,False,True,True,False,False,False,False,False,False,3700,3.7,3,10,48.1353,11.582,520.0,0.9,1.3,0.25,0.0,90.0,101325,22.0,520.0,0.0,0.0,9.81,0.0,0.0,0.0,23.0,25.0,0,False,False,False,False,False,False,False,False,1,1590,0,0,0,0,0,0,65535,NO_CORAL_DATA,4e 4f 5f 43 4f 52 41 4c 5f 44 41 54 41 00 00 00
2026-07-05T19:53:21.609291+00:00,1783281201.609291,-49,10.25,False,1,2,True,True,True,True,0xDEBC,0xDEBC,1591,0,111,1700001591,32750372,1,STANDBY,831,True,True,True,True,True,True,False,False,True,True,False,False,False,False,False,False,3700,3.7,3,10,48.1353,11.582,520.0,0.9,1.3,0.25,0.0,90.0,101325,22.0,520.0,0.0,0.0,9.81,0.0,0.0,0.0,23.0,25.0,0,False,False,False,False,False,False,False,False,1,1591,0,0,0,0,0,0,65535,NO_CORAL_DATA,4e 4f 5f 43 4f 52 41 4c 5f 44 41 54 41 00 00 00
2026-07-05T19:53:42.153903+00:00,1783281222.153903,-49,10.25,False,1,2,True,True,True,True,0xECDD,0xECDD,1592,0,111,1700001592,32770957,1,STANDBY,831,True,True,True,True,True,True,False,False,True,True,False,False,False,False,False,False,3700,3.7,3,10,48.1353,11.582,520.0,0.9,1.3,0.25,0.0,90.0,101325,22.0,520.0,0.0,0.0,9.81,0.0,0.0,0.0,23.0,25.0,0,False,False,False,False,False,False,False,False,1,1592,0,0,0,0,0,0,65535,NO_CORAL_DATA,4e 4f 5f 43 4f 52 41 4c 5f 44 41 54 41 00 00 00
2026-07-05T19:54:02.700279+00:00,1783281242.700279,-49,10.25,False,1,2,True,True,True,True,0x2537,0x2537,1593,0,111,1700001593,32791542,1,STANDBY,831,True,True,True,True,True,True,False,False,True,True,False,False,False,False,False,False,3700,3.7,3,10,48.1353,11.582,520.0,0.9,1.3,0.25,0.0,90.0,101325,22.0,520.0,0.0,0.0,9.81,0.0,0.0,0.0,23.0,25.0,0,False,False,False,False,False,False,False,False,1,1593,0,0,0,0,0,0,65535,NO_CORAL_DATA,4e 4f 5f 43 4f 52 41 4c 5f 44 41 54 41 00 00 00
2026-07-05T19:54:23.244671+00:00,1783281263.244671,-49,10.0,False,1,2,True,True,True,True,0x8B5E,0x8B5E,1594,0,111,1700001594,32812127,1,STANDBY,831,True,True,True,True,True,True,False,False,True,True,False,False,False,False,False,False,3700,3.7,3,10,48.1353,11.582,520.0,0.9,1.3,0.25,0.0,90.0,101325,22.0,520.0,0.0,0.0,9.81,0.0,0.0,0.0,23.0,25.0,0,False,False,False,False,False,False,False,False,1,1594,0,0,0,0,0,0,65535,NO_CORAL_DATA,4e 4f 5f 43 4f 52 41 4c 5f 44 41 54 41 00 00 00
2026-07-05T19:54:43.792384+00:00,1783281283.792384,-50,9.75,False,1,2,True,True,True,True,0xA60B,0xA60B,1595,0,111,1700001595,32832712,1,STANDBY,831,True,True,True,True,True,True,False,False,True,True,False,False,False,False,False,False,3700,3.7,3,10,48.1353,11.582,520.0,0.9,1.3,0.25,0.0,90.0,101325,22.0,520.0,0.0,0.0,9.81,0.0,0.0,0.0,23.0,25.0,0,False,False,False,False,False,False,False,False,1,1595,0,0,0,0,0,0,65535,NO_CORAL_DATA,4e 4f 5f 43 4f 52 41 4c 5f 44 41 54 41 00 00 00
2026-07-05T19:55:04.345627+00:00,1783281304.345627,-49,10.0,False,1,2,True,True,True,True,0x9EF6,0x9EF6,1596,0,111,1700001596,32853297,1,STANDBY,831,True,True,True,True,True,True,False,False,True,True,False,False,False,False,False,False,3700,3.7,3,10,48.1353,11.582,520.0,0.9,1.3,0.25,0.0,90.0,101325,22.0,520.0,0.0,0.0,9.81,0.0,0.0,0.0,23.0,25.0,0,False,False,False,False,False,False,False,False,1,1596,0,0,0,0,0,0,65535,NO_CORAL_DATA,4e 4f 5f 43 4f 52 41 4c 5f 44 41 54 41 00 00 00
2026-07-05T19:55:24.878867+00:00,1783281324.878867,-49,10.5,False,1,2,True,True,True,True,0xB2FA,0xB2FA,1597,0,111,1700001597,32873881,1,STANDBY,831,True,True,True,True,True,True,False,False,True,True,False,False,False,False,False,False,3700,3.7,3,10,48.1353,11.582,520.0,0.9,1.3,0.25,0.0,90.0,101325,22.0,520.0,0.0,0.0,9.81,0.0,0.0,0.0,23.0,25.0,0,False,False,False,False,False,False,False,False,1,1597,0,0,0,0,0,0,65535,NO_CORAL_DATA,4e 4f 5f 43 4f 52 41 4c 5f 44 41 54 41 00 00 00
2026-07-05T19:55:45.426614+00:00,1783281345.426614,-50,10.0,False,1,2,True,True,True,True,0x98E6,0x98E6,1598,0,111,1700001598,32894466,1,STANDBY,831,True,True,True,True,True,True,False,False,True,True,False,False,False,False,False,False,3700,3.7,3,10,48.1353,11.582,520.0,0.9,1.3,0.25,0.0,90.0,101325,22.0,520.0,0.0,0.0,9.81,0.0,0.0,0.0,23.0,25.0,0,False,False,False,False,False,False,False,False,1,1598,0,0,0,0,0,0,65535,NO_CORAL_DATA,4e 4f 5f 43 4f 52 41 4c 5f 44 41 54 41 00 00 00
2026-07-05T19:56:05.980370+00:00,1783281365.98037,-48,10.25,False,1,2,True,True,True,True,0x8DD5,0x8DD5,1599,0,111,1700001599,32915050,1,STANDBY,831,True,True,True,True,True,True,False,False,True,True,False,False,False,False,False,False,3700,3.7,3,10,48.1353,11.582,520.0,0.9,1.3,0.25,0.0,90.0,101325,22.0,520.0,0.0,0.0,9.81,0.0,0.0,0.0,23.0,25.0,0,False,False,False,False,False,False,False,False,1,1599,0,0,0,0,0,0,65535,NO_CORAL_DATA,4e 4f 5f 43 4f 52 41 4c 5f 44 41 54 41 00 00 00
2026-07-05T19:56:26.534257+00:00,1783281386.534257,-49,10.5,False,1,2,True,True,True,True,0x91FB,0x91FB,1600,0,111,1700001600,32935635,1,STANDBY,831,True,True,True,True,True,True,False,False,True,True,False,False,False,False,False,False,3700,3.7,3,10,48.1353,11.582,520.0,0.9,1.3,0.25,0.0,90.0,101325,22.0,520.0,0.0,0.0,9.81,0.0,0.0,0.0,23.0,25.0,0,False,False,False,False,False,False,False,False,1,1600,0,0,0,0,0,0,65535,NO_CORAL_DATA,4e 4f 5f 43 4f 52 41 4c 5f 44 41 54 41 00 00 00
2026-07-05T19:56:47.080667+00:00,1783281407.080667,-48,10.0,False,1,2,True,True,True,True,0xC525,0xC525,1601,0,111,1700001601,32956220,1,STANDBY,831,True,True,True,True,True,True,False,False,True,True,False,False,False,False,False,False,3700,3.7,3,10,48.1353,11.582,520.0,0.9,1.3,0.25,0.0,90.0,101325,22.0,520.0,0.0,0.0,9.81,0.0,0.0,0.0,23.0,25.0,0,False,False,False,False,False,False,False,False,1,1601,0,0,0,0,0,0,65535,NO_CORAL_DATA,4e 4f 5f 43 4f 52 41 4c 5f 44 41 54 41 00 00 00
2026-07-05T19:57:07.617989+00:00,1783281427.617989,-49,10.5,False,1,2,True,True,True,True,0x61AD,0x61AD,1602,0,111,1700001602,32976805,1,STANDBY,831,True,True,True,True,True,True,False,False,True,True,False,False,False,False,False,False,3700,3.7,3,10,48.1353,11.582,520.0,0.9,1.3,0.25,0.0,90.0,101325,22.0,520.0,0.0,0.0,9.81,0.0,0.0,0.0,23.0,25.0,0,False,False,False,False,False,False,False,False,1,1602,0,0,0,0,0,0,65535,NO_CORAL_DATA,4e 4f 5f 43 4f 52 41 4c 5f 44 41 54 41 00 00 00
2026-07-05T19:57:28.162131+00:00,1783281448.162131,-48,11.75,False,1,2,True,True,True,True,0xB09D,0xB09D,1603,0,111,1700001603,32997389,1,STANDBY,831,True,True,True,True,True,True,False,False,True,True,False,False,False,False,False,False,3700,3.7,3,10,48.1353,11.582,520.0,0.9,1.3,0.25,0.0,90.0,101325,22.0,520.0,0.0,0.0,9.81,0.0,0.0,0.0,23.0,25.0,0,False,False,False,False,False,False,False,False,1,1603,0,0,0,0,0,0,65535,NO_CORAL_DATA,4e 4f 5f 43 4f 52 41 4c 5f 44 41 54 41 00 00 00
2026-07-05T19:58:00.186494+00:00,1783281480.186494,-50,10.75,False,1,2,True,True,True,True,0x78E6,0x78E6,1604,0,111,1700001604,33017974,1,STANDBY,831,True,True,True,True,True,True,False,False,True,True,False,False,False,False,False,False,3700,3.7,3,10,48.1353,11.582,520.0,0.9,1.3,0.25,0.0,90.0,101325,22.0,520.0,0.0,0.0,9.81,0.0,0.0,0.0,23.0,25.0,0,False,False,False,False,False,False,False,False,1,1604,0,0,0,0,0,0,65535,NO_CORAL_DATA,4e 4f 5f 43 4f 52 41 4c 5f 44 41 54 41 00 00 00
2026-07-05T19:58:09.252990+00:00,1783281489.25299,-49,10.0,False,1,2,True,True,True,True,0x44B7,0x44B7,1605,0,111,1700001605,33038559,1,STANDBY,831,True,True,True,True,True,True,False,False,True,True,False,False,False,False,False,False,3700,3.7,3,10,48.1353,11.582,520.0,0.9,1.3,0.25,0.0,90.0,101325,22.0,520.0,0.0,0.0,9.81,0.0,0.0,0.0,23.0,25.0,0,False,False,False,False,False,False,False,False,1,1605,0,0,0,0,0,0,65535,NO_CORAL_DATA,4e 4f 5f 43 4f 52 41 4c 5f 44 41 54 41 00 00 00
2026-07-05T19:58:29.799293+00:00,1783281509.799293,-48,7.25,False,1,2,True,True,True,True,0xB5E0,0xB5E0,1606,0,111,1700001606,33059144,1,STANDBY,831,True,True,True,True,True,True,False,False,True,True,False,False,False,False,False,False,3700,3.7,3,10,48.1353,11.582,520.0,0.9,1.3,0.25,0.0,90.0,101325,22.0,520.0,0.0,0.0,9.81,0.0,0.0,0.0,23.0,25.0,0,False,False,False,False,False,False,False,False,1,1606,0,0,0,0,0,0,65535,NO_CORAL_DATA,4e 4f 5f 43 4f 52 41 4c 5f 44 41 54 41 00 00 00
2026-07-05T19:58:50.336246+00:00,1783281530.336246,-48,10.75,False,1,2,True,True,True,True,0x7F08,0x7F08,1607,0,111,1700001607,33079729,1,STANDBY,831,True,True,True,True,True,True,False,False,True,True,False,False,False,False,False,False,3700,3.7,3,10,48.1353,11.582,520.0,0.9,1.3,0.25,0.0,90.0,101325,22.0,520.0,0.0,0.0,9.81,0.0,0.0,0.0,23.0,25.0,0,False,False,False,False,False,False,False,False,1,1607,0,0,0,0,0,0,65535,NO_CORAL_DATA,4e 4f 5f 43 4f 52 41 4c 5f 44 41 54 41 00 00 00
2026-07-05T19:59:10.881473+00:00,1783281550.881473,-48,10.5,False,1,2,True,True,True,True,0x9224,0x9224,1608,0,111,1700001608,33100314,1,STANDBY,831,True,True,True,True,True,True,False,False,True,True,False,False,False,False,False,False,3700,3.7,3,10,48.1353,11.582,520.0,0.9,1.3,0.25,0.0,90.0,101325,22.0,520.0,0.0,0.0,9.81,0.0,0.0,0.0,23.0,25.0,0,False,False,False,False,False,False,False,False,1,1608,0,0,0,0,0,0,65535,NO_CORAL_DATA,4e 4f 5f 43 4f 52 41 4c 5f 44 41 54 41 00 00 00
2026-07-05T19:59:31.427227+00:00,1783281571.427227,-48,10.75,False,1,2,True,True,True,True,0xD2C2,0xD2C2,1609,0,111,1700001609,33120899,1,STANDBY,831,True,True,True,True,True,True,False,False,True,True,False,False,False,False,False,False,3700,3.7,3,10,48.1353,11.582,520.0,0.9,1.3,0.25,0.0,90.0,101325,22.0,520.0,0.0,0.0,9.81,0.0,0.0,0.0,23.0,25.0,0,False,False,False,False,False,False,False,False,1,1609,0,0,0,0,0,0,65535,NO_CORAL_DATA,4e 4f 5f 43 4f 52 41 4c 5f 44 41 54 41 00 00 00
2026-07-05T19:59:51.948870+00:00,1783281591.94887,-48,10.0,False,1,2,True,True,True,True,0x11D1,0x11D1,1610,0,111,1700001610,33141484,1,STANDBY,831,True,True,True,True,True,True,False,False,True,True,False,False,False,False,False,False,3700,3.7,3,10,48.1353,11.582,520.0,0.9,1.3,0.25,0.0,90.0,101325,22.0,520.0,0.0,0.0,9.81,0.0,0.0,0.0,23.0,25.0,0,False,False,False,False,False,False,False,False,1,1610,0,0,0,0,0,0,65535,NO_CORAL_DATA,4e 4f 5f 43 4f 52 41 4c 5f 44 41 54 41 00 00 00
2026-07-05T20:00:12.501445+00:00,1783281612.501445,-49,11.0,False,1,2,True,True,True,True,0xBEAC,0xBEAC,1611,0,111,1700001611,33162069,1,STANDBY,831,True,True,True,True,True,True,False,False,True,True,False,False,False,False,False,False,3700,3.7,3,10,48.1353,11.582,520.0,0.9,1.3,0.25,0.0,90.0,101325,22.0,520.0,0.0,0.0,9.81,0.0,0.0,0.0,23.0,25.0,0,False,False,False,False,False,False,False,False,1,1611,0,0,0,0,0,0,65535,NO_CORAL_DATA,4e 4f 5f 43 4f 52 41 4c 5f 44 41 54 41 00 00 00
2026-07-05T20:00:33.040432+00:00,1783281633.040432,-49,9.75,False,1,2,True,True,True,True,0x08E8,0x08E8,1612,0,111,1700001612,33182654,1,STANDBY,831,True,True,True,True,True,True,False,False,True,True,False,False,False,False,False,False,3700,3.7,3,10,48.1353,11.582,520.0,0.9,1.3,0.25,0.0,90.0,101325,22.0,520.0,0.0,0.0,9.81,0.0,0.0,0.0,23.0,25.0,0,False,False,False,False,False,False,False,False,1,1612,0,0,0,0,0,0,65535,NO_CORAL_DATA,4e 4f 5f 43 4f 52 41 4c 5f 44 41 54 41 00 00 00
2026-07-05T20:00:53.585716+00:00,1783281653.585716,-48,10.25,False,1,2,True,True,True,True,0xB407,0xB407,1613,0,111,1700001613,33203239,1,STANDBY,831,True,True,True,True,True,True,False,False,True,True,False,False,False,False,False,False,3700,3.7,3,10,48.1353,11.582,520.0,0.9,1.3,0.25,0.0,90.0,101325,22.0,520.0,0.0,0.0,9.81,0.0,0.0,0.0,23.0,25.0,0,False,False,False,False,False,False,False,False,1,1613,0,0,0,0,0,0,65535,NO_CORAL_DATA,4e 4f 5f 43 4f 52 41 4c 5f 44 41 54 41 00 00 00
2026-07-05T20:01:14.150752+00:00,1783281674.150752,-49,10.25,False,1,2,True,True,True,True,0x75CC,0x75CC,1614,0,111,1700001614,33223824,1,STANDBY,831,True,True,True,True,True,True,False,False,True,True,False,False,False,False,False,False,3700,3.7,3,10,48.1353,11.582,520.0,0.9,1.3,0.25,0.0,90.0,101325,22.0,520.0,0.0,0.0,9.81,0.0,0.0,0.0,23.0,25.0,0,False,False,False,False,False,False,False,False,1,1614,0,0,0,0,0,0,65535,NO_CORAL_DATA,4e 4f 5f 43 4f 52 41 4c 5f 44 41 54 41 00 00 00
2026-07-05T20:01:34.666987+00:00,1783281694.666987,-50,10.0,False,1,2,True,True,True,True,0xEE12,0xEE12,1615,0,111,1700001615,33244409,1,STANDBY,831,True,True,True,True,True,True,False,False,True,True,False,False,False,False,False,False,3700,3.7,3,10,48.1353,11.582,520.0,0.9,1.3,0.25,0.0,90.0,101325,22.0,520.0,0.0,0.0,9.81,0.0,0.0,0.0,23.0,25.0,0,False,False,False,False,False,False,False,False,1,1615,0,0,0,0,0,0,65535,NO_CORAL_DATA,4e 4f 5f 43 4f 52 41 4c 5f 44 41 54 41 00 00 00
2026-07-05T20:01:55.221049+00:00,1783281715.221049,-50,11.0,False,1,2,True,True,True,True,0x937D,0x937D,1616,0,111,1700001616,33264994,1,STANDBY,831,True,True,True,True,True,True,False,False,True,True,False,False,False,False,False,False,3700,3.7,3,10,48.1353,11.582,520.0,0.9,1.3,0.25,0.0,90.0,101325,22.0,520.0,0.0,0.0,9.81,0.0,0.0,0.0,23.0,25.0,0,False,False,False,False,False,False,False,False,1,1616,0,0,0,0,0,0,65535,NO_CORAL_DATA,4e 4f 5f 43 4f 52 41 4c 5f 44 41 54 41 00 00 00
2026-07-05T20:02:15.773798+00:00,1783281735.773798,-49,10.0,False,1,2,True,True,True,True,0xC192,0xC192,1617,0,111,1700001617,33285579,1,STANDBY,831,True,True,True,True,True,True,False,False,True,True,False,False,False,False,False,False,3700,3.7,3,10,48.1353,11.582,520.0,0.9,1.3,0.25,0.0,90.0,101325,22.0,520.0,0.0,0.0,9.81,0.0,0.0,0.0,23.0,25.0,0,False,False,False,False,False,False,False,False,1,1617,0,0,0,0,0,0,65535,NO_CORAL_DATA,4e 4f 5f 43 4f 52 41 4c 5f 44 41 54 41 00 00 00
2026-07-05T20:02:36.311036+00:00,1783281756.311036,-49,10.0,False,1,2,True,True,True,True,0xC437,0xC437,1618,0,111,1700001618,33306164,1,STANDBY,831,True,True,True,True,True,True,False,False,True,True,False,False,False,False,False,False,3700,3.7,3,10,48.1353,11.582,520.0,0.9,1.3,0.25,0.0,90.0,101325,22.0,520.0,0.0,0.0,9.81,0.0,0.0,0.0,23.0,25.0,0,False,False,False,False,False,False,False,False,1,1618,0,0,0,0,0,0,65535,NO_CORAL_DATA,4e 4f 5f 43 4f 52 41 4c 5f 44 41 54 41 00 00 00
2026-07-05T20:02:56.858413+00:00,1783281776.858413,-50,10.25,False,1,2,True,True,True,True,0x38C4,0x38C4,1619,0,111,1700001619,33326749,1,STANDBY,831,True,True,True,True,True,True,False,False,True,True,False,False,False,False,False,False,3700,3.7,3,10,48.1353,11.582,520.0,0.9,1.3,0.25,0.0,90.0,101325,22.0,520.0,0.0,0.0,9.81,0.0,0.0,0.0,23.0,25.0,0,False,False,False,False,False,False,False,False,1,1619,0,0,0,0,0,0,65535,NO_CORAL_DATA,4e 4f 5f 43 4f 52 41 4c 5f 44 41 54 41 00 00 00
2026-07-05T20:03:17.386071+00:00,1783281797.386071,-49,10.25,False,1,2,True,True,True,True,0x8807,0x8807,1620,0,111,1700001620,33347334,1,STANDBY,831,True,True,True,True,True,True,False,False,True,True,False,False,False,False,False,False,3700,3.7,3,10,48.1353,11.582,520.0,0.9,1.3,0.25,0.0,90.0,101325,22.0,520.0,0.0,0.0,9.81,0.0,0.0,0.0,23.0,25.0,0,False,False,False,False,False,False,False,False,1,1620,0,0,0,0,0,0,65535,NO_CORAL_DATA,4e 4f 5f 43 4f 52 41 4c 5f 44 41 54 41 00 00 00
2026-07-05T20:03:37.941157+00:00,1783281817.941157,-49,10.25,False,1,2,True,True,True,True,0x762D,0x762D,1621,0,111,1700001621,33367919,1,STANDBY,831,True,True,True,True,True,True,False,False,True,True,False,False,False,False,False,False,3700,3.7,3,10,48.1353,11.582,520.0,0.9,1.3,0.25,0.0,90.0,101325,22.0,520.0,0.0,0.0,9.81,0.0,0.0,0.0,23.0,25.0,0,False,False,False,False,False,False,False,False,1,1621,0,0,0,0,0,0,65535,NO_CORAL_DATA,4e 4f 5f 43 4f 52 41 4c 5f 44 41 54 41 00 00 00
2026-07-05T20:03:58.493772+00:00,1783281838.493772,-49,10.5,False,1,2,True,True,True,True,0xB7E6,0xB7E6,1622,0,111,1700001622,33388504,1,STANDBY,831,True,True,True,True,True,True,False,False,True,True,False,False,False,False,False,False,3700,3.7,3,10,48.1353,11.582,520.0,0.9,1.3,0.25,0.0,90.0,101325,22.0,520.0,0.0,0.0,9.81,0.0,0.0,0.0,23.0,25.0,0,False,False,False,False,False,False,False,False,1,1622,0,0,0,0,0,0,65535,NO_CORAL_DATA,4e 4f 5f 43 4f 52 41 4c 5f 44 41 54 41 00 00 00
2026-07-05T20:04:19.034237+00:00,1783281859.034237,-50,10.5,False,1,2,True,True,True,True,0xEA53,0xEA53,1623,0,111,1700001623,33409089,1,STANDBY,831,True,True,True,True,True,True,False,False,True,True,False,False,False,False,False,False,3700,3.7,3,10,48.1353,11.582,520.0,0.9,1.3,0.25,0.0,90.0,101325,22.0,520.0,0.0,0.0,9.81,0.0,0.0,0.0,23.0,25.0,0,False,False,False,False,False,False,False,False,1,1623,0,0,0,0,0,0,65535,NO_CORAL_DATA,4e 4f 5f 43 4f 52 41 4c 5f 44 41 54 41 00 00 00
2026-07-05T20:04:39.584935+00:00,1783281879.584935,-48,11.25,False,1,2,True,True,True,True,0xE4D8,0xE4D8,1624,0,111,1700001624,33429674,1,STANDBY,831,True,True,True,True,True,True,False,False,True,True,False,False,False,False,False,False,3700,3.7,3,10,48.1353,11.582,520.0,0.9,1.3,0.25,0.0,90.0,101325,22.0,520.0,0.0,0.0,9.81,0.0,0.0,0.0,23.0,25.0,0,False,False,False,False,False,False,False,False,1,1624,0,0,0,0,0,0,65535,NO_CORAL_DATA,4e 4f 5f 43 4f 52 41 4c 5f 44 41 54 41 00 00 00
2026-07-05T20:05:00.131421+00:00,1783281900.131421,-49,10.5,False,1,2,True,True,True,True,0x1353,0x1353,1625,0,111,1700001625,33450258,1,STANDBY,831,True,True,True,True,True,True,False,False,True,True,False,False,False,False,False,False,3700,3.7,3,10,48.1353,11.582,520.0,0.9,1.3,0.25,0.0,90.0,101325,22.0,520.0,0.0,0.0,9.81,0.0,0.0,0.0,23.0,25.0,0,False,False,False,False,False,False,False,False,1,1625,0,0,0,0,0,0,65535,NO_CORAL_DATA,4e 4f 5f 43 4f 52 41 4c 5f 44 41 54 41 00 00 00
2026-07-05T20:05:20.675662+00:00,1783281920.675662,-49,10.5,False,1,2,True,True,True,True,0xF005,0xF005,1626,0,111,1700001626,33470843,1,STANDBY,831,True,True,True,True,True,True,False,False,True,True,False,False,False,False,False,False,3700,3.7,3,10,48.1353,11.582,520.0,0.9,1.3,0.25,0.0,90.0,101325,22.0,520.0,0.0,0.0,9.81,0.0,0.0,0.0,23.0,25.0,0,False,False,False,False,False,False,False,False,1,1626,0,0,0,0,0,0,65535,NO_CORAL_DATA,4e 4f 5f 43 4f 52 41 4c 5f 44 41 54 41 00 00 00
2026-07-05T20:05:41.219865+00:00,1783281941.219865,-50,10.25,False,1,2,True,True,True,True,0x11B3,0x11B3,1627,0,111,1700001627,33491428,1,STANDBY,831,True,True,True,True,True,True,False,False,True,True,False,False,False,False,False,False,3700,3.7,3,10,48.1353,11.582,520.0,0.9,1.3,0.25,0.0,90.0,101325,22.0,520.0,0.0,0.0,9.81,0.0,0.0,0.0,23.0,25.0,0,False,False,False,False,False,False,False,False,1,1627,0,0,0,0,0,0,65535,NO_CORAL_DATA,4e 4f 5f 43 4f 52 41 4c 5f 44 41 54 41 00 00 00
2026-07-05T20:06:01.759564+00:00,1783281961.759564,-49,9.5,False,1,2,True,True,True,True,0x0581,0x0581,1628,0,111,1700001628,33512013,1,STANDBY,831,True,True,True,True,True,True,False,False,True,True,False,False,False,False,False,False,3700,3.7,3,10,48.1353,11.582,520.0,0.9,1.3,0.25,0.0,90.0,101325,22.0,520.0,0.0,0.0,9.81,0.0,0.0,0.0,23.0,25.0,0,False,False,False,False,False,False,False,False,1,1628,0,0,0,0,0,0,65535,NO_CORAL_DATA,4e 4f 5f 43 4f 52 41 4c 5f 44 41 54 41 00 00 00
2026-07-05T20:06:22.305033+00:00,1783281982.305033,-49,10.5,False,1,2,True,True,True,True,0xB55E,0xB55E,1629,0,111,1700001629,33532598,1,STANDBY,831,True,True,True,True,True,True,False,False,True,True,False,False,False,False,False,False,3700,3.7,3,10,48.1353,11.582,520.0,0.9,1.3,0.25,0.0,90.0,101325,22.0,520.0,0.0,0.0,9.81,0.0,0.0,0.0,23.0,25.0,0,False,False,False,False,False,False,False,False,1,1629,0,0,0,0,0,0,65535,NO_CORAL_DATA,4e 4f 5f 43 4f 52 41 4c 5f 44 41 54 41 00 00 00
2026-07-05T20:06:42.867889+00:00,1783282002.867889,-49,10.0,False,1,2,True,True,True,True,0x0949,0x0949,1630,0,111,1700001630,33553183,1,STANDBY,831,True,True,True,True,True,True,False,False,True,True,False,False,False,False,False,False,3700,3.7,3,10,48.1353,11.582,520.0,0.9,1.3,0.25,0.0,90.0,101325,22.0,520.0,0.0,0.0,9.81,0.0,0.0,0.0,23.0,25.0,0,False,False,False,False,False,False,False,False,1,1630,0,0,0,0,0,0,65535,NO_CORAL_DATA,4e 4f 5f 43 4f 52 41 4c 5f 44 41 54 41 00 00 00
2026-07-05T20:07:03.411745+00:00,1783282023.411745,-50,10.75,False,1,2,True,True,True,True,0x9548,0x9548,1631,0,111,1700001631,33573768,1,STANDBY,831,True,True,True,True,True,True,False,False,True,True,False,False,False,False,False,False,3700,3.7,3,10,48.1353,11.582,520.0,0.9,1.3,0.25,0.0,90.0,101325,22.0,520.0,0.0,0.0,9.81,0.0,0.0,0.0,23.0,25.0,0,False,False,False,False,False,False,False,False,1,1631,0,0,0,0,0,0,65535,NO_CORAL_DATA,4e 4f 5f 43 4f 52 41 4c 5f 44 41 54 41 00 00 00
2026-07-05T20:07:23.945397+00:00,1783282043.945397,-49,11.25,False,1,2,True,True,True,True,0x87AC,0x87AC,1632,0,111,1700001632,33594353,1,STANDBY,831,True,True,True,True,True,True,False,False,True,True,False,False,False,False,False,False,3700,3.7,3,10,48.1353,11.582,520.0,0.9,1.3,0.25,0.0,90.0,101325,22.0,520.0,0.0,0.0,9.81,0.0,0.0,0.0,23.0,25.0,0,False,False,False,False,False,False,False,False,1,1632,0,0,0,0,0,0,65535,NO_CORAL_DATA,4e 4f 5f 43 4f 52 41 4c 5f 44 41 54 41 00 00 00
2026-07-05T20:07:44.496655+00:00,1783282064.496655,-49,9.75,False,1,2,True,True,True,True,0xFD61,0xFD61,1633,0,111,1700001633,33614938,1,STANDBY,831,True,True,True,True,True,True,False,False,True,True,False,False,False,False,False,False,3700,3.7,3,10,48.1353,11.582,520.0,0.9,1.3,0.25,0.0,90.0,101325,22.0,520.0,0.0,0.0,9.81,0.0,0.0,0.0,23.0,25.0,0,False,False,False,False,False,False,False,False,1,1633,0,0,0,0,0,0,65535,NO_CORAL_DATA,4e 4f 5f 43 4f 52 41 4c 5f 44 41 54 41 00 00 00
2026-07-05T20:08:05.035485+00:00,1783282085.035485,-49,11.0,False,1,2,True,True,True,True,0x6B13,0x6B13,1634,0,111,1700001634,33635523,1,STANDBY,831,True,True,True,True,True,True,False,False,True,True,False,False,False,False,False,False,3700,3.7,3,10,48.1353,11.582,520.0,0.9,1.3,0.25,0.0,90.0,101325,22.0,520.0,0.0,0.0,9.81,0.0,0.0,0.0,23.0,25.0,0,False,False,False,False,False,False,False,False,1,1634,0,0,0,0,0,0,65535,NO_CORAL_DATA,4e 4f 5f 43 4f 52 41 4c 5f 44 41 54 41 00 00 00
2026-07-05T20:08:25.591054+00:00,1783282105.591054,-49,11.0,False,1,2,True,True,True,True,0xA32B,0xA32B,1635,0,111,1700001635,33656108,1,STANDBY,831,True,True,True,True,True,True,False,False,True,True,False,False,False,False,False,False,3700,3.7,3,10,48.1353,11.582,520.0,0.9,1.3,0.25,0.0,90.0,101325,22.0,520.0,0.0,0.0,9.81,0.0,0.0,0.0,23.0,25.0,0,False,False,False,False,False,False,False,False,1,1635,0,0,0,0,0,0,65535,NO_CORAL_DATA,4e 4f 5f 43 4f 52 41 4c 5f 44 41 54 41 00 00 00
2026-07-05T20:08:46.127970+00:00,1783282126.12797,-49,10.75,False,1,2,True,True,True,True,0x3CB7,0x3CB7,1636,0,111,1700001636,33676693,1,STANDBY,831,True,True,True,True,True,True,False,False,True,True,False,False,False,False,False,False,3700,3.7,3,10,48.1353,11.582,520.0,0.9,1.3,0.25,0.0,90.0,101325,22.0,520.0,0.0,0.0,9.81,0.0,0.0,0.0,23.0,25.0,0,False,False,False,False,False,False,False,False,1,1636,0,0,0,0,0,0,65535,NO_CORAL_DATA,4e 4f 5f 43 4f 52 41 4c 5f 44 41 54 41 00 00 00
2026-07-05T20:09:06.687673+00:00,1783282146.687673,-49,10.0,False,1,2,True,True,True,True,0x834C,0x834C,1637,0,111,1700001637,33697278,1,STANDBY,831,True,True,True,True,True,True,False,False,True,True,False,False,False,False,False,False,3700,3.7,3,10,48.1353,11.582,520.0,0.9,1.3,0.25,0.0,90.0,101325,22.0,520.0,0.0,0.0,9.81,0.0,0.0,0.0,23.0,25.0,0,False,False,False,False,False,False,False,False,1,1637,0,0,0,0,0,0,65535,NO_CORAL_DATA,4e 4f 5f 43 4f 52 41 4c 5f 44 41 54 41 00 00 00
2026-07-05T20:09:27.379407+00:00,1783282167.379407,-49,10.75,False,1,2,True,True,True,True,0x8469,0x8469,1638,0,111,1700001638,33717863,1,STANDBY,831,True,True,True,True,True,True,False,False,True,True,False,False,False,False,False,False,3700,3.7,3,10,48.1353,11.582,520.0,0.9,1.3,0.25,0.0,90.0,101325,22.0,520.0,0.0,0.0,9.81,0.0,0.0,0.0,23.0,25.0,0,False,False,False,False,False,False,False,False,1,1638,0,0,0,0,0,0,65535,NO_CORAL_DATA,4e 4f 5f 43 4f 52 41 4c 5f 44 41 54 41 00 00 00
2026-07-05T20:09:47.756323+00:00,1783282187.756323,-48,11.0,False,1,2,True,True,True,True,0xD9CB,0xD9CB,1639,0,111,1700001639,33738448,1,STANDBY,831,True,True,True,True,True,True,False,False,True,True,False,False,False,False,False,False,3700,3.7,3,10,48.1353,11.582,520.0,0.9,1.3,0.25,0.0,90.0,101325,22.0,520.0,0.0,0.0,9.81,0.0,0.0,0.0,23.0,25.0,0,False,False,False,False,False,False,False,False,1,1639,0,0,0,0,0,0,65535,NO_CORAL_DATA,4e 4f 5f 43 4f 52 41 4c 5f 44 41 54 41 00 00 00
2026-07-05T20:10:08.323745+00:00,1783282208.323745,-48,10.25,False,1,2,True,True,True,True,0x4A1C,0x4A1C,1640,0,111,1700001640,33759033,1,STANDBY,831,True,True,True,True,True,True,False,False,True,True,False,False,False,False,False,False,3700,3.7,3,10,48.1353,11.582,520.0,0.9,1.3,0.25,0.0,90.0,101325,22.0,520.0,0.0,0.0,9.81,0.0,0.0,0.0,23.0,25.0,0,False,False,False,False,False,False,False,False,1,1640,0,0,0,0,0,0,65535,NO_CORAL_DATA,4e 4f 5f 43 4f 52 41 4c 5f 44 41 54 41 00 00 00
2026-07-05T20:10:28.858164+00:00,1783282228.858164,-49,10.75,False,1,2,True,True,True,True,0x1539,0x1539,1641,0,111,1700001641,33779618,1,STANDBY,831,True,True,True,True,True,True,False,False,True,True,False,False,False,False,False,False,3700,3.7,3,10,48.1353,11.582,520.0,0.9,1.3,0.25,0.0,90.0,101325,22.0,520.0,0.0,0.0,9.81,0.0,0.0,0.0,23.0,25.0,0,False,False,False,False,False,False,False,False,1,1641,0,0,0,0,0,0,65535,NO_CORAL_DATA,4e 4f 5f 43 4f 52 41 4c 5f 44 41 54 41 00 00 00
2026-07-05T20:10:49.406112+00:00,1783282249.406112,-49,10.75,False,1,2,True,True,True,True,0x4377,0x4377,1642,0,111,1700001642,33800203,1,STANDBY,831,True,True,True,True,True,True,False,False,True,True,False,False,False,False,False,False,3700,3.7,3,10,48.1353,11.582,520.0,0.9,1.3,0.25,0.0,90.0,101325,22.0,520.0,0.0,0.0,9.81,0.0,0.0,0.0,23.0,25.0,0,False,False,False,False,False,False,False,False,1,1642,0,0,0,0,0,0,65535,NO_CORAL_DATA,4e 4f 5f 43 4f 52 41 4c 5f 44 41 54 41 00 00 00
2026-07-05T20:11:09.950970+00:00,1783282269.95097,-49,10.25,False,1,2,True,True,True,True,0x1478,0x1478,1643,0,111,1700001643,33820787,1,STANDBY,831,True,True,True,True,True,True,False,False,True,True,False,False,False,False,False,False,3700,3.7,3,10,48.1353,11.582,520.0,0.9,1.3,0.25,0.0,90.0,101325,22.0,520.0,0.0,0.0,9.81,0.0,0.0,0.0,23.0,25.0,0,False,False,False,False,False,False,False,False,1,1643,0,0,0,0,0,0,65535,NO_CORAL_DATA,4e 4f 5f 43 4f 52 41 4c 5f 44 41 54 41 00 00 00
2026-07-05T20:11:30.499662+00:00,1783282290.499662,-49,11.5,False,1,2,True,True,True,True,0x6743,0x6743,1644,0,111,1700001644,33841372,1,STANDBY,831,True,True,True,True,True,True,False,False,True,True,False,False,False,False,False,False,3700,3.7,3,10,48.1353,11.582,520.0,0.9,1.3,0.25,0.0,90.0,101325,22.0,520.0,0.0,0.0,9.81,0.0,0.0,0.0,23.0,25.0,0,False,False,False,False,False,False,False,False,1,1644,0,0,0,0,0,0,65535,NO_CORAL_DATA,4e 4f 5f 43 4f 52 41 4c 5f 44 41 54 41 00 00 00
2026-07-05T20:11:51.063664+00:00,1783282311.063664,-49,10.25,False,1,2,True,True,True,True,0x023A,0x023A,1645,0,111,1700001645,33861957,1,STANDBY,831,True,True,True,True,True,True,False,False,True,True,False,False,False,False,False,False,3700,3.7,3,10,48.1353,11.582,520.0,0.9,1.3,0.25,0.0,90.0,101325,22.0,520.0,0.0,0.0,9.81,0.0,0.0,0.0,23.0,25.0,0,False,False,False,False,False,False,False,False,1,1645,0,0,0,0,0,0,65535,NO_CORAL_DATA,4e 4f 5f 43 4f 52 41 4c 5f 44 41 54 41 00 00 00
2026-07-05T20:12:11.591100+00:00,1783282331.5911,-49,10.25,False,1,2,True,True,True,True,0x068F,0x068F,1646,0,111,1700001646,33882542,1,STANDBY,831,True,True,True,True,True,True,False,False,True,True,False,False,False,False,False,False,3700,3.7,3,10,48.1353,11.582,520.0,0.9,1.3,0.25,0.0,90.0,101325,22.0,520.0,0.0,0.0,9.81,0.0,0.0,0.0,23.0,25.0,0,False,False,False,False,False,False,False,False,1,1646,0,0,0,0,0,0,65535,NO_CORAL_DATA,4e 4f 5f 43 4f 52 41 4c 5f 44 41 54 41 00 00 00
2026-07-05T20:12:32.133100+00:00,1783282352.1331,-50,9.75,False,1,2,True,True,True,True,0x6AC5,0x6AC5,1647,0,111,1700001647,33903126,1,STANDBY,831,True,True,True,True,True,True,False,False,True,True,False,False,False,False,False,False,3700,3.7,3,10,48.1353,11.582,520.0,0.9,1.3,0.25,0.0,90.0,101325,22.0,520.0,0.0,0.0,9.81,0.0,0.0,0.0,23.0,25.0,0,False,False,False,False,False,False,False,False,1,1647,0,0,0,0,0,0,65535,NO_CORAL_DATA,4e 4f 5f 43 4f 52 41 4c 5f 44 41 54 41 00 00 00
2026-07-05T20:12:52.690084+00:00,1783282372.690084,-49,10.25,False,1,2,True,True,True,True,0x3BC2,0x3BC2,1648,0,111,1700001648,33923710,1,STANDBY,831,True,True,True,True,True,True,False,False,True,True,False,False,False,False,False,False,3700,3.7,3,10,48.1353,11.582,520.0,0.9,1.3,0.25,0.0,90.0,101325,22.0,520.0,0.0,0.0,9.81,0.0,0.0,0.0,23.0,25.0,0,False,False,False,False,False,False,False,False,1,1648,0,0,0,0,0,0,65535,NO_CORAL_DATA,4e 4f 5f 43 4f 52 41 4c 5f 44 41 54 41 00 00 00
2026-07-05T20:13:13.232411+00:00,1783282393.232411,-49,10.75,False,1,2,True,True,True,True,0x49DE,0x49DE,1649,0,111,1700001649,33944295,1,STANDBY,831,True,True,True,True,True,True,False,False,True,True,False,False,False,False,False,False,3700,3.7,3,10,48.1353,11.582,520.0,0.9,1.3,0.25,0.0,90.0,101325,22.0,520.0,0.0,0.0,9.81,0.0,0.0,0.0,23.0,25.0,0,False,False,False,False,False,False,False,False,1,1649,0,0,0,0,0,0,65535,NO_CORAL_DATA,4e 4f 5f 43 4f 52 41 4c 5f 44 41 54 41 00 00 00
2026-07-05T20:13:33.790036+00:00,1783282413.790036,-49,10.0,False,1,2,True,True,True,True,0xB965,0xB965,1650,0,111,1700001650,33964880,1,STANDBY,831,True,True,True,True,True,True,False,False,True,True,False,False,False,False,False,False,3700,3.7,3,10,48.1353,11.582,520.0,0.9,1.3,0.25,0.0,90.0,101325,22.0,520.0,0.0,0.0,9.81,0.0,0.0,0.0,23.0,25.0,0,False,False,False,False,False,False,False,False,1,1650,0,0,0,0,0,0,65535,NO_CORAL_DATA,4e 4f 5f 43 4f 52 41 4c 5f 44 41 54 41 00 00 00
2026-07-05T20:13:54.306777+00:00,1783282434.306777,-48,11.25,False,1,2,True,True,True,True,0xDA9B,0xDA9B,1651,0,111,1700001651,33985465,1,STANDBY,831,True,True,True,True,True,True,False,False,True,True,False,False,False,False,False,False,3700,3.7,3,10,48.1353,11.582,520.0,0.9,1.3,0.25,0.0,90.0,101325,22.0,520.0,0.0,0.0,9.81,0.0,0.0,0.0,23.0,25.0,0,False,False,False,False,False,False,False,False,1,1651,0,0,0,0,0,0,65535,NO_CORAL_DATA,4e 4f 5f 43 4f 52 41 4c 5f 44 41 54 41 00 00 00
2026-07-05T20:14:14.849549+00:00,1783282454.849549,-49,10.5,False,1,2,True,True,True,True,0xB3CE,0xB3CE,1652,0,111,1700001652,34006050,1,STANDBY,831,True,True,True,True,True,True,False,False,True,True,False,False,False,False,False,False,3700,3.7,3,10,48.1353,11.582,520.0,0.9,1.3,0.25,0.0,90.0,101325,22.0,520.0,0.0,0.0,9.81,0.0,0.0,0.0,23.0,25.0,0,False,False,False,False,False,False,False,False,1,1652,0,0,0,0,0,0,65535,NO_CORAL_DATA,4e 4f 5f 43 4f 52 41 4c 5f 44 41 54 41 00 00 00
2026-07-05T20:14:35.398396+00:00,1783282475.398396,-49,10.25,False,1,2,True,True,True,True,0x373A,0x373A,1653,0,111,1700001653,34026635,1,STANDBY,831,True,True,True,True,True,True,False,False,True,True,False,False,False,False,False,False,3700,3.7,3,10,48.1353,11.582,520.0,0.9,1.3,0.25,0.0,90.0,101325,22.0,520.0,0.0,0.0,9.81,0.0,0.0,0.0,23.0,25.0,0,False,False,False,False,False,False,False,False,1,1653,0,0,0,0,0,0,65535,NO_CORAL_DATA,4e 4f 5f 43 4f 52 41 4c 5f 44 41 54 41 00 00 00
2026-07-05T20:14:55.929820+00:00,1783282495.92982,-49,10.0,False,1,2,True,True,True,True,0x5D3F,0x5D3F,1654,0,111,1700001654,34047220,1,STANDBY,831,True,True,True,True,True,True,False,False,True,True,False,False,False,False,False,False,3700,3.7,3,10,48.1353,11.582,520.0,0.9,1.3,0.25,0.0,90.0,101325,22.0,520.0,0.0,0.0,9.81,0.0,0.0,0.0,23.0,25.0,0,False,False,False,False,False,False,False,False,1,1654,0,0,0,0,0,0,65535,NO_CORAL_DATA,4e 4f 5f 43 4f 52 41 4c 5f 44 41 54 41 00 00 00
2026-07-05T20:15:16.496244+00:00,1783282516.496244,-49,10.25,False,1,2,True,True,True,True,0xE1A7,0xE1A7,1655,0,111,1700001655,34067805,1,STANDBY,831,True,True,True,True,True,True,False,False,True,True,False,False,False,False,False,False,3700,3.7,3,10,48.1353,11.582,520.0,0.9,1.3,0.25,0.0,90.0,101325,22.0,520.0,0.0,0.0,9.81,0.0,0.0,0.0,23.0,25.0,0,False,False,False,False,False,False,False,False,1,1655,0,0,0,0,0,0,65535,NO_CORAL_DATA,4e 4f 5f 43 4f 52 41 4c 5f 44 41 54 41 00 00 00
2026-07-05T20:15:37.054230+00:00,1783282537.05423,-49,11.25,False,1,2,True,True,True,True,0xD391,0xD391,1656,0,111,1700001656,34088390,1,STANDBY,831,True,True,True,True,True,True,False,False,True,True,False,False,False,False,False,False,3700,3.7,3,10,48.1353,11.582,520.0,0.9,1.3,0.25,0.0,90.0,101325,22.0,520.0,0.0,0.0,9.81,0.0,0.0,0.0,23.0,25.0,0,False,False,False,False,False,False,False,False,1,1656,0,0,0,0,0,0,65535,NO_CORAL_DATA,4e 4f 5f 43 4f 52 41 4c 5f 44 41 54 41 00 00 00
2026-07-05T20:15:57.596752+00:00,1783282557.596752,-49,10.75,False,1,2,True,True,True,True,0x0E31,0x0E31,1657,0,111,1700001657,34108975,1,STANDBY,831,True,True,True,True,True,True,False,False,True,True,False,False,False,False,False,False,3700,3.7,3,10,48.1353,11.582,520.0,0.9,1.3,0.25,0.0,90.0,101325,22.0,520.0,0.0,0.0,9.81,0.0,0.0,0.0,23.0,25.0,0,False,False,False,False,False,False,False,False,1,1657,0,0,0,0,0,0,65535,NO_CORAL_DATA,4e 4f 5f 43 4f 52 41 4c 5f 44 41 54 41 00 00 00
2026-07-05T20:16:18.126809+00:00,1783282578.126809,-49,10.0,False,1,2,True,True,True,True,0x531C,0x531C,1658,0,111,1700001658,34129560,1,STANDBY,831,True,True,True,True,True,True,False,False,True,True,False,False,False,False,False,False,3700,3.7,3,10,48.1353,11.582,520.0,0.9,1.3,0.25,0.0,90.0,101325,22.0,520.0,0.0,0.0,9.81,0.0,0.0,0.0,23.0,25.0,0,False,False,False,False,False,False,False,False,1,1658,0,0,0,0,0,0,65535,NO_CORAL_DATA,4e 4f 5f 43 4f 52 41 4c 5f 44 41 54 41 00 00 00
2026-07-05T20:16:38.670452+00:00,1783282598.670452,-48,13.25,False,1,2,True,True,True,True,0x196C,0x196C,1659,0,111,1700001659,34150145,1,STANDBY,831,True,True,True,True,True,True,False,False,True,True,False,False,False,False,False,False,3700,3.7,3,10,48.1353,11.582,520.0,0.9,1.3,0.25,0.0,90.0,101325,22.0,520.0,0.0,0.0,9.81,0.0,0.0,0.0,23.0,25.0,0,False,False,False,False,False,False,False,False,1,1659,0,0,0,0,0,0,65535,NO_CORAL_DATA,4e 4f 5f 43 4f 52 41 4c 5f 44 41 54 41 00 00 00
2026-07-05T20:16:59.223333+00:00,1783282619.223333,-48,12.75,False,1,2,True,True,True,True,0x85C7,0x85C7,1660,0,111,1700001660,34170729,1,STANDBY,831,True,True,True,True,True,True,False,False,True,True,False,False,False,False,False,False,3700,3.7,3,10,48.1353,11.582,520.0,0.9,1.3,0.25,0.0,90.0,101325,22.0,520.0,0.0,0.0,9.81,0.0,0.0,0.0,23.0,25.0,0,False,False,False,False,False,False,False,False,1,1660,0,0,0,0,0,0,65535,NO_CORAL_DATA,4e 4f 5f 43 4f 52 41 4c 5f 44 41 54 41 00 00 00
2026-07-05T20:17:19.788620+00:00,1783282639.78862,-48,11.25,False,1,2,True,True,True,True,0x57D3,0x57D3,1661,0,111,1700001661,34191313,1,STANDBY,831,True,True,True,True,True,True,False,False,True,True,False,False,False,False,False,False,3700,3.7,3,10,48.1353,11.582,520.0,0.9,1.3,0.25,0.0,90.0,101325,22.0,520.0,0.0,0.0,9.81,0.0,0.0,0.0,23.0,25.0,0,False,False,False,False,False,False,False,False,1,1661,0,0,0,0,0,0,65535,NO_CORAL_DATA,4e 4f 5f 43 4f 52 41 4c 5f 44 41 54 41 00 00 00
2026-07-05T20:17:40.348462+00:00,1783282660.348462,-49,10.75,False,1,2,True,True,True,True,0x2609,0x2609,1662,0,111,1700001662,34211897,1,STANDBY,831,True,True,True,True,True,True,False,False,True,True,False,False,False,False,False,False,3700,3.7,3,10,48.1353,11.582,520.0,0.9,1.3,0.25,0.0,90.0,101325,22.0,520.0,0.0,0.0,9.81,0.0,0.0,0.0,23.0,25.0,0,False,False,False,False,False,False,False,False,1,1662,0,0,0,0,0,0,65535,NO_CORAL_DATA,4e 4f 5f 43 4f 52 41 4c 5f 44 41 54 41 00 00 00
2026-07-05T20:18:00.890938+00:00,1783282680.890938,-49,10.75,False,1,2,True,True,True,True,0xD3E4,0xD3E4,1663,0,111,1700001663,34232481,1,STANDBY,831,True,True,True,True,True,True,False,False,True,True,False,False,False,False,False,False,3700,3.7,3,10,48.1353,11.582,520.0,0.9,1.3,0.25,0.0,90.0,101325,22.0,520.0,0.0,0.0,9.81,0.0,0.0,0.0,23.0,25.0,0,False,False,False,False,False,False,False,False,1,1663,0,0,0,0,0,0,65535,NO_CORAL_DATA,4e 4f 5f 43 4f 52 41 4c 5f 44 41 54 41 00 00 00
2026-07-05T20:18:21.420102+00:00,1783282701.420102,-48,11.0,False,1,2,True,True,True,True,0xB4A8,0xB4A8,1664,0,111,1700001664,34253066,1,STANDBY,831,True,True,True,True,True,True,False,False,True,True,False,False,False,False,False,False,3700,3.7,3,10,48.1353,11.582,520.0,0.9,1.3,0.25,0.0,90.0,101325,22.0,520.0,0.0,0.0,9.81,0.0,0.0,0.0,23.0,25.0,0,False,False,False,False,False,False,False,False,1,1664,0,0,0,0,0,0,65535,NO_CORAL_DATA,4e 4f 5f 43 4f 52 41 4c 5f 44 41 54 41 00 00 00
2026-07-05T20:18:42.102255+00:00,1783282722.102255,-48,11.0,False,1,2,True,True,True,True,0x6281,0x6281,1665,0,111,1700001665,34273651,1,STANDBY,831,True,True,True,True,True,True,False,False,True,True,False,False,False,False,False,False,3700,3.7,3,10,48.1353,11.582,520.0,0.9,1.3,0.25,0.0,90.0,101325,22.0,520.0,0.0,0.0,9.81,0.0,0.0,0.0,23.0,25.0,0,False,False,False,False,False,False,False,False,1,1665,0,0,0,0,0,0,65535,NO_CORAL_DATA,4e 4f 5f 43 4f 52 41 4c 5f 44 41 54 41 00 00 00
2026-07-05T20:19:02.501416+00:00,1783282742.501416,-47,13.25,False,1,2,True,True,True,True,0x91B1,0x91B1,1666,0,111,1700001666,34294236,1,STANDBY,831,True,True,True,True,True,True,False,False,True,True,False,False,False,False,False,False,3700,3.7,3,10,48.1353,11.582,520.0,0.9,1.3,0.25,0.0,90.0,101325,22.0,520.0,0.0,0.0,9.81,0.0,0.0,0.0,23.0,25.0,0,False,False,False,False,False,False,False,False,1,1666,0,0,0,0,0,0,65535,NO_CORAL_DATA,4e 4f 5f 43 4f 52 41 4c 5f 44 41 54 41 00 00 00
2026-07-05T20:19:23.058403+00:00,1783282763.058403,-47,12.5,False,1,2,True,True,True,True,0xDA02,0xDA02,1667,0,111,1700001667,34314820,1,STANDBY,831,True,True,True,True,True,True,False,False,True,True,False,False,False,False,False,False,3700,3.7,3,10,48.1353,11.582,520.0,0.9,1.3,0.25,0.0,90.0,101325,22.0,520.0,0.0,0.0,9.81,0.0,0.0,0.0,23.0,25.0,0,False,False,False,False,False,False,False,False,1,1667,0,0,0,0,0,0,65535,NO_CORAL_DATA,4e 4f 5f 43 4f 52 41 4c 5f 44 41 54 41 00 00 00
2026-07-05T20:19:43.581986+00:00,1783282783.581986,-48,10.5,False,1,2,True,True,True,True,0x417F,0x417F,1668,0,111,1700001668,34335405,1,STANDBY,831,True,True,True,True,True,True,False,False,True,True,False,False,False,False,False,False,3700,3.7,3,10,48.1353,11.582,520.0,0.9,1.3,0.25,0.0,90.0,101325,22.0,520.0,0.0,0.0,9.81,0.0,0.0,0.0,23.0,25.0,0,False,False,False,False,False,False,False,False,1,1668,0,0,0,0,0,0,65535,NO_CORAL_DATA,4e 4f 5f 43 4f 52 41 4c 5f 44 41 54 41 00 00 00
2026-07-05T20:20:04.125922+00:00,1783282804.125922,-48,10.25,False,1,2,True,True,True,True,0x1AEB,0x1AEB,1669,0,111,1700001669,34355990,1,STANDBY,831,True,True,True,True,True,True,False,False,True,True,False,False,False,False,False,False,3700,3.7,3,10,48.1353,11.582,520.0,0.9,1.3,0.25,0.0,90.0,101325,22.0,520.0,0.0,0.0,9.81,0.0,0.0,0.0,23.0,25.0,0,False,False,False,False,False,False,False,False,1,1669,0,0,0,0,0,0,65535,NO_CORAL_DATA,4e 4f 5f 43 4f 52 41 4c 5f 44 41 54 41 00 00 00
2026-07-05T20:20:24.676525+00:00,1783282824.676525,-48,11.5,False,1,2,True,True,True,True,0xAEB3,0xAEB3,1670,0,111,1700001670,34376575,1,STANDBY,831,True,True,True,True,True,True,False,False,True,True,False,False,False,False,False,False,3700,3.7,3,10,48.1353,11.582,520.0,0.9,1.3,0.25,0.0,90.0,101325,22.0,520.0,0.0,0.0,9.81,0.0,0.0,0.0,23.0,25.0,0,False,False,False,False,False,False,False,False,1,1670,0,0,0,0,0,0,65535,NO_CORAL_DATA,4e 4f 5f 43 4f 52 41 4c 5f 44 41 54 41 00 00 00
2026-07-05T20:20:45.222668+00:00,1783282845.222668,-48,10.0,False,1,2,True,True,True,True,0x83E6,0x83E6,1671,0,111,1700001671,34397160,1,STANDBY,831,True,True,True,True,True,True,False,False,True,True,False,False,False,False,False,False,3700,3.7,3,10,48.1353,11.582,520.0,0.9,1.3,0.25,0.0,90.0,101325,22.0,520.0,0.0,0.0,9.81,0.0,0.0,0.0,23.0,25.0,0,False,False,False,False,False,False,False,False,1,1671,0,0,0,0,0,0,65535,NO_CORAL_DATA,4e 4f 5f 43 4f 52 41 4c 5f 44 41 54 41 00 00 00
2026-07-05T20:21:05.770216+00:00,1783282865.770216,-48,10.5,False,1,2,True,True,True,True,0xFFBC,0xFFBC,1672,0,111,1700001672,34417745,1,STANDBY,831,True,True,True,True,True,True,False,False,True,True,False,False,False,False,False,False,3700,3.7,3,10,48.1353,11.582,520.0,0.9,1.3,0.25,0.0,90.0,101325,22.0,520.0,0.0,0.0,9.81,0.0,0.0,0.0,23.0,25.0,0,False,False,False,False,False,False,False,False,1,1672,0,0,0,0,0,0,65535,NO_CORAL_DATA,4e 4f 5f 43 4f 52 41 4c 5f 44 41 54 41 00 00 00
2026-07-05T20:21:26.305030+00:00,1783282886.30503,-49,11.0,False,1,2,True,True,True,True,0x4869,0x4869,1673,0,111,1700001673,34438330,1,STANDBY,831,True,True,True,True,True,True,False,False,True,True,False,False,False,False,False,False,3700,3.7,3,10,48.1353,11.582,520.0,0.9,1.3,0.25,0.0,90.0,101325,22.0,520.0,0.0,0.0,9.81,0.0,0.0,0.0,23.0,25.0,0,False,False,False,False,False,False,False,False,1,1673,0,0,0,0,0,0,65535,NO_CORAL_DATA,4e 4f 5f 43 4f 52 41 4c 5f 44 41 54 41 00 00 00
2026-07-05T20:21:46.876271+00:00,1783282906.876271,-49,10.0,False,1,2,True,True,True,True,0x7A91,0x7A91,1674,0,111,1700001674,34458915,1,STANDBY,831,True,True,True,True,True,True,False,False,True,True,False,False,False,False,False,False,3700,3.7,3,10,48.1353,11.582,520.0,0.9,1.3,0.25,0.0,90.0,101325,22.0,520.0,0.0,0.0,9.81,0.0,0.0,0.0,23.0,25.0,0,False,False,False,False,False,False,False,False,1,1674,0,0,0,0,0,0,65535,NO_CORAL_DATA,4e 4f 5f 43 4f 52 41 4c 5f 44 41 54 41 00 00 00
2026-07-05T20:22:07.399755+00:00,1783282927.399755,-50,10.25,False,1,2,True,True,True,True,0x8032,0x8032,1675,0,111,1700001675,34479500,1,STANDBY,831,True,True,True,True,True,True,False,False,True,True,False,False,False,False,False,False,3700,3.7,3,10,48.1353,11.582,520.0,0.9,1.3,0.25,0.0,90.0,101325,22.0,520.0,0.0,0.0,9.81,0.0,0.0,0.0,23.0,25.0,0,False,False,False,False,False,False,False,False,1,1675,0,0,0,0,0,0,65535,NO_CORAL_DATA,4e 4f 5f 43 4f 52 41 4c 5f 44 41 54 41 00 00 00
2026-07-05T20:22:27.940494+00:00,1783282947.940494,-49,9.75,False,1,2,True,True,True,True,0x6570,0x6570,1676,0,111,1700001676,34500085,1,STANDBY,831,True,True,True,True,True,True,False,False,True,True,False,False,False,False,False,False,3700,3.7,3,10,48.1353,11.582,520.0,0.9,1.3,0.25,0.0,90.0,101325,22.0,520.0,0.0,0.0,9.81,0.0,0.0,0.0,23.0,25.0,0,False,False,False,False,False,False,False,False,1,1676,0,0,0,0,0,0,65535,NO_CORAL_DATA,4e 4f 5f 43 4f 52 41 4c 5f 44 41 54 41 00 00 00
2026-07-05T20:22:48.489316+00:00,1783282968.489316,-50,10.0,False,1,2,True,True,True,True,0xA4F8,0xA4F8,1677,0,111,1700001677,34520670,1,STANDBY,831,True,True,True,True,True,True,False,False,True,True,False,False,False,False,False,False,3700,3.7,3,10,48.1353,11.582,520.0,0.9,1.3,0.25,0.0,90.0,101325,22.0,520.0,0.0,0.0,9.81,0.0,0.0,0.0,23.0,25.0,0,False,False,False,False,False,False,False,False,1,1677,0,0,0,0,0,0,65535,NO_CORAL_DATA,4e 4f 5f 43 4f 52 41 4c 5f 44 41 54 41 00 00 00
2026-07-05T20:23:09.026110+00:00,1783282989.02611,-49,9.75,False,1,2,True,True,True,True,0x6584,0x6584,1678,0,111,1700001678,34541255,1,STANDBY,831,True,True,True,True,True,True,False,False,True,True,False,False,False,False,False,False,3700,3.7,3,10,48.1353,11.582,520.0,0.9,1.3,0.25,0.0,90.0,101325,22.0,520.0,0.0,0.0,9.81,0.0,0.0,0.0,23.0,25.0,0,False,False,False,False,False,False,False,False,1,1678,0,0,0,0,0,0,65535,NO_CORAL_DATA,4e 4f 5f 43 4f 52 41 4c 5f 44 41 54 41 00 00 00
2026-07-05T20:23:29.581100+00:00,1783283009.5811,-50,9.75,False,1,2,True,True,True,True,0xB04E,0xB04E,1679,0,111,1700001679,34561840,1,STANDBY,831,True,True,True,True,True,True,False,False,True,True,False,False,False,False,False,False,3700,3.7,3,10,48.1353,11.582,520.0,0.9,1.3,0.25,0.0,90.0,101325,22.0,520.0,0.0,0.0,9.81,0.0,0.0,0.0,23.0,25.0,0,False,False,False,False,False,False,False,False,1,1679,0,0,0,0,0,0,65535,NO_CORAL_DATA,4e 4f 5f 43 4f 52 41 4c 5f 44 41 54 41 00 00 00
2026-07-05T20:23:50.131015+00:00,1783283030.131015,-49,10.5,False,1,2,True,True,True,True,0x2E9C,0x2E9C,1680,0,111,1700001680,34582425,1,STANDBY,831,True,True,True,True,True,True,False,False,True,True,False,False,False,False,False,False,3700,3.7,3,10,48.1353,11.582,520.0,0.9,1.3,0.25,0.0,90.0,101325,22.0,520.0,0.0,0.0,9.81,0.0,0.0,0.0,23.0,25.0,0,False,False,False,False,False,False,False,False,1,1680,0,0,0,0,0,0,65535,NO_CORAL_DATA,4e 4f 5f 43 4f 52 41 4c 5f 44 41 54 41 00 00 00
2026-07-05T20:24:10.664131+00:00,1783283050.664131,-49,10.0,False,1,2,True,True,True,True,0x0013,0x0013,1681,0,111,1700001681,34603010,1,STANDBY,831,True,True,True,True,True,True,False,False,True,True,False,False,False,False,False,False,3700,3.7,3,10,48.1353,11.582,520.0,0.9,1.3,0.25,0.0,90.0,101325,22.0,520.0,0.0,0.0,9.81,0.0,0.0,0.0,23.0,25.0,0,False,False,False,False,False,False,False,False,1,1681,0,0,0,0,0,0,65535,NO_CORAL_DATA,4e 4f 5f 43 4f 52 41 4c 5f 44 41 54 41 00 00 00
2026-07-05T20:24:31.199759+00:00,1783283071.199759,-48,10.25,False,1,2,True,True,True,True,0x28AD,0x28AD,1682,0,111,1700001682,34623595,1,STANDBY,831,True,True,True,True,True,True,False,False,True,True,False,False,False,False,False,False,3700,3.7,3,10,48.1353,11.582,520.0,0.9,1.3,0.25,0.0,90.0,101325,22.0,520.0,0.0,0.0,9.81,0.0,0.0,0.0,23.0,25.0,0,False,False,False,False,False,False,False,False,1,1682,0,0,0,0,0,0,65535,NO_CORAL_DATA,4e 4f 5f 43 4f 52 41 4c 5f 44 41 54 41 00 00 00
2026-07-05T20:24:51.742886+00:00,1783283091.742886,-49,10.25,False,1,2,True,True,True,True,0x6FF7,0x6FF7,1683,0,111,1700001683,34644180,1,STANDBY,831,True,True,True,True,True,True,False,False,True,True,False,False,False,False,False,False,3700,3.7,3,10,48.1353,11.582,520.0,0.9,1.3,0.25,0.0,90.0,101325,22.0,520.0,0.0,0.0,9.81,0.0,0.0,0.0,23.0,25.0,0,False,False,False,False,False,False,False,False,1,1683,0,0,0,0,0,0,65535,NO_CORAL_DATA,4e 4f 5f 43 4f 52 41 4c 5f 44 41 54 41 00 00 00
2026-07-05T20:25:12.262302+00:00,1783283112.262302,-49,10.25,False,1,2,True,True,True,True,0x1AFD,0x1AFD,1684,0,111,1700001684,34664765,1,STANDBY,831,True,True,True,True,True,True,False,False,True,True,False,False,False,False,False,False,3700,3.7,3,10,48.1353,11.582,520.0,0.9,1.3,0.25,0.0,90.0,101325,22.0,520.0,0.0,0.0,9.81,0.0,0.0,0.0,23.0,25.0,0,False,False,False,False,False,False,False,False,1,1684,0,0,0,0,0,0,65535,NO_CORAL_DATA,4e 4f 5f 43 4f 52 41 4c 5f 44 41 54 41 00 00 00
2026-07-05T20:25:32.803433+00:00,1783283132.803433,-48,10.5,False,1,2,True,True,True,True,0xC4CD,0xC4CD,1685,0,111,1700001685,34685350,1,STANDBY,831,True,True,True,True,True,True,False,False,True,True,False,False,False,False,False,False,3700,3.7,3,10,48.1353,11.582,520.0,0.9,1.3,0.25,0.0,90.0,101325,22.0,520.0,0.0,0.0,9.81,0.0,0.0,0.0,23.0,25.0,0,False,False,False,False,False,False,False,False,1,1685,0,0,0,0,0,0,65535,NO_CORAL_DATA,4e 4f 5f 43 4f 52 41 4c 5f 44 41 54 41 00 00 00
2026-07-05T20:25:53.364274+00:00,1783283153.364274,-47,10.5,False,1,2,True,True,True,True,0x1A09,0x1A09,1686,0,111,1700001686,34705935,1,STANDBY,831,True,True,True,True,True,True,False,False,True,True,False,False,False,False,False,False,3700,3.7,3,10,48.1353,11.582,520.0,0.9,1.3,0.25,0.0,90.0,101325,22.0,520.0,0.0,0.0,9.81,0.0,0.0,0.0,23.0,25.0,0,False,False,False,False,False,False,False,False,1,1686,0,0,0,0,0,0,65535,NO_CORAL_DATA,4e 4f 5f 43 4f 52 41 4c 5f 44 41 54 41 00 00 00
2026-07-05T20:26:13.890712+00:00,1783283173.890712,-49,11.0,False,1,2,True,True,True,True,0xA193,0xA193,1687,0,111,1700001687,34726520,1,STANDBY,831,True,True,True,True,True,True,False,False,True,True,False,False,False,False,False,False,3700,3.7,3,10,48.1353,11.582,520.0,0.9,1.3,0.25,0.0,90.0,101325,22.0,520.0,0.0,0.0,9.81,0.0,0.0,0.0,23.0,25.0,0,False,False,False,False,False,False,False,False,1,1687,0,0,0,0,0,0,65535,NO_CORAL_DATA,4e 4f 5f 43 4f 52 41 4c 5f 44 41 54 41 00 00 00
2026-07-05T20:26:34.424853+00:00,1783283194.424853,-49,11.25,False,1,2,True,True,True,True,0x6AD1,0x6AD1,1688,0,111,1700001688,34747105,1,STANDBY,831,True,True,True,True,True,True,False,False,True,True,False,False,False,False,False,False,3700,3.7,3,10,48.1353,11.582,520.0,0.9,1.3,0.25,0.0,90.0,101325,22.0,520.0,0.0,0.0,9.81,0.0,0.0,0.0,23.0,25.0,0,False,False,False,False,False,False,False,False,1,1688,0,0,0,0,0,0,65535,NO_CORAL_DATA,4e 4f 5f 43 4f 52 41 4c 5f 44 41 54 41 00 00 00
2026-07-05T20:26:54.965667+00:00,1783283214.965667,-49,10.75,False,1,2,True,True,True,True,0x556C,0x556C,1689,0,111,1700001689,34767690,1,STANDBY,831,True,True,True,True,True,True,False,False,True,True,False,False,False,False,False,False,3700,3.7,3,10,48.1353,11.582,520.0,0.9,1.3,0.25,0.0,90.0,101325,22.0,520.0,0.0,0.0,9.81,0.0,0.0,0.0,23.0,25.0,0,False,False,False,False,False,False,False,False,1,1689,0,0,0,0,0,0,65535,NO_CORAL_DATA,4e 4f 5f 43 4f 52 41 4c 5f 44 41 54 41 00 00 00
2026-07-05T20:27:15.520084+00:00,1783283235.520084,-49,10.5,False,1,2,True,True,True,True,0x03ED,0x03ED,1690,0,111,1700001690,34788275,1,STANDBY,831,True,True,True,True,True,True,False,False,True,True,False,False,False,False,False,False,3700,3.7,3,10,48.1353,11.582,520.0,0.9,1.3,0.25,0.0,90.0,101325,22.0,520.0,0.0,0.0,9.81,0.0,0.0,0.0,23.0,25.0,0,False,False,False,False,False,False,False,False,1,1690,0,0,0,0,0,0,65535,NO_CORAL_DATA,4e 4f 5f 43 4f 52 41 4c 5f 44 41 54 41 00 00 00
2026-07-05T20:27:36.103357+00:00,1783283256.103357,-49,13.25,False,1,2,True,True,True,True,0xA247,0xA247,1691,0,111,1700001691,34808860,1,STANDBY,831,True,True,True,True,True,True,False,False,True,True,False,False,False,False,False,False,3700,3.7,3,10,48.1353,11.582,520.0,0.9,1.3,0.25,0.0,90.0,101325,22.0,520.0,0.0,0.0,9.81,0.0,0.0,0.0,23.0,25.0,0,False,False,False,False,False,False,False,False,1,1691,0,0,0,0,0,0,65535,NO_CORAL_DATA,4e 4f 5f 43 4f 52 41 4c 5f 44 41 54 41 00 00 00
2026-07-05T20:27:56.608996+00:00,1783283276.608996,-47,13.5,False,1,2,True,True,True,True,0xD1CA,0xD1CA,1692,0,111,1700001692,34829445,1,STANDBY,831,True,True,True,True,True,True,False,False,True,True,False,False,False,False,False,False,3700,3.7,3,10,48.1353,11.582,520.0,0.9,1.3,0.25,0.0,90.0,101325,22.0,520.0,0.0,0.0,9.81,0.0,0.0,0.0,23.0,25.0,0,False,False,False,False,False,False,False,False,1,1692,0,0,0,0,0,0,65535,NO_CORAL_DATA,4e 4f 5f 43 4f 52 41 4c 5f 44 41 54 41 00 00 00
2026-07-05T20:28:17.131165+00:00,1783283297.131165,-48,13.0,False,1,2,True,True,True,True,0x7ADE,0x7ADE,1693,0,111,1700001693,34850030,1,STANDBY,831,True,True,True,True,True,True,False,False,True,True,False,False,False,False,False,False,3700,3.7,3,10,48.1353,11.582,520.0,0.9,1.3,0.25,0.0,90.0,101325,22.0,520.0,0.0,0.0,9.81,0.0,0.0,0.0,23.0,25.0,0,False,False,False,False,False,False,False,False,1,1693,0,0,0,0,0,0,65535,NO_CORAL_DATA,4e 4f 5f 43 4f 52 41 4c 5f 44 41 54 41 00 00 00
2026-07-05T20:28:37.672847+00:00,1783283317.672847,-49,13.0,False,1,2,True,True,True,True,0x3E06,0x3E06,1694,0,111,1700001694,34870615,1,STANDBY,831,True,True,True,True,True,True,False,False,True,True,False,False,False,False,False,False,3700,3.7,3,10,48.1353,11.582,520.0,0.9,1.3,0.25,0.0,90.0,101325,22.0,520.0,0.0,0.0,9.81,0.0,0.0,0.0,23.0,25.0,0,False,False,False,False,False,False,False,False,1,1694,0,0,0,0,0,0,65535,NO_CORAL_DATA,4e 4f 5f 43 4f 52 41 4c 5f 44 41 54 41 00 00 00
2026-07-05T20:28:58.226383+00:00,1783283338.226383,-48,12.75,False,1,2,True,True,True,True,0x21A9,0x21A9,1695,0,111,1700001695,34891200,1,STANDBY,831,True,True,True,True,True,True,False,False,True,True,False,False,False,False,False,False,3700,3.7,3,10,48.1353,11.582,520.0,0.9,1.3,0.25,0.0,90.0,101325,22.0,520.0,0.0,0.0,9.81,0.0,0.0,0.0,23.0,25.0,0,False,False,False,False,False,False,False,False,1,1695,0,0,0,0,0,0,65535,NO_CORAL_DATA,4e 4f 5f 43 4f 52 41 4c 5f 44 41 54 41 00 00 00
2026-07-05T20:29:18.763895+00:00,1783283358.763895,-49,12.25,False,1,2,True,True,True,True,0x38C4,0x38C4,1696,0,111,1700001696,34911785,1,STANDBY,831,True,True,True,True,True,True,False,False,True,True,False,False,False,False,False,False,3700,3.7,3,10,48.1353,11.582,520.0,0.9,1.3,0.25,0.0,90.0,101325,22.0,520.0,0.0,0.0,9.81,0.0,0.0,0.0,23.0,25.0,0,False,False,False,False,False,False,False,False,1,1696,0,0,0,0,0,0,65535,NO_CORAL_DATA,4e 4f 5f 43 4f 52 41 4c 5f 44 41 54 41 00 00 00
2026-07-05T20:29:39.308613+00:00,1783283379.308613,-50,10.5,False,1,2,True,True,True,True,0x0AE5,0x0AE5,1697,0,111,1700001697,34932370,1,STANDBY,831,True,True,True,True,True,True,False,False,True,True,False,False,False,False,False,False,3700,3.7,3,10,48.1353,11.582,520.0,0.9,1.3,0.25,0.0,90.0,101325,22.0,520.0,0.0,0.0,9.81,0.0,0.0,0.0,23.0,25.0,0,False,False,False,False,False,False,False,False,1,1697,0,0,0,0,0,0,65535,NO_CORAL_DATA,4e 4f 5f 43 4f 52 41 4c 5f 44 41 54 41 00 00 00
2026-07-05T20:29:59.847699+00:00,1783283399.847699,-49,10.25,False,1,2,True,True,True,True,0x225B,0x225B,1698,0,111,1700001698,34952955,1,STANDBY,831,True,True,True,True,True,True,False,False,True,True,False,False,False,False,False,False,3700,3.7,3,10,48.1353,11.582,520.0,0.9,1.3,0.25,0.0,90.0,101325,22.0,520.0,0.0,0.0,9.81,0.0,0.0,0.0,23.0,25.0,0,False,False,False,False,False,False,False,False,1,1698,0,0,0,0,0,0,65535,NO_CORAL_DATA,4e 4f 5f 43 4f 52 41 4c 5f 44 41 54 41 00 00 00
2026-07-05T20:30:20.394058+00:00,1783283420.394058,-49,10.25,False,1,2,True,True,True,True,0x559D,0x559D,1699,0,111,1700001699,34973540,1,STANDBY,831,True,True,True,True,True,True,False,False,True,True,False,False,False,False,False,False,3700,3.7,3,10,48.1353,11.582,520.0,0.9,1.3,0.25,0.0,90.0,101325,22.0,520.0,0.0,0.0,9.81,0.0,0.0,0.0,23.0,25.0,0,False,False,False,False,False,False,False,False,1,1699,0,0,0,0,0,0,65535,NO_CORAL_DATA,4e 4f 5f 43 4f 52 41 4c 5f 44 41 54 41 00 00 00
2026-07-05T20:30:40.950291+00:00,1783283440.950291,-49,11.5,False,1,2,True,True,True,True,0x3419,0x3419,1700,0,111,1700001700,34994125,1,STANDBY,831,True,True,True,True,True,True,False,False,True,True,False,False,False,False,False,False,3700,3.7,3,10,48.1353,11.582,520.0,0.9,1.3,0.25,0.0,90.0,101325,22.0,520.0,0.0,0.0,9.81,0.0,0.0,0.0,23.0,25.0,0,False,False,False,False,False,False,False,False,1,1700,0,0,0,0,0,0,65535,NO_CORAL_DATA,4e 4f 5f 43 4f 52 41 4c 5f 44 41 54 41 00 00 00
2026-07-05T20:31:01.491183+00:00,1783283461.491183,-49,10.5,False,1,2,True,True,True,True,0x2366,0x2366,1701,0,111,1700001701,35014710,1,STANDBY,831,True,True,True,True,True,True,False,False,True,True,False,False,False,False,False,False,3700,3.7,3,10,48.1353,11.582,520.0,0.9,1.3,0.25,0.0,90.0,101325,22.0,520.0,0.0,0.0,9.81,0.0,0.0,0.0,23.0,25.0,0,False,False,False,False,False,False,False,False,1,1701,0,0,0,0,0,0,65535,NO_CORAL_DATA,4e 4f 5f 43 4f 52 41 4c 5f 44 41 54 41 00 00 00
2026-07-05T20:31:22.043092+00:00,1783283482.043092,-48,11.0,False,1,2,True,True,True,True,0x8814,0x8814,1702,0,111,1700001702,35035295,1,STANDBY,831,True,True,True,True,True,True,False,False,True,True,False,False,False,False,False,False,3700,3.7,3,10,48.1353,11.582,520.0,0.9,1.3,0.25,0.0,90.0,101325,22.0,520.0,0.0,0.0,9.81,0.0,0.0,0.0,23.0,25.0,0,False,False,False,False,False,False,False,False,1,1702,0,0,0,0,0,0,65535,NO_CORAL_DATA,4e 4f 5f 43 4f 52 41 4c 5f 44 41 54 41 00 00 00
2026-07-05T20:31:42.703831+00:00,1783283502.703831,-49,10.75,False,1,2,True,True,True,True,0x4B36,0x4B36,1703,0,111,1700001703,35055880,1,STANDBY,831,True,True,True,True,True,True,False,False,True,True,False,False,False,False,False,False,3700,3.7,3,10,48.1353,11.582,520.0,0.9,1.3,0.25,0.0,90.0,101325,22.0,520.0,0.0,0.0,9.81,0.0,0.0,0.0,23.0,25.0,0,False,False,False,False,False,False,False,False,1,1703,0,0,0,0,0,0,65535,NO_CORAL_DATA,4e 4f 5f 43 4f 52 41 4c 5f 44 41 54 41 00 00 00
2026-07-05T20:32:03.126097+00:00,1783283523.126097,-49,10.75,False,1,2,True,True,True,True,0x7A53,0x7A53,1704,0,111,1700001704,35076465,1,STANDBY,831,True,True,True,True,True,True,False,False,True,True,False,False,False,False,False,False,3700,3.7,3,10,48.1353,11.582,520.0,0.9,1.3,0.25,0.0,90.0,101325,22.0,520.0,0.0,0.0,9.81,0.0,0.0,0.0,23.0,25.0,0,False,False,False,False,False,False,False,False,1,1704,0,0,0,0,0,0,65535,NO_CORAL_DATA,4e 4f 5f 43 4f 52 41 4c 5f 44 41 54 41 00 00 00
2026-07-05T20:32:23.681822+00:00,1783283543.681822,-50,10.25,False,1,2,True,True,True,True,0x9963,0x9963,1705,0,111,1700001705,35097050,1,STANDBY,831,True,True,True,True,True,True,False,False,True,True,False,False,False,False,False,False,3700,3.7,3,10,48.1353,11.582,520.0,0.9,1.3,0.25,0.0,90.0,101325,22.0,520.0,0.0,0.0,9.81,0.0,0.0,0.0,23.0,25.0,0,False,False,False,False,False,False,False,False,1,1705,0,0,0,0,0,0,65535,NO_CORAL_DATA,4e 4f 5f 43 4f 52 41 4c 5f 44 41 54 41 00 00 00
2026-07-05T20:32:44.205816+00:00,1783283564.205816,-49,10.75,False,1,2,True,True,True,True,0x9E46,0x9E46,1706,0,111,1700001706,35117635,1,STANDBY,831,True,True,True,True,True,True,False,False,True,True,False,False,False,False,False,False,3700,3.7,3,10,48.1353,11.582,520.0,0.9,1.3,0.25,0.0,90.0,101325,22.0,520.0,0.0,0.0,9.81,0.0,0.0,0.0,23.0,25.0,0,False,False,False,False,False,False,False,False,1,1706,0,0,0,0,0,0,65535,NO_CORAL_DATA,4e 4f 5f 43 4f 52 41 4c 5f 44 41 54 41 00 00 00
2026-07-05T20:33:04.778675+00:00,1783283584.778675,-48,11.0,False,1,2,True,True,True,True,0x4A51,0x4A51,1707,0,111,1700001707,35138220,1,STANDBY,831,True,True,True,True,True,True,False,False,True,True,False,False,False,False,False,False,3700,3.7,3,10,48.1353,11.582,520.0,0.9,1.3,0.25,0.0,90.0,101325,22.0,520.0,0.0,0.0,9.81,0.0,0.0,0.0,23.0,25.0,0,False,False,False,False,False,False,False,False,1,1707,0,0,0,0,0,0,65535,NO_CORAL_DATA,4e 4f 5f 43 4f 52 41 4c 5f 44 41 54 41 00 00 00
2026-07-05T20:33:25.702856+00:00,1783283605.702856,-49,9.75,False,1,2,True,True,True,True,0x0940,0x0940,1708,0,111,1700001708,35158805,1,STANDBY,831,True,True,True,True,True,True,False,False,True,True,False,False,False,False,False,False,3700,3.7,3,10,48.1353,11.582,520.0,0.9,1.3,0.25,0.0,90.0,101325,22.0,520.0,0.0,0.0,9.81,0.0,0.0,0.0,23.0,25.0,0,False,False,False,False,False,False,False,False,1,1708,0,0,0,0,0,0,65535,NO_CORAL_DATA,4e 4f 5f 43 4f 52 41 4c 5f 44 41 54 41 00 00 00
2026-07-05T20:33:45.861553+00:00,1783283625.861553,-49,10.0,False,1,2,True,True,True,True,0xA254,0xA254,1709,0,111,1700001709,35179390,1,STANDBY,831,True,True,True,True,True,True,False,False,True,True,False,False,False,False,False,False,3700,3.7,3,10,48.1353,11.582,520.0,0.9,1.3,0.25,0.0,90.0,101325,22.0,520.0,0.0,0.0,9.81,0.0,0.0,0.0,23.0,25.0,0,False,False,False,False,False,False,False,False,1,1709,0,0,0,0,0,0,65535,NO_CORAL_DATA,4e 4f 5f 43 4f 52 41 4c 5f 44 41 54 41 00 00 00
2026-07-05T20:34:06.420804+00:00,1783283646.420804,-50,10.25,False,1,2,True,True,True,True,0xB3D7,0xB3D7,1710,0,111,1700001710,35199974,1,STANDBY,831,True,True,True,True,True,True,False,False,True,True,False,False,False,False,False,False,3700,3.7,3,10,48.1353,11.582,520.0,0.9,1.3,0.25,0.0,90.0,101325,22.0,520.0,0.0,0.0,9.81,0.0,0.0,0.0,23.0,25.0,0,False,False,False,False,False,False,False,False,1,1710,0,0,0,0,0,0,65535,NO_CORAL_DATA,4e 4f 5f 43 4f 52 41 4c 5f 44 41 54 41 00 00 00
2026-07-05T20:34:26.961279+00:00,1783283666.961279,-49,10.25,False,1,2,True,True,True,True,0xD6D9,0xD6D9,1711,0,111,1700001711,35220559,1,STANDBY,831,True,True,True,True,True,True,False,False,True,True,False,False,False,False,False,False,3700,3.7,3,10,48.1353,11.582,520.0,0.9,1.3,0.25,0.0,90.0,101325,22.0,520.0,0.0,0.0,9.81,0.0,0.0,0.0,23.0,25.0,0,False,False,False,False,False,False,False,False,1,1711,0,0,0,0,0,0,65535,NO_CORAL_DATA,4e 4f 5f 43 4f 52 41 4c 5f 44 41 54 41 00 00 00
2026-07-05T20:34:47.487173+00:00,1783283687.487173,-49,10.25,False,1,2,True,True,True,True,0xCB1B,0xCB1B,1712,0,111,1700001712,35241143,1,STANDBY,831,True,True,True,True,True,True,False,False,True,True,False,False,False,False,False,False,3700,3.7,3,10,48.1353,11.582,520.0,0.9,1.3,0.25,0.0,90.0,101325,22.0,520.0,0.0,0.0,9.81,0.0,0.0,0.0,23.0,25.0,0,False,False,False,False,False,False,False,False,1,1712,0,0,0,0,0,0,65535,NO_CORAL_DATA,4e 4f 5f 43 4f 52 41 4c 5f 44 41 54 41 00 00 00
2026-07-05T20:35:08.044259+00:00,1783283708.044259,-49,9.75,False,1,2,True,True,True,True,0xD73E,0xD73E,1713,0,111,1700001713,35261728,1,STANDBY,831,True,True,True,True,True,True,False,False,True,True,False,False,False,False,False,False,3700,3.7,3,10,48.1353,11.582,520.0,0.9,1.3,0.25,0.0,90.0,101325,22.0,520.0,0.0,0.0,9.81,0.0,0.0,0.0,23.0,25.0,0,False,False,False,False,False,False,False,False,1,1713,0,0,0,0,0,0,65535,NO_CORAL_DATA,4e 4f 5f 43 4f 52 41 4c 5f 44 41 54 41 00 00 00
2026-07-05T20:35:28.592530+00:00,1783283728.59253,-48,10.5,False,1,2,True,True,True,True,0xB7A4,0xB7A4,1714,0,111,1700001714,35282313,1,STANDBY,831,True,True,True,True,True,True,False,False,True,True,False,False,False,False,False,False,3700,3.7,3,10,48.1353,11.582,520.0,0.9,1.3,0.25,0.0,90.0,101325,22.0,520.0,0.0,0.0,9.81,0.0,0.0,0.0,23.0,25.0,0,False,False,False,False,False,False,False,False,1,1714,0,0,0,0,0,0,65535,NO_CORAL_DATA,4e 4f 5f 43 4f 52 41 4c 5f 44 41 54 41 00 00 00
2026-07-05T20:35:49.138753+00:00,1783283749.138753,-49,10.25,False,1,2,True,True,True,True,0x875C,0x875C,1715,0,111,1700001715,35302898,1,STANDBY,831,True,True,True,True,True,True,False,False,True,True,False,False,False,False,False,False,3700,3.7,3,10,48.1353,11.582,520.0,0.9,1.3,0.25,0.0,90.0,101325,22.0,520.0,0.0,0.0,9.81,0.0,0.0,0.0,23.0,25.0,0,False,False,False,False,False,False,False,False,1,1715,0,0,0,0,0,0,65535,NO_CORAL_DATA,4e 4f 5f 43 4f 52 41 4c 5f 44 41 54 41 00 00 00
2026-07-05T20:36:09.679999+00:00,1783283769.679999,-49,10.5,False,1,2,True,True,True,True,0x936E,0x936E,1716,0,111,1700001716,35323483,1,STANDBY,831,True,True,True,True,True,True,False,False,True,True,False,False,False,False,False,False,3700,3.7,3,10,48.1353,11.582,520.0,0.9,1.3,0.25,0.0,90.0,101325,22.0,520.0,0.0,0.0,9.81,0.0,0.0,0.0,23.0,25.0,0,False,False,False,False,False,False,False,False,1,1716,0,0,0,0,0,0,65535,NO_CORAL_DATA,4e 4f 5f 43 4f 52 41 4c 5f 44 41 54 41 00 00 00
2026-07-05T20:36:30.225477+00:00,1783283790.225477,-50,10.25,False,1,2,True,True,True,True,0x72D8,0x72D8,1717,0,111,1700001717,35344068,1,STANDBY,831,True,True,True,True,True,True,False,False,True,True,False,False,False,False,False,False,3700,3.7,3,10,48.1353,11.582,520.0,0.9,1.3,0.25,0.0,90.0,101325,22.0,520.0,0.0,0.0,9.81,0.0,0.0,0.0,23.0,25.0,0,False,False,False,False,False,False,False,False,1,1717,0,0,0,0,0,0,65535,NO_CORAL_DATA,4e 4f 5f 43 4f 52 41 4c 5f 44 41 54 41 00 00 00
2026-07-05T20:36:50.784279+00:00,1783283810.784279,-50,9.75,False,1,2,True,True,True,True,0xCD24,0xCD24,1718,0,111,1700001718,35364653,1,STANDBY,831,True,True,True,True,True,True,False,False,True,True,False,False,False,False,False,False,3700,3.7,3,10,48.1353,11.582,520.0,0.9,1.3,0.25,0.0,90.0,101325,22.0,520.0,0.0,0.0,9.81,0.0,0.0,0.0,23.0,25.0,0,False,False,False,False,False,False,False,False,1,1718,0,0,0,0,0,0,65535,NO_CORAL_DATA,4e 4f 5f 43 4f 52 41 4c 5f 44 41 54 41 00 00 00
2026-07-05T20:37:11.312401+00:00,1783283831.312401,-50,10.0,False,1,2,True,True,True,True,0x7E10,0x7E10,1719,0,111,1700001719,35385238,1,STANDBY,831,True,True,True,True,True,True,False,False,True,True,False,False,False,False,False,False,3700,3.7,3,10,48.1353,11.582,520.0,0.9,1.3,0.25,0.0,90.0,101325,22.0,520.0,0.0,0.0,9.81,0.0,0.0,0.0,23.0,25.0,0,False,False,False,False,False,False,False,False,1,1719,0,0,0,0,0,0,65535,NO_CORAL_DATA,4e 4f 5f 43 4f 52 41 4c 5f 44 41 54 41 00 00 00
2026-07-05T20:37:31.872979+00:00,1783283851.872979,-50,12.75,False,1,2,True,True,True,True,0x535B,0x535B,1720,0,111,1700001720,35405823,1,STANDBY,831,True,True,True,True,True,True,False,False,True,True,False,False,False,False,False,False,3700,3.7,3,10,48.1353,11.582,520.0,0.9,1.3,0.25,0.0,90.0,101325,22.0,520.0,0.0,0.0,9.81,0.0,0.0,0.0,23.0,25.0,0,False,False,False,False,False,False,False,False,1,1720,0,0,0,0,0,0,65535,NO_CORAL_DATA,4e 4f 5f 43 4f 52 41 4c 5f 44 41 54 41 00 00 00
2026-07-05T20:37:52.422454+00:00,1783283872.422454,-50,13.5,False,1,2,True,True,True,True,0x48DA,0x48DA,1721,0,111,1700001721,35426408,1,STANDBY,831,True,True,True,True,True,True,False,False,True,True,False,False,False,False,False,False,3700,3.7,3,10,48.1353,11.582,520.0,0.9,1.3,0.25,0.0,90.0,101325,22.0,520.0,0.0,0.0,9.81,0.0,0.0,0.0,23.0,25.0,0,False,False,False,False,False,False,False,False,1,1721,0,0,0,0,0,0,65535,NO_CORAL_DATA,4e 4f 5f 43 4f 52 41 4c 5f 44 41 54 41 00 00 00
2026-07-05T20:38:13.021826+00:00,1783283893.021826,-49,10.0,False,1,2,True,True,True,True,0xE4A2,0xE4A2,1722,0,111,1700001722,35446993,1,STANDBY,831,True,True,True,True,True,True,False,False,True,True,False,False,False,False,False,False,3700,3.7,3,10,48.1353,11.582,520.0,0.9,1.3,0.25,0.0,90.0,101325,22.0,520.0,0.0,0.0,9.81,0.0,0.0,0.0,23.0,25.0,0,False,False,False,False,False,False,False,False,1,1722,0,0,0,0,0,0,65535,NO_CORAL_DATA,4e 4f 5f 43 4f 52 41 4c 5f 44 41 54 41 00 00 00
2026-07-05T20:38:33.516142+00:00,1783283913.516142,-50,10.0,False,1,2,True,True,True,True,0xF329,0xF329,1723,0,111,1700001723,35467577,1,STANDBY,831,True,True,True,True,True,True,False,False,True,True,False,False,False,False,False,False,3700,3.7,3,10,48.1353,11.582,520.0,0.9,1.3,0.25,0.0,90.0,101325,22.0,520.0,0.0,0.0,9.81,0.0,0.0,0.0,23.0,25.0,0,False,False,False,False,False,False,False,False,1,1723,0,0,0,0,0,0,65535,NO_CORAL_DATA,4e 4f 5f 43 4f 52 41 4c 5f 44 41 54 41 00 00 00
2026-07-05T20:38:54.043539+00:00,1783283934.043539,-49,10.75,False,1,2,True,True,True,True,0x0381,0x0381,1724,0,111,1700001724,35488162,1,STANDBY,831,True,True,True,True,True,True,False,False,True,True,False,False,False,False,False,False,3700,3.7,3,10,48.1353,11.582,520.0,0.9,1.3,0.25,0.0,90.0,101325,22.0,520.0,0.0,0.0,9.81,0.0,0.0,0.0,23.0,25.0,0,False,False,False,False,False,False,False,False,1,1724,0,0,0,0,0,0,65535,NO_CORAL_DATA,4e 4f 5f 43 4f 52 41 4c 5f 44 41 54 41 00 00 00
2026-07-05T20:39:14.597001+00:00,1783283954.597001,-49,10.25,False,1,2,True,True,True,True,0x1622,0x1622,1725,0,111,1700001725,35508747,1,STANDBY,831,True,True,True,True,True,True,False,False,True,True,False,False,False,False,False,False,3700,3.7,3,10,48.1353,11.582,520.0,0.9,1.3,0.25,0.0,90.0,101325,22.0,520.0,0.0,0.0,9.81,0.0,0.0,0.0,23.0,25.0,0,False,False,False,False,False,False,False,False,1,1725,0,0,0,0,0,0,65535,NO_CORAL_DATA,4e 4f 5f 43 4f 52 41 4c 5f 44 41 54 41 00 00 00
2026-07-05T20:39:35.161054+00:00,1783283975.161054,-49,10.0,False,1,2,True,True,True,True,0xCF7C,0xCF7C,1726,0,111,1700001726,35529331,1,STANDBY,831,True,True,True,True,True,True,False,False,True,True,False,False,False,False,False,False,3700,3.7,3,10,48.1353,11.582,520.0,0.9,1.3,0.25,0.0,90.0,101325,22.0,520.0,0.0,0.0,9.81,0.0,0.0,0.0,23.0,25.0,0,False,False,False,False,False,False,False,False,1,1726,0,0,0,0,0,0,65535,NO_CORAL_DATA,4e 4f 5f 43 4f 52 41 4c 5f 44 41 54 41 00 00 00
2026-07-05T20:39:55.685408+00:00,1783283995.685408,-50,10.0,False,1,2,True,True,True,True,0x8F2C,0x8F2C,1727,0,111,1700001727,35549916,1,STANDBY,831,True,True,True,True,True,True,False,False,True,True,False,False,False,False,False,False,3700,3.7,3,10,48.1353,11.582,520.0,0.9,1.3,0.25,0.0,90.0,101325,22.0,520.0,0.0,0.0,9.81,0.0,0.0,0.0,23.0,25.0,0,False,False,False,False,False,False,False,False,1,1727,0,0,0,0,0,0,65535,NO_CORAL_DATA,4e 4f 5f 43 4f 52 41 4c 5f 44 41 54 41 00 00 00
2026-07-05T20:40:16.243425+00:00,1783284016.243425,-50,10.0,False,1,2,True,True,True,True,0xA39E,0xA39E,1728,0,111,1700001728,35570501,1,STANDBY,831,True,True,True,True,True,True,False,False,True,True,False,False,False,False,False,False,3700,3.7,3,10,48.1353,11.582,520.0,0.9,1.3,0.25,0.0,90.0,101325,22.0,520.0,0.0,0.0,9.81,0.0,0.0,0.0,23.0,25.0,0,False,False,False,False,False,False,False,False,1,1728,0,0,0,0,0,0,65535,NO_CORAL_DATA,4e 4f 5f 43 4f 52 41 4c 5f 44 41 54 41 00 00 00
2026-07-05T20:40:36.788936+00:00,1783284036.788936,-49,10.5,False,1,2,True,True,True,True,0xF0AA,0xF0AA,1729,0,111,1700001729,35591086,1,STANDBY,831,True,True,True,True,True,True,False,False,True,True,False,False,False,False,False,False,3700,3.7,3,10,48.1353,11.582,520.0,0.9,1.3,0.25,0.0,90.0,101325,22.0,520.0,0.0,0.0,9.81,0.0,0.0,0.0,23.0,25.0,0,False,False,False,False,False,False,False,False,1,1729,0,0,0,0,0,0,65535,NO_CORAL_DATA,4e 4f 5f 43 4f 52 41 4c 5f 44 41 54 41 00 00 00
2026-07-05T20:40:57.327717+00:00,1783284057.327717,-49,10.0,False,1,2,True,True,True,True,0x6B33,0x6B33,1730,0,111,1700001730,35611671,1,STANDBY,831,True,True,True,True,True,True,False,False,True,True,False,False,False,False,False,False,3700,3.7,3,10,48.1353,11.582,520.0,0.9,1.3,0.25,0.0,90.0,101325,22.0,520.0,0.0,0.0,9.81,0.0,0.0,0.0,23.0,25.0,0,False,False,False,False,False,False,False,False,1,1730,0,0,0,0,0,0,65535,NO_CORAL_DATA,4e 4f 5f 43 4f 52 41 4c 5f 44 41 54 41 00 00 00
2026-07-05T20:41:17.874037+00:00,1783284077.874037,-49,10.0,False,1,2,True,True,True,True,0x8D8E,0x8D8E,1731,0,111,1700001731,35632256,1,STANDBY,831,True,True,True,True,True,True,False,False,True,True,False,False,False,False,False,False,3700,3.7,3,10,48.1353,11.582,520.0,0.9,1.3,0.25,0.0,90.0,101325,22.0,520.0,0.0,0.0,9.81,0.0,0.0,0.0,23.0,25.0,0,False,False,False,False,False,False,False,False,1,1731,0,0,0,0,0,0,65535,NO_CORAL_DATA,4e 4f 5f 43 4f 52 41 4c 5f 44 41 54 41 00 00 00
2026-07-05T20:41:38.411098+00:00,1783284098.411098,-49,10.0,False,1,2,True,True,True,True,0xFCC9,0xFCC9,1732,0,111,1700001732,35652841,1,STANDBY,831,True,True,True,True,True,True,False,False,True,True,False,False,False,False,False,False,3700,3.7,3,10,48.1353,11.582,520.0,0.9,1.3,0.25,0.0,90.0,101325,22.0,520.0,0.0,0.0,9.81,0.0,0.0,0.0,23.0,25.0,0,False,False,False,False,False,False,False,False,1,1732,0,0,0,0,0,0,65535,NO_CORAL_DATA,4e 4f 5f 43 4f 52 41 4c 5f 44 41 54 41 00 00 00
2026-07-05T20:41:58.954127+00:00,1783284118.954127,-50,10.25,False,1,2,True,True,True,True,0xA18A,0xA18A,1733,0,111,1700001733,35673426,1,STANDBY,831,True,True,True,True,True,True,False,False,True,True,False,False,False,False,False,False,3700,3.7,3,10,48.1353,11.582,520.0,0.9,1.3,0.25,0.0,90.0,101325,22.0,520.0,0.0,0.0,9.81,0.0,0.0,0.0,23.0,25.0,0,False,False,False,False,False,False,False,False,1,1733,0,0,0,0,0,0,65535,NO_CORAL_DATA,4e 4f 5f 43 4f 52 41 4c 5f 44 41 54 41 00 00 00
2026-07-05T20:42:19.523048+00:00,1783284139.523048,-49,9.75,False,1,2,True,True,True,True,0xF001,0xF001,1734,0,111,1700001734,35694011,1,STANDBY,831,True,True,True,True,True,True,False,False,True,True,False,False,False,False,False,False,3700,3.7,3,10,48.1353,11.582,520.0,0.9,1.3,0.25,0.0,90.0,101325,22.0,520.0,0.0,0.0,9.81,0.0,0.0,0.0,23.0,25.0,0,False,False,False,False,False,False,False,False,1,1734,0,0,0,0,0,0,65535,NO_CORAL_DATA,4e 4f 5f 43 4f 52 41 4c 5f 44 41 54 41 00 00 00
2026-07-05T20:42:40.058590+00:00,1783284160.05859,-49,10.0,False,1,2,True,True,True,True,0xD7EE,0xD7EE,1735,0,111,1700001735,35714596,1,STANDBY,831,True,True,True,True,True,True,False,False,True,True,False,False,False,False,False,False,3700,3.7,3,10,48.1353,11.582,520.0,0.9,1.3,0.25,0.0,90.0,101325,22.0,520.0,0.0,0.0,9.81,0.0,0.0,0.0,23.0,25.0,0,False,False,False,False,False,False,False,False,1,1735,0,0,0,0,0,0,65535,NO_CORAL_DATA,4e 4f 5f 43 4f 52 41 4c 5f 44 41 54 41 00 00 00
2026-07-05T20:43:00.584889+00:00,1783284180.584889,-50,10.25,False,1,2,True,True,True,True,0x07B9,0x07B9,1736,0,111,1700001736,35735181,1,STANDBY,831,True,True,True,True,True,True,False,False,True,True,False,False,False,False,False,False,3700,3.7,3,10,48.1353,11.582,520.0,0.9,1.3,0.25,0.0,90.0,101325,22.0,520.0,0.0,0.0,9.81,0.0,0.0,0.0,23.0,25.0,0,False,False,False,False,False,False,False,False,1,1736,0,0,0,0,0,0,65535,NO_CORAL_DATA,4e 4f 5f 43 4f 52 41 4c 5f 44 41 54 41 00 00 00
2026-07-05T20:43:21.115831+00:00,1783284201.115831,-50,11.0,False,1,2,True,True,True,True,0x05BB,0x05BB,1737,0,111,1700001737,35755766,1,STANDBY,831,True,True,True,True,True,True,False,False,True,True,False,False,False,False,False,False,3700,3.7,3,10,48.1353,11.582,520.0,0.9,1.3,0.25,0.0,90.0,101325,22.0,520.0,0.0,0.0,9.81,0.0,0.0,0.0,23.0,25.0,0,False,False,False,False,False,False,False,False,1,1737,0,0,0,0,0,0,65535,NO_CORAL_DATA,4e 4f 5f 43 4f 52 41 4c 5f 44 41 54 41 00 00 00
2026-07-05T20:43:41.672798+00:00,1783284221.672798,-49,10.75,False,1,2,True,True,True,True,0x8B56,0x8B56,1738,0,111,1700001738,35776351,1,STANDBY,831,True,True,True,True,True,True,False,False,True,True,False,False,False,False,False,False,3700,3.7,3,10,48.1353,11.582,520.0,0.9,1.3,0.25,0.0,90.0,101325,22.0,520.0,0.0,0.0,9.81,0.0,0.0,0.0,23.0,25.0,0,False,False,False,False,False,False,False,False,1,1738,0,0,0,0,0,0,65535,NO_CORAL_DATA,4e 4f 5f 43 4f 52 41 4c 5f 44 41 54 41 00 00 00
2026-07-05T20:44:02.199504+00:00,1783284242.199504,-51,9.75,False,1,2,True,True,True,True,0x1CF0,0x1CF0,1739,0,111,1700001739,35796936,1,STANDBY,831,True,True,True,True,True,True,False,False,True,True,False,False,False,False,False,False,3700,3.7,3,10,48.1353,11.582,520.0,0.9,1.3,0.25,0.0,90.0,101325,22.0,520.0,0.0,0.0,9.81,0.0,0.0,0.0,23.0,25.0,0,False,False,False,False,False,False,False,False,1,1739,0,0,0,0,0,0,65535,NO_CORAL_DATA,4e 4f 5f 43 4f 52 41 4c 5f 44 41 54 41 00 00 00
2026-07-05T20:44:22.741879+00:00,1783284262.741879,-48,10.0,False,1,2,True,True,True,True,0x64C6,0x64C6,1740,0,111,1700001740,35817521,1,STANDBY,831,True,True,True,True,True,True,False,False,True,True,False,False,False,False,False,False,3700,3.7,3,10,48.1353,11.582,520.0,0.9,1.3,0.25,0.0,90.0,101325,22.0,520.0,0.0,0.0,9.81,0.0,0.0,0.0,23.0,25.0,0,False,False,False,False,False,False,False,False,1,1740,0,0,0,0,0,0,65535,NO_CORAL_DATA,4e 4f 5f 43 4f 52 41 4c 5f 44 41 54 41 00 00 00
2026-07-05T20:44:43.287308+00:00,1783284283.287308,-49,10.25,False,1,2,True,True,True,True,0x1B10,0x1B10,1741,0,111,1700001741,35838106,1,STANDBY,831,True,True,True,True,True,True,False,False,True,True,False,False,False,False,False,False,3700,3.7,3,10,48.1353,11.582,520.0,0.9,1.3,0.25,0.0,90.0,101325,22.0,520.0,0.0,0.0,9.81,0.0,0.0,0.0,23.0,25.0,0,False,False,False,False,False,False,False,False,1,1741,0,0,0,0,0,0,65535,NO_CORAL_DATA,4e 4f 5f 43 4f 52 41 4c 5f 44 41 54 41 00 00 00
2026-07-05T20:45:03.830742+00:00,1783284303.830742,-50,10.0,False,1,2,True,True,True,True,0x6315,0x6315,1742,0,111,1700001742,35858691,1,STANDBY,831,True,True,True,True,True,True,False,False,True,True,False,False,False,False,False,False,3700,3.7,3,10,48.1353,11.582,520.0,0.9,1.3,0.25,0.0,90.0,101325,22.0,520.0,0.0,0.0,9.81,0.0,0.0,0.0,23.0,25.0,0,False,False,False,False,False,False,False,False,1,1742,0,0,0,0,0,0,65535,NO_CORAL_DATA,4e 4f 5f 43 4f 52 41 4c 5f 44 41 54 41 00 00 00
2026-07-05T20:45:24.366524+00:00,1783284324.366524,-50,10.0,False,1,2,True,True,True,True,0x6B61,0x6B61,1743,0,111,1700001743,35879276,1,STANDBY,831,True,True,True,True,True,True,False,False,True,True,False,False,False,False,False,False,3700,3.7,3,10,48.1353,11.582,520.0,0.9,1.3,0.25,0.0,90.0,101325,22.0,520.0,0.0,0.0,9.81,0.0,0.0,0.0,23.0,25.0,0,False,False,False,False,False,False,False,False,1,1743,0,0,0,0,0,0,65535,NO_CORAL_DATA,4e 4f 5f 43 4f 52 41 4c 5f 44 41 54 41 00 00 00
2026-07-05T20:45:44.922404+00:00,1783284344.922404,-50,10.25,False,1,2,True,True,True,True,0x6E5F,0x6E5F,1744,0,111,1700001744,35899861,1,STANDBY,831,True,True,True,True,True,True,False,False,True,True,False,False,False,False,False,False,3700,3.7,3,10,48.1353,11.582,520.0,0.9,1.3,0.25,0.0,90.0,101325,22.0,520.0,0.0,0.0,9.81,0.0,0.0,0.0,23.0,25.0,0,False,False,False,False,False,False,False,False,1,1744,0,0,0,0,0,0,65535,NO_CORAL_DATA,4e 4f 5f 43 4f 52 41 4c 5f 44 41 54 41 00 00 00
2026-07-05T20:46:05.456420+00:00,1783284365.45642,-50,10.5,False,1,2,True,True,True,True,0xAAEB,0xAAEB,1745,0,111,1700001745,35920446,1,STANDBY,831,True,True,True,True,True,True,False,False,True,True,False,False,False,False,False,False,3700,3.7,3,10,48.1353,11.582,520.0,0.9,1.3,0.25,0.0,90.0,101325,22.0,520.0,0.0,0.0,9.81,0.0,0.0,0.0,23.0,25.0,0,False,False,False,False,False,False,False,False,1,1745,0,0,0,0,0,0,65535,NO_CORAL_DATA,4e 4f 5f 43 4f 52 41 4c 5f 44 41 54 41 00 00 00
2026-07-05T20:46:25.986977+00:00,1783284385.986977,-50,10.0,False,1,2,True,True,True,True,0xEA82,0xEA82,1746,0,111,1700001746,35941031,1,STANDBY,831,True,True,True,True,True,True,False,False,True,True,False,False,False,False,False,False,3700,3.7,3,10,48.1353,11.582,520.0,0.9,1.3,0.25,0.0,90.0,101325,22.0,520.0,0.0,0.0,9.81,0.0,0.0,0.0,23.0,25.0,0,False,False,False,False,False,False,False,False,1,1746,0,0,0,0,0,0,65535,NO_CORAL_DATA,4e 4f 5f 43 4f 52 41 4c 5f 44 41 54 41 00 00 00
2026-07-05T20:46:46.526481+00:00,1783284406.526481,-50,10.0,False,1,2,True,True,True,True,0x3CA3,0x3CA3,1747,0,111,1700001747,35961616,1,STANDBY,831,True,True,True,True,True,True,False,False,True,True,False,False,False,False,False,False,3700,3.7,3,10,48.1353,11.582,520.0,0.9,1.3,0.25,0.0,90.0,101325,22.0,520.0,0.0,0.0,9.81,0.0,0.0,0.0,23.0,25.0,0,False,False,False,False,False,False,False,False,1,1747,0,0,0,0,0,0,65535,NO_CORAL_DATA,4e 4f 5f 43 4f 52 41 4c 5f 44 41 54 41 00 00 00
2026-07-05T20:47:07.065603+00:00,1783284427.065603,-50,10.25,False,1,2,True,True,True,True,0xA6EC,0xA6EC,1748,0,111,1700001748,35982201,1,STANDBY,831,True,True,True,True,True,True,False,False,True,True,False,False,False,False,False,False,3700,3.7,3,10,48.1353,11.582,520.0,0.9,1.3,0.25,0.0,90.0,101325,22.0,520.0,0.0,0.0,9.81,0.0,0.0,0.0,23.0,25.0,0,False,False,False,False,False,False,False,False,1,1748,0,0,0,0,0,0,65535,NO_CORAL_DATA,4e 4f 5f 43 4f 52 41 4c 5f 44 41 54 41 00 00 00
2026-07-05T20:47:27.623380+00:00,1783284447.62338,-50,10.25,False,1,2,True,True,True,True,0xCB33,0xCB33,1749,0,111,1700001749,36002786,1,STANDBY,831,True,True,True,True,True,True,False,False,True,True,False,False,False,False,False,False,3700,3.7,3,10,48.1353,11.582,520.0,0.9,1.3,0.25,0.0,90.0,101325,22.0,520.0,0.0,0.0,9.81,0.0,0.0,0.0,23.0,25.0,0,False,False,False,False,False,False,False,False,1,1749,0,0,0,0,0,0,65535,NO_CORAL_DATA,4e 4f 5f 43 4f 52 41 4c 5f 44 41 54 41 00 00 00
2026-07-05T20:47:48.155184+00:00,1783284468.155184,-49,10.25,False,1,2,True,True,True,True,0x655A,0x655A,1750,0,111,1700001750,36023371,1,STANDBY,831,True,True,True,True,True,True,False,False,True,True,False,False,False,False,False,False,3700,3.7,3,10,48.1353,11.582,520.0,0.9,1.3,0.25,0.0,90.0,101325,22.0,520.0,0.0,0.0,9.81,0.0,0.0,0.0,23.0,25.0,0,False,False,False,False,False,False,False,False,1,1750,0,0,0,0,0,0,65535,NO_CORAL_DATA,4e 4f 5f 43 4f 52 41 4c 5f 44 41 54 41 00 00 00
2026-07-05T20:48:08.688003+00:00,1783284488.688003,-49,10.5,False,1,2,True,True,True,True,0x1311,0x1311,1751,0,111,1700001751,36043956,1,STANDBY,831,True,True,True,True,True,True,False,False,True,True,False,False,False,False,False,False,3700,3.7,3,10,48.1353,11.582,520.0,0.9,1.3,0.25,0.0,90.0,101325,22.0,520.0,0.0,0.0,9.81,0.0,0.0,0.0,23.0,25.0,0,False,False,False,False,False,False,False,False,1,1751,0,0,0,0,0,0,65535,NO_CORAL_DATA,4e 4f 5f 43 4f 52 41 4c 5f 44 41 54 41 00 00 00
2026-07-05T20:48:29.242080+00:00,1783284509.24208,-50,10.5,False,1,2,True,True,True,True,0x41D9,0x41D9,1752,0,111,1700001752,36064541,1,STANDBY,831,True,True,True,True,True,True,False,False,True,True,False,False,False,False,False,False,3700,3.7,3,10,48.1353,11.582,520.0,0.9,1.3,0.25,0.0,90.0,101325,22.0,520.0,0.0,0.0,9.81,0.0,0.0,0.0,23.0,25.0,0,False,False,False,False,False,False,False,False,1,1752,0,0,0,0,0,0,65535,NO_CORAL_DATA,4e 4f 5f 43 4f 52 41 4c 5f 44 41 54 41 00 00 00
2026-07-05T20:48:49.785762+00:00,1783284529.785762,-49,10.0,False,1,2,True,True,True,True,0xE7EE,0xE7EE,1753,0,111,1700001753,36085126,1,STANDBY,831,True,True,True,True,True,True,False,False,True,True,False,False,False,False,False,False,3700,3.7,3,10,48.1353,11.582,520.0,0.9,1.3,0.25,0.0,90.0,101325,22.0,520.0,0.0,0.0,9.81,0.0,0.0,0.0,23.0,25.0,0,False,False,False,False,False,False,False,False,1,1753,0,0,0,0,0,0,65535,NO_CORAL_DATA,4e 4f 5f 43 4f 52 41 4c 5f 44 41 54 41 00 00 00
2026-07-05T20:49:10.317090+00:00,1783284550.31709,-50,10.0,False,1,2,True,True,True,True,0xFDAA,0xFDAA,1754,0,111,1700001754,36105711,1,STANDBY,831,True,True,True,True,True,True,False,False,True,True,False,False,False,False,False,False,3700,3.7,3,10,48.1353,11.582,520.0,0.9,1.3,0.25,0.0,90.0,101325,22.0,520.0,0.0,0.0,9.81,0.0,0.0,0.0,23.0,25.0,0,False,False,False,False,False,False,False,False,1,1754,0,0,0,0,0,0,65535,NO_CORAL_DATA,4e 4f 5f 43 4f 52 41 4c 5f 44 41 54 41 00 00 00
2026-07-05T21:40:43.952104+00:00,1783287643.952104,-50,12.25,False,1,2,True,True,True,True,0x68F8,0x68F8,1904,149,260,1700001904,39193449,1,STANDBY,831,True,True,True,True,True,True,False,False,True,True,False,False,False,False,False,False,3700,3.7,3,10,48.1353,11.582,520.0,0.9,1.3,0.25,0.0,90.0,101325,22.0,520.0,0.0,0.0,9.81,0.0,0.0,0.0,23.0,25.0,0,False,False,False,False,False,False,False,False,1,1904,0,0,0,0,0,0,65535,NO_CORAL_DATA,4e 4f 5f 43 4f 52 41 4c 5f 44 41 54 41 00 00 00
2026-07-05T21:40:52.354263+00:00,1783287652.354263,-49,10.5,False,1,2,True,True,True,True,0xE936,0xE936,1905,0,260,1700001905,39214034,1,STANDBY,831,True,True,True,True,True,True,False,False,True,True,False,False,False,False,False,False,3700,3.7,3,10,48.1353,11.582,520.0,0.9,1.3,0.25,0.0,90.0,101325,22.0,520.0,0.0,0.0,9.81,0.0,0.0,0.0,23.0,25.0,0,False,False,False,False,False,False,False,False,1,1905,0,0,0,0,0,0,65535,NO_CORAL_DATA,4e 4f 5f 43 4f 52 41 4c 5f 44 41 54 41 00 00 00
2026-07-05T21:41:12.894263+00:00,1783287672.894263,-48,10.25,False,1,2,True,True,True,True,0x8F5C,0x8F5C,1906,0,260,1700001906,39234619,1,STANDBY,831,True,True,True,True,True,True,False,False,True,True,False,False,False,False,False,False,3700,3.7,3,10,48.1353,11.582,520.0,0.9,1.3,0.25,0.0,90.0,101325,22.0,520.0,0.0,0.0,9.81,0.0,0.0,0.0,23.0,25.0,0,False,False,False,False,False,False,False,False,1,1906,0,0,0,0,0,0,65535,NO_CORAL_DATA,4e 4f 5f 43 4f 52 41 4c 5f 44 41 54 41 00 00 00
2026-07-05T21:41:33.429493+00:00,1783287693.429493,-49,11.25,False,1,2,True,True,True,True,0xDD05,0xDD05,1907,0,260,1700001907,39255204,1,STANDBY,831,True,True,True,True,True,True,False,False,True,True,False,False,False,False,False,False,3700,3.7,3,10,48.1353,11.582,520.0,0.9,1.3,0.25,0.0,90.0,101325,22.0,520.0,0.0,0.0,9.81,0.0,0.0,0.0,23.0,25.0,0,False,False,False,False,False,False,False,False,1,1907,0,0,0,0,0,0,65535,NO_CORAL_DATA,4e 4f 5f 43 4f 52 41 4c 5f 44 41 54 41 00 00 00
2026-07-05T21:41:53.995679+00:00,1783287713.995679,-48,11.0,False,1,2,True,True,True,True,0xD3E3,0xD3E3,1908,0,260,1700001908,39275789,1,STANDBY,831,True,True,True,True,True,True,False,False,True,True,False,False,False,False,False,False,3700,3.7,3,10,48.1353,11.582,520.0,0.9,1.3,0.25,0.0,90.0,101325,22.0,520.0,0.0,0.0,9.81,0.0,0.0,0.0,23.0,25.0,0,False,False,False,False,False,False,False,False,1,1908,0,0,0,0,0,0,65535,NO_CORAL_DATA,4e 4f 5f 43 4f 52 41 4c 5f 44 41 54 41 00 00 00
2026-07-05T21:42:14.520610+00:00,1783287734.52061,-48,10.5,False,1,2,True,True,True,True,0xD1E1,0xD1E1,1909,0,260,1700001909,39296374,1,STANDBY,831,True,True,True,True,True,True,False,False,True,True,False,False,False,False,False,False,3700,3.7,3,10,48.1353,11.582,520.0,0.9,1.3,0.25,0.0,90.0,101325,22.0,520.0,0.0,0.0,9.81,0.0,0.0,0.0,23.0,25.0,0,False,False,False,False,False,False,False,False,1,1909,0,0,0,0,0,0,65535,NO_CORAL_DATA,4e 4f 5f 43 4f 52 41 4c 5f 44 41 54 41 00 00 00
2026-07-05T21:42:35.103503+00:00,1783287755.103503,-49,10.75,False,1,2,True,True,True,True,0x8381,0x8381,1910,0,260,1700001910,39316959,1,STANDBY,831,True,True,True,True,True,True,False,False,True,True,False,False,False,False,False,False,3700,3.7,3,10,48.1353,11.582,520.0,0.9,1.3,0.25,0.0,90.0,101325,22.0,520.0,0.0,0.0,9.81,0.0,0.0,0.0,23.0,25.0,0,False,False,False,False,False,False,False,False,1,1910,0,0,0,0,0,0,65535,NO_CORAL_DATA,4e 4f 5f 43 4f 52 41 4c 5f 44 41 54 41 00 00 00
2026-07-05T21:42:55.598379+00:00,1783287775.598379,-49,10.25,False,1,2,True,True,True,True,0xB5DC,0xB5DC,1911,0,260,1700001911,39337544,1,STANDBY,831,True,True,True,True,True,True,False,False,True,True,False,False,False,False,False,False,3700,3.7,3,10,48.1353,11.582,520.0,0.9,1.3,0.25,0.0,90.0,101325,22.0,520.0,0.0,0.0,9.81,0.0,0.0,0.0,23.0,25.0,0,False,False,False,False,False,False,False,False,1,1911,0,0,0,0,0,0,65535,NO_CORAL_DATA,4e 4f 5f 43 4f 52 41 4c 5f 44 41 54 41 00 00 00
2026-07-05T21:43:16.160162+00:00,1783287796.160162,-49,10.25,False,1,2,True,True,True,True,0x7C99,0x7C99,1912,0,260,1700001912,39358129,1,STANDBY,831,True,True,True,True,True,True,False,False,True,True,False,False,False,False,False,False,3700,3.7,3,10,48.1353,11.582,520.0,0.9,1.3,0.25,0.0,90.0,101325,22.0,520.0,0.0,0.0,9.81,0.0,0.0,0.0,23.0,25.0,0,False,False,False,False,False,False,False,False,1,1912,0,0,0,0,0,0,65535,NO_CORAL_DATA,4e 4f 5f 43 4f 52 41 4c 5f 44 41 54 41 00 00 00
2026-07-05T21:43:36.705393+00:00,1783287816.705393,-48,11.5,False,1,2,True,True,True,True,0xDFC2,0xDFC2,1913,0,260,1700001913,39378714,1,STANDBY,831,True,True,True,True,True,True,False,False,True,True,False,False,False,False,False,False,3700,3.7,3,10,48.1353,11.582,520.0,0.9,1.3,0.25,0.0,90.0,101325,22.0,520.0,0.0,0.0,9.81,0.0,0.0,0.0,23.0,25.0,0,False,False,False,False,False,False,False,False,1,1913,0,0,0,0,0,0,65535,NO_CORAL_DATA,4e 4f 5f 43 4f 52 41 4c 5f 44 41 54 41 00 00 00
2026-07-05T21:43:57.242927+00:00,1783287837.242927,-49,10.5,False,1,2,True,True,True,True,0x7B4A,0x7B4A,1914,0,260,1700001914,39399299,1,STANDBY,831,True,True,True,True,True,True,False,False,True,True,False,False,False,False,False,False,3700,3.7,3,10,48.1353,11.582,520.0,0.9,1.3,0.25,0.0,90.0,101325,22.0,520.0,0.0,0.0,9.81,0.0,0.0,0.0,23.0,25.0,0,False,False,False,False,False,False,False,False,1,1914,0,0,0,0,0,0,65535,NO_CORAL_DATA,4e 4f 5f 43 4f 52 41 4c 5f 44 41 54 41 00 00 00
2026-07-05T21:44:17.791601+00:00,1783287857.791601,-50,14.0,False,1,2,True,True,True,True,0x733E,0x733E,1915,0,260,1700001915,39419884,1,STANDBY,831,True,True,True,True,True,True,False,False,True,True,False,False,False,False,False,False,3700,3.7,3,10,48.1353,11.582,520.0,0.9,1.3,0.25,0.0,90.0,101325,22.0,520.0,0.0,0.0,9.81,0.0,0.0,0.0,23.0,25.0,0,False,False,False,False,False,False,False,False,1,1915,0,0,0,0,0,0,65535,NO_CORAL_DATA,4e 4f 5f 43 4f 52 41 4c 5f 44 41 54 41 00 00 00
2026-07-05T21:44:38.328169+00:00,1783287878.328169,-51,14.75,False,1,2,True,True,True,True,0xDA76,0xDA76,1916,0,260,1700001916,39440469,1,STANDBY,831,True,True,True,True,True,True,False,False,True,True,False,False,False,False,False,False,3700,3.7,3,10,48.1353,11.582,520.0,0.9,1.3,0.25,0.0,90.0,101325,22.0,520.0,0.0,0.0,9.81,0.0,0.0,0.0,23.0,25.0,0,False,False,False,False,False,False,False,False,1,1916,0,0,0,0,0,0,65535,NO_CORAL_DATA,4e 4f 5f 43 4f 52 41 4c 5f 44 41 54 41 00 00 00
2026-07-05T21:44:58.872408+00:00,1783287898.872408,-50,13.75,False,1,2,True,True,True,True,0xE5AA,0xE5AA,1917,0,260,1700001917,39461054,1,STANDBY,831,True,True,True,True,True,True,False,False,True,True,False,False,False,False,False,False,3700,3.7,3,10,48.1353,11.582,520.0,0.9,1.3,0.25,0.0,90.0,101325,22.0,520.0,0.0,0.0,9.81,0.0,0.0,0.0,23.0,25.0,0,False,False,False,False,False,False,False,False,1,1917,0,0,0,0,0,0,65535,NO_CORAL_DATA,4e 4f 5f 43 4f 52 41 4c 5f 44 41 54 41 00 00 00
2026-07-05T21:45:19.410946+00:00,1783287919.410946,-52,14.0,False,1,2,True,True,True,True,0x4BB4,0x4BB4,1918,0,260,1700001918,39481639,1,STANDBY,831,True,True,True,True,True,True,False,False,True,True,False,False,False,False,False,False,3700,3.7,3,10,48.1353,11.582,520.0,0.9,1.3,0.25,0.0,90.0,101325,22.0,520.0,0.0,0.0,9.81,0.0,0.0,0.0,23.0,25.0,0,False,False,False,False,False,False,False,False,1,1918,0,0,0,0,0,0,65535,NO_CORAL_DATA,4e 4f 5f 43 4f 52 41 4c 5f 44 41 54 41 00 00 00
2026-07-05T21:45:39.958216+00:00,1783287939.958216,-49,12.75,False,1,2,True,True,True,True,0x1616,0x1616,1919,0,260,1700001919,39502224,1,STANDBY,831,True,True,True,True,True,True,False,False,True,True,False,False,False,False,False,False,3700,3.7,3,10,48.1353,11.582,520.0,0.9,1.3,0.25,0.0,90.0,101325,22.0,520.0,0.0,0.0,9.81,0.0,0.0,0.0,23.0,25.0,0,False,False,False,False,False,False,False,False,1,1919,0,0,0,0,0,0,65535,NO_CORAL_DATA,4e 4f 5f 43 4f 52 41 4c 5f 44 41 54 41 00 00 00
2026-07-05T21:46:00.503548+00:00,1783287960.503548,-50,14.5,False,1,2,True,True,True,True,0xE7C3,0xE7C3,1920,0,260,1700001920,39522809,1,STANDBY,831,True,True,True,True,True,True,False,False,True,True,False,False,False,False,False,False,3700,3.7,3,10,48.1353,11.582,520.0,0.9,1.3,0.25,0.0,90.0,101325,22.0,520.0,0.0,0.0,9.81,0.0,0.0,0.0,23.0,25.0,0,False,False,False,False,False,False,False,False,1,1920,0,0,0,0,0,0,65535,NO_CORAL_DATA,4e 4f 5f 43 4f 52 41 4c 5f 44 41 54 41 00 00 00
2026-07-05T21:46:21.060340+00:00,1783287981.06034,-50,13.5,False,1,2,True,True,True,True,0xCD50,0xCD50,1921,0,260,1700001921,39543394,1,STANDBY,831,True,True,True,True,True,True,False,False,True,True,False,False,False,False,False,False,3700,3.7,3,10,48.1353,11.582,520.0,0.9,1.3,0.25,0.0,90.0,101325,22.0,520.0,0.0,0.0,9.81,0.0,0.0,0.0,23.0,25.0,0,False,False,False,False,False,False,False,False,1,1921,0,0,0,0,0,0,65535,NO_CORAL_DATA,4e 4f 5f 43 4f 52 41 4c 5f 44 41 54 41 00 00 00
2026-07-05T21:46:41.607497+00:00,1783288001.607497,-49,13.75,False,1,2,True,True,True,True,0x6622,0x6622,1922,0,260,1700001922,39563979,1,STANDBY,831,True,True,True,True,True,True,False,False,True,True,False,False,False,False,False,False,3700,3.7,3,10,48.1353,11.582,520.0,0.9,1.3,0.25,0.0,90.0,101325,22.0,520.0,0.0,0.0,9.81,0.0,0.0,0.0,23.0,25.0,0,False,False,False,False,False,False,False,False,1,1922,0,0,0,0,0,0,65535,NO_CORAL_DATA,4e 4f 5f 43 4f 52 41 4c 5f 44 41 54 41 00 00 00
2026-07-05T21:47:02.144295+00:00,1783288022.144295,-49,9.75,False,1,2,True,True,True,True,0x9D3D,0x9D3D,1923,0,260,1700001923,39584564,1,STANDBY,831,True,True,True,True,True,True,False,False,True,True,False,False,False,False,False,False,3700,3.7,3,10,48.1353,11.582,520.0,0.9,1.3,0.25,0.0,90.0,101325,22.0,520.0,0.0,0.0,9.81,0.0,0.0,0.0,23.0,25.0,0,False,False,False,False,False,False,False,False,1,1923,0,0,0,0,0,0,65535,NO_CORAL_DATA,4e 4f 5f 43 4f 52 41 4c 5f 44 41 54 41 00 00 00
2026-07-05T21:47:22.691449+00:00,1783288042.691449,-49,10.0,False,1,2,True,True,True,True,0xFCB9,0xFCB9,1924,0,260,1700001924,39605149,1,STANDBY,831,True,True,True,True,True,True,False,False,True,True,False,False,False,False,False,False,3700,3.7,3,10,48.1353,11.582,520.0,0.9,1.3,0.25,0.0,90.0,101325,22.0,520.0,0.0,0.0,9.81,0.0,0.0,0.0,23.0,25.0,0,False,False,False,False,False,False,False,False,1,1924,0,0,0,0,0,0,65535,NO_CORAL_DATA,4e 4f 5f 43 4f 52 41 4c 5f 44 41 54 41 00 00 00
2026-07-05T21:47:43.231128+00:00,1783288063.231128,-49,9.75,False,1,2,True,True,True,True,0x5F95,0x5F95,1925,0,260,1700001925,39625734,1,STANDBY,831,True,True,True,True,True,True,False,False,True,True,False,False,False,False,False,False,3700,3.7,3,10,48.1353,11.582,520.0,0.9,1.3,0.25,0.0,90.0,101325,22.0,520.0,0.0,0.0,9.81,0.0,0.0,0.0,23.0,25.0,0,False,False,False,False,False,False,False,False,1,1925,0,0,0,0,0,0,65535,NO_CORAL_DATA,4e 4f 5f 43 4f 52 41 4c 5f 44 41 54 41 00 00 00
2026-07-05T21:48:03.757385+00:00,1783288083.757385,-51,14.0,False,1,2,True,True,True,True,0x772B,0x772B,1926,0,260,1700001926,39646319,1,STANDBY,831,True,True,True,True,True,True,False,False,True,True,False,False,False,False,False,False,3700,3.7,3,10,48.1353,11.582,520.0,0.9,1.3,0.25,0.0,90.0,101325,22.0,520.0,0.0,0.0,9.81,0.0,0.0,0.0,23.0,25.0,0,False,False,False,False,False,False,False,False,1,1926,0,0,0,0,0,0,65535,NO_CORAL_DATA,4e 4f 5f 43 4f 52 41 4c 5f 44 41 54 41 00 00 00
2026-07-05T21:48:24.303180+00:00,1783288104.30318,-48,9.75,False,1,2,True,True,True,True,0x0580,0x0580,1927,0,260,1700001927,39666904,1,STANDBY,831,True,True,True,True,True,True,False,False,True,True,False,False,False,False,False,False,3700,3.7,3,10,48.1353,11.582,520.0,0.9,1.3,0.25,0.0,90.0,101325,22.0,520.0,0.0,0.0,9.81,0.0,0.0,0.0,23.0,25.0,0,False,False,False,False,False,False,False,False,1,1927,0,0,0,0,0,0,65535,NO_CORAL_DATA,4e 4f 5f 43 4f 52 41 4c 5f 44 41 54 41 00 00 00
2026-07-05T21:48:44.906195+00:00,1783288124.906195,-49,11.25,False,1,2,True,True,True,True,0x6354,0x6354,1928,0,260,1700001928,39687489,1,STANDBY,831,True,True,True,True,True,True,False,False,True,True,False,False,False,False,False,False,3700,3.7,3,10,48.1353,11.582,520.0,0.9,1.3,0.25,0.0,90.0,101325,22.0,520.0,0.0,0.0,9.81,0.0,0.0,0.0,23.0,25.0,0,False,False,False,False,False,False,False,False,1,1928,0,0,0,0,0,0,65535,NO_CORAL_DATA,4e 4f 5f 43 4f 52 41 4c 5f 44 41 54 41 00 00 00
2026-07-05T21:49:05.397304+00:00,1783288145.397304,-50,10.0,False,1,2,True,True,True,True,0xE67B,0xE67B,1929,0,260,1700001929,39708074,1,STANDBY,831,True,True,True,True,True,True,False,False,True,True,False,False,False,False,False,False,3700,3.7,3,10,48.1353,11.582,520.0,0.9,1.3,0.25,0.0,90.0,101325,22.0,520.0,0.0,0.0,9.81,0.0,0.0,0.0,23.0,25.0,0,False,False,False,False,False,False,False,False,1,1929,0,0,0,0,0,0,65535,NO_CORAL_DATA,4e 4f 5f 43 4f 52 41 4c 5f 44 41 54 41 00 00 00
2026-07-05T21:49:25.945034+00:00,1783288165.945034,-48,10.0,False,1,2,True,True,True,True,0xB7BC,0xB7BC,1930,0,260,1700001930,39728659,1,STANDBY,831,True,True,True,True,True,True,False,False,True,True,False,False,False,False,False,False,3700,3.7,3,10,48.1353,11.582,520.0,0.9,1.3,0.25,0.0,90.0,101325,22.0,520.0,0.0,0.0,9.81,0.0,0.0,0.0,23.0,25.0,0,False,False,False,False,False,False,False,False,1,1930,0,0,0,0,0,0,65535,NO_CORAL_DATA,4e 4f 5f 43 4f 52 41 4c 5f 44 41 54 41 00 00 00
2026-07-05T21:49:46.475702+00:00,1783288186.475702,-49,13.5,False,1,2,True,True,True,True,0x232E,0x232E,1931,0,260,1700001931,39749244,1,STANDBY,831,True,True,True,True,True,True,False,False,True,True,False,False,False,False,False,False,3700,3.7,3,10,48.1353,11.582,520.0,0.9,1.3,0.25,0.0,90.0,101325,22.0,520.0,0.0,0.0,9.81,0.0,0.0,0.0,23.0,25.0,0,False,False,False,False,False,False,False,False,1,1931,0,0,0,0,0,0,65535,NO_CORAL_DATA,4e 4f 5f 43 4f 52 41 4c 5f 44 41 54 41 00 00 00
2026-07-05T21:50:07.021737+00:00,1783288207.021737,-49,10.75,False,1,2,True,True,True,True,0x50A3,0x50A3,1932,0,260,1700001932,39769829,1,STANDBY,831,True,True,True,True,True,True,False,False,True,True,False,False,False,False,False,False,3700,3.7,3,10,48.1353,11.582,520.0,0.9,1.3,0.25,0.0,90.0,101325,22.0,520.0,0.0,0.0,9.81,0.0,0.0,0.0,23.0,25.0,0,False,False,False,False,False,False,False,False,1,1932,0,0,0,0,0,0,65535,NO_CORAL_DATA,4e 4f 5f 43 4f 52 41 4c 5f 44 41 54 41 00 00 00
2026-07-05T21:50:27.567856+00:00,1783288227.567856,-49,10.5,False,1,2,True,True,True,True,0x25E3,0x25E3,1933,0,260,1700001933,39790414,1,STANDBY,831,True,True,True,True,True,True,False,False,True,True,False,False,False,False,False,False,3700,3.7,3,10,48.1353,11.582,520.0,0.9,1.3,0.25,0.0,90.0,101325,22.0,520.0,0.0,0.0,9.81,0.0,0.0,0.0,23.0,25.0,0,False,False,False,False,False,False,False,False,1,1933,0,0,0,0,0,0,65535,NO_CORAL_DATA,4e 4f 5f 43 4f 52 41 4c 5f 44 41 54 41 00 00 00
2026-07-05T21:50:48.139065+00:00,1783288248.139065,-49,11.0,False,1,2,True,True,True,True,0x7362,0x7362,1934,0,260,1700001934,39810999,1,STANDBY,831,True,True,True,True,True,True,False,False,True,True,False,False,False,False,False,False,3700,3.7,3,10,48.1353,11.582,520.0,0.9,1.3,0.25,0.0,90.0,101325,22.0,520.0,0.0,0.0,9.81,0.0,0.0,0.0,23.0,25.0,0,False,False,False,False,False,False,False,False,1,1934,0,0,0,0,0,0,65535,NO_CORAL_DATA,4e 4f 5f 43 4f 52 41 4c 5f 44 41 54 41 00 00 00
2026-07-05T21:51:08.710641+00:00,1783288268.710641,-51,13.5,False,1,2,True,True,True,True,0x719E,0x719E,1935,0,260,1700001935,39831584,1,STANDBY,831,True,True,True,True,True,True,False,False,True,True,False,False,False,False,False,False,3700,3.7,3,10,48.1353,11.582,520.0,0.9,1.3,0.25,0.0,90.0,101325,22.0,520.0,0.0,0.0,9.81,0.0,0.0,0.0,23.0,25.0,0,False,False,False,False,False,False,False,False,1,1935,0,0,0,0,0,0,65535,NO_CORAL_DATA,4e 4f 5f 43 4f 52 41 4c 5f 44 41 54 41 00 00 00
2026-07-05T21:51:29.199049+00:00,1783288289.199049,-51,13.25,False,1,2,True,True,True,True,0x19B7,0x19B7,1936,0,260,1700001936,39852169,1,STANDBY,831,True,True,True,True,True,True,False,False,True,True,False,False,False,False,False,False,3700,3.7,3,10,48.1353,11.582,520.0,0.9,1.3,0.25,0.0,90.0,101325,22.0,520.0,0.0,0.0,9.81,0.0,0.0,0.0,23.0,25.0,0,False,False,False,False,False,False,False,False,1,1936,0,0,0,0,0,0,65535,NO_CORAL_DATA,4e 4f 5f 43 4f 52 41 4c 5f 44 41 54 41 00 00 00
2026-07-05T21:51:49.791523+00:00,1783288309.791523,-49,12.5,False,1,2,True,True,True,True,0xE2A7,0xE2A7,1937,0,260,1700001937,39872754,1,STANDBY,831,True,True,True,True,True,True,False,False,True,True,False,False,False,False,False,False,3700,3.7,3,10,48.1353,11.582,520.0,0.9,1.3,0.25,0.0,90.0,101325,22.0,520.0,0.0,0.0,9.81,0.0,0.0,0.0,23.0,25.0,0,False,False,False,False,False,False,False,False,1,1937,0,0,0,0,0,0,65535,NO_CORAL_DATA,4e 4f 5f 43 4f 52 41 4c 5f 44 41 54 41 00 00 00
2026-07-05T21:52:10.294033+00:00,1783288330.294033,-51,13.25,False,1,2,True,True,True,True,0x9558,0x9558,1938,0,260,1700001938,39893339,1,STANDBY,831,True,True,True,True,True,True,False,False,True,True,False,False,False,False,False,False,3700,3.7,3,10,48.1353,11.582,520.0,0.9,1.3,0.25,0.0,90.0,101325,22.0,520.0,0.0,0.0,9.81,0.0,0.0,0.0,23.0,25.0,0,False,False,False,False,False,False,False,False,1,1938,0,0,0,0,0,0,65535,NO_CORAL_DATA,4e 4f 5f 43 4f 52 41 4c 5f 44 41 54 41 00 00 00
2026-07-05T21:52:51.371346+00:00,1783288371.371346,-50,13.75,False,1,2,True,True,True,True,0xA8DF,0xA8DF,1940,1,261,1700001940,39934509,1,STANDBY,831,True,True,True,True,True,True,False,False,True,True,False,False,False,False,False,False,3700,3.7,3,10,48.1353,11.582,520.0,0.9,1.3,0.25,0.0,90.0,101325,22.0,520.0,0.0,0.0,9.81,0.0,0.0,0.0,23.0,25.0,0,False,False,False,False,False,False,False,False,1,1940,0,0,0,0,0,0,65535,NO_CORAL_DATA,4e 4f 5f 43 4f 52 41 4c 5f 44 41 54 41 00 00 00
2026-07-05T21:53:11.906332+00:00,1783288391.906332,-50,12.75,False,1,2,True,True,True,True,0xD003,0xD003,1941,0,261,1700001941,39955094,1,STANDBY,831,True,True,True,True,True,True,False,False,True,True,False,False,False,False,False,False,3700,3.7,3,10,48.1353,11.582,520.0,0.9,1.3,0.25,0.0,90.0,101325,22.0,520.0,0.0,0.0,9.81,0.0,0.0,0.0,23.0,25.0,0,False,False,False,False,False,False,False,False,1,1941,0,0,0,0,0,0,65535,NO_CORAL_DATA,4e 4f 5f 43 4f 52 41 4c 5f 44 41 54 41 00 00 00
2026-07-05T21:53:32.457136+00:00,1783288412.457136,-50,13.75,False,1,2,True,True,True,True,0xF8BD,0xF8BD,1942,0,261,1700001942,39975679,1,STANDBY,831,True,True,True,True,True,True,False,False,True,True,False,False,False,False,False,False,3700,3.7,3,10,48.1353,11.582,520.0,0.9,1.3,0.25,0.0,90.0,101325,22.0,520.0,0.0,0.0,9.81,0.0,0.0,0.0,23.0,25.0,0,False,False,False,False,False,False,False,False,1,1942,0,0,0,0,0,0,65535,NO_CORAL_DATA,4e 4f 5f 43 4f 52 41 4c 5f 44 41 54 41 00 00 00
2026-07-05T21:53:53.003198+00:00,1783288433.003198,-50,13.5,False,1,2,True,True,True,True,0xE498,0xE498,1943,0,261,1700001943,39996264,1,STANDBY,831,True,True,True,True,True,True,False,False,True,True,False,False,False,False,False,False,3700,3.7,3,10,48.1353,11.582,520.0,0.9,1.3,0.25,0.0,90.0,101325,22.0,520.0,0.0,0.0,9.81,0.0,0.0,0.0,23.0,25.0,0,False,False,False,False,False,False,False,False,1,1943,0,0,0,0,0,0,65535,NO_CORAL_DATA,4e 4f 5f 43 4f 52 41 4c 5f 44 41 54 41 00 00 00
2026-07-05T21:54:13.559882+00:00,1783288453.559882,-51,13.25,False,1,2,True,True,True,True,0xB2D0,0xB2D0,1944,0,261,1700001944,40016849,1,STANDBY,831,True,True,True,True,True,True,False,False,True,True,False,False,False,False,False,False,3700,3.7,3,10,48.1353,11.582,520.0,0.9,1.3,0.25,0.0,90.0,101325,22.0,520.0,0.0,0.0,9.81,0.0,0.0,0.0,23.0,25.0,0,False,False,False,False,False,False,False,False,1,1944,0,0,0,0,0,0,65535,NO_CORAL_DATA,4e 4f 5f 43 4f 52 41 4c 5f 44 41 54 41 00 00 00
2026-07-05T21:54:34.096210+00:00,1783288474.09621,-49,9.75,False,1,2,True,True,True,True,0x001E,0x001E,1945,0,261,1700001945,40037434,1,STANDBY,831,True,True,True,True,True,True,False,False,True,True,False,False,False,False,False,False,3700,3.7,3,10,48.1353,11.582,520.0,0.9,1.3,0.25,0.0,90.0,101325,22.0,520.0,0.0,0.0,9.81,0.0,0.0,0.0,23.0,25.0,0,False,False,False,False,False,False,False,False,1,1945,0,0,0,0,0,0,65535,NO_CORAL_DATA,4e 4f 5f 43 4f 52 41 4c 5f 44 41 54 41 00 00 00
2026-07-05T21:54:54.634268+00:00,1783288494.634268,-51,13.25,False,1,2,True,True,True,True,0x966C,0x966C,1946,0,261,1700001946,40058019,1,STANDBY,831,True,True,True,True,True,True,False,False,True,True,False,False,False,False,False,False,3700,3.7,3,10,48.1353,11.582,520.0,0.9,1.3,0.25,0.0,90.0,101325,22.0,520.0,0.0,0.0,9.81,0.0,0.0,0.0,23.0,25.0,0,False,False,False,False,False,False,False,False,1,1946,0,0,0,0,0,0,65535,NO_CORAL_DATA,4e 4f 5f 43 4f 52 41 4c 5f 44 41 54 41 00 00 00
2026-07-05T21:55:15.181559+00:00,1783288515.181559,-51,13.75,False,1,2,True,True,True,True,0x9657,0x9657,1947,0,261,1700001947,40078604,1,STANDBY,831,True,True,True,True,True,True,False,False,True,True,False,False,False,False,False,False,3700,3.7,3,10,48.1353,11.582,520.0,0.9,1.3,0.25,0.0,90.0,101325,22.0,520.0,0.0,0.0,9.81,0.0,0.0,0.0,23.0,25.0,0,False,False,False,False,False,False,False,False,1,1947,0,0,0,0,0,0,65535,NO_CORAL_DATA,4e 4f 5f 43 4f 52 41 4c 5f 44 41 54 41 00 00 00
2026-07-05T21:55:35.717484+00:00,1783288535.717484,-50,14.0,False,1,2,True,True,True,True,0x41EF,0x41EF,1948,0,261,1700001948,40099189,1,STANDBY,831,True,True,True,True,True,True,False,False,True,True,False,False,False,False,False,False,3700,3.7,3,10,48.1353,11.582,520.0,0.9,1.3,0.25,0.0,90.0,101325,22.0,520.0,0.0,0.0,9.81,0.0,0.0,0.0,23.0,25.0,0,False,False,False,False,False,False,False,False,1,1948,0,0,0,0,0,0,65535,NO_CORAL_DATA,4e 4f 5f 43 4f 52 41 4c 5f 44 41 54 41 00 00 00
2026-07-05T21:55:56.264172+00:00,1783288556.264172,,,True,,,,,,False,,,,,,,,,,,,,,,,,,,,,,,,,,,,,,,,,,,,,,,,,,,,,,,,,,,,,,,,,,,,,,,,,,,,,
2026-07-05T21:56:16.824763+00:00,1783288576.824763,-50,13.5,False,1,2,True,True,True,True,0x0D31,0x0D31,1950,1,262,1700001950,40140359,1,STANDBY,831,True,True,True,True,True,True,False,False,True,True,False,False,False,False,False,False,3700,3.7,3,10,48.1353,11.582,520.0,0.9,1.3,0.25,0.0,90.0,101325,22.0,520.0,0.0,0.0,9.81,0.0,0.0,0.0,23.0,25.0,0,False,False,False,False,False,False,False,False,1,1950,0,0,0,0,0,0,65535,NO_CORAL_DATA,4e 4f 5f 43 4f 52 41 4c 5f 44 41 54 41 00 00 00
2026-07-05T21:56:37.377464+00:00,1783288597.377464,-50,13.5,False,1,2,True,True,True,True,0x9890,0x9890,1951,0,262,1700001951,40160944,1,STANDBY,831,True,True,True,True,True,True,False,False,True,True,False,False,False,False,False,False,3700,3.7,3,10,48.1353,11.582,520.0,0.9,1.3,0.25,0.0,90.0,101325,22.0,520.0,0.0,0.0,9.81,0.0,0.0,0.0,23.0,25.0,0,False,False,False,False,False,False,False,False,1,1951,0,0,0,0,0,0,65535,NO_CORAL_DATA,4e 4f 5f 43 4f 52 41 4c 5f 44 41 54 41 00 00 00
2026-07-05T21:56:57.945617+00:00,1783288617.945617,-51,13.75,False,1,2,True,True,True,True,0xCFCC,0xCFCC,1952,0,262,1700001952,40181529,1,STANDBY,831,True,True,True,True,True,True,False,False,True,True,False,False,False,False,False,False,3700,3.7,3,10,48.1353,11.582,520.0,0.9,1.3,0.25,0.0,90.0,101325,22.0,520.0,0.0,0.0,9.81,0.0,0.0,0.0,23.0,25.0,0,False,False,False,False,False,False,False,False,1,1952,0,0,0,0,0,0,65535,NO_CORAL_DATA,4e 4f 5f 43 4f 52 41 4c 5f 44 41 54 41 00 00 00
2026-07-05T21:57:18.502690+00:00,1783288638.50269,-51,13.75,False,1,2,True,True,True,True,0x08DB,0x08DB,1953,0,262,1700001953,40202113,1,STANDBY,831,True,True,True,True,True,True,False,False,True,True,False,False,False,False,False,False,3700,3.7,3,10,48.1353,11.582,520.0,0.9,1.3,0.25,0.0,90.0,101325,22.0,520.0,0.0,0.0,9.81,0.0,0.0,0.0,23.0,25.0,0,False,False,False,False,False,False,False,False,1,1953,0,0,0,0,0,0,65535,NO_CORAL_DATA,4e 4f 5f 43 4f 52 41 4c 5f 44 41 54 41 00 00 00
2026-07-05T21:57:39.092129+00:00,1783288659.092129,-50,13.75,False,1,2,True,True,True,True,0x6C7C,0x6C7C,1954,0,262,1700001954,40222697,1,STANDBY,831,True,True,True,True,True,True,False,False,True,True,False,False,False,False,False,False,3700,3.7,3,10,48.1353,11.582,520.0,0.9,1.3,0.25,0.0,90.0,101325,22.0,520.0,0.0,0.0,9.81,0.0,0.0,0.0,23.0,25.0,0,False,False,False,False,False,False,False,False,1,1954,0,0,0,0,0,0,65535,NO_CORAL_DATA,4e 4f 5f 43 4f 52 41 4c 5f 44 41 54 41 00 00 00
2026-07-05T21:57:59.775005+00:00,1783288679.775005,-50,13.75,False,1,2,True,True,True,True,0xAA7D,0xAA7D,1955,0,262,1700001955,40243282,1,STANDBY,831,True,True,True,True,True,True,False,False,True,True,False,False,False,False,False,False,3700,3.7,3,10,48.1353,11.582,520.0,0.9,1.3,0.25,0.0,90.0,101325,22.0,520.0,0.0,0.0,9.81,0.0,0.0,0.0,23.0,25.0,0,False,False,False,False,False,False,False,False,1,1955,0,0,0,0,0,0,65535,NO_CORAL_DATA,4e 4f 5f 43 4f 52 41 4c 5f 44 41 54 41 00 00 00
2026-07-05T21:58:20.163281+00:00,1783288700.163281,-51,13.75,False,1,2,True,True,True,True,0x3100,0x3100,1956,0,262,1700001956,40263867,1,STANDBY,831,True,True,True,True,True,True,False,False,True,True,False,False,False,False,False,False,3700,3.7,3,10,48.1353,11.582,520.0,0.9,1.3,0.25,0.0,90.0,101325,22.0,520.0,0.0,0.0,9.81,0.0,0.0,0.0,23.0,25.0,0,False,False,False,False,False,False,False,False,1,1956,0,0,0,0,0,0,65535,NO_CORAL_DATA,4e 4f 5f 43 4f 52 41 4c 5f 44 41 54 41 00 00 00
2026-07-05T21:58:40.649732+00:00,1783288720.649732,-51,13.75,False,1,2,True,True,True,True,0xD388,0xD388,1957,0,262,1700001957,40284451,1,STANDBY,831,True,True,True,True,True,True,False,False,True,True,False,False,False,False,False,False,3700,3.7,3,10,48.1353,11.582,520.0,0.9,1.3,0.25,0.0,90.0,101325,22.0,520.0,0.0,0.0,9.81,0.0,0.0,0.0,23.0,25.0,0,False,False,False,False,False,False,False,False,1,1957,0,0,0,0,0,0,65535,NO_CORAL_DATA,4e 4f 5f 43 4f 52 41 4c 5f 44 41 54 41 00 00 00
2026-07-05T21:59:01.223984+00:00,1783288741.223984,-51,13.75,False,1,2,True,True,True,True,0x20B8,0x20B8,1958,0,262,1700001958,40305036,1,STANDBY,831,True,True,True,True,True,True,False,False,True,True,False,False,False,False,False,False,3700,3.7,3,10,48.1353,11.582,520.0,0.9,1.3,0.25,0.0,90.0,101325,22.0,520.0,0.0,0.0,9.81,0.0,0.0,0.0,23.0,25.0,0,False,False,False,False,False,False,False,False,1,1958,0,0,0,0,0,0,65535,NO_CORAL_DATA,4e 4f 5f 43 4f 52 41 4c 5f 44 41 54 41 00 00 00
2026-07-05T21:59:21.758417+00:00,1783288761.758417,-50,13.75,False,1,2,True,True,True,True,0xF691,0xF691,1959,0,262,1700001959,40325621,1,STANDBY,831,True,True,True,True,True,True,False,False,True,True,False,False,False,False,False,False,3700,3.7,3,10,48.1353,11.582,520.0,0.9,1.3,0.25,0.0,90.0,101325,22.0,520.0,0.0,0.0,9.81,0.0,0.0,0.0,23.0,25.0,0,False,False,False,False,False,False,False,False,1,1959,0,0,0,0,0,0,65535,NO_CORAL_DATA,4e 4f 5f 43 4f 52 41 4c 5f 44 41 54 41 00 00 00
2026-07-05T21:59:42.264627+00:00,1783288782.264627,-51,13.75,False,1,2,True,True,True,True,0x064E,0x064E,1960,0,262,1700001960,40346206,1,STANDBY,831,True,True,True,True,True,True,False,False,True,True,False,False,False,False,False,False,3700,3.7,3,10,48.1353,11.582,520.0,0.9,1.3,0.25,0.0,90.0,101325,22.0,520.0,0.0,0.0,9.81,0.0,0.0,0.0,23.0,25.0,0,False,False,False,False,False,False,False,False,1,1960,0,0,0,0,0,0,65535,NO_CORAL_DATA,4e 4f 5f 43 4f 52 41 4c 5f 44 41 54 41 00 00 00
2026-07-05T22:00:02.809153+00:00,1783288802.809153,-50,13.75,False,1,2,True,True,True,True,0x7452,0x7452,1961,0,262,1700001961,40366791,1,STANDBY,831,True,True,True,True,True,True,False,False,True,True,False,False,False,False,False,False,3700,3.7,3,10,48.1353,11.582,520.0,0.9,1.3,0.25,0.0,90.0,101325,22.0,520.0,0.0,0.0,9.81,0.0,0.0,0.0,23.0,25.0,0,False,False,False,False,False,False,False,False,1,1961,0,0,0,0,0,0,65535,NO_CORAL_DATA,4e 4f 5f 43 4f 52 41 4c 5f 44 41 54 41 00 00 00
2026-07-05T22:00:23.347948+00:00,1783288823.347948,-50,14.0,False,1,2,True,True,True,True,0x98A7,0x98A7,1962,0,262,1700001962,40387376,1,STANDBY,831,True,True,True,True,True,True,False,False,True,True,False,False,False,False,False,False,3700,3.7,3,10,48.1353,11.582,520.0,0.9,1.3,0.25,0.0,90.0,101325,22.0,520.0,0.0,0.0,9.81,0.0,0.0,0.0,23.0,25.0,0,False,False,False,False,False,False,False,False,1,1962,0,0,0,0,0,0,65535,NO_CORAL_DATA,4e 4f 5f 43 4f 52 41 4c 5f 44 41 54 41 00 00 00
2026-07-05T22:00:43.921212+00:00,1783288843.921212,-51,13.5,False,1,2,True,True,True,True,0x335A,0x335A,1963,0,262,1700001963,40407961,1,STANDBY,831,True,True,True,True,True,True,False,False,True,True,False,False,False,False,False,False,3700,3.7,3,10,48.1353,11.582,520.0,0.9,1.3,0.25,0.0,90.0,101325,22.0,520.0,0.0,0.0,9.81,0.0,0.0,0.0,23.0,25.0,0,False,False,False,False,False,False,False,False,1,1963,0,0,0,0,0,0,65535,NO_CORAL_DATA,4e 4f 5f 43 4f 52 41 4c 5f 44 41 54 41 00 00 00
2026-07-05T22:01:04.451914+00:00,1783288864.451914,-50,13.5,False,1,2,True,True,True,True,0x5A0F,0x5A0F,1964,0,262,1700001964,40428546,1,STANDBY,831,True,True,True,True,True,True,False,False,True,True,False,False,False,False,False,False,3700,3.7,3,10,48.1353,11.582,520.0,0.9,1.3,0.25,0.0,90.0,101325,22.0,520.0,0.0,0.0,9.81,0.0,0.0,0.0,23.0,25.0,0,False,False,False,False,False,False,False,False,1,1964,0,0,0,0,0,0,65535,NO_CORAL_DATA,4e 4f 5f 43 4f 52 41 4c 5f 44 41 54 41 00 00 00
2026-07-05T22:01:24.986612+00:00,1783288884.986612,-50,12.25,False,1,2,True,True,True,True,0x96DF,0x96DF,1965,0,262,1700001965,40449131,1,STANDBY,831,True,True,True,True,True,True,False,False,True,True,False,False,False,False,False,False,3700,3.7,3,10,48.1353,11.582,520.0,0.9,1.3,0.25,0.0,90.0,101325,22.0,520.0,0.0,0.0,9.81,0.0,0.0,0.0,23.0,25.0,0,False,False,False,False,False,False,False,False,1,1965,0,0,0,0,0,0,65535,NO_CORAL_DATA,4e 4f 5f 43 4f 52 41 4c 5f 44 41 54 41 00 00 00
2026-07-05T22:01:45.540539+00:00,1783288905.540539,-50,13.25,False,1,2,True,True,True,True,0x134A,0x134A,1966,0,262,1700001966,40469715,1,STANDBY,831,True,True,True,True,True,True,False,False,True,True,False,False,False,False,False,False,3700,3.7,3,10,48.1353,11.582,520.0,0.9,1.3,0.25,0.0,90.0,101325,22.0,520.0,0.0,0.0,9.81,0.0,0.0,0.0,23.0,25.0,0,False,False,False,False,False,False,False,False,1,1966,0,0,0,0,0,0,65535,NO_CORAL_DATA,4e 4f 5f 43 4f 52 41 4c 5f 44 41 54 41 00 00 00
2026-07-05T22:02:06.113180+00:00,1783288926.11318,-49,13.75,False,1,2,True,True,True,True,0xE020,0xE020,1967,0,262,1700001967,40490299,1,STANDBY,831,True,True,True,True,True,True,False,False,True,True,False,False,False,False,False,False,3700,3.7,3,10,48.1353,11.582,520.0,0.9,1.3,0.25,0.0,90.0,101325,22.0,520.0,0.0,0.0,9.81,0.0,0.0,0.0,23.0,25.0,0,False,False,False,False,False,False,False,False,1,1967,0,0,0,0,0,0,65535,NO_CORAL_DATA,4e 4f 5f 43 4f 52 41 4c 5f 44 41 54 41 00 00 00
2026-07-05T22:02:26.656670+00:00,1783288946.65667,-50,13.75,False,1,2,True,True,True,True,0x3DA5,0x3DA5,1968,0,262,1700001968,40510884,1,STANDBY,831,True,True,True,True,True,True,False,False,True,True,False,False,False,False,False,False,3700,3.7,3,10,48.1353,11.582,520.0,0.9,1.3,0.25,0.0,90.0,101325,22.0,520.0,0.0,0.0,9.81,0.0,0.0,0.0,23.0,25.0,0,False,False,False,False,False,False,False,False,1,1968,0,0,0,0,0,0,65535,NO_CORAL_DATA,4e 4f 5f 43 4f 52 41 4c 5f 44 41 54 41 00 00 00
2026-07-05T22:02:47.169921+00:00,1783288967.169921,-49,11.0,False,1,2,True,True,True,True,0x2806,0x2806,1969,0,262,1700001969,40531469,1,STANDBY,831,True,True,True,True,True,True,False,False,True,True,False,False,False,False,False,False,3700,3.7,3,10,48.1353,11.582,520.0,0.9,1.3,0.25,0.0,90.0,101325,22.0,520.0,0.0,0.0,9.81,0.0,0.0,0.0,23.0,25.0,0,False,False,False,False,False,False,False,False,1,1969,0,0,0,0,0,0,65535,NO_CORAL_DATA,4e 4f 5f 43 4f 52 41 4c 5f 44 41 54 41 00 00 00
2026-07-05T22:03:07.720900+00:00,1783288987.7209,-51,13.75,False,1,2,True,True,True,True,0x7D85,0x7D85,1970,0,262,1700001970,40552054,1,STANDBY,831,True,True,True,True,True,True,False,False,True,True,False,False,False,False,False,False,3700,3.7,3,10,48.1353,11.582,520.0,0.9,1.3,0.25,0.0,90.0,101325,22.0,520.0,0.0,0.0,9.81,0.0,0.0,0.0,23.0,25.0,0,False,False,False,False,False,False,False,False,1,1970,0,0,0,0,0,0,65535,NO_CORAL_DATA,4e 4f 5f 43 4f 52 41 4c 5f 44 41 54 41 00 00 00
2026-07-05T22:03:28.269911+00:00,1783289008.269911,-49,10.5,False,1,2,True,True,True,True,0xF971,0xF971,1971,0,262,1700001971,40572639,1,STANDBY,831,True,True,True,True,True,True,False,False,True,True,False,False,False,False,False,False,3700,3.7,3,10,48.1353,11.582,520.0,0.9,1.3,0.25,0.0,90.0,101325,22.0,520.0,0.0,0.0,9.81,0.0,0.0,0.0,23.0,25.0,0,False,False,False,False,False,False,False,False,1,1971,0,0,0,0,0,0,65535,NO_CORAL_DATA,4e 4f 5f 43 4f 52 41 4c 5f 44 41 54 41 00 00 00
2026-07-05T22:03:48.814397+00:00,1783289028.814397,-51,9.75,False,1,2,True,True,True,True,0x3BC2,0x3BC2,1972,0,262,1700001972,40593224,1,STANDBY,831,True,True,True,True,True,True,False,False,True,True,False,False,False,False,False,False,3700,3.7,3,10,48.1353,11.582,520.0,0.9,1.3,0.25,0.0,90.0,101325,22.0,520.0,0.0,0.0,9.81,0.0,0.0,0.0,23.0,25.0,0,False,False,False,False,False,False,False,False,1,1972,0,0,0,0,0,0,65535,NO_CORAL_DATA,4e 4f 5f 43 4f 52 41 4c 5f 44 41 54 41 00 00 00
2026-07-05T22:04:09.399851+00:00,1783289049.399851,-50,10.5,False,1,2,True,True,True,True,0xA624,0xA624,1973,0,262,1700001973,40613809,1,STANDBY,831,True,True,True,True,True,True,False,False,True,True,False,False,False,False,False,False,3700,3.7,3,10,48.1353,11.582,520.0,0.9,1.3,0.25,0.0,90.0,101325,22.0,520.0,0.0,0.0,9.81,0.0,0.0,0.0,23.0,25.0,0,False,False,False,False,False,False,False,False,1,1973,0,0,0,0,0,0,65535,NO_CORAL_DATA,4e 4f 5f 43 4f 52 41 4c 5f 44 41 54 41 00 00 00
2026-07-05T22:04:29.946421+00:00,1783289069.946421,-49,10.0,False,1,2,True,True,True,True,0xA3D9,0xA3D9,1974,0,262,1700001974,40634393,1,STANDBY,831,True,True,True,True,True,True,False,False,True,True,False,False,False,False,False,False,3700,3.7,3,10,48.1353,11.582,520.0,0.9,1.3,0.25,0.0,90.0,101325,22.0,520.0,0.0,0.0,9.81,0.0,0.0,0.0,23.0,25.0,0,False,False,False,False,False,False,False,False,1,1974,0,0,0,0,0,0,65535,NO_CORAL_DATA,4e 4f 5f 43 4f 52 41 4c 5f 44 41 54 41 00 00 00
2026-07-05T22:04:50.566133+00:00,1783289090.566133,-50,9.5,False,1,2,True,True,True,True,0xCE06,0xCE06,1975,0,262,1700001975,40654978,1,STANDBY,831,True,True,True,True,True,True,False,False,True,True,False,False,False,False,False,False,3700,3.7,3,10,48.1353,11.582,520.0,0.9,1.3,0.25,0.0,90.0,101325,22.0,520.0,0.0,0.0,9.81,0.0,0.0,0.0,23.0,25.0,0,False,False,False,False,False,False,False,False,1,1975,0,0,0,0,0,0,65535,NO_CORAL_DATA,4e 4f 5f 43 4f 52 41 4c 5f 44 41 54 41 00 00 00
2026-07-05T22:05:11.013119+00:00,1783289111.013119,-49,12.75,False,1,2,True,True,True,True,0x9B79,0x9B79,1976,0,262,1700001976,40675562,1,STANDBY,831,True,True,True,True,True,True,False,False,True,True,False,False,False,False,False,False,3700,3.7,3,10,48.1353,11.582,520.0,0.9,1.3,0.25,0.0,90.0,101325,22.0,520.0,0.0,0.0,9.81,0.0,0.0,0.0,23.0,25.0,0,False,False,False,False,False,False,False,False,1,1976,0,0,0,0,0,0,65535,NO_CORAL_DATA,4e 4f 5f 43 4f 52 41 4c 5f 44 41 54 41 00 00 00
2026-07-05T22:05:31.538641+00:00,1783289131.538641,-49,13.0,False,1,2,True,True,True,True,0x5E08,0x5E08,1977,0,262,1700001977,40696146,1,STANDBY,831,True,True,True,True,True,True,False,False,True,True,False,False,False,False,False,False,3700,3.7,3,10,48.1353,11.582,520.0,0.9,1.3,0.25,0.0,90.0,101325,22.0,520.0,0.0,0.0,9.81,0.0,0.0,0.0,23.0,25.0,0,False,False,False,False,False,False,False,False,1,1977,0,0,0,0,0,0,65535,NO_CORAL_DATA,4e 4f 5f 43 4f 52 41 4c 5f 44 41 54 41 00 00 00
2026-07-05T22:05:52.096708+00:00,1783289152.096708,-50,13.25,False,1,2,True,True,True,True,0xC28F,0xC28F,1978,0,262,1700001978,40716730,1,STANDBY,831,True,True,True,True,True,True,False,False,True,True,False,False,False,False,False,False,3700,3.7,3,10,48.1353,11.582,520.0,0.9,1.3,0.25,0.0,90.0,101325,22.0,520.0,0.0,0.0,9.81,0.0,0.0,0.0,23.0,25.0,0,False,False,False,False,False,False,False,False,1,1978,0,0,0,0,0,0,65535,NO_CORAL_DATA,4e 4f 5f 43 4f 52 41 4c 5f 44 41 54 41 00 00 00
2026-07-05T22:06:12.640931+00:00,1783289172.640931,-49,13.25,False,1,2,True,True,True,True,0x0ECD,0x0ECD,1979,0,262,1700001979,40737315,1,STANDBY,831,True,True,True,True,True,True,False,False,True,True,False,False,False,False,False,False,3700,3.7,3,10,48.1353,11.582,520.0,0.9,1.3,0.25,0.0,90.0,101325,22.0,520.0,0.0,0.0,9.81,0.0,0.0,0.0,23.0,25.0,0,False,False,False,False,False,False,False,False,1,1979,0,0,0,0,0,0,65535,NO_CORAL_DATA,4e 4f 5f 43 4f 52 41 4c 5f 44 41 54 41 00 00 00
2026-07-05T22:06:33.203480+00:00,1783289193.20348,-49,13.75,False,1,2,True,True,True,True,0xDA42,0xDA42,1980,0,262,1700001980,40757899,1,STANDBY,831,True,True,True,True,True,True,False,False,True,True,False,False,False,False,False,False,3700,3.7,3,10,48.1353,11.582,520.0,0.9,1.3,0.25,0.0,90.0,101325,22.0,520.0,0.0,0.0,9.81,0.0,0.0,0.0,23.0,25.0,0,False,False,False,False,False,False,False,False,1,1980,0,0,0,0,0,0,65535,NO_CORAL_DATA,4e 4f 5f 43 4f 52 41 4c 5f 44 41 54 41 00 00 00
2026-07-05T22:06:53.734678+00:00,1783289213.734678,-50,13.75,False,1,2,True,True,True,True,0x96DD,0x96DD,1981,0,262,1700001981,40778484,1,STANDBY,831,True,True,True,True,True,True,False,False,True,True,False,False,False,False,False,False,3700,3.7,3,10,48.1353,11.582,520.0,0.9,1.3,0.25,0.0,90.0,101325,22.0,520.0,0.0,0.0,9.81,0.0,0.0,0.0,23.0,25.0,0,False,False,False,False,False,False,False,False,1,1981,0,0,0,0,0,0,65535,NO_CORAL_DATA,4e 4f 5f 43 4f 52 41 4c 5f 44 41 54 41 00 00 00
2026-07-05T22:07:14.298005+00:00,1783289234.298005,-50,13.75,False,1,2,True,True,True,True,0x31DD,0x31DD,1982,0,262,1700001982,40799068,1,STANDBY,831,True,True,True,True,True,True,False,False,True,True,False,False,False,False,False,False,3700,3.7,3,10,48.1353,11.582,520.0,0.9,1.3,0.25,0.0,90.0,101325,22.0,520.0,0.0,0.0,9.81,0.0,0.0,0.0,23.0,25.0,0,False,False,False,False,False,False,False,False,1,1982,0,0,0,0,0,0,65535,NO_CORAL_DATA,4e 4f 5f 43 4f 52 41 4c 5f 44 41 54 41 00 00 00
2026-07-05T22:07:34.843265+00:00,1783289254.843265,-51,13.75,False,1,2,True,True,True,True,0xC430,0xC430,1983,0,262,1700001983,40819652,1,STANDBY,831,True,True,True,True,True,True,False,False,True,True,False,False,False,False,False,False,3700,3.7,3,10,48.1353,11.582,520.0,0.9,1.3,0.25,0.0,90.0,101325,22.0,520.0,0.0,0.0,9.81,0.0,0.0,0.0,23.0,25.0,0,False,False,False,False,False,False,False,False,1,1983,0,0,0,0,0,0,65535,NO_CORAL_DATA,4e 4f 5f 43 4f 52 41 4c 5f 44 41 54 41 00 00 00
2026-07-05T22:07:55.404912+00:00,1783289275.404912,-50,11.5,False,1,2,True,True,True,True,0x14E8,0x14E8,1984,0,262,1700001984,40840236,1,STANDBY,831,True,True,True,True,True,True,False,False,True,True,False,False,False,False,False,False,3700,3.7,3,10,48.1353,11.582,520.0,0.9,1.3,0.25,0.0,90.0,101325,22.0,520.0,0.0,0.0,9.81,0.0,0.0,0.0,23.0,25.0,0,False,False,False,False,False,False,False,False,1,1984,0,0,0,0,0,0,65535,NO_CORAL_DATA,4e 4f 5f 43 4f 52 41 4c 5f 44 41 54 41 00 00 00
2026-07-05T22:08:15.946077+00:00,1783289295.946077,-50,12.25,False,1,2,True,True,True,True,0x0D14,0x0D14,1985,0,262,1700001985,40860820,1,STANDBY,831,True,True,True,True,True,True,False,False,True,True,False,False,False,False,False,False,3700,3.7,3,10,48.1353,11.582,520.0,0.9,1.3,0.25,0.0,90.0,101325,22.0,520.0,0.0,0.0,9.81,0.0,0.0,0.0,23.0,25.0,0,False,False,False,False,False,False,False,False,1,1985,0,0,0,0,0,0,65535,NO_CORAL_DATA,4e 4f 5f 43 4f 52 41 4c 5f 44 41 54 41 00 00 00
2026-07-05T22:08:36.491153+00:00,1783289316.491153,-48,10.5,False,1,2,True,True,True,True,0xB94C,0xB94C,1986,0,262,1700001986,40881405,1,STANDBY,831,True,True,True,True,True,True,False,False,True,True,False,False,False,False,False,False,3700,3.7,3,10,48.1353,11.582,520.0,0.9,1.3,0.25,0.0,90.0,101325,22.0,520.0,0.0,0.0,9.81,0.0,0.0,0.0,23.0,25.0,0,False,False,False,False,False,False,False,False,1,1986,0,0,0,0,0,0,65535,NO_CORAL_DATA,4e 4f 5f 43 4f 52 41 4c 5f 44 41 54 41 00 00 00
2026-07-05T22:08:57.035786+00:00,1783289337.035786,-49,10.25,False,1,2,True,True,True,True,0x2E40,0x2E40,1987,0,262,1700001987,40901989,1,STANDBY,831,True,True,True,True,True,True,False,False,True,True,False,False,False,False,False,False,3700,3.7,3,10,48.1353,11.582,520.0,0.9,1.3,0.25,0.0,90.0,101325,22.0,520.0,0.0,0.0,9.81,0.0,0.0,0.0,23.0,25.0,0,False,False,False,False,False,False,False,False,1,1987,0,0,0,0,0,0,65535,NO_CORAL_DATA,4e 4f 5f 43 4f 52 41 4c 5f 44 41 54 41 00 00 00
2026-07-05T22:09:17.596821+00:00,1783289357.596821,-49,10.5,False,1,2,True,True,True,True,0xFACF,0xFACF,1988,0,262,1700001988,40922573,1,STANDBY,831,True,True,True,True,True,True,False,False,True,True,False,False,False,False,False,False,3700,3.7,3,10,48.1353,11.582,520.0,0.9,1.3,0.25,0.0,90.0,101325,22.0,520.0,0.0,0.0,9.81,0.0,0.0,0.0,23.0,25.0,0,False,False,False,False,False,False,False,False,1,1988,0,0,0,0,0,0,65535,NO_CORAL_DATA,4e 4f 5f 43 4f 52 41 4c 5f 44 41 54 41 00 00 00
2026-07-05T22:09:38.124212+00:00,1783289378.124212,-48,10.5,False,1,2,True,True,True,True,0x0D5C,0x0D5C,1989,0,262,1700001989,40943158,1,STANDBY,831,True,True,True,True,True,True,False,False,True,True,False,False,False,False,False,False,3700,3.7,3,10,48.1353,11.582,520.0,0.9,1.3,0.25,0.0,90.0,101325,22.0,520.0,0.0,0.0,9.81,0.0,0.0,0.0,23.0,25.0,0,False,False,False,False,False,False,False,False,1,1989,0,0,0,0,0,0,65535,NO_CORAL_DATA,4e 4f 5f 43 4f 52 41 4c 5f 44 41 54 41 00 00 00
2026-07-05T22:09:58.690112+00:00,1783289398.690112,-49,10.25,False,1,2,True,True,True,True,0x59D8,0x59D8,1990,0,262,1700001990,40963742,1,STANDBY,831,True,True,True,True,True,True,False,False,True,True,False,False,False,False,False,False,3700,3.7,3,10,48.1353,11.582,520.0,0.9,1.3,0.25,0.0,90.0,101325,22.0,520.0,0.0,0.0,9.81,0.0,0.0,0.0,23.0,25.0,0,False,False,False,False,False,False,False,False,1,1990,0,0,0,0,0,0,65535,NO_CORAL_DATA,4e 4f 5f 43 4f 52 41 4c 5f 44 41 54 41 00 00 00
2026-07-05T22:10:19.217321+00:00,1783289419.217321,-49,10.25,False,1,2,True,True,True,True,0xF749,0xF749,1991,0,262,1700001991,40984327,1,STANDBY,831,True,True,True,True,True,True,False,False,True,True,False,False,False,False,False,False,3700,3.7,3,10,48.1353,11.582,520.0,0.9,1.3,0.25,0.0,90.0,101325,22.0,520.0,0.0,0.0,9.81,0.0,0.0,0.0,23.0,25.0,0,False,False,False,False,False,False,False,False,1,1991,0,0,0,0,0,0,65535,NO_CORAL_DATA,4e 4f 5f 43 4f 52 41 4c 5f 44 41 54 41 00 00 00
2026-07-05T22:10:39.762242+00:00,1783289439.762242,-48,10.0,False,1,2,True,True,True,True,0x8496,0x8496,1992,0,262,1700001992,41004912,1,STANDBY,831,True,True,True,True,True,True,False,False,True,True,False,False,False,False,False,False,3700,3.7,3,10,48.1353,11.582,520.0,0.9,1.3,0.25,0.0,90.0,101325,22.0,520.0,0.0,0.0,9.81,0.0,0.0,0.0,23.0,25.0,0,False,False,False,False,False,False,False,False,1,1992,0,0,0,0,0,0,65535,NO_CORAL_DATA,4e 4f 5f 43 4f 52 41 4c 5f 44 41 54 41 00 00 00
2026-07-05T22:11:00.307581+00:00,1783289460.307581,-50,10.5,False,1,2,True,True,True,True,0xE483,0xE483,1993,0,262,1700001993,41025497,1,STANDBY,831,True,True,True,True,True,True,False,False,True,True,False,False,False,False,False,False,3700,3.7,3,10,48.1353,11.582,520.0,0.9,1.3,0.25,0.0,90.0,101325,22.0,520.0,0.0,0.0,9.81,0.0,0.0,0.0,23.0,25.0,0,False,False,False,False,False,False,False,False,1,1993,0,0,0,0,0,0,65535,NO_CORAL_DATA,4e 4f 5f 43 4f 52 41 4c 5f 44 41 54 41 00 00 00
2026-07-05T22:11:20.864176+00:00,1783289480.864176,-48,10.0,False,1,2,True,True,True,True,0xCE1C,0xCE1C,1994,0,262,1700001994,41046082,1,STANDBY,831,True,True,True,True,True,True,False,False,True,True,False,False,False,False,False,False,3700,3.7,3,10,48.1353,11.582,520.0,0.9,1.3,0.25,0.0,90.0,101325,22.0,520.0,0.0,0.0,9.81,0.0,0.0,0.0,23.0,25.0,0,False,False,False,False,False,False,False,False,1,1994,0,0,0,0,0,0,65535,NO_CORAL_DATA,4e 4f 5f 43 4f 52 41 4c 5f 44 41 54 41 00 00 00
2026-07-05T22:11:41.424951+00:00,1783289501.424951,-49,10.25,False,1,2,True,True,True,True,0x9F18,0x9F18,1995,0,262,1700001995,41066667,1,STANDBY,831,True,True,True,True,True,True,False,False,True,True,False,False,False,False,False,False,3700,3.7,3,10,48.1353,11.582,520.0,0.9,1.3,0.25,0.0,90.0,101325,22.0,520.0,0.0,0.0,9.81,0.0,0.0,0.0,23.0,25.0,0,False,False,False,False,False,False,False,False,1,1995,0,0,0,0,0,0,65535,NO_CORAL_DATA,4e 4f 5f 43 4f 52 41 4c 5f 44 41 54 41 00 00 00
2026-07-05T22:12:01.968409+00:00,1783289521.968409,-49,10.0,False,1,2,True,True,True,True,0xFC4C,0xFC4C,1996,0,262,1700001996,41087252,1,STANDBY,831,True,True,True,True,True,True,False,False,True,True,False,False,False,False,False,False,3700,3.7,3,10,48.1353,11.582,520.0,0.9,1.3,0.25,0.0,90.0,101325,22.0,520.0,0.0,0.0,9.81,0.0,0.0,0.0,23.0,25.0,0,False,False,False,False,False,False,False,False,1,1996,0,0,0,0,0,0,65535,NO_CORAL_DATA,4e 4f 5f 43 4f 52 41 4c 5f 44 41 54 41 00 00 00
2026-07-05T22:12:22.503078+00:00,1783289542.503078,-49,12.5,False,1,2,True,True,True,True,0xE063,0xE063,1997,0,262,1700001997,41107836,1,STANDBY,831,True,True,True,True,True,True,False,False,True,True,False,False,False,False,False,False,3700,3.7,3,10,48.1353,11.582,520.0,0.9,1.3,0.25,0.0,90.0,101325,22.0,520.0,0.0,0.0,9.81,0.0,0.0,0.0,23.0,25.0,0,False,False,False,False,False,False,False,False,1,1997,0,0,0,0,0,0,65535,NO_CORAL_DATA,4e 4f 5f 43 4f 52 41 4c 5f 44 41 54 41 00 00 00
2026-07-05T22:12:43.070384+00:00,1783289563.070384,-50,12.0,False,1,2,True,True,True,True,0x5918,0x5918,1998,0,262,1700001998,41128421,1,STANDBY,831,True,True,True,True,True,True,False,False,True,True,False,False,False,False,False,False,3700,3.7,3,10,48.1353,11.582,520.0,0.9,1.3,0.25,0.0,90.0,101325,22.0,520.0,0.0,0.0,9.81,0.0,0.0,0.0,23.0,25.0,0,False,False,False,False,False,False,False,False,1,1998,0,0,0,0,0,0,65535,NO_CORAL_DATA,4e 4f 5f 43 4f 52 41 4c 5f 44 41 54 41 00 00 00
2026-07-05T22:13:03.618644+00:00,1783289583.618644,-49,12.0,False,1,2,True,True,True,True,0xF9B0,0xF9B0,1999,0,262,1700001999,41149005,1,STANDBY,831,True,True,True,True,True,True,False,False,True,True,False,False,False,False,False,False,3700,3.7,3,10,48.1353,11.582,520.0,0.9,1.3,0.25,0.0,90.0,101325,22.0,520.0,0.0,0.0,9.81,0.0,0.0,0.0,23.0,25.0,0,False,False,False,False,False,False,False,False,1,1999,0,0,0,0,0,0,65535,NO_CORAL_DATA,4e 4f 5f 43 4f 52 41 4c 5f 44 41 54 41 00 00 00
2026-07-05T22:13:24.151710+00:00,1783289604.15171,-49,12.75,False,1,2,True,True,True,True,0x294D,0x294D,2000,0,262,1700002000,41169589,1,STANDBY,831,True,True,True,True,True,True,False,False,True,True,False,False,False,False,False,False,3700,3.7,3,10,48.1353,11.582,520.0,0.9,1.3,0.25,0.0,90.0,101325,22.0,520.0,0.0,0.0,9.81,0.0,0.0,0.0,23.0,25.0,0,False,False,False,False,False,False,False,False,1,2000,0,0,0,0,0,0,65535,NO_CORAL_DATA,4e 4f 5f 43 4f 52 41 4c 5f 44 41 54 41 00 00 00
2026-07-05T22:13:44.697855+00:00,1783289624.697855,-49,11.5,False,1,2,True,True,True,True,0x8EC2,0x8EC2,2001,0,262,1700002001,41190173,1,STANDBY,831,True,True,True,True,True,True,False,False,True,True,False,False,False,False,False,False,3700,3.7,3,10,48.1353,11.582,520.0,0.9,1.3,0.25,0.0,90.0,101325,22.0,520.0,0.0,0.0,9.81,0.0,0.0,0.0,23.0,25.0,0,False,False,False,False,False,False,False,False,1,2001,0,0,0,0,0,0,65535,NO_CORAL_DATA,4e 4f 5f 43 4f 52 41 4c 5f 44 41 54 41 00 00 00
2026-07-05T22:14:05.260324+00:00,1783289645.260324,-49,13.25,False,1,2,True,True,True,True,0xE392,0xE392,2002,0,262,1700002002,41210758,1,STANDBY,831,True,True,True,True,True,True,False,False,True,True,False,False,False,False,False,False,3700,3.7,3,10,48.1353,11.582,520.0,0.9,1.3,0.25,0.0,90.0,101325,22.0,520.0,0.0,0.0,9.81,0.0,0.0,0.0,23.0,25.0,0,False,False,False,False,False,False,False,False,1,2002,0,0,0,0,0,0,65535,NO_CORAL_DATA,4e 4f 5f 43 4f 52 41 4c 5f 44 41 54 41 00 00 00
2026-07-05T22:14:25.800986+00:00,1783289665.800986,-50,12.5,False,1,2,True,True,True,True,0x9A49,0x9A49,2003,0,262,1700002003,41231342,1,STANDBY,831,True,True,True,True,True,True,False,False,True,True,False,False,False,False,False,False,3700,3.7,3,10,48.1353,11.582,520.0,0.9,1.3,0.25,0.0,90.0,101325,22.0,520.0,0.0,0.0,9.81,0.0,0.0,0.0,23.0,25.0,0,False,False,False,False,False,False,False,False,1,2003,0,0,0,0,0,0,65535,NO_CORAL_DATA,4e 4f 5f 43 4f 52 41 4c 5f 44 41 54 41 00 00 00
2026-07-05T22:14:46.332117+00:00,1783289686.332117,-48,9.5,False,1,2,True,True,True,True,0x3234,0x3234,2004,0,262,1700002004,41251927,1,STANDBY,831,True,True,True,True,True,True,False,False,True,True,False,False,False,False,False,False,3700,3.7,3,10,48.1353,11.582,520.0,0.9,1.3,0.25,0.0,90.0,101325,22.0,520.0,0.0,0.0,9.81,0.0,0.0,0.0,23.0,25.0,0,False,False,False,False,False,False,False,False,1,2004,0,0,0,0,0,0,65535,NO_CORAL_DATA,4e 4f 5f 43 4f 52 41 4c 5f 44 41 54 41 00 00 00
2026-07-05T22:15:06.887693+00:00,1783289706.887693,-49,10.5,False,1,2,True,True,True,True,0x8135,0x8135,2005,0,262,1700002005,41272511,1,STANDBY,831,True,True,True,True,True,True,False,False,True,True,False,False,False,False,False,False,3700,3.7,3,10,48.1353,11.582,520.0,0.9,1.3,0.25,0.0,90.0,101325,22.0,520.0,0.0,0.0,9.81,0.0,0.0,0.0,23.0,25.0,0,False,False,False,False,False,False,False,False,1,2005,0,0,0,0,0,0,65535,NO_CORAL_DATA,4e 4f 5f 43 4f 52 41 4c 5f 44 41 54 41 00 00 00
2026-07-05T22:15:27.418748+00:00,1783289727.418748,-49,12.0,False,1,2,True,True,True,True,0x1229,0x1229,2006,0,262,1700002006,41293095,1,STANDBY,831,True,True,True,True,True,True,False,False,True,True,False,False,False,False,False,False,3700,3.7,3,10,48.1353,11.582,520.0,0.9,1.3,0.25,0.0,90.0,101325,22.0,520.0,0.0,0.0,9.81,0.0,0.0,0.0,23.0,25.0,0,False,False,False,False,False,False,False,False,1,2006,0,0,0,0,0,0,65535,NO_CORAL_DATA,4e 4f 5f 43 4f 52 41 4c 5f 44 41 54 41 00 00 00
2026-07-05T22:15:47.963266+00:00,1783289747.963266,-50,11.75,False,1,2,True,True,True,True,0xE197,0xE197,2007,0,262,1700002007,41313680,1,STANDBY,831,True,True,True,True,True,True,False,False,True,True,False,False,False,False,False,False,3700,3.7,3,10,48.1353,11.582,520.0,0.9,1.3,0.25,0.0,90.0,101325,22.0,520.0,0.0,0.0,9.81,0.0,0.0,0.0,23.0,25.0,0,False,False,False,False,False,False,False,False,1,2007,0,0,0,0,0,0,65535,NO_CORAL_DATA,4e 4f 5f 43 4f 52 41 4c 5f 44 41 54 41 00 00 00
2026-07-05T22:16:08.521034+00:00,1783289768.521034,-49,12.5,False,1,2,True,True,True,True,0x01E3,0x01E3,2008,0,262,1700002008,41334265,1,STANDBY,831,True,True,True,True,True,True,False,False,True,True,False,False,False,False,False,False,3700,3.7,3,10,48.1353,11.582,520.0,0.9,1.3,0.25,0.0,90.0,101325,22.0,520.0,0.0,0.0,9.81,0.0,0.0,0.0,23.0,25.0,0,False,False,False,False,False,False,False,False,1,2008,0,0,0,0,0,0,65535,NO_CORAL_DATA,4e 4f 5f 43 4f 52 41 4c 5f 44 41 54 41 00 00 00
2026-07-05T22:16:29.061254+00:00,1783289789.061254,-50,11.5,False,1,2,True,True,True,True,0x3257,0x3257,2009,0,262,1700002009,41354849,1,STANDBY,831,True,True,True,True,True,True,False,False,True,True,False,False,False,False,False,False,3700,3.7,3,10,48.1353,11.582,520.0,0.9,1.3,0.25,0.0,90.0,101325,22.0,520.0,0.0,0.0,9.81,0.0,0.0,0.0,23.0,25.0,0,False,False,False,False,False,False,False,False,1,2009,0,0,0,0,0,0,65535,NO_CORAL_DATA,4e 4f 5f 43 4f 52 41 4c 5f 44 41 54 41 00 00 00
2026-07-05T22:16:49.606877+00:00,1783289809.606877,-50,12.5,False,1,2,True,True,True,True,0xD53C,0xD53C,2010,0,262,1700002010,41375433,1,STANDBY,831,True,True,True,True,True,True,False,False,True,True,False,False,False,False,False,False,3700,3.7,3,10,48.1353,11.582,520.0,0.9,1.3,0.25,0.0,90.0,101325,22.0,520.0,0.0,0.0,9.81,0.0,0.0,0.0,23.0,25.0,0,False,False,False,False,False,False,False,False,1,2010,0,0,0,0,0,0,65535,NO_CORAL_DATA,4e 4f 5f 43 4f 52 41 4c 5f 44 41 54 41 00 00 00
2026-07-05T22:17:10.161836+00:00,1783289830.161836,-49,10.75,False,1,2,True,True,True,True,0x215C,0x215C,2011,0,262,1700002011,41396017,1,STANDBY,831,True,True,True,True,True,True,False,False,True,True,False,False,False,False,False,False,3700,3.7,3,10,48.1353,11.582,520.0,0.9,1.3,0.25,0.0,90.0,101325,22.0,520.0,0.0,0.0,9.81,0.0,0.0,0.0,23.0,25.0,0,False,False,False,False,False,False,False,False,1,2011,0,0,0,0,0,0,65535,NO_CORAL_DATA,4e 4f 5f 43 4f 52 41 4c 5f 44 41 54 41 00 00 00
2026-07-05T22:17:30.721119+00:00,1783289850.721119,-49,14.0,False,1,2,True,True,True,True,0x5F1B,0x5F1B,2012,0,262,1700002012,41416602,1,STANDBY,831,True,True,True,True,True,True,False,False,True,True,False,False,False,False,False,False,3700,3.7,3,10,48.1353,11.582,520.0,0.9,1.3,0.25,0.0,90.0,101325,22.0,520.0,0.0,0.0,9.81,0.0,0.0,0.0,23.0,25.0,0,False,False,False,False,False,False,False,False,1,2012,0,0,0,0,0,0,65535,NO_CORAL_DATA,4e 4f 5f 43 4f 52 41 4c 5f 44 41 54 41 00 00 00
2026-07-05T22:17:51.272067+00:00,1783289871.272067,-49,13.5,False,1,2,True,True,True,True,0x2009,0x2009,2013,0,262,1700002013,41437186,1,STANDBY,831,True,True,True,True,True,True,False,False,True,True,False,False,False,False,False,False,3700,3.7,3,10,48.1353,11.582,520.0,0.9,1.3,0.25,0.0,90.0,101325,22.0,520.0,0.0,0.0,9.81,0.0,0.0,0.0,23.0,25.0,0,False,False,False,False,False,False,False,False,1,2013,0,0,0,0,0,0,65535,NO_CORAL_DATA,4e 4f 5f 43 4f 52 41 4c 5f 44 41 54 41 00 00 00
2026-07-05T22:18:11.810595+00:00,1783289891.810595,-51,13.5,False,1,2,True,True,True,True,0x44AE,0x44AE,2014,0,262,1700002014,41457770,1,STANDBY,831,True,True,True,True,True,True,False,False,True,True,False,False,False,False,False,False,3700,3.7,3,10,48.1353,11.582,520.0,0.9,1.3,0.25,0.0,90.0,101325,22.0,520.0,0.0,0.0,9.81,0.0,0.0,0.0,23.0,25.0,0,False,False,False,False,False,False,False,False,1,2014,0,0,0,0,0,0,65535,NO_CORAL_DATA,4e 4f 5f 43 4f 52 41 4c 5f 44 41 54 41 00 00 00
2026-07-05T22:18:32.372091+00:00,1783289912.372091,-50,13.75,False,1,2,True,True,True,True,0xE859,0xE859,2015,0,262,1700002015,41478355,1,STANDBY,831,True,True,True,True,True,True,False,False,True,True,False,False,False,False,False,False,3700,3.7,3,10,48.1353,11.582,520.0,0.9,1.3,0.25,0.0,90.0,101325,22.0,520.0,0.0,0.0,9.81,0.0,0.0,0.0,23.0,25.0,0,False,False,False,False,False,False,False,False,1,2015,0,0,0,0,0,0,65535,NO_CORAL_DATA,4e 4f 5f 43 4f 52 41 4c 5f 44 41 54 41 00 00 00
2026-07-05T22:18:52.922087+00:00,1783289932.922087,-51,14.0,False,1,2,True,True,True,True,0x5743,0x5743,2016,0,262,1700002016,41498940,1,STANDBY,831,True,True,True,True,True,True,False,False,True,True,False,False,False,False,False,False,3700,3.7,3,10,48.1353,11.582,520.0,0.9,1.3,0.25,0.0,90.0,101325,22.0,520.0,0.0,0.0,9.81,0.0,0.0,0.0,23.0,25.0,0,False,False,False,False,False,False,False,False,1,2016,0,0,0,0,0,0,65535,NO_CORAL_DATA,4e 4f 5f 43 4f 52 41 4c 5f 44 41 54 41 00 00 00
2026-07-05T22:19:13.448168+00:00,1783289953.448168,-50,13.75,False,1,2,True,True,True,True,0x3E48,0x3E48,2017,0,262,1700002017,41519524,1,STANDBY,831,True,True,True,True,True,True,False,False,True,True,False,False,False,False,False,False,3700,3.7,3,10,48.1353,11.582,520.0,0.9,1.3,0.25,0.0,90.0,101325,22.0,520.0,0.0,0.0,9.81,0.0,0.0,0.0,23.0,25.0,0,False,False,False,False,False,False,False,False,1,2017,0,0,0,0,0,0,65535,NO_CORAL_DATA,4e 4f 5f 43 4f 52 41 4c 5f 44 41 54 41 00 00 00
2026-07-05T22:19:34.011241+00:00,1783289974.011241,-50,13.25,False,1,2,True,True,True,True,0xAC95,0xAC95,2018,0,262,1700002018,41540108,1,STANDBY,831,True,True,True,True,True,True,False,False,True,True,False,False,False,False,False,False,3700,3.7,3,10,48.1353,11.582,520.0,0.9,1.3,0.25,0.0,90.0,101325,22.0,520.0,0.0,0.0,9.81,0.0,0.0,0.0,23.0,25.0,0,False,False,False,False,False,False,False,False,1,2018,0,0,0,0,0,0,65535,NO_CORAL_DATA,4e 4f 5f 43 4f 52 41 4c 5f 44 41 54 41 00 00 00
2026-07-05T22:19:54.549718+00:00,1783289994.549718,-51,14.25,False,1,2,True,True,True,True,0xF2B5,0xF2B5,2019,0,262,1700002019,41560693,1,STANDBY,831,True,True,True,True,True,True,False,False,True,True,False,False,False,False,False,False,3700,3.7,3,10,48.1353,11.582,520.0,0.9,1.3,0.25,0.0,90.0,101325,22.0,520.0,0.0,0.0,9.81,0.0,0.0,0.0,23.0,25.0,0,False,False,False,False,False,False,False,False,1,2019,0,0,0,0,0,0,65535,NO_CORAL_DATA,4e 4f 5f 43 4f 52 41 4c 5f 44 41 54 41 00 00 00
2026-07-05T22:20:15.093144+00:00,1783290015.093144,-50,13.75,False,1,2,True,True,True,True,0x8CF2,0x8CF2,2020,0,262,1700002020,41581278,1,STANDBY,831,True,True,True,True,True,True,False,False,True,True,False,False,False,False,False,False,3700,3.7,3,10,48.1353,11.582,520.0,0.9,1.3,0.25,0.0,90.0,101325,22.0,520.0,0.0,0.0,9.81,0.0,0.0,0.0,23.0,25.0,0,False,False,False,False,False,False,False,False,1,2020,0,0,0,0,0,0,65535,NO_CORAL_DATA,4e 4f 5f 43 4f 52 41 4c 5f 44 41 54 41 00 00 00
2026-07-05T22:20:35.643897+00:00,1783290035.643897,-51,13.25,False,1,2,True,True,True,True,0xBE85,0xBE85,2021,0,262,1700002021,41601863,1,STANDBY,831,True,True,True,True,True,True,False,False,True,True,False,False,False,False,False,False,3700,3.7,3,10,48.1353,11.582,520.0,0.9,1.3,0.25,0.0,90.0,101325,22.0,520.0,0.0,0.0,9.81,0.0,0.0,0.0,23.0,25.0,0,False,False,False,False,False,False,False,False,1,2021,0,0,0,0,0,0,65535,NO_CORAL_DATA,4e 4f 5f 43 4f 52 41 4c 5f 44 41 54 41 00 00 00
2026-07-05T22:20:56.183433+00:00,1783290056.183433,-51,13.5,False,1,2,True,True,True,True,0x53AC,0x53AC,2022,0,262,1700002022,41622448,1,STANDBY,831,True,True,True,True,True,True,False,False,True,True,False,False,False,False,False,False,3700,3.7,3,10,48.1353,11.582,520.0,0.9,1.3,0.25,0.0,90.0,101325,22.0,520.0,0.0,0.0,9.81,0.0,0.0,0.0,23.0,25.0,0,False,False,False,False,False,False,False,False,1,2022,0,0,0,0,0,0,65535,NO_CORAL_DATA,4e 4f 5f 43 4f 52 41 4c 5f 44 41 54 41 00 00 00
2026-07-05T22:21:16.735778+00:00,1783290076.735778,-51,13.75,False,1,2,True,True,True,True,0xB153,0xB153,2023,0,262,1700002023,41643032,1,STANDBY,831,True,True,True,True,True,True,False,False,True,True,False,False,False,False,False,False,3700,3.7,3,10,48.1353,11.582,520.0,0.9,1.3,0.25,0.0,90.0,101325,22.0,520.0,0.0,0.0,9.81,0.0,0.0,0.0,23.0,25.0,0,False,False,False,False,False,False,False,False,1,2023,0,0,0,0,0,0,65535,NO_CORAL_DATA,4e 4f 5f 43 4f 52 41 4c 5f 44 41 54 41 00 00 00
2026-07-05T22:21:37.287115+00:00,1783290097.287115,-50,13.5,False,1,2,True,True,True,True,0x8CFB,0x8CFB,2024,0,262,1700002024,41663616,1,STANDBY,831,True,True,True,True,True,True,False,False,True,True,False,False,False,False,False,False,3700,3.7,3,10,48.1353,11.582,520.0,0.9,1.3,0.25,0.0,90.0,101325,22.0,520.0,0.0,0.0,9.81,0.0,0.0,0.0,23.0,25.0,0,False,False,False,False,False,False,False,False,1,2024,0,0,0,0,0,0,65535,NO_CORAL_DATA,4e 4f 5f 43 4f 52 41 4c 5f 44 41 54 41 00 00 00
2026-07-05T22:21:57.841594+00:00,1783290117.841594,-50,13.75,False,1,2,True,True,True,True,0xF513,0xF513,2025,0,262,1700002025,41684201,1,STANDBY,831,True,True,True,True,True,True,False,False,True,True,False,False,False,False,False,False,3700,3.7,3,10,48.1353,11.582,520.0,0.9,1.3,0.25,0.0,90.0,101325,22.0,520.0,0.0,0.0,9.81,0.0,0.0,0.0,23.0,25.0,0,False,False,False,False,False,False,False,False,1,2025,0,0,0,0,0,0,65535,NO_CORAL_DATA,4e 4f 5f 43 4f 52 41 4c 5f 44 41 54 41 00 00 00
2026-07-05T22:22:18.369382+00:00,1783290138.369382,-50,14.0,False,1,2,True,True,True,True,0xA8DF,0xA8DF,2026,0,262,1700002026,41704786,1,STANDBY,831,True,True,True,True,True,True,False,False,True,True,False,False,False,False,False,False,3700,3.7,3,10,48.1353,11.582,520.0,0.9,1.3,0.25,0.0,90.0,101325,22.0,520.0,0.0,0.0,9.81,0.0,0.0,0.0,23.0,25.0,0,False,False,False,False,False,False,False,False,1,2026,0,0,0,0,0,0,65535,NO_CORAL_DATA,4e 4f 5f 43 4f 52 41 4c 5f 44 41 54 41 00 00 00
2026-07-05T22:22:38.920615+00:00,1783290158.920615,-50,14.0,False,1,2,True,True,True,True,0xF9DB,0xF9DB,2027,0,262,1700002027,41725371,1,STANDBY,831,True,True,True,True,True,True,False,False,True,True,False,False,False,False,False,False,3700,3.7,3,10,48.1353,11.582,520.0,0.9,1.3,0.25,0.0,90.0,101325,22.0,520.0,0.0,0.0,9.81,0.0,0.0,0.0,23.0,25.0,0,False,False,False,False,False,False,False,False,1,2027,0,0,0,0,0,0,65535,NO_CORAL_DATA,4e 4f 5f 43 4f 52 41 4c 5f 44 41 54 41 00 00 00
2026-07-05T22:22:59.468902+00:00,1783290179.468902,-51,13.5,False,1,2,True,True,True,True,0x7811,0x7811,2028,0,262,1700002028,41745955,1,STANDBY,831,True,True,True,True,True,True,False,False,True,True,False,False,False,False,False,False,3700,3.7,3,10,48.1353,11.582,520.0,0.9,1.3,0.25,0.0,90.0,101325,22.0,520.0,0.0,0.0,9.81,0.0,0.0,0.0,23.0,25.0,0,False,False,False,False,False,False,False,False,1,2028,0,0,0,0,0,0,65535,NO_CORAL_DATA,4e 4f 5f 43 4f 52 41 4c 5f 44 41 54 41 00 00 00
2026-07-05T22:23:20.011516+00:00,1783290200.011516,-50,13.5,False,1,2,True,True,True,True,0x2C1A,0x2C1A,2029,0,262,1700002029,41766539,1,STANDBY,831,True,True,True,True,True,True,False,False,True,True,False,False,False,False,False,False,3700,3.7,3,10,48.1353,11.582,520.0,0.9,1.3,0.25,0.0,90.0,101325,22.0,520.0,0.0,0.0,9.81,0.0,0.0,0.0,23.0,25.0,0,False,False,False,False,False,False,False,False,1,2029,0,0,0,0,0,0,65535,NO_CORAL_DATA,4e 4f 5f 43 4f 52 41 4c 5f 44 41 54 41 00 00 00
2026-07-05T22:23:40.564781+00:00,1783290220.564781,-49,13.5,False,1,2,True,True,True,True,0x1111,0x1111,2030,0,262,1700002030,41787124,1,STANDBY,831,True,True,True,True,True,True,False,False,True,True,False,False,False,False,False,False,3700,3.7,3,10,48.1353,11.582,520.0,0.9,1.3,0.25,0.0,90.0,101325,22.0,520.0,0.0,0.0,9.81,0.0,0.0,0.0,23.0,25.0,0,False,False,False,False,False,False,False,False,1,2030,0,0,0,0,0,0,65535,NO_CORAL_DATA,4e 4f 5f 43 4f 52 41 4c 5f 44 41 54 41 00 00 00
2026-07-05T22:24:01.107783+00:00,1783290241.107783,-51,13.75,False,1,2,True,True,True,True,0x9F73,0x9F73,2031,0,262,1700002031,41807709,1,STANDBY,831,True,True,True,True,True,True,False,False,True,True,False,False,False,False,False,False,3700,3.7,3,10,48.1353,11.582,520.0,0.9,1.3,0.25,0.0,90.0,101325,22.0,520.0,0.0,0.0,9.81,0.0,0.0,0.0,23.0,25.0,0,False,False,False,False,False,False,False,False,1,2031,0,0,0,0,0,0,65535,NO_CORAL_DATA,4e 4f 5f 43 4f 52 41 4c 5f 44 41 54 41 00 00 00
2026-07-05T22:24:21.654351+00:00,1783290261.654351,-50,14.0,False,1,2,True,True,True,True,0x4F8A,0x4F8A,2032,0,262,1700002032,41828294,1,STANDBY,831,True,True,True,True,True,True,False,False,True,True,False,False,False,False,False,False,3700,3.7,3,10,48.1353,11.582,520.0,0.9,1.3,0.25,0.0,90.0,101325,22.0,520.0,0.0,0.0,9.81,0.0,0.0,0.0,23.0,25.0,0,False,False,False,False,False,False,False,False,1,2032,0,0,0,0,0,0,65535,NO_CORAL_DATA,4e 4f 5f 43 4f 52 41 4c 5f 44 41 54 41 00 00 00
2026-07-05T22:24:42.210628+00:00,1783290282.210628,-50,13.5,False,1,2,True,True,True,True,0xD148,0xD148,2033,0,262,1700002033,41848879,1,STANDBY,831,True,True,True,True,True,True,False,False,True,True,False,False,False,False,False,False,3700,3.7,3,10,48.1353,11.582,520.0,0.9,1.3,0.25,0.0,90.0,101325,22.0,520.0,0.0,0.0,9.81,0.0,0.0,0.0,23.0,25.0,0,False,False,False,False,False,False,False,False,1,2033,0,0,0,0,0,0,65535,NO_CORAL_DATA,4e 4f 5f 43 4f 52 41 4c 5f 44 41 54 41 00 00 00
2026-07-05T22:25:02.745078+00:00,1783290302.745078,-50,13.5,False,1,2,True,True,True,True,0x2279,0x2279,2034,0,262,1700002034,41869464,1,STANDBY,831,True,True,True,True,True,True,False,False,True,True,False,False,False,False,False,False,3700,3.7,3,10,48.1353,11.582,520.0,0.9,1.3,0.25,0.0,90.0,101325,22.0,520.0,0.0,0.0,9.81,0.0,0.0,0.0,23.0,25.0,0,False,False,False,False,False,False,False,False,1,2034,0,0,0,0,0,0,65535,NO_CORAL_DATA,4e 4f 5f 43 4f 52 41 4c 5f 44 41 54 41 00 00 00
2026-07-05T22:25:23.296406+00:00,1783290323.296406,-49,10.0,False,1,2,True,True,True,True,0x6809,0x6809,2035,0,262,1700002035,41890049,1,STANDBY,831,True,True,True,True,True,True,False,False,True,True,False,False,False,False,False,False,3700,3.7,3,10,48.1353,11.582,520.0,0.9,1.3,0.25,0.0,90.0,101325,22.0,520.0,0.0,0.0,9.81,0.0,0.0,0.0,23.0,25.0,0,False,False,False,False,False,False,False,False,1,2035,0,0,0,0,0,0,65535,NO_CORAL_DATA,4e 4f 5f 43 4f 52 41 4c 5f 44 41 54 41 00 00 00
2026-07-05T22:25:43.828657+00:00,1783290343.828657,-49,10.25,False,1,2,True,True,True,True,0xC28C,0xC28C,2036,0,262,1700002036,41910634,1,STANDBY,831,True,True,True,True,True,True,False,False,True,True,False,False,False,False,False,False,3700,3.7,3,10,48.1353,11.582,520.0,0.9,1.3,0.25,0.0,90.0,101325,22.0,520.0,0.0,0.0,9.81,0.0,0.0,0.0,23.0,25.0,0,False,False,False,False,False,False,False,False,1,2036,0,0,0,0,0,0,65535,NO_CORAL_DATA,4e 4f 5f 43 4f 52 41 4c 5f 44 41 54 41 00 00 00
2026-07-05T22:26:04.390111+00:00,1783290364.390111,-50,10.0,False,1,2,True,True,True,True,0xDB70,0xDB70,2037,0,262,1700002037,41931218,1,STANDBY,831,True,True,True,True,True,True,False,False,True,True,False,False,False,False,False,False,3700,3.7,3,10,48.1353,11.582,520.0,0.9,1.3,0.25,0.0,90.0,101325,22.0,520.0,0.0,0.0,9.81,0.0,0.0,0.0,23.0,25.0,0,False,False,False,False,False,False,False,False,1,2037,0,0,0,0,0,0,65535,NO_CORAL_DATA,4e 4f 5f 43 4f 52 41 4c 5f 44 41 54 41 00 00 00
2026-07-05T22:26:24.921279+00:00,1783290384.921279,-49,10.0,False,1,2,True,True,True,True,0xAE31,0xAE31,2038,0,262,1700002038,41951803,1,STANDBY,831,True,True,True,True,True,True,False,False,True,True,False,False,False,False,False,False,3700,3.7,3,10,48.1353,11.582,520.0,0.9,1.3,0.25,0.0,90.0,101325,22.0,520.0,0.0,0.0,9.81,0.0,0.0,0.0,23.0,25.0,0,False,False,False,False,False,False,False,False,1,2038,0,0,0,0,0,0,65535,NO_CORAL_DATA,4e 4f 5f 43 4f 52 41 4c 5f 44 41 54 41 00 00 00
2026-07-05T22:26:45.471236+00:00,1783290405.471236,-50,13.5,False,1,2,True,True,True,True,0xFC68,0xFC68,2039,0,262,1700002039,41972388,1,STANDBY,831,True,True,True,True,True,True,False,False,True,True,False,False,False,False,False,False,3700,3.7,3,10,48.1353,11.582,520.0,0.9,1.3,0.25,0.0,90.0,101325,22.0,520.0,0.0,0.0,9.81,0.0,0.0,0.0,23.0,25.0,0,False,False,False,False,False,False,False,False,1,2039,0,0,0,0,0,0,65535,NO_CORAL_DATA,4e 4f 5f 43 4f 52 41 4c 5f 44 41 54 41 00 00 00
2026-07-05T22:27:06.020879+00:00,1783290426.020879,-50,11.75,False,1,2,True,True,True,True,0xDFBB,0xDFBB,2040,0,262,1700002040,41992973,1,STANDBY,831,True,True,True,True,True,True,False,False,True,True,False,False,False,False,False,False,3700,3.7,3,10,48.1353,11.582,520.0,0.9,1.3,0.25,0.0,90.0,101325,22.0,520.0,0.0,0.0,9.81,0.0,0.0,0.0,23.0,25.0,0,False,False,False,False,False,False,False,False,1,2040,0,0,0,0,0,0,65535,NO_CORAL_DATA,4e 4f 5f 43 4f 52 41 4c 5f 44 41 54 41 00 00 00
2026-07-05T22:27:26.557371+00:00,1783290446.557371,-50,11.0,False,1,2,True,True,True,True,0xF2B0,0xF2B0,2041,0,262,1700002041,42013558,1,STANDBY,831,True,True,True,True,True,True,False,False,True,True,False,False,False,False,False,False,3700,3.7,3,10,48.1353,11.582,520.0,0.9,1.3,0.25,0.0,90.0,101325,22.0,520.0,0.0,0.0,9.81,0.0,0.0,0.0,23.0,25.0,0,False,False,False,False,False,False,False,False,1,2041,0,0,0,0,0,0,65535,NO_CORAL_DATA,4e 4f 5f 43 4f 52 41 4c 5f 44 41 54 41 00 00 00
2026-07-05T22:27:47.096889+00:00,1783290467.096889,-50,10.0,False,1,2,True,True,True,True,0xA0D0,0xA0D0,2042,0,262,1700002042,42034143,1,STANDBY,831,True,True,True,True,True,True,False,False,True,True,False,False,False,False,False,False,3700,3.7,3,10,48.1353,11.582,520.0,0.9,1.3,0.25,0.0,90.0,101325,22.0,520.0,0.0,0.0,9.81,0.0,0.0,0.0,23.0,25.0,0,False,False,False,False,False,False,False,False,1,2042,0,0,0,0,0,0,65535,NO_CORAL_DATA,4e 4f 5f 43 4f 52 41 4c 5f 44 41 54 41 00 00 00
2026-07-05T22:28:07.654000+00:00,1783290487.654,-50,10.25,False,1,2,True,True,True,True,0x718C,0x718C,2043,0,262,1700002043,42054728,1,STANDBY,831,True,True,True,True,True,True,False,False,True,True,False,False,False,False,False,False,3700,3.7,3,10,48.1353,11.582,520.0,0.9,1.3,0.25,0.0,90.0,101325,22.0,520.0,0.0,0.0,9.81,0.0,0.0,0.0,23.0,25.0,0,False,False,False,False,False,False,False,False,1,2043,0,0,0,0,0,0,65535,NO_CORAL_DATA,4e 4f 5f 43 4f 52 41 4c 5f 44 41 54 41 00 00 00
2026-07-05T22:28:28.204867+00:00,1783290508.204867,-50,10.25,False,1,2,True,True,True,True,0xCBEE,0xCBEE,2044,0,262,1700002044,42075313,1,STANDBY,831,True,True,True,True,True,True,False,False,True,True,False,False,False,False,False,False,3700,3.7,3,10,48.1353,11.582,520.0,0.9,1.3,0.25,0.0,90.0,101325,22.0,520.0,0.0,0.0,9.81,0.0,0.0,0.0,23.0,25.0,0,False,False,False,False,False,False,False,False,1,2044,0,0,0,0,0,0,65535,NO_CORAL_DATA,4e 4f 5f 43 4f 52 41 4c 5f 44 41 54 41 00 00 00
2026-07-05T22:28:48.735239+00:00,1783290528.735239,-50,9.75,False,1,2,True,True,True,True,0x68B5,0x68B5,2045,0,262,1700002045,42095898,1,STANDBY,831,True,True,True,True,True,True,False,False,True,True,False,False,False,False,False,False,3700,3.7,3,10,48.1353,11.582,520.0,0.9,1.3,0.25,0.0,90.0,101325,22.0,520.0,0.0,0.0,9.81,0.0,0.0,0.0,23.0,25.0,0,False,False,False,False,False,False,False,False,1,2045,0,0,0,0,0,0,65535,NO_CORAL_DATA,4e 4f 5f 43 4f 52 41 4c 5f 44 41 54 41 00 00 00
2026-07-05T22:29:09.297827+00:00,1783290549.297827,-49,10.0,False,1,2,True,True,True,True,0xE334,0xE334,2046,0,262,1700002046,42116483,1,STANDBY,831,True,True,True,True,True,True,False,False,True,True,False,False,False,False,False,False,3700,3.7,3,10,48.1353,11.582,520.0,0.9,1.3,0.25,0.0,90.0,101325,22.0,520.0,0.0,0.0,9.81,0.0,0.0,0.0,23.0,25.0,0,False,False,False,False,False,False,False,False,1,2046,0,0,0,0,0,0,65535,NO_CORAL_DATA,4e 4f 5f 43 4f 52 41 4c 5f 44 41 54 41 00 00 00
2026-07-05T22:29:29.833428+00:00,1783290569.833428,-50,10.25,False,1,2,True,True,True,True,0xEB40,0xEB40,2047,0,262,1700002047,42137068,1,STANDBY,831,True,True,True,True,True,True,False,False,True,True,False,False,False,False,False,False,3700,3.7,3,10,48.1353,11.582,520.0,0.9,1.3,0.25,0.0,90.0,101325,22.0,520.0,0.0,0.0,9.81,0.0,0.0,0.0,23.0,25.0,0,False,False,False,False,False,False,False,False,1,2047,0,0,0,0,0,0,65535,NO_CORAL_DATA,4e 4f 5f 43 4f 52 41 4c 5f 44 41 54 41 00 00 00
2026-07-05T22:29:50.378354+00:00,1783290590.378354,-50,11.5,False,1,2,True,True,True,True,0xFA86,0xFA86,2048,0,262,1700002048,42157653,1,STANDBY,831,True,True,True,True,True,True,False,False,True,True,False,False,False,False,False,False,3700,3.7,3,10,48.1353,11.582,520.0,0.9,1.3,0.25,0.0,90.0,101325,22.0,520.0,0.0,0.0,9.81,0.0,0.0,0.0,23.0,25.0,0,False,False,False,False,False,False,False,False,1,2048,0,0,0,0,0,0,65535,NO_CORAL_DATA,4e 4f 5f 43 4f 52 41 4c 5f 44 41 54 41 00 00 00
2026-07-05T22:30:10.926390+00:00,1783290610.92639,-50,10.0,False,1,2,True,True,True,True,0x86BB,0x86BB,2049,0,262,1700002049,42178238,1,STANDBY,831,True,True,True,True,True,True,False,False,True,True,False,False,False,False,False,False,3700,3.7,3,10,48.1353,11.582,520.0,0.9,1.3,0.25,0.0,90.0,101325,22.0,520.0,0.0,0.0,9.81,0.0,0.0,0.0,23.0,25.0,0,False,False,False,False,False,False,False,False,1,2049,0,0,0,0,0,0,65535,NO_CORAL_DATA,4e 4f 5f 43 4f 52 41 4c 5f 44 41 54 41 00 00 00
2026-07-05T22:30:31.464260+00:00,1783290631.46426,-49,9.75,False,1,2,True,True,True,True,0x1A5F,0x1A5F,2050,0,262,1700002050,42198823,1,STANDBY,831,True,True,True,True,True,True,False,False,True,True,False,False,False,False,False,False,3700,3.7,3,10,48.1353,11.582,520.0,0.9,1.3,0.25,0.0,90.0,101325,22.0,520.0,0.0,0.0,9.81,0.0,0.0,0.0,23.0,25.0,0,False,False,False,False,False,False,False,False,1,2050,0,0,0,0,0,0,65535,NO_CORAL_DATA,4e 4f 5f 43 4f 52 41 4c 5f 44 41 54 41 00 00 00
2026-07-05T22:30:52.014131+00:00,1783290652.014131,-49,10.25,False,1,2,True,True,True,True,0xDDCC,0xDDCC,2051,0,262,1700002051,42219408,1,STANDBY,831,True,True,True,True,True,True,False,False,True,True,False,False,False,False,False,False,3700,3.7,3,10,48.1353,11.582,520.0,0.9,1.3,0.25,0.0,90.0,101325,22.0,520.0,0.0,0.0,9.81,0.0,0.0,0.0,23.0,25.0,0,False,False,False,False,False,False,False,False,1,2051,0,0,0,0,0,0,65535,NO_CORAL_DATA,4e 4f 5f 43 4f 52 41 4c 5f 44 41 54 41 00 00 00
2026-07-05T22:31:12.558769+00:00,1783290672.558769,-50,9.75,False,1,2,True,True,True,True,0x688A,0x688A,2052,0,262,1700002052,42239993,1,STANDBY,831,True,True,True,True,True,True,False,False,True,True,False,False,False,False,False,False,3700,3.7,3,10,48.1353,11.582,520.0,0.9,1.3,0.25,0.0,90.0,101325,22.0,520.0,0.0,0.0,9.81,0.0,0.0,0.0,23.0,25.0,0,False,False,False,False,False,False,False,False,1,2052,0,0,0,0,0,0,65535,NO_CORAL_DATA,4e 4f 5f 43 4f 52 41 4c 5f 44 41 54 41 00 00 00
2026-07-05T22:31:33.089422+00:00,1783290693.089422,-50,9.75,False,1,2,True,True,True,True,0xB61A,0xB61A,2053,0,262,1700002053,42260578,1,STANDBY,831,True,True,True,True,True,True,False,False,True,True,False,False,False,False,False,False,3700,3.7,3,10,48.1353,11.582,520.0,0.9,1.3,0.25,0.0,90.0,101325,22.0,520.0,0.0,0.0,9.81,0.0,0.0,0.0,23.0,25.0,0,False,False,False,False,False,False,False,False,1,2053,0,0,0,0,0,0,65535,NO_CORAL_DATA,4e 4f 5f 43 4f 52 41 4c 5f 44 41 54 41 00 00 00
2026-07-05T22:31:53.642074+00:00,1783290713.642074,-50,9.75,False,1,2,True,True,True,True,0x009B,0x009B,2054,0,262,1700002054,42281163,1,STANDBY,831,True,True,True,True,True,True,False,False,True,True,False,False,False,False,False,False,3700,3.7,3,10,48.1353,11.582,520.0,0.9,1.3,0.25,0.0,90.0,101325,22.0,520.0,0.0,0.0,9.81,0.0,0.0,0.0,23.0,25.0,0,False,False,False,False,False,False,False,False,1,2054,0,0,0,0,0,0,65535,NO_CORAL_DATA,4e 4f 5f 43 4f 52 41 4c 5f 44 41 54 41 00 00 00
2026-07-05T22:32:14.178463+00:00,1783290734.178463,-50,10.0,False,1,2,True,True,True,True,0xAA5D,0xAA5D,2055,0,262,1700002055,42301748,1,STANDBY,831,True,True,True,True,True,True,False,False,True,True,False,False,False,False,False,False,3700,3.7,3,10,48.1353,11.582,520.0,0.9,1.3,0.25,0.0,90.0,101325,22.0,520.0,0.0,0.0,9.81,0.0,0.0,0.0,23.0,25.0,0,False,False,False,False,False,False,False,False,1,2055,0,0,0,0,0,0,65535,NO_CORAL_DATA,4e 4f 5f 43 4f 52 41 4c 5f 44 41 54 41 00 00 00
2026-07-05T22:32:34.733489+00:00,1783290754.733489,-48,9.75,False,1,2,True,True,True,True,0x5503,0x5503,2056,0,262,1700002056,42322333,1,STANDBY,831,True,True,True,True,True,True,False,False,True,True,False,False,False,False,False,False,3700,3.7,3,10,48.1353,11.582,520.0,0.9,1.3,0.25,0.0,90.0,101325,22.0,520.0,0.0,0.0,9.81,0.0,0.0,0.0,23.0,25.0,0,False,False,False,False,False,False,False,False,1,2056,0,0,0,0,0,0,65535,NO_CORAL_DATA,4e 4f 5f 43 4f 52 41 4c 5f 44 41 54 41 00 00 00
2026-07-05T22:32:55.272921+00:00,1783290775.272921,-50,10.5,False,1,2,True,True,True,True,0xF799,0xF799,2057,0,262,1700002057,42342918,1,STANDBY,831,True,True,True,True,True,True,False,False,True,True,False,False,False,False,False,False,3700,3.7,3,10,48.1353,11.582,520.0,0.9,1.3,0.25,0.0,90.0,101325,22.0,520.0,0.0,0.0,9.81,0.0,0.0,0.0,23.0,25.0,0,False,False,False,False,False,False,False,False,1,2057,0,0,0,0,0,0,65535,NO_CORAL_DATA,4e 4f 5f 43 4f 52 41 4c 5f 44 41 54 41 00 00 00
2026-07-05T22:33:15.808386+00:00,1783290795.808386,-50,10.0,False,1,2,True,True,True,True,0xEDDD,0xEDDD,2058,0,262,1700002058,42363503,1,STANDBY,831,True,True,True,True,True,True,False,False,True,True,False,False,False,False,False,False,3700,3.7,3,10,48.1353,11.582,520.0,0.9,1.3,0.25,0.0,90.0,101325,22.0,520.0,0.0,0.0,9.81,0.0,0.0,0.0,23.0,25.0,0,False,False,False,False,False,False,False,False,1,2058,0,0,0,0,0,0,65535,NO_CORAL_DATA,4e 4f 5f 43 4f 52 41 4c 5f 44 41 54 41 00 00 00
2026-07-05T22:33:36.361529+00:00,1783290816.361529,-50,10.0,False,1,2,True,True,True,True,0x3FC9,0x3FC9,2059,0,262,1700002059,42384087,1,STANDBY,831,True,True,True,True,True,True,False,False,True,True,False,False,False,False,False,False,3700,3.7,3,10,48.1353,11.582,520.0,0.9,1.3,0.25,0.0,90.0,101325,22.0,520.0,0.0,0.0,9.81,0.0,0.0,0.0,23.0,25.0,0,False,False,False,False,False,False,False,False,1,2059,0,0,0,0,0,0,65535,NO_CORAL_DATA,4e 4f 5f 43 4f 52 41 4c 5f 44 41 54 41 00 00 00
2026-07-05T22:33:56.912323+00:00,1783290836.912323,-50,13.0,False,1,2,True,True,True,True,0x7EDD,0x7EDD,2060,0,262,1700002060,42404671,1,STANDBY,831,True,True,True,True,True,True,False,False,True,True,False,False,False,False,False,False,3700,3.7,3,10,48.1353,11.582,520.0,0.9,1.3,0.25,0.0,90.0,101325,22.0,520.0,0.0,0.0,9.81,0.0,0.0,0.0,23.0,25.0,0,False,False,False,False,False,False,False,False,1,2060,0,0,0,0,0,0,65535,NO_CORAL_DATA,4e 4f 5f 43 4f 52 41 4c 5f 44 41 54 41 00 00 00
2026-07-05T22:34:17.452851+00:00,1783290857.452851,-51,11.5,False,1,2,True,True,True,True,0x8B30,0x8B30,2061,0,262,1700002061,42425255,1,STANDBY,831,True,True,True,True,True,True,False,False,True,True,False,False,False,False,False,False,3700,3.7,3,10,48.1353,11.582,520.0,0.9,1.3,0.25,0.0,90.0,101325,22.0,520.0,0.0,0.0,9.81,0.0,0.0,0.0,23.0,25.0,0,False,False,False,False,False,False,False,False,1,2061,0,0,0,0,0,0,65535,NO_CORAL_DATA,4e 4f 5f 43 4f 52 41 4c 5f 44 41 54 41 00 00 00
2026-07-05T22:34:37.990879+00:00,1783290877.990879,-50,12.25,False,1,2,True,True,True,True,0x8408,0x8408,2062,0,262,1700002062,42445840,1,STANDBY,831,True,True,True,True,True,True,False,False,True,True,False,False,False,False,False,False,3700,3.7,3,10,48.1353,11.582,520.0,0.9,1.3,0.25,0.0,90.0,101325,22.0,520.0,0.0,0.0,9.81,0.0,0.0,0.0,23.0,25.0,0,False,False,False,False,False,False,False,False,1,2062,0,0,0,0,0,0,65535,NO_CORAL_DATA,4e 4f 5f 43 4f 52 41 4c 5f 44 41 54 41 00 00 00
2026-07-05T22:34:58.556307+00:00,1783290898.556307,-50,9.75,False,1,2,True,True,True,True,0xAC39,0xAC39,2063,0,262,1700002063,42466425,1,STANDBY,831,True,True,True,True,True,True,False,False,True,True,False,False,False,False,False,False,3700,3.7,3,10,48.1353,11.582,520.0,0.9,1.3,0.25,0.0,90.0,101325,22.0,520.0,0.0,0.0,9.81,0.0,0.0,0.0,23.0,25.0,0,False,False,False,False,False,False,False,False,1,2063,0,0,0,0,0,0,65535,NO_CORAL_DATA,4e 4f 5f 43 4f 52 41 4c 5f 44 41 54 41 00 00 00
2026-07-05T22:35:19.087186+00:00,1783290919.087186,-49,10.0,False,1,2,True,True,True,True,0xFF83,0xFF83,2064,0,262,1700002064,42487010,1,STANDBY,831,True,True,True,True,True,True,False,False,True,True,False,False,False,False,False,False,3700,3.7,3,10,48.1353,11.582,520.0,0.9,1.3,0.25,0.0,90.0,101325,22.0,520.0,0.0,0.0,9.81,0.0,0.0,0.0,23.0,25.0,0,False,False,False,False,False,False,False,False,1,2064,0,0,0,0,0,0,65535,NO_CORAL_DATA,4e 4f 5f 43 4f 52 41 4c 5f 44 41 54 41 00 00 00
2026-07-05T22:35:39.640999+00:00,1783290939.640999,-51,12.25,False,1,2,True,True,True,True,0x88F3,0x88F3,2065,0,262,1700002065,42507595,1,STANDBY,831,True,True,True,True,True,True,False,False,True,True,False,False,False,False,False,False,3700,3.7,3,10,48.1353,11.582,520.0,0.9,1.3,0.25,0.0,90.0,101325,22.0,520.0,0.0,0.0,9.81,0.0,0.0,0.0,23.0,25.0,0,False,False,False,False,False,False,False,False,1,2065,0,0,0,0,0,0,65535,NO_CORAL_DATA,4e 4f 5f 43 4f 52 41 4c 5f 44 41 54 41 00 00 00
2026-07-05T22:36:00.181207+00:00,1783290960.181207,-49,13.75,False,1,2,True,True,True,True,0xCCCD,0xCCCD,2066,0,262,1700002066,42528180,1,STANDBY,831,True,True,True,True,True,True,False,False,True,True,False,False,False,False,False,False,3700,3.7,3,10,48.1353,11.582,520.0,0.9,1.3,0.25,0.0,90.0,101325,22.0,520.0,0.0,0.0,9.81,0.0,0.0,0.0,23.0,25.0,0,False,False,False,False,False,False,False,False,1,2066,0,0,0,0,0,0,65535,NO_CORAL_DATA,4e 4f 5f 43 4f 52 41 4c 5f 44 41 54 41 00 00 00
2026-07-05T22:36:20.732325+00:00,1783290980.732325,-51,14.0,False,1,2,True,True,True,True,0x3D8F,0x3D8F,2067,0,262,1700002067,42548765,1,STANDBY,831,True,True,True,True,True,True,False,False,True,True,False,False,False,False,False,False,3700,3.7,3,10,48.1353,11.582,520.0,0.9,1.3,0.25,0.0,90.0,101325,22.0,520.0,0.0,0.0,9.81,0.0,0.0,0.0,23.0,25.0,0,False,False,False,False,False,False,False,False,1,2067,0,0,0,0,0,0,65535,NO_CORAL_DATA,4e 4f 5f 43 4f 52 41 4c 5f 44 41 54 41 00 00 00
2026-07-05T22:36:41.266651+00:00,1783291001.266651,-50,10.25,False,1,2,True,True,True,True,0xCD27,0xCD27,2068,0,262,1700002068,42569350,1,STANDBY,831,True,True,True,True,True,True,False,False,True,True,False,False,False,False,False,False,3700,3.7,3,10,48.1353,11.582,520.0,0.9,1.3,0.25,0.0,90.0,101325,22.0,520.0,0.0,0.0,9.81,0.0,0.0,0.0,23.0,25.0,0,False,False,False,False,False,False,False,False,1,2068,0,0,0,0,0,0,65535,NO_CORAL_DATA,4e 4f 5f 43 4f 52 41 4c 5f 44 41 54 41 00 00 00
2026-07-05T22:37:01.804728+00:00,1783291021.804728,-50,12.0,False,1,2,True,True,True,True,0xE516,0xE516,2069,0,262,1700002069,42589935,1,STANDBY,831,True,True,True,True,True,True,False,False,True,True,False,False,False,False,False,False,3700,3.7,3,10,48.1353,11.582,520.0,0.9,1.3,0.25,0.0,90.0,101325,22.0,520.0,0.0,0.0,9.81,0.0,0.0,0.0,23.0,25.0,0,False,False,False,False,False,False,False,False,1,2069,0,0,0,0,0,0,65535,NO_CORAL_DATA,4e 4f 5f 43 4f 52 41 4c 5f 44 41 54 41 00 00 00
2026-07-05T22:37:22.345364+00:00,1783291042.345364,-51,13.5,False,1,2,True,True,True,True,0x7059,0x7059,2070,0,262,1700002070,42610520,1,STANDBY,831,True,True,True,True,True,True,False,False,True,True,False,False,False,False,False,False,3700,3.7,3,10,48.1353,11.582,520.0,0.9,1.3,0.25,0.0,90.0,101325,22.0,520.0,0.0,0.0,9.81,0.0,0.0,0.0,23.0,25.0,0,False,False,False,False,False,False,False,False,1,2070,0,0,0,0,0,0,65535,NO_CORAL_DATA,4e 4f 5f 43 4f 52 41 4c 5f 44 41 54 41 00 00 00
2026-07-05T22:37:42.897946+00:00,1783291062.897946,-51,13.5,False,1,2,True,True,True,True,0x0245,0x0245,2071,0,262,1700002071,42631105,1,STANDBY,831,True,True,True,True,True,True,False,False,True,True,False,False,False,False,False,False,3700,3.7,3,10,48.1353,11.582,520.0,0.9,1.3,0.25,0.0,90.0,101325,22.0,520.0,0.0,0.0,9.81,0.0,0.0,0.0,23.0,25.0,0,False,False,False,False,False,False,False,False,1,2071,0,0,0,0,0,0,65535,NO_CORAL_DATA,4e 4f 5f 43 4f 52 41 4c 5f 44 41 54 41 00 00 00
2026-07-05T22:38:03.433669+00:00,1783291083.433669,-51,12.75,False,1,2,True,True,True,True,0x80E9,0x80E9,2072,0,262,1700002072,42651690,1,STANDBY,831,True,True,True,True,True,True,False,False,True,True,False,False,False,False,False,False,3700,3.7,3,10,48.1353,11.582,520.0,0.9,1.3,0.25,0.0,90.0,101325,22.0,520.0,0.0,0.0,9.81,0.0,0.0,0.0,23.0,25.0,0,False,False,False,False,False,False,False,False,1,2072,0,0,0,0,0,0,65535,NO_CORAL_DATA,4e 4f 5f 43 4f 52 41 4c 5f 44 41 54 41 00 00 00
2026-07-05T22:38:23.977333+00:00,1783291103.977333,-50,12.75,False,1,2,True,True,True,True,0xC8FF,0xC8FF,2073,0,262,1700002073,42672275,1,STANDBY,831,True,True,True,True,True,True,False,False,True,True,False,False,False,False,False,False,3700,3.7,3,10,48.1353,11.582,520.0,0.9,1.3,0.25,0.0,90.0,101325,22.0,520.0,0.0,0.0,9.81,0.0,0.0,0.0,23.0,25.0,0,False,False,False,False,False,False,False,False,1,2073,0,0,0,0,0,0,65535,NO_CORAL_DATA,4e 4f 5f 43 4f 52 41 4c 5f 44 41 54 41 00 00 00
2026-07-05T22:38:44.525860+00:00,1783291124.52586,-49,12.5,False,1,2,True,True,True,True,0xC004,0xC004,2074,0,262,1700002074,42692860,1,STANDBY,831,True,True,True,True,True,True,False,False,True,True,False,False,False,False,False,False,3700,3.7,3,10,48.1353,11.582,520.0,0.9,1.3,0.25,0.0,90.0,101325,22.0,520.0,0.0,0.0,9.81,0.0,0.0,0.0,23.0,25.0,0,False,False,False,False,False,False,False,False,1,2074,0,0,0,0,0,0,65535,NO_CORAL_DATA,4e 4f 5f 43 4f 52 41 4c 5f 44 41 54 41 00 00 00
2026-07-05T22:39:05.081086+00:00,1783291145.081086,-49,12.75,False,1,2,True,True,True,True,0xF273,0xF273,2075,0,262,1700002075,42713445,1,STANDBY,831,True,True,True,True,True,True,False,False,True,True,False,False,False,False,False,False,3700,3.7,3,10,48.1353,11.582,520.0,0.9,1.3,0.25,0.0,90.0,101325,22.0,520.0,0.0,0.0,9.81,0.0,0.0,0.0,23.0,25.0,0,False,False,False,False,False,False,False,False,1,2075,0,0,0,0,0,0,65535,NO_CORAL_DATA,4e 4f 5f 43 4f 52 41 4c 5f 44 41 54 41 00 00 00
2026-07-05T22:39:25.605809+00:00,1783291165.605809,-51,13.5,False,1,2,True,True,True,True,0x12D1,0x12D1,2076,0,262,1700002076,42734029,1,STANDBY,831,True,True,True,True,True,True,False,False,True,True,False,False,False,False,False,False,3700,3.7,3,10,48.1353,11.582,520.0,0.9,1.3,0.25,0.0,90.0,101325,22.0,520.0,0.0,0.0,9.81,0.0,0.0,0.0,23.0,25.0,0,False,False,False,False,False,False,False,False,1,2076,0,0,0,0,0,0,65535,NO_CORAL_DATA,4e 4f 5f 43 4f 52 41 4c 5f 44 41 54 41 00 00 00
2026-07-05T22:39:46.173167+00:00,1783291186.173167,-50,13.5,False,1,2,True,True,True,True,0x8462,0x8462,2077,0,262,1700002077,42754613,1,STANDBY,831,True,True,True,True,True,True,False,False,True,True,False,False,False,False,False,False,3700,3.7,3,10,48.1353,11.582,520.0,0.9,1.3,0.25,0.0,90.0,101325,22.0,520.0,0.0,0.0,9.81,0.0,0.0,0.0,23.0,25.0,0,False,False,False,False,False,False,False,False,1,2077,0,0,0,0,0,0,65535,NO_CORAL_DATA,4e 4f 5f 43 4f 52 41 4c 5f 44 41 54 41 00 00 00
2026-07-05T22:40:06.706684+00:00,1783291206.706684,-50,13.75,False,1,2,True,True,True,True,0xA8E1,0xA8E1,2078,0,262,1700002078,42775197,1,STANDBY,831,True,True,True,True,True,True,False,False,True,True,False,False,False,False,False,False,3700,3.7,3,10,48.1353,11.582,520.0,0.9,1.3,0.25,0.0,90.0,101325,22.0,520.0,0.0,0.0,9.81,0.0,0.0,0.0,23.0,25.0,0,False,False,False,False,False,False,False,False,1,2078,0,0,0,0,0,0,65535,NO_CORAL_DATA,4e 4f 5f 43 4f 52 41 4c 5f 44 41 54 41 00 00 00
2026-07-05T22:40:27.256272+00:00,1783291227.256272,-50,11.75,False,1,2,True,True,True,True,0xAA5C,0xAA5C,2079,0,262,1700002079,42795782,1,STANDBY,831,True,True,True,True,True,True,False,False,True,True,False,False,False,False,False,False,3700,3.7,3,10,48.1353,11.582,520.0,0.9,1.3,0.25,0.0,90.0,101325,22.0,520.0,0.0,0.0,9.81,0.0,0.0,0.0,23.0,25.0,0,False,False,False,False,False,False,False,False,1,2079,0,0,0,0,0,0,65535,NO_CORAL_DATA,4e 4f 5f 43 4f 52 41 4c 5f 44 41 54 41 00 00 00
2026-07-05T22:40:47.793463+00:00,1783291247.793463,-50,12.75,False,1,2,True,True,True,True,0x8D48,0x8D48,2080,0,262,1700002080,42816367,1,STANDBY,831,True,True,True,True,True,True,False,False,True,True,False,False,False,False,False,False,3700,3.7,3,10,48.1353,11.582,520.0,0.9,1.3,0.25,0.0,90.0,101325,22.0,520.0,0.0,0.0,9.81,0.0,0.0,0.0,23.0,25.0,0,False,False,False,False,False,False,False,False,1,2080,0,0,0,0,0,0,65535,NO_CORAL_DATA,4e 4f 5f 43 4f 52 41 4c 5f 44 41 54 41 00 00 00
2026-07-05T22:41:08.341120+00:00,1783291268.34112,-51,13.75,False,1,2,True,True,True,True,0xB51E,0xB51E,2081,0,262,1700002081,42836952,1,STANDBY,831,True,True,True,True,True,True,False,False,True,True,False,False,False,False,False,False,3700,3.7,3,10,48.1353,11.582,520.0,0.9,1.3,0.25,0.0,90.0,101325,22.0,520.0,0.0,0.0,9.81,0.0,0.0,0.0,23.0,25.0,0,False,False,False,False,False,False,False,False,1,2081,0,0,0,0,0,0,65535,NO_CORAL_DATA,4e 4f 5f 43 4f 52 41 4c 5f 44 41 54 41 00 00 00
2026-07-05T22:41:28.904610+00:00,1783291288.90461,-51,13.75,False,1,2,True,True,True,True,0xF06C,0xF06C,2082,0,262,1700002082,42857537,1,STANDBY,831,True,True,True,True,True,True,False,False,True,True,False,False,False,False,False,False,3700,3.7,3,10,48.1353,11.582,520.0,0.9,1.3,0.25,0.0,90.0,101325,22.0,520.0,0.0,0.0,9.81,0.0,0.0,0.0,23.0,25.0,0,False,False,False,False,False,False,False,False,1,2082,0,0,0,0,0,0,65535,NO_CORAL_DATA,4e 4f 5f 43 4f 52 41 4c 5f 44 41 54 41 00 00 00
2026-07-05T22:41:49.439015+00:00,1783291309.439015,-51,13.75,False,1,2,True,True,True,True,0xAA44,0xAA44,2083,0,262,1700002083,42878122,1,STANDBY,831,True,True,True,True,True,True,False,False,True,True,False,False,False,False,False,False,3700,3.7,3,10,48.1353,11.582,520.0,0.9,1.3,0.25,0.0,90.0,101325,22.0,520.0,0.0,0.0,9.81,0.0,0.0,0.0,23.0,25.0,0,False,False,False,False,False,False,False,False,1,2083,0,0,0,0,0,0,65535,NO_CORAL_DATA,4e 4f 5f 43 4f 52 41 4c 5f 44 41 54 41 00 00 00
2026-07-05T22:42:09.992538+00:00,1783291329.992538,-51,13.75,False,1,2,True,True,True,True,0x22BD,0x22BD,2084,0,262,1700002084,42898707,1,STANDBY,831,True,True,True,True,True,True,False,False,True,True,False,False,False,False,False,False,3700,3.7,3,10,48.1353,11.582,520.0,0.9,1.3,0.25,0.0,90.0,101325,22.0,520.0,0.0,0.0,9.81,0.0,0.0,0.0,23.0,25.0,0,False,False,False,False,False,False,False,False,1,2084,0,0,0,0,0,0,65535,NO_CORAL_DATA,4e 4f 5f 43 4f 52 41 4c 5f 44 41 54 41 00 00 00
2026-07-05T22:42:30.515507+00:00,1783291350.515507,-51,13.75,False,1,2,True,True,True,True,0x1833,0x1833,2085,0,262,1700002085,42919292,1,STANDBY,831,True,True,True,True,True,True,False,False,True,True,False,False,False,False,False,False,3700,3.7,3,10,48.1353,11.582,520.0,0.9,1.3,0.25,0.0,90.0,101325,22.0,520.0,0.0,0.0,9.81,0.0,0.0,0.0,23.0,25.0,0,False,False,False,False,False,False,False,False,1,2085,0,0,0,0,0,0,65535,NO_CORAL_DATA,4e 4f 5f 43 4f 52 41 4c 5f 44 41 54 41 00 00 00
2026-07-05T22:42:51.071045+00:00,1783291371.071045,-50,13.25,False,1,2,True,True,True,True,0x8E41,0x8E41,2086,0,262,1700002086,42939877,1,STANDBY,831,True,True,True,True,True,True,False,False,True,True,False,False,False,False,False,False,3700,3.7,3,10,48.1353,11.582,520.0,0.9,1.3,0.25,0.0,90.0,101325,22.0,520.0,0.0,0.0,9.81,0.0,0.0,0.0,23.0,25.0,0,False,False,False,False,False,False,False,False,1,2086,0,0,0,0,0,0,65535,NO_CORAL_DATA,4e 4f 5f 43 4f 52 41 4c 5f 44 41 54 41 00 00 00
2026-07-05T22:43:11.611773+00:00,1783291391.611773,-51,13.75,False,1,2,True,True,True,True,0x80F5,0x80F5,2087,0,262,1700002087,42960461,1,STANDBY,831,True,True,True,True,True,True,False,False,True,True,False,False,False,False,False,False,3700,3.7,3,10,48.1353,11.582,520.0,0.9,1.3,0.25,0.0,90.0,101325,22.0,520.0,0.0,0.0,9.81,0.0,0.0,0.0,23.0,25.0,0,False,False,False,False,False,False,False,False,1,2087,0,0,0,0,0,0,65535,NO_CORAL_DATA,4e 4f 5f 43 4f 52 41 4c 5f 44 41 54 41 00 00 00
2026-07-05T22:43:32.162514+00:00,1783291412.162514,-50,13.75,False,1,2,True,True,True,True,0xCA95,0xCA95,2088,0,262,1700002088,42981046,1,STANDBY,831,True,True,True,True,True,True,False,False,True,True,False,False,False,False,False,False,3700,3.7,3,10,48.1353,11.582,520.0,0.9,1.3,0.25,0.0,90.0,101325,22.0,520.0,0.0,0.0,9.81,0.0,0.0,0.0,23.0,25.0,0,False,False,False,False,False,False,False,False,1,2088,0,0,0,0,0,0,65535,NO_CORAL_DATA,4e 4f 5f 43 4f 52 41 4c 5f 44 41 54 41 00 00 00
2026-07-05T22:43:52.709996+00:00,1783291432.709996,-51,13.5,False,1,2,True,True,True,True,0xFA9B,0xFA9B,2089,0,262,1700002089,43001631,1,STANDBY,831,True,True,True,True,True,True,False,False,True,True,False,False,False,False,False,False,3700,3.7,3,10,48.1353,11.582,520.0,0.9,1.3,0.25,0.0,90.0,101325,22.0,520.0,0.0,0.0,9.81,0.0,0.0,0.0,23.0,25.0,0,False,False,False,False,False,False,False,False,1,2089,0,0,0,0,0,0,65535,NO_CORAL_DATA,4e 4f 5f 43 4f 52 41 4c 5f 44 41 54 41 00 00 00
2026-07-05T22:44:13.250059+00:00,1783291453.250059,-49,13.75,False,1,2,True,True,True,True,0xD741,0xD741,2090,0,262,1700002090,43022216,1,STANDBY,831,True,True,True,True,True,True,False,False,True,True,False,False,False,False,False,False,3700,3.7,3,10,48.1353,11.582,520.0,0.9,1.3,0.25,0.0,90.0,101325,22.0,520.0,0.0,0.0,9.81,0.0,0.0,0.0,23.0,25.0,0,False,False,False,False,False,False,False,False,1,2090,0,0,0,0,0,0,65535,NO_CORAL_DATA,4e 4f 5f 43 4f 52 41 4c 5f 44 41 54 41 00 00 00
2026-07-05T22:44:33.801218+00:00,1783291473.801218,-49,12.25,False,1,2,True,True,True,True,0x9D8E,0x9D8E,2091,0,262,1700002091,43042801,1,STANDBY,831,True,True,True,True,True,True,False,False,True,True,False,False,False,False,False,False,3700,3.7,3,10,48.1353,11.582,520.0,0.9,1.3,0.25,0.0,90.0,101325,22.0,520.0,0.0,0.0,9.81,0.0,0.0,0.0,23.0,25.0,0,False,False,False,False,False,False,False,False,1,2091,0,0,0,0,0,0,65535,NO_CORAL_DATA,4e 4f 5f 43 4f 52 41 4c 5f 44 41 54 41 00 00 00
2026-07-05T22:44:54.336854+00:00,1783291494.336854,-49,13.5,False,1,2,True,True,True,True,0xB467,0xB467,2092,0,262,1700002092,43063386,1,STANDBY,831,True,True,True,True,True,True,False,False,True,True,False,False,False,False,False,False,3700,3.7,3,10,48.1353,11.582,520.0,0.9,1.3,0.25,0.0,90.0,101325,22.0,520.0,0.0,0.0,9.81,0.0,0.0,0.0,23.0,25.0,0,False,False,False,False,False,False,False,False,1,2092,0,0,0,0,0,0,65535,NO_CORAL_DATA,4e 4f 5f 43 4f 52 41 4c 5f 44 41 54 41 00 00 00
2026-07-05T22:45:14.875574+00:00,1783291514.875574,-50,13.75,False,1,2,True,True,True,True,0xF481,0xF481,2093,0,262,1700002093,43083971,1,STANDBY,831,True,True,True,True,True,True,False,False,True,True,False,False,False,False,False,False,3700,3.7,3,10,48.1353,11.582,520.0,0.9,1.3,0.25,0.0,90.0,101325,22.0,520.0,0.0,0.0,9.81,0.0,0.0,0.0,23.0,25.0,0,False,False,False,False,False,False,False,False,1,2093,0,0,0,0,0,0,65535,NO_CORAL_DATA,4e 4f 5f 43 4f 52 41 4c 5f 44 41 54 41 00 00 00
2026-07-05T22:45:35.422840+00:00,1783291535.42284,-50,12.75,False,1,2,True,True,True,True,0x6B38,0x6B38,2094,0,262,1700002094,43104556,1,STANDBY,831,True,True,True,True,True,True,False,False,True,True,False,False,False,False,False,False,3700,3.7,3,10,48.1353,11.582,520.0,0.9,1.3,0.25,0.0,90.0,101325,22.0,520.0,0.0,0.0,9.81,0.0,0.0,0.0,23.0,25.0,0,False,False,False,False,False,False,False,False,1,2094,0,0,0,0,0,0,65535,NO_CORAL_DATA,4e 4f 5f 43 4f 52 41 4c 5f 44 41 54 41 00 00 00
2026-07-05T22:45:55.959912+00:00,1783291555.959912,-50,13.0,False,1,2,True,True,True,True,0x18C8,0x18C8,2095,0,262,1700002095,43125141,1,STANDBY,831,True,True,True,True,True,True,False,False,True,True,False,False,False,False,False,False,3700,3.7,3,10,48.1353,11.582,520.0,0.9,1.3,0.25,0.0,90.0,101325,22.0,520.0,0.0,0.0,9.81,0.0,0.0,0.0,23.0,25.0,0,False,False,False,False,False,False,False,False,1,2095,0,0,0,0,0,0,65535,NO_CORAL_DATA,4e 4f 5f 43 4f 52 41 4c 5f 44 41 54 41 00 00 00
2026-07-05T22:46:16.522525+00:00,1783291576.522525,-51,13.5,False,1,2,True,True,True,True,0x28EF,0x28EF,2096,0,262,1700002096,43145726,1,STANDBY,831,True,True,True,True,True,True,False,False,True,True,False,False,False,False,False,False,3700,3.7,3,10,48.1353,11.582,520.0,0.9,1.3,0.25,0.0,90.0,101325,22.0,520.0,0.0,0.0,9.81,0.0,0.0,0.0,23.0,25.0,0,False,False,False,False,False,False,False,False,1,2096,0,0,0,0,0,0,65535,NO_CORAL_DATA,4e 4f 5f 43 4f 52 41 4c 5f 44 41 54 41 00 00 00
2026-07-05T22:46:37.044673+00:00,1783291597.044673,-50,14.25,False,1,2,True,True,True,True,0xD657,0xD657,2097,0,262,1700002097,43166311,1,STANDBY,831,True,True,True,True,True,True,False,False,True,True,False,False,False,False,False,False,3700,3.7,3,10,48.1353,11.582,520.0,0.9,1.3,0.25,0.0,90.0,101325,22.0,520.0,0.0,0.0,9.81,0.0,0.0,0.0,23.0,25.0,0,False,False,False,False,False,False,False,False,1,2097,0,0,0,0,0,0,65535,NO_CORAL_DATA,4e 4f 5f 43 4f 52 41 4c 5f 44 41 54 41 00 00 00
2026-07-05T22:46:57.594462+00:00,1783291617.594462,-51,13.5,False,1,2,True,True,True,True,0x179C,0x179C,2098,0,262,1700002098,43186896,1,STANDBY,831,True,True,True,True,True,True,False,False,True,True,False,False,False,False,False,False,3700,3.7,3,10,48.1353,11.582,520.0,0.9,1.3,0.25,0.0,90.0,101325,22.0,520.0,0.0,0.0,9.81,0.0,0.0,0.0,23.0,25.0,0,False,False,False,False,False,False,False,False,1,2098,0,0,0,0,0,0,65535,NO_CORAL_DATA,4e 4f 5f 43 4f 52 41 4c 5f 44 41 54 41 00 00 00
2026-07-05T22:47:18.140641+00:00,1783291638.140641,-50,13.75,False,1,2,True,True,True,True,0x5719,0x5719,2099,0,262,1700002099,43207480,1,STANDBY,831,True,True,True,True,True,True,False,False,True,True,False,False,False,False,False,False,3700,3.7,3,10,48.1353,11.582,520.0,0.9,1.3,0.25,0.0,90.0,101325,22.0,520.0,0.0,0.0,9.81,0.0,0.0,0.0,23.0,25.0,0,False,False,False,False,False,False,False,False,1,2099,0,0,0,0,0,0,65535,NO_CORAL_DATA,4e 4f 5f 43 4f 52 41 4c 5f 44 41 54 41 00 00 00
2026-07-05T22:47:38.675020+00:00,1783291658.67502,-50,13.75,False,1,2,True,True,True,True,0xEF7C,0xEF7C,2100,0,262,1700002100,43228065,1,STANDBY,831,True,True,True,True,True,True,False,False,True,True,False,False,False,False,False,False,3700,3.7,3,10,48.1353,11.582,520.0,0.9,1.3,0.25,0.0,90.0,101325,22.0,520.0,0.0,0.0,9.81,0.0,0.0,0.0,23.0,25.0,0,False,False,False,False,False,False,False,False,1,2100,0,0,0,0,0,0,65535,NO_CORAL_DATA,4e 4f 5f 43 4f 52 41 4c 5f 44 41 54 41 00 00 00
2026-07-05T22:47:59.238987+00:00,1783291679.238987,-50,14.0,False,1,2,True,True,True,True,0x95B1,0x95B1,2101,0,262,1700002101,43248650,1,STANDBY,831,True,True,True,True,True,True,False,False,True,True,False,False,False,False,False,False,3700,3.7,3,10,48.1353,11.582,520.0,0.9,1.3,0.25,0.0,90.0,101325,22.0,520.0,0.0,0.0,9.81,0.0,0.0,0.0,23.0,25.0,0,False,False,False,False,False,False,False,False,1,2101,0,0,0,0,0,0,65535,NO_CORAL_DATA,4e 4f 5f 43 4f 52 41 4c 5f 44 41 54 41 00 00 00
2026-07-05T22:48:19.783730+00:00,1783291699.78373,-49,13.0,False,1,2,True,True,True,True,0x45C0,0x45C0,2102,0,262,1700002102,43269235,1,STANDBY,831,True,True,True,True,True,True,False,False,True,True,False,False,False,False,False,False,3700,3.7,3,10,48.1353,11.582,520.0,0.9,1.3,0.25,0.0,90.0,101325,22.0,520.0,0.0,0.0,9.81,0.0,0.0,0.0,23.0,25.0,0,False,False,False,False,False,False,False,False,1,2102,0,0,0,0,0,0,65535,NO_CORAL_DATA,4e 4f 5f 43 4f 52 41 4c 5f 44 41 54 41 00 00 00
2026-07-05T22:48:40.322477+00:00,1783291720.322477,-51,13.5,False,1,2,True,True,True,True,0x9976,0x9976,2103,0,262,1700002103,43289820,1,STANDBY,831,True,True,True,True,True,True,False,False,True,True,False,False,False,False,False,False,3700,3.7,3,10,48.1353,11.582,520.0,0.9,1.3,0.25,0.0,90.0,101325,22.0,520.0,0.0,0.0,9.81,0.0,0.0,0.0,23.0,25.0,0,False,False,False,False,False,False,False,False,1,2103,0,0,0,0,0,0,65535,NO_CORAL_DATA,4e 4f 5f 43 4f 52 41 4c 5f 44 41 54 41 00 00 00
2026-07-05T22:49:00.862977+00:00,1783291740.862977,-50,13.75,False,1,2,True,True,True,True,0x344A,0x344A,2104,0,262,1700002104,43310405,1,STANDBY,831,True,True,True,True,True,True,False,False,True,True,False,False,False,False,False,False,3700,3.7,3,10,48.1353,11.582,520.0,0.9,1.3,0.25,0.0,90.0,101325,22.0,520.0,0.0,0.0,9.81,0.0,0.0,0.0,23.0,25.0,0,False,False,False,False,False,False,False,False,1,2104,0,0,0,0,0,0,65535,NO_CORAL_DATA,4e 4f 5f 43 4f 52 41 4c 5f 44 41 54 41 00 00 00
2026-07-05T22:49:21.401016+00:00,1783291761.401016,-50,13.75,False,1,2,True,True,True,True,0x5584,0x5584,2105,0,262,1700002105,43330990,1,STANDBY,831,True,True,True,True,True,True,False,False,True,True,False,False,False,False,False,False,3700,3.7,3,10,48.1353,11.582,520.0,0.9,1.3,0.25,0.0,90.0,101325,22.0,520.0,0.0,0.0,9.81,0.0,0.0,0.0,23.0,25.0,0,False,False,False,False,False,False,False,False,1,2105,0,0,0,0,0,0,65535,NO_CORAL_DATA,4e 4f 5f 43 4f 52 41 4c 5f 44 41 54 41 00 00 00
2026-07-05T22:49:41.936377+00:00,1783291781.936377,-50,14.0,False,1,2,True,True,True,True,0xBEB0,0xBEB0,2106,0,262,1700002106,43351575,1,STANDBY,831,True,True,True,True,True,True,False,False,True,True,False,False,False,False,False,False,3700,3.7,3,10,48.1353,11.582,520.0,0.9,1.3,0.25,0.0,90.0,101325,22.0,520.0,0.0,0.0,9.81,0.0,0.0,0.0,23.0,25.0,0,False,False,False,False,False,False,False,False,1,2106,0,0,0,0,0,0,65535,NO_CORAL_DATA,4e 4f 5f 43 4f 52 41 4c 5f 44 41 54 41 00 00 00
2026-07-05T22:50:02.481760+00:00,1783291802.48176,-49,13.25,False,1,2,True,True,True,True,0x0F03,0x0F03,2107,0,262,1700002107,43372160,1,STANDBY,831,True,True,True,True,True,True,False,False,True,True,False,False,False,False,False,False,3700,3.7,3,10,48.1353,11.582,520.0,0.9,1.3,0.25,0.0,90.0,101325,22.0,520.0,0.0,0.0,9.81,0.0,0.0,0.0,23.0,25.0,0,False,False,False,False,False,False,False,False,1,2107,0,0,0,0,0,0,65535,NO_CORAL_DATA,4e 4f 5f 43 4f 52 41 4c 5f 44 41 54 41 00 00 00
2026-07-05T22:50:23.027629+00:00,1783291823.027629,-51,13.0,False,1,2,True,True,True,True,0x9C50,0x9C50,2108,0,262,1700002108,43392745,1,STANDBY,831,True,True,True,True,True,True,False,False,True,True,False,False,False,False,False,False,3700,3.7,3,10,48.1353,11.582,520.0,0.9,1.3,0.25,0.0,90.0,101325,22.0,520.0,0.0,0.0,9.81,0.0,0.0,0.0,23.0,25.0,0,False,False,False,False,False,False,False,False,1,2108,0,0,0,0,0,0,65535,NO_CORAL_DATA,4e 4f 5f 43 4f 52 41 4c 5f 44 41 54 41 00 00 00
2026-07-05T22:50:43.549156+00:00,1783291843.549156,-49,12.5,False,1,2,True,True,True,True,0xF3E9,0xF3E9,2109,0,262,1700002109,43413330,1,STANDBY,831,True,True,True,True,True,True,False,False,True,True,False,False,False,False,False,False,3700,3.7,3,10,48.1353,11.582,520.0,0.9,1.3,0.25,0.0,90.0,101325,22.0,520.0,0.0,0.0,9.81,0.0,0.0,0.0,23.0,25.0,0,False,False,False,False,False,False,False,False,1,2109,0,0,0,0,0,0,65535,NO_CORAL_DATA,4e 4f 5f 43 4f 52 41 4c 5f 44 41 54 41 00 00 00
2026-07-05T22:51:04.101370+00:00,1783291864.10137,-50,13.75,False,1,2,True,True,True,True,0x9098,0x9098,2110,0,262,1700002110,43433915,1,STANDBY,831,True,True,True,True,True,True,False,False,True,True,False,False,False,False,False,False,3700,3.7,3,10,48.1353,11.582,520.0,0.9,1.3,0.25,0.0,90.0,101325,22.0,520.0,0.0,0.0,9.81,0.0,0.0,0.0,23.0,25.0,0,False,False,False,False,False,False,False,False,1,2110,0,0,0,0,0,0,65535,NO_CORAL_DATA,4e 4f 5f 43 4f 52 41 4c 5f 44 41 54 41 00 00 00
2026-07-05T22:51:24.639826+00:00,1783291884.639826,-50,13.0,False,1,2,True,True,True,True,0xDB1C,0xDB1C,2111,0,262,1700002111,43454500,1,STANDBY,831,True,True,True,True,True,True,False,False,True,True,False,False,False,False,False,False,3700,3.7,3,10,48.1353,11.582,520.0,0.9,1.3,0.25,0.0,90.0,101325,22.0,520.0,0.0,0.0,9.81,0.0,0.0,0.0,23.0,25.0,0,False,False,False,False,False,False,False,False,1,2111,0,0,0,0,0,0,65535,NO_CORAL_DATA,4e 4f 5f 43 4f 52 41 4c 5f 44 41 54 41 00 00 00
2026-07-05T22:51:45.193977+00:00,1783291905.193977,-50,14.0,False,1,2,True,True,True,True,0x9736,0x9736,2112,0,262,1700002112,43475085,1,STANDBY,831,True,True,True,True,True,True,False,False,True,True,False,False,False,False,False,False,3700,3.7,3,10,48.1353,11.582,520.0,0.9,1.3,0.25,0.0,90.0,101325,22.0,520.0,0.0,0.0,9.81,0.0,0.0,0.0,23.0,25.0,0,False,False,False,False,False,False,False,False,1,2112,0,0,0,0,0,0,65535,NO_CORAL_DATA,4e 4f 5f 43 4f 52 41 4c 5f 44 41 54 41 00 00 00
2026-07-05T22:52:05.720077+00:00,1783291925.720077,-49,12.5,False,1,2,True,True,True,True,0x9534,0x9534,2113,0,262,1700002113,43495670,1,STANDBY,831,True,True,True,True,True,True,False,False,True,True,False,False,False,False,False,False,3700,3.7,3,10,48.1353,11.582,520.0,0.9,1.3,0.25,0.0,90.0,101325,22.0,520.0,0.0,0.0,9.81,0.0,0.0,0.0,23.0,25.0,0,False,False,False,False,False,False,False,False,1,2113,0,0,0,0,0,0,65535,NO_CORAL_DATA,4e 4f 5f 43 4f 52 41 4c 5f 44 41 54 41 00 00 00
2026-07-05T22:52:26.272625+00:00,1783291946.272625,-50,14.0,False,1,2,True,True,True,True,0x1093,0x1093,2114,0,262,1700002114,43516255,1,STANDBY,831,True,True,True,True,True,True,False,False,True,True,False,False,False,False,False,False,3700,3.7,3,10,48.1353,11.582,520.0,0.9,1.3,0.25,0.0,90.0,101325,22.0,520.0,0.0,0.0,9.81,0.0,0.0,0.0,23.0,25.0,0,False,False,False,False,False,False,False,False,1,2114,0,0,0,0,0,0,65535,NO_CORAL_DATA,4e 4f 5f 43 4f 52 41 4c 5f 44 41 54 41 00 00 00
2026-07-05T22:52:46.807464+00:00,1783291966.807464,-52,13.75,False,1,2,True,True,True,True,0x3DC6,0x3DC6,2115,0,262,1700002115,43536840,1,STANDBY,831,True,True,True,True,True,True,False,False,True,True,False,False,False,False,False,False,3700,3.7,3,10,48.1353,11.582,520.0,0.9,1.3,0.25,0.0,90.0,101325,22.0,520.0,0.0,0.0,9.81,0.0,0.0,0.0,23.0,25.0,0,False,False,False,False,False,False,False,False,1,2115,0,0,0,0,0,0,65535,NO_CORAL_DATA,4e 4f 5f 43 4f 52 41 4c 5f 44 41 54 41 00 00 00
2026-07-05T22:53:07.355567+00:00,1783291987.355567,-50,14.0,False,1,2,True,True,True,True,0xE6FD,0xE6FD,2116,0,262,1700002116,43557425,1,STANDBY,831,True,True,True,True,True,True,False,False,True,True,False,False,False,False,False,False,3700,3.7,3,10,48.1353,11.582,520.0,0.9,1.3,0.25,0.0,90.0,101325,22.0,520.0,0.0,0.0,9.81,0.0,0.0,0.0,23.0,25.0,0,False,False,False,False,False,False,False,False,1,2116,0,0,0,0,0,0,65535,NO_CORAL_DATA,4e 4f 5f 43 4f 52 41 4c 5f 44 41 54 41 00 00 00
2026-07-05T22:53:27.892485+00:00,1783292007.892485,-50,13.0,False,1,2,True,True,True,True,0x992B,0x992B,2117,0,262,1700002117,43578010,1,STANDBY,831,True,True,True,True,True,True,False,False,True,True,False,False,False,False,False,False,3700,3.7,3,10,48.1353,11.582,520.0,0.9,1.3,0.25,0.0,90.0,101325,22.0,520.0,0.0,0.0,9.81,0.0,0.0,0.0,23.0,25.0,0,False,False,False,False,False,False,False,False,1,2117,0,0,0,0,0,0,65535,NO_CORAL_DATA,4e 4f 5f 43 4f 52 41 4c 5f 44 41 54 41 00 00 00
2026-07-05T22:53:48.440066+00:00,1783292028.440066,-51,13.5,False,1,2,True,True,True,True,0x84DA,0x84DA,2118,0,262,1700002118,43598595,1,STANDBY,831,True,True,True,True,True,True,False,False,True,True,False,False,False,False,False,False,3700,3.7,3,10,48.1353,11.582,520.0,0.9,1.3,0.25,0.0,90.0,101325,22.0,520.0,0.0,0.0,9.81,0.0,0.0,0.0,23.0,25.0,0,False,False,False,False,False,False,False,False,1,2118,0,0,0,0,0,0,65535,NO_CORAL_DATA,4e 4f 5f 43 4f 52 41 4c 5f 44 41 54 41 00 00 00
2026-07-05T22:54:08.982159+00:00,1783292048.982159,-49,13.5,False,1,2,True,True,True,True,0x4746,0x4746,2119,0,262,1700002119,43619180,1,STANDBY,831,True,True,True,True,True,True,False,False,True,True,False,False,False,False,False,False,3700,3.7,3,10,48.1353,11.582,520.0,0.9,1.3,0.25,0.0,90.0,101325,22.0,520.0,0.0,0.0,9.81,0.0,0.0,0.0,23.0,25.0,0,False,False,False,False,False,False,False,False,1,2119,0,0,0,0,0,0,65535,NO_CORAL_DATA,4e 4f 5f 43 4f 52 41 4c 5f 44 41 54 41 00 00 00
2026-07-05T22:54:29.535768+00:00,1783292069.535768,-50,13.25,False,1,2,True,True,True,True,0xE81C,0xE81C,2120,0,262,1700002120,43639765,1,STANDBY,831,True,True,True,True,True,True,False,False,True,True,False,False,False,False,False,False,3700,3.7,3,10,48.1353,11.582,520.0,0.9,1.3,0.25,0.0,90.0,101325,22.0,520.0,0.0,0.0,9.81,0.0,0.0,0.0,23.0,25.0,0,False,False,False,False,False,False,False,False,1,2120,0,0,0,0,0,0,65535,NO_CORAL_DATA,4e 4f 5f 43 4f 52 41 4c 5f 44 41 54 41 00 00 00
2026-07-05T22:54:50.072980+00:00,1783292090.07298,-50,13.75,False,1,2,True,True,True,True,0xD2DB,0xD2DB,2121,0,262,1700002121,43660350,1,STANDBY,831,True,True,True,True,True,True,False,False,True,True,False,False,False,False,False,False,3700,3.7,3,10,48.1353,11.582,520.0,0.9,1.3,0.25,0.0,90.0,101325,22.0,520.0,0.0,0.0,9.81,0.0,0.0,0.0,23.0,25.0,0,False,False,False,False,False,False,False,False,1,2121,0,0,0,0,0,0,65535,NO_CORAL_DATA,4e 4f 5f 43 4f 52 41 4c 5f 44 41 54 41 00 00 00
2026-07-05T22:55:10.611574+00:00,1783292110.611574,-49,13.5,False,1,2,True,True,True,True,0x3CAE,0x3CAE,2122,0,262,1700002122,43680935,1,STANDBY,831,True,True,True,True,True,True,False,False,True,True,False,False,False,False,False,False,3700,3.7,3,10,48.1353,11.582,520.0,0.9,1.3,0.25,0.0,90.0,101325,22.0,520.0,0.0,0.0,9.81,0.0,0.0,0.0,23.0,25.0,0,False,False,False,False,False,False,False,False,1,2122,0,0,0,0,0,0,65535,NO_CORAL_DATA,4e 4f 5f 43 4f 52 41 4c 5f 44 41 54 41 00 00 00
2026-07-05T22:55:31.155806+00:00,1783292131.155806,-50,12.5,False,1,2,True,True,True,True,0x2167,0x2167,2123,0,262,1700002123,43701520,1,STANDBY,831,True,True,True,True,True,True,False,False,True,True,False,False,False,False,False,False,3700,3.7,3,10,48.1353,11.582,520.0,0.9,1.3,0.25,0.0,90.0,101325,22.0,520.0,0.0,0.0,9.81,0.0,0.0,0.0,23.0,25.0,0,False,False,False,False,False,False,False,False,1,2123,0,0,0,0,0,0,65535,NO_CORAL_DATA,4e 4f 5f 43 4f 52 41 4c 5f 44 41 54 41 00 00 00
2026-07-05T22:55:51.689048+00:00,1783292151.689048,-50,11.75,False,1,2,True,True,True,True,0xDEDC,0xDEDC,2124,0,262,1700002124,43722105,1,STANDBY,831,True,True,True,True,True,True,False,False,True,True,False,False,False,False,False,False,3700,3.7,3,10,48.1353,11.582,520.0,0.9,1.3,0.25,0.0,90.0,101325,22.0,520.0,0.0,0.0,9.81,0.0,0.0,0.0,23.0,25.0,0,False,False,False,False,False,False,False,False,1,2124,0,0,0,0,0,0,65535,NO_CORAL_DATA,4e 4f 5f 43 4f 52 41 4c 5f 44 41 54 41 00 00 00
2026-07-05T22:56:12.244938+00:00,1783292172.244938,-50,11.75,False,1,2,True,True,True,True,0xB303,0xB303,2125,0,262,1700002125,43742690,1,STANDBY,831,True,True,True,True,True,True,False,False,True,True,False,False,False,False,False,False,3700,3.7,3,10,48.1353,11.582,520.0,0.9,1.3,0.25,0.0,90.0,101325,22.0,520.0,0.0,0.0,9.81,0.0,0.0,0.0,23.0,25.0,0,False,False,False,False,False,False,False,False,1,2125,0,0,0,0,0,0,65535,NO_CORAL_DATA,4e 4f 5f 43 4f 52 41 4c 5f 44 41 54 41 00 00 00
2026-07-05T22:56:32.785337+00:00,1783292192.785337,-51,11.25,False,1,2,True,True,True,True,0x3AC9,0x3AC9,2126,0,262,1700002126,43763275,1,STANDBY,831,True,True,True,True,True,True,False,False,True,True,False,False,False,False,False,False,3700,3.7,3,10,48.1353,11.582,520.0,0.9,1.3,0.25,0.0,90.0,101325,22.0,520.0,0.0,0.0,9.81,0.0,0.0,0.0,23.0,25.0,0,False,False,False,False,False,False,False,False,1,2126,0,0,0,0,0,0,65535,NO_CORAL_DATA,4e 4f 5f 43 4f 52 41 4c 5f 44 41 54 41 00 00 00
2026-07-05T22:56:53.312683+00:00,1783292213.312683,-50,12.75,False,1,2,True,True,True,True,0x4A55,0x4A55,2127,0,262,1700002127,43783860,1,STANDBY,831,True,True,True,True,True,True,False,False,True,True,False,False,False,False,False,False,3700,3.7,3,10,48.1353,11.582,520.0,0.9,1.3,0.25,0.0,90.0,101325,22.0,520.0,0.0,0.0,9.81,0.0,0.0,0.0,23.0,25.0,0,False,False,False,False,False,False,False,False,1,2127,0,0,0,0,0,0,65535,NO_CORAL_DATA,4e 4f 5f 43 4f 52 41 4c 5f 44 41 54 41 00 00 00
2026-07-05T22:57:13.863523+00:00,1783292233.863523,-50,10.5,False,1,2,True,True,True,True,0xC3E2,0xC3E2,2128,0,262,1700002128,43804445,1,STANDBY,831,True,True,True,True,True,True,False,False,True,True,False,False,False,False,False,False,3700,3.7,3,10,48.1353,11.582,520.0,0.9,1.3,0.25,0.0,90.0,101325,22.0,520.0,0.0,0.0,9.81,0.0,0.0,0.0,23.0,25.0,0,False,False,False,False,False,False,False,False,1,2128,0,0,0,0,0,0,65535,NO_CORAL_DATA,4e 4f 5f 43 4f 52 41 4c 5f 44 41 54 41 00 00 00
2026-07-05T22:57:34.402830+00:00,1783292254.40283,-50,11.5,False,1,2,True,True,True,True,0x65D5,0x65D5,2129,0,262,1700002129,43825030,1,STANDBY,831,True,True,True,True,True,True,False,False,True,True,False,False,False,False,False,False,3700,3.7,3,10,48.1353,11.582,520.0,0.9,1.3,0.25,0.0,90.0,101325,22.0,520.0,0.0,0.0,9.81,0.0,0.0,0.0,23.0,25.0,0,False,False,False,False,False,False,False,False,1,2129,0,0,0,0,0,0,65535,NO_CORAL_DATA,4e 4f 5f 43 4f 52 41 4c 5f 44 41 54 41 00 00 00
2026-07-05T22:57:54.950908+00:00,1783292274.950908,-51,13.75,False,1,2,True,True,True,True,0xFE84,0xFE84,2130,0,262,1700002130,43845615,1,STANDBY,831,True,True,True,True,True,True,False,False,True,True,False,False,False,False,False,False,3700,3.7,3,10,48.1353,11.582,520.0,0.9,1.3,0.25,0.0,90.0,101325,22.0,520.0,0.0,0.0,9.81,0.0,0.0,0.0,23.0,25.0,0,False,False,False,False,False,False,False,False,1,2130,0,0,0,0,0,0,65535,NO_CORAL_DATA,4e 4f 5f 43 4f 52 41 4c 5f 44 41 54 41 00 00 00
2026-07-05T22:58:15.497514+00:00,1783292295.497514,-50,14.0,False,1,2,True,True,True,True,0x8C8F,0x8C8F,2131,0,262,1700002131,43866200,1,STANDBY,831,True,True,True,True,True,True,False,False,True,True,False,False,False,False,False,False,3700,3.7,3,10,48.1353,11.582,520.0,0.9,1.3,0.25,0.0,90.0,101325,22.0,520.0,0.0,0.0,9.81,0.0,0.0,0.0,23.0,25.0,0,False,False,False,False,False,False,False,False,1,2131,0,0,0,0,0,0,65535,NO_CORAL_DATA,4e 4f 5f 43 4f 52 41 4c 5f 44 41 54 41 00 00 00
2026-07-05T22:58:36.032981+00:00,1783292316.032981,-50,13.0,False,1,2,True,True,True,True,0x0610,0x0610,2132,0,262,1700002132,43886785,1,STANDBY,831,True,True,True,True,True,True,False,False,True,True,False,False,False,False,False,False,3700,3.7,3,10,48.1353,11.582,520.0,0.9,1.3,0.25,0.0,90.0,101325,22.0,520.0,0.0,0.0,9.81,0.0,0.0,0.0,23.0,25.0,0,False,False,False,False,False,False,False,False,1,2132,0,0,0,0,0,0,65535,NO_CORAL_DATA,4e 4f 5f 43 4f 52 41 4c 5f 44 41 54 41 00 00 00
2026-07-05T22:58:56.578782+00:00,1783292336.578782,-50,14.0,False,1,2,True,True,True,True,0x6D48,0x6D48,2133,0,262,1700002133,43907370,1,STANDBY,831,True,True,True,True,True,True,False,False,True,True,False,False,False,False,False,False,3700,3.7,3,10,48.1353,11.582,520.0,0.9,1.3,0.25,0.0,90.0,101325,22.0,520.0,0.0,0.0,9.81,0.0,0.0,0.0,23.0,25.0,0,False,False,False,False,False,False,False,False,1,2133,0,0,0,0,0,0,65535,NO_CORAL_DATA,4e 4f 5f 43 4f 52 41 4c 5f 44 41 54 41 00 00 00
2026-07-05T22:59:17.132447+00:00,1783292357.132447,-50,14.0,False,1,2,True,True,True,True,0x1E37,0x1E37,2134,0,262,1700002134,43927955,1,STANDBY,831,True,True,True,True,True,True,False,False,True,True,False,False,False,False,False,False,3700,3.7,3,10,48.1353,11.582,520.0,0.9,1.3,0.25,0.0,90.0,101325,22.0,520.0,0.0,0.0,9.81,0.0,0.0,0.0,23.0,25.0,0,False,False,False,False,False,False,False,False,1,2134,0,0,0,0,0,0,65535,NO_CORAL_DATA,4e 4f 5f 43 4f 52 41 4c 5f 44 41 54 41 00 00 00
2026-07-05T22:59:37.669154+00:00,1783292377.669154,-50,13.25,False,1,2,True,True,True,True,0xDDAB,0xDDAB,2135,0,262,1700002135,43948540,1,STANDBY,831,True,True,True,True,True,True,False,False,True,True,False,False,False,False,False,False,3700,3.7,3,10,48.1353,11.582,520.0,0.9,1.3,0.25,0.0,90.0,101325,22.0,520.0,0.0,0.0,9.81,0.0,0.0,0.0,23.0,25.0,0,False,False,False,False,False,False,False,False,1,2135,0,0,0,0,0,0,65535,NO_CORAL_DATA,4e 4f 5f 43 4f 52 41 4c 5f 44 41 54 41 00 00 00
2026-07-05T22:59:58.213399+00:00,1783292398.213399,-50,13.5,False,1,2,True,True,True,True,0xEB56,0xEB56,2136,0,262,1700002136,43969125,1,STANDBY,831,True,True,True,True,True,True,False,False,True,True,False,False,False,False,False,False,3700,3.7,3,10,48.1353,11.582,520.0,0.9,1.3,0.25,0.0,90.0,101325,22.0,520.0,0.0,0.0,9.81,0.0,0.0,0.0,23.0,25.0,0,False,False,False,False,False,False,False,False,1,2136,0,0,0,0,0,0,65535,NO_CORAL_DATA,4e 4f 5f 43 4f 52 41 4c 5f 44 41 54 41 00 00 00
2026-07-05T23:00:18.769201+00:00,1783292418.769201,-49,10.75,False,1,2,True,True,True,True,0x7061,0x7061,2137,0,262,1700002137,43989710,1,STANDBY,831,True,True,True,True,True,True,False,False,True,True,False,False,False,False,False,False,3700,3.7,3,10,48.1353,11.582,520.0,0.9,1.3,0.25,0.0,90.0,101325,22.0,520.0,0.0,0.0,9.81,0.0,0.0,0.0,23.0,25.0,0,False,False,False,False,False,False,False,False,1,2137,0,0,0,0,0,0,65535,NO_CORAL_DATA,4e 4f 5f 43 4f 52 41 4c 5f 44 41 54 41 00 00 00
2026-07-05T23:00:39.309180+00:00,1783292439.30918,-50,14.0,False,1,2,True,True,True,True,0x668B,0x668B,2138,0,262,1700002138,44010295,1,STANDBY,831,True,True,True,True,True,True,False,False,True,True,False,False,False,False,False,False,3700,3.7,3,10,48.1353,11.582,520.0,0.9,1.3,0.25,0.0,90.0,101325,22.0,520.0,0.0,0.0,9.81,0.0,0.0,0.0,23.0,25.0,0,False,False,False,False,False,False,False,False,1,2138,0,0,0,0,0,0,65535,NO_CORAL_DATA,4e 4f 5f 43 4f 52 41 4c 5f 44 41 54 41 00 00 00
2026-07-05T23:00:59.863369+00:00,1783292459.863369,-49,13.75,False,1,2,True,True,True,True,0x4BDE,0x4BDE,2139,0,262,1700002139,44030880,1,STANDBY,831,True,True,True,True,True,True,False,False,True,True,False,False,False,False,False,False,3700,3.7,3,10,48.1353,11.582,520.0,0.9,1.3,0.25,0.0,90.0,101325,22.0,520.0,0.0,0.0,9.81,0.0,0.0,0.0,23.0,25.0,0,False,False,False,False,False,False,False,False,1,2139,0,0,0,0,0,0,65535,NO_CORAL_DATA,4e 4f 5f 43 4f 52 41 4c 5f 44 41 54 41 00 00 00
2026-07-05T23:01:20.412259+00:00,1783292480.412259,-50,14.25,False,1,2,True,True,True,True,0x20A8,0x20A8,2140,0,262,1700002140,44051465,1,STANDBY,831,True,True,True,True,True,True,False,False,True,True,False,False,False,False,False,False,3700,3.7,3,10,48.1353,11.582,520.0,0.9,1.3,0.25,0.0,90.0,101325,22.0,520.0,0.0,0.0,9.81,0.0,0.0,0.0,23.0,25.0,0,False,False,False,False,False,False,False,False,1,2140,0,0,0,0,0,0,65535,NO_CORAL_DATA,4e 4f 5f 43 4f 52 41 4c 5f 44 41 54 41 00 00 00
2026-07-05T23:01:40.953451+00:00,1783292500.953451,-52,14.0,False,1,2,True,True,True,True,0xE942,0xE942,2141,0,262,1700002141,44072050,1,STANDBY,831,True,True,True,True,True,True,False,False,True,True,False,False,False,False,False,False,3700,3.7,3,10,48.1353,11.582,520.0,0.9,1.3,0.25,0.0,90.0,101325,22.0,520.0,0.0,0.0,9.81,0.0,0.0,0.0,23.0,25.0,0,False,False,False,False,False,False,False,False,1,2141,0,0,0,0,0,0,65535,NO_CORAL_DATA,4e 4f 5f 43 4f 52 41 4c 5f 44 41 54 41 00 00 00
2026-07-05T23:02:01.479507+00:00,1783292521.479507,-50,13.5,False,1,2,True,True,True,True,0x153E,0x153E,2142,0,262,1700002142,44092635,1,STANDBY,831,True,True,True,True,True,True,False,False,True,True,False,False,False,False,False,False,3700,3.7,3,10,48.1353,11.582,520.0,0.9,1.3,0.25,0.0,90.0,101325,22.0,520.0,0.0,0.0,9.81,0.0,0.0,0.0,23.0,25.0,0,False,False,False,False,False,False,False,False,1,2142,0,0,0,0,0,0,65535,NO_CORAL_DATA,4e 4f 5f 43 4f 52 41 4c 5f 44 41 54 41 00 00 00
2026-07-05T23:02:22.019566+00:00,1783292542.019566,-50,13.0,False,1,2,True,True,True,True,0x7F0B,0x7F0B,2143,0,262,1700002143,44113220,1,STANDBY,831,True,True,True,True,True,True,False,False,True,True,False,False,False,False,False,False,3700,3.7,3,10,48.1353,11.582,520.0,0.9,1.3,0.25,0.0,90.0,101325,22.0,520.0,0.0,0.0,9.81,0.0,0.0,0.0,23.0,25.0,0,False,False,False,False,False,False,False,False,1,2143,0,0,0,0,0,0,65535,NO_CORAL_DATA,4e 4f 5f 43 4f 52 41 4c 5f 44 41 54 41 00 00 00
2026-07-05T23:02:42.569880+00:00,1783292562.56988,-50,14.25,False,1,2,True,True,True,True,0xEAC2,0xEAC2,2144,0,262,1700002144,44133805,1,STANDBY,831,True,True,True,True,True,True,False,False,True,True,False,False,False,False,False,False,3700,3.7,3,10,48.1353,11.582,520.0,0.9,1.3,0.25,0.0,90.0,101325,22.0,520.0,0.0,0.0,9.81,0.0,0.0,0.0,23.0,25.0,0,False,False,False,False,False,False,False,False,1,2144,0,0,0,0,0,0,65535,NO_CORAL_DATA,4e 4f 5f 43 4f 52 41 4c 5f 44 41 54 41 00 00 00
2026-07-05T23:03:03.114887+00:00,1783292583.114887,-49,14.0,False,1,2,True,True,True,True,0xD552,0xD552,2145,0,262,1700002145,44154390,1,STANDBY,831,True,True,True,True,True,True,False,False,True,True,False,False,False,False,False,False,3700,3.7,3,10,48.1353,11.582,520.0,0.9,1.3,0.25,0.0,90.0,101325,22.0,520.0,0.0,0.0,9.81,0.0,0.0,0.0,23.0,25.0,0,False,False,False,False,False,False,False,False,1,2145,0,0,0,0,0,0,65535,NO_CORAL_DATA,4e 4f 5f 43 4f 52 41 4c 5f 44 41 54 41 00 00 00
2026-07-05T23:03:23.650994+00:00,1783292603.650994,-49,14.0,False,1,2,True,True,True,True,0x1011,0x1011,2146,0,262,1700002146,44174975,1,STANDBY,831,True,True,True,True,True,True,False,False,True,True,False,False,False,False,False,False,3700,3.7,3,10,48.1353,11.582,520.0,0.9,1.3,0.25,0.0,90.0,101325,22.0,520.0,0.0,0.0,9.81,0.0,0.0,0.0,23.0,25.0,0,False,False,False,False,False,False,False,False,1,2146,0,0,0,0,0,0,65535,NO_CORAL_DATA,4e 4f 5f 43 4f 52 41 4c 5f 44 41 54 41 00 00 00
2026-07-05T23:03:44.188929+00:00,1783292624.188929,-50,13.0,False,1,2,True,True,True,True,0x3D44,0x3D44,2147,0,262,1700002147,44195560,1,STANDBY,831,True,True,True,True,True,True,False,False,True,True,False,False,False,False,False,False,3700,3.7,3,10,48.1353,11.582,520.0,0.9,1.3,0.25,0.0,90.0,101325,22.0,520.0,0.0,0.0,9.81,0.0,0.0,0.0,23.0,25.0,0,False,False,False,False,False,False,False,False,1,2147,0,0,0,0,0,0,65535,NO_CORAL_DATA,4e 4f 5f 43 4f 52 41 4c 5f 44 41 54 41 00 00 00
2026-07-05T23:04:04.735618+00:00,1783292644.735618,-50,13.5,False,1,2,True,True,True,True,0x8747,0x8747,2148,0,262,1700002148,44216145,1,STANDBY,831,True,True,True,True,True,True,False,False,True,True,False,False,False,False,False,False,3700,3.7,3,10,48.1353,11.582,520.0,0.9,1.3,0.25,0.0,90.0,101325,22.0,520.0,0.0,0.0,9.81,0.0,0.0,0.0,23.0,25.0,0,False,False,False,False,False,False,False,False,1,2148,0,0,0,0,0,0,65535,NO_CORAL_DATA,4e 4f 5f 43 4f 52 41 4c 5f 44 41 54 41 00 00 00
2026-07-05T23:04:25.289256+00:00,1783292665.289256,-50,13.75,False,1,2,True,True,True,True,0x3092,0x3092,2149,0,262,1700002149,44236730,1,STANDBY,831,True,True,True,True,True,True,False,False,True,True,False,False,False,False,False,False,3700,3.7,3,10,48.1353,11.582,520.0,0.9,1.3,0.25,0.0,90.0,101325,22.0,520.0,0.0,0.0,9.81,0.0,0.0,0.0,23.0,25.0,0,False,False,False,False,False,False,False,False,1,2149,0,0,0,0,0,0,65535,NO_CORAL_DATA,4e 4f 5f 43 4f 52 41 4c 5f 44 41 54 41 00 00 00
2026-07-05T23:04:45.827330+00:00,1783292685.82733,-50,14.5,False,1,2,True,True,True,True,0x5BDC,0x5BDC,2150,0,262,1700002150,44257315,1,STANDBY,831,True,True,True,True,True,True,False,False,True,True,False,False,False,False,False,False,3700,3.7,3,10,48.1353,11.582,520.0,0.9,1.3,0.25,0.0,90.0,101325,22.0,520.0,0.0,0.0,9.81,0.0,0.0,0.0,23.0,25.0,0,False,False,False,False,False,False,False,False,1,2150,0,0,0,0,0,0,65535,NO_CORAL_DATA,4e 4f 5f 43 4f 52 41 4c 5f 44 41 54 41 00 00 00
2026-07-05T23:05:06.371003+00:00,1783292706.371003,-49,12.25,False,1,2,True,True,True,True,0xE29E,0xE29E,2151,0,262,1700002151,44277900,1,STANDBY,831,True,True,True,True,True,True,False,False,True,True,False,False,False,False,False,False,3700,3.7,3,10,48.1353,11.582,520.0,0.9,1.3,0.25,0.0,90.0,101325,22.0,520.0,0.0,0.0,9.81,0.0,0.0,0.0,23.0,25.0,0,False,False,False,False,False,False,False,False,1,2151,0,0,0,0,0,0,65535,NO_CORAL_DATA,4e 4f 5f 43 4f 52 41 4c 5f 44 41 54 41 00 00 00
2026-07-05T23:05:26.907833+00:00,1783292726.907833,-50,14.25,False,1,2,True,True,True,True,0x371A,0x371A,2152,0,262,1700002152,44298485,1,STANDBY,831,True,True,True,True,True,True,False,False,True,True,False,False,False,False,False,False,3700,3.7,3,10,48.1353,11.582,520.0,0.9,1.3,0.25,0.0,90.0,101325,22.0,520.0,0.0,0.0,9.81,0.0,0.0,0.0,23.0,25.0,0,False,False,False,False,False,False,False,False,1,2152,0,0,0,0,0,0,65535,NO_CORAL_DATA,4e 4f 5f 43 4f 52 41 4c 5f 44 41 54 41 00 00 00
2026-07-05T23:05:47.445549+00:00,1783292747.445549,-50,13.75,False,1,2,True,True,True,True,0xC598,0xC598,2153,0,262,1700002153,44319070,1,STANDBY,831,True,True,True,True,True,True,False,False,True,True,False,False,False,False,False,False,3700,3.7,3,10,48.1353,11.582,520.0,0.9,1.3,0.25,0.0,90.0,101325,22.0,520.0,0.0,0.0,9.81,0.0,0.0,0.0,23.0,25.0,0,False,False,False,False,False,False,False,False,1,2153,0,0,0,0,0,0,65535,NO_CORAL_DATA,4e 4f 5f 43 4f 52 41 4c 5f 44 41 54 41 00 00 00
2026-07-05T23:06:07.993093+00:00,1783292767.993093,-51,14.0,False,1,2,True,True,True,True,0x7CE3,0x7CE3,2154,0,262,1700002154,44339655,1,STANDBY,831,True,True,True,True,True,True,False,False,True,True,False,False,False,False,False,False,3700,3.7,3,10,48.1353,11.582,520.0,0.9,1.3,0.25,0.0,90.0,101325,22.0,520.0,0.0,0.0,9.81,0.0,0.0,0.0,23.0,25.0,0,False,False,False,False,False,False,False,False,1,2154,0,0,0,0,0,0,65535,NO_CORAL_DATA,4e 4f 5f 43 4f 52 41 4c 5f 44 41 54 41 00 00 00
2026-07-05T23:06:28.539942+00:00,1783292788.539942,-50,13.25,False,1,2,True,True,True,True,0x32E8,0x32E8,2155,0,262,1700002155,44360240,1,STANDBY,831,True,True,True,True,True,True,False,False,True,True,False,False,False,False,False,False,3700,3.7,3,10,48.1353,11.582,520.0,0.9,1.3,0.25,0.0,90.0,101325,22.0,520.0,0.0,0.0,9.81,0.0,0.0,0.0,23.0,25.0,0,False,False,False,False,False,False,False,False,1,2155,0,0,0,0,0,0,65535,NO_CORAL_DATA,4e 4f 5f 43 4f 52 41 4c 5f 44 41 54 41 00 00 00
2026-07-05T23:06:49.082166+00:00,1783292809.082166,-50,13.5,False,1,2,True,True,True,True,0xB78D,0xB78D,2156,0,262,1700002156,44380825,1,STANDBY,831,True,True,True,True,True,True,False,False,True,True,False,False,False,False,False,False,3700,3.7,3,10,48.1353,11.582,520.0,0.9,1.3,0.25,0.0,90.0,101325,22.0,520.0,0.0,0.0,9.81,0.0,0.0,0.0,23.0,25.0,0,False,False,False,False,False,False,False,False,1,2156,0,0,0,0,0,0,65535,NO_CORAL_DATA,4e 4f 5f 43 4f 52 41 4c 5f 44 41 54 41 00 00 00
2026-07-05T23:07:09.627237+00:00,1783292829.627237,-50,13.75,False,1,2,True,True,True,True,0x9A39,0x9A39,2157,0,262,1700002157,44401410,1,STANDBY,831,True,True,True,True,True,True,False,False,True,True,False,False,False,False,False,False,3700,3.7,3,10,48.1353,11.582,520.0,0.9,1.3,0.25,0.0,90.0,101325,22.0,520.0,0.0,0.0,9.81,0.0,0.0,0.0,23.0,25.0,0,False,False,False,False,False,False,False,False,1,2157,0,0,0,0,0,0,65535,NO_CORAL_DATA,4e 4f 5f 43 4f 52 41 4c 5f 44 41 54 41 00 00 00
2026-07-05T23:07:30.164494+00:00,1783292850.164494,-50,11.5,False,1,2,True,True,True,True,0xB287,0xB287,2158,0,262,1700002158,44421995,1,STANDBY,831,True,True,True,True,True,True,False,False,True,True,False,False,False,False,False,False,3700,3.7,3,10,48.1353,11.582,520.0,0.9,1.3,0.25,0.0,90.0,101325,22.0,520.0,0.0,0.0,9.81,0.0,0.0,0.0,23.0,25.0,0,False,False,False,False,False,False,False,False,1,2158,0,0,0,0,0,0,65535,NO_CORAL_DATA,4e 4f 5f 43 4f 52 41 4c 5f 44 41 54 41 00 00 00
2026-07-05T23:07:50.701806+00:00,1783292870.701806,-50,11.0,False,1,2,True,True,True,True,0x84C6,0x84C6,2159,0,262,1700002159,44442580,1,STANDBY,831,True,True,True,True,True,True,False,False,True,True,False,False,False,False,False,False,3700,3.7,3,10,48.1353,11.582,520.0,0.9,1.3,0.25,0.0,90.0,101325,22.0,520.0,0.0,0.0,9.81,0.0,0.0,0.0,23.0,25.0,0,False,False,False,False,False,False,False,False,1,2159,0,0,0,0,0,0,65535,NO_CORAL_DATA,4e 4f 5f 43 4f 52 41 4c 5f 44 41 54 41 00 00 00
2026-07-05T23:08:11.260523+00:00,1783292891.260523,-51,11.0,False,1,2,True,True,True,True,0x1CE4,0x1CE4,2160,0,262,1700002160,44463165,1,STANDBY,831,True,True,True,True,True,True,False,False,True,True,False,False,False,False,False,False,3700,3.7,3,10,48.1353,11.582,520.0,0.9,1.3,0.25,0.0,90.0,101325,22.0,520.0,0.0,0.0,9.81,0.0,0.0,0.0,23.0,25.0,0,False,False,False,False,False,False,False,False,1,2160,0,0,0,0,0,0,65535,NO_CORAL_DATA,4e 4f 5f 43 4f 52 41 4c 5f 44 41 54 41 00 00 00
2026-07-05T23:08:31.794725+00:00,1783292911.794725,-50,11.5,False,1,2,True,True,True,True,0xEDDD,0xEDDD,2161,0,262,1700002161,44483750,1,STANDBY,831,True,True,True,True,True,True,False,False,True,True,False,False,False,False,False,False,3700,3.7,3,10,48.1353,11.582,520.0,0.9,1.3,0.25,0.0,90.0,101325,22.0,520.0,0.0,0.0,9.81,0.0,0.0,0.0,23.0,25.0,0,False,False,False,False,False,False,False,False,1,2161,0,0,0,0,0,0,65535,NO_CORAL_DATA,4e 4f 5f 43 4f 52 41 4c 5f 44 41 54 41 00 00 00
2026-07-05T23:08:52.345516+00:00,1783292932.345516,-50,11.75,False,1,2,True,True,True,True,0xB52B,0xB52B,2162,0,262,1700002162,44504335,1,STANDBY,831,True,True,True,True,True,True,False,False,True,True,False,False,False,False,False,False,3700,3.7,3,10,48.1353,11.582,520.0,0.9,1.3,0.25,0.0,90.0,101325,22.0,520.0,0.0,0.0,9.81,0.0,0.0,0.0,23.0,25.0,0,False,False,False,False,False,False,False,False,1,2162,0,0,0,0,0,0,65535,NO_CORAL_DATA,4e 4f 5f 43 4f 52 41 4c 5f 44 41 54 41 00 00 00
2026-07-05T23:09:12.883570+00:00,1783292952.88357,-50,11.5,False,1,2,True,True,True,True,0x0EB1,0x0EB1,2163,0,262,1700002163,44524920,1,STANDBY,831,True,True,True,True,True,True,False,False,True,True,False,False,False,False,False,False,3700,3.7,3,10,48.1353,11.582,520.0,0.9,1.3,0.25,0.0,90.0,101325,22.0,520.0,0.0,0.0,9.81,0.0,0.0,0.0,23.0,25.0,0,False,False,False,False,False,False,False,False,1,2163,0,0,0,0,0,0,65535,NO_CORAL_DATA,4e 4f 5f 43 4f 52 41 4c 5f 44 41 54 41 00 00 00
2026-07-05T23:09:33.420742+00:00,1783292973.420742,-50,11.25,False,1,2,True,True,True,True,0xB6D4,0xB6D4,2164,0,262,1700002164,44545505,1,STANDBY,831,True,True,True,True,True,True,False,False,True,True,False,False,False,False,False,False,3700,3.7,3,10,48.1353,11.582,520.0,0.9,1.3,0.25,0.0,90.0,101325,22.0,520.0,0.0,0.0,9.81,0.0,0.0,0.0,23.0,25.0,0,False,False,False,False,False,False,False,False,1,2164,0,0,0,0,0,0,65535,NO_CORAL_DATA,4e 4f 5f 43 4f 52 41 4c 5f 44 41 54 41 00 00 00
2026-07-05T23:09:53.966395+00:00,1783292993.966395,-49,11.75,False,1,2,True,True,True,True,0x8504,0x8504,2165,0,262,1700002165,44566090,1,STANDBY,831,True,True,True,True,True,True,False,False,True,True,False,False,False,False,False,False,3700,3.7,3,10,48.1353,11.582,520.0,0.9,1.3,0.25,0.0,90.0,101325,22.0,520.0,0.0,0.0,9.81,0.0,0.0,0.0,23.0,25.0,0,False,False,False,False,False,False,False,False,1,2165,0,0,0,0,0,0,65535,NO_CORAL_DATA,4e 4f 5f 43 4f 52 41 4c 5f 44 41 54 41 00 00 00
2026-07-05T23:10:14.520667+00:00,1783293014.520667,-50,12.0,False,1,2,True,True,True,True,0x5474,0x5474,2166,0,262,1700002166,44586674,1,STANDBY,831,True,True,True,True,True,True,False,False,True,True,False,False,False,False,False,False,3700,3.7,3,10,48.1353,11.582,520.0,0.9,1.3,0.25,0.0,90.0,101325,22.0,520.0,0.0,0.0,9.81,0.0,0.0,0.0,23.0,25.0,0,False,False,False,False,False,False,False,False,1,2166,0,0,0,0,0,0,65535,NO_CORAL_DATA,4e 4f 5f 43 4f 52 41 4c 5f 44 41 54 41 00 00 00
2026-07-05T23:10:35.052455+00:00,1783293035.052455,-50,11.5,False,1,2,True,True,True,True,0x11FE,0x11FE,2167,0,262,1700002167,44607259,1,STANDBY,831,True,True,True,True,True,True,False,False,True,True,False,False,False,False,False,False,3700,3.7,3,10,48.1353,11.582,520.0,0.9,1.3,0.25,0.0,90.0,101325,22.0,520.0,0.0,0.0,9.81,0.0,0.0,0.0,23.0,25.0,0,False,False,False,False,False,False,False,False,1,2167,0,0,0,0,0,0,65535,NO_CORAL_DATA,4e 4f 5f 43 4f 52 41 4c 5f 44 41 54 41 00 00 00
2026-07-05T23:10:55.612145+00:00,1783293055.612145,-50,12.0,False,1,2,True,True,True,True,0x400A,0x400A,2168,0,262,1700002168,44627844,1,STANDBY,831,True,True,True,True,True,True,False,False,True,True,False,False,False,False,False,False,3700,3.7,3,10,48.1353,11.582,520.0,0.9,1.3,0.25,0.0,90.0,101325,22.0,520.0,0.0,0.0,9.81,0.0,0.0,0.0,23.0,25.0,0,False,False,False,False,False,False,False,False,1,2168,0,0,0,0,0,0,65535,NO_CORAL_DATA,4e 4f 5f 43 4f 52 41 4c 5f 44 41 54 41 00 00 00
2026-07-05T23:11:16.156343+00:00,1783293076.156343,-49,12.25,False,1,2,True,True,True,True,0xDBD4,0xDBD4,2169,0,262,1700002169,44648429,1,STANDBY,831,True,True,True,True,True,True,False,False,True,True,False,False,False,False,False,False,3700,3.7,3,10,48.1353,11.582,520.0,0.9,1.3,0.25,0.0,90.0,101325,22.0,520.0,0.0,0.0,9.81,0.0,0.0,0.0,23.0,25.0,0,False,False,False,False,False,False,False,False,1,2169,0,0,0,0,0,0,65535,NO_CORAL_DATA,4e 4f 5f 43 4f 52 41 4c 5f 44 41 54 41 00 00 00
2026-07-05T23:11:36.686107+00:00,1783293096.686107,-49,13.5,False,1,2,True,True,True,True,0x2232,0x2232,2170,0,262,1700002170,44669014,1,STANDBY,831,True,True,True,True,True,True,False,False,True,True,False,False,False,False,False,False,3700,3.7,3,10,48.1353,11.582,520.0,0.9,1.3,0.25,0.0,90.0,101325,22.0,520.0,0.0,0.0,9.81,0.0,0.0,0.0,23.0,25.0,0,False,False,False,False,False,False,False,False,1,2170,0,0,0,0,0,0,65535,NO_CORAL_DATA,4e 4f 5f 43 4f 52 41 4c 5f 44 41 54 41 00 00 00
2026-07-05T23:11:57.230445+00:00,1783293117.230445,-50,12.5,False,1,2,True,True,True,True,0xB8DE,0xB8DE,2171,0,262,1700002171,44689599,1,STANDBY,831,True,True,True,True,True,True,False,False,True,True,False,False,False,False,False,False,3700,3.7,3,10,48.1353,11.582,520.0,0.9,1.3,0.25,0.0,90.0,101325,22.0,520.0,0.0,0.0,9.81,0.0,0.0,0.0,23.0,25.0,0,False,False,False,False,False,False,False,False,1,2171,0,0,0,0,0,0,65535,NO_CORAL_DATA,4e 4f 5f 43 4f 52 41 4c 5f 44 41 54 41 00 00 00
2026-07-05T23:12:17.779493+00:00,1783293137.779493,-50,12.0,False,1,2,True,True,True,True,0xF264,0xF264,2172,0,262,1700002172,44710184,1,STANDBY,831,True,True,True,True,True,True,False,False,True,True,False,False,False,False,False,False,3700,3.7,3,10,48.1353,11.582,520.0,0.9,1.3,0.25,0.0,90.0,101325,22.0,520.0,0.0,0.0,9.81,0.0,0.0,0.0,23.0,25.0,0,False,False,False,False,False,False,False,False,1,2172,0,0,0,0,0,0,65535,NO_CORAL_DATA,4e 4f 5f 43 4f 52 41 4c 5f 44 41 54 41 00 00 00
2026-07-05T23:12:38.331040+00:00,1783293158.33104,-50,11.25,False,1,2,True,True,True,True,0xF08F,0xF08F,2173,0,262,1700002173,44730769,1,STANDBY,831,True,True,True,True,True,True,False,False,True,True,False,False,False,False,False,False,3700,3.7,3,10,48.1353,11.582,520.0,0.9,1.3,0.25,0.0,90.0,101325,22.0,520.0,0.0,0.0,9.81,0.0,0.0,0.0,23.0,25.0,0,False,False,False,False,False,False,False,False,1,2173,0,0,0,0,0,0,65535,NO_CORAL_DATA,4e 4f 5f 43 4f 52 41 4c 5f 44 41 54 41 00 00 00
2026-07-05T23:12:58.852704+00:00,1783293178.852704,-51,14.25,False,1,2,True,True,True,True,0xC7F2,0xC7F2,2174,0,262,1700002174,44751354,1,STANDBY,831,True,True,True,True,True,True,False,False,True,True,False,False,False,False,False,False,3700,3.7,3,10,48.1353,11.582,520.0,0.9,1.3,0.25,0.0,90.0,101325,22.0,520.0,0.0,0.0,9.81,0.0,0.0,0.0,23.0,25.0,0,False,False,False,False,False,False,False,False,1,2174,0,0,0,0,0,0,65535,NO_CORAL_DATA,4e 4f 5f 43 4f 52 41 4c 5f 44 41 54 41 00 00 00
2026-07-05T23:13:19.407891+00:00,1783293199.407891,-49,12.75,False,1,2,True,True,True,True,0x1643,0x1643,2175,0,262,1700002175,44771939,1,STANDBY,831,True,True,True,True,True,True,False,False,True,True,False,False,False,False,False,False,3700,3.7,3,10,48.1353,11.582,520.0,0.9,1.3,0.25,0.0,90.0,101325,22.0,520.0,0.0,0.0,9.81,0.0,0.0,0.0,23.0,25.0,0,False,False,False,False,False,False,False,False,1,2175,0,0,0,0,0,0,65535,NO_CORAL_DATA,4e 4f 5f 43 4f 52 41 4c 5f 44 41 54 41 00 00 00
2026-07-05T23:13:39.951377+00:00,1783293219.951377,-50,13.75,False,1,2,True,True,True,True,0x6B16,0x6B16,2176,0,262,1700002176,44792524,1,STANDBY,831,True,True,True,True,True,True,False,False,True,True,False,False,False,False,False,False,3700,3.7,3,10,48.1353,11.582,520.0,0.9,1.3,0.25,0.0,90.0,101325,22.0,520.0,0.0,0.0,9.81,0.0,0.0,0.0,23.0,25.0,0,False,False,False,False,False,False,False,False,1,2176,0,0,0,0,0,0,65535,NO_CORAL_DATA,4e 4f 5f 43 4f 52 41 4c 5f 44 41 54 41 00 00 00
2026-07-05T23:14:00.486771+00:00,1783293240.486771,-50,13.75,False,1,2,True,True,True,True,0x7D73,0x7D73,2177,0,262,1700002177,44813109,1,STANDBY,831,True,True,True,True,True,True,False,False,True,True,False,False,False,False,False,False,3700,3.7,3,10,48.1353,11.582,520.0,0.9,1.3,0.25,0.0,90.0,101325,22.0,520.0,0.0,0.0,9.81,0.0,0.0,0.0,23.0,25.0,0,False,False,False,False,False,False,False,False,1,2177,0,0,0,0,0,0,65535,NO_CORAL_DATA,4e 4f 5f 43 4f 52 41 4c 5f 44 41 54 41 00 00 00
2026-07-05T23:14:21.025894+00:00,1783293261.025894,-51,13.25,False,1,2,True,True,True,True,0x04FD,0x04FD,2178,0,262,1700002178,44833694,1,STANDBY,831,True,True,True,True,True,True,False,False,True,True,False,False,False,False,False,False,3700,3.7,3,10,48.1353,11.582,520.0,0.9,1.3,0.25,0.0,90.0,101325,22.0,520.0,0.0,0.0,9.81,0.0,0.0,0.0,23.0,25.0,0,False,False,False,False,False,False,False,False,1,2178,0,0,0,0,0,0,65535,NO_CORAL_DATA,4e 4f 5f 43 4f 52 41 4c 5f 44 41 54 41 00 00 00
2026-07-05T23:14:41.587269+00:00,1783293281.587269,-50,13.75,False,1,2,True,True,True,True,0x73FA,0x73FA,2179,0,262,1700002179,44854279,1,STANDBY,831,True,True,True,True,True,True,False,False,True,True,False,False,False,False,False,False,3700,3.7,3,10,48.1353,11.582,520.0,0.9,1.3,0.25,0.0,90.0,101325,22.0,520.0,0.0,0.0,9.81,0.0,0.0,0.0,23.0,25.0,0,False,False,False,False,False,False,False,False,1,2179,0,0,0,0,0,0,65535,NO_CORAL_DATA,4e 4f 5f 43 4f 52 41 4c 5f 44 41 54 41 00 00 00
2026-07-05T23:15:02.123677+00:00,1783293302.123677,-51,13.5,False,1,2,True,True,True,True,0x30E3,0x30E3,2180,0,262,1700002180,44874864,1,STANDBY,831,True,True,True,True,True,True,False,False,True,True,False,False,False,False,False,False,3700,3.7,3,10,48.1353,11.582,520.0,0.9,1.3,0.25,0.0,90.0,101325,22.0,520.0,0.0,0.0,9.81,0.0,0.0,0.0,23.0,25.0,0,False,False,False,False,False,False,False,False,1,2180,0,0,0,0,0,0,65535,NO_CORAL_DATA,4e 4f 5f 43 4f 52 41 4c 5f 44 41 54 41 00 00 00
2026-07-05T23:15:22.668606+00:00,1783293322.668606,-51,13.75,False,1,2,True,True,True,True,0xE319,0xE319,2181,0,262,1700002181,44895449,1,STANDBY,831,True,True,True,True,True,True,False,False,True,True,False,False,False,False,False,False,3700,3.7,3,10,48.1353,11.582,520.0,0.9,1.3,0.25,0.0,90.0,101325,22.0,520.0,0.0,0.0,9.81,0.0,0.0,0.0,23.0,25.0,0,False,False,False,False,False,False,False,False,1,2181,0,0,0,0,0,0,65535,NO_CORAL_DATA,4e 4f 5f 43 4f 52 41 4c 5f 44 41 54 41 00 00 00
2026-07-05T23:15:43.205809+00:00,1783293343.205809,-50,13.75,False,1,2,True,True,True,True,0x52C4,0x52C4,2182,0,262,1700002182,44916034,1,STANDBY,831,True,True,True,True,True,True,False,False,True,True,False,False,False,False,False,False,3700,3.7,3,10,48.1353,11.582,520.0,0.9,1.3,0.25,0.0,90.0,101325,22.0,520.0,0.0,0.0,9.81,0.0,0.0,0.0,23.0,25.0,0,False,False,False,False,False,False,False,False,1,2182,0,0,0,0,0,0,65535,NO_CORAL_DATA,4e 4f 5f 43 4f 52 41 4c 5f 44 41 54 41 00 00 00
2026-07-05T23:16:03.762374+00:00,1783293363.762374,-50,13.0,False,1,2,True,True,True,True,0x03C0,0x03C0,2183,0,262,1700002183,44936619,1,STANDBY,831,True,True,True,True,True,True,False,False,True,True,False,False,False,False,False,False,3700,3.7,3,10,48.1353,11.582,520.0,0.9,1.3,0.25,0.0,90.0,101325,22.0,520.0,0.0,0.0,9.81,0.0,0.0,0.0,23.0,25.0,0,False,False,False,False,False,False,False,False,1,2183,0,0,0,0,0,0,65535,NO_CORAL_DATA,4e 4f 5f 43 4f 52 41 4c 5f 44 41 54 41 00 00 00
2026-07-05T23:16:24.296769+00:00,1783293384.296769,-50,13.5,False,1,2,True,True,True,True,0xCB93,0xCB93,2184,0,262,1700002184,44957204,1,STANDBY,831,True,True,True,True,True,True,False,False,True,True,False,False,False,False,False,False,3700,3.7,3,10,48.1353,11.582,520.0,0.9,1.3,0.25,0.0,90.0,101325,22.0,520.0,0.0,0.0,9.81,0.0,0.0,0.0,23.0,25.0,0,False,False,False,False,False,False,False,False,1,2184,0,0,0,0,0,0,65535,NO_CORAL_DATA,4e 4f 5f 43 4f 52 41 4c 5f 44 41 54 41 00 00 00
2026-07-05T23:16:44.850899+00:00,1783293404.850899,-50,12.75,False,1,2,True,True,True,True,0x0E5F,0x0E5F,2185,0,262,1700002185,44977789,1,STANDBY,831,True,True,True,True,True,True,False,False,True,True,False,False,False,False,False,False,3700,3.7,3,10,48.1353,11.582,520.0,0.9,1.3,0.25,0.0,90.0,101325,22.0,520.0,0.0,0.0,9.81,0.0,0.0,0.0,23.0,25.0,0,False,False,False,False,False,False,False,False,1,2185,0,0,0,0,0,0,65535,NO_CORAL_DATA,4e 4f 5f 43 4f 52 41 4c 5f 44 41 54 41 00 00 00
2026-07-05T23:17:05.387776+00:00,1783293425.387776,-50,14.0,False,1,2,True,True,True,True,0xA8E7,0xA8E7,2186,0,262,1700002186,44998374,1,STANDBY,831,True,True,True,True,True,True,False,False,True,True,False,False,False,False,False,False,3700,3.7,3,10,48.1353,11.582,520.0,0.9,1.3,0.25,0.0,90.0,101325,22.0,520.0,0.0,0.0,9.81,0.0,0.0,0.0,23.0,25.0,0,False,False,False,False,False,False,False,False,1,2186,0,0,0,0,0,0,65535,NO_CORAL_DATA,4e 4f 5f 43 4f 52 41 4c 5f 44 41 54 41 00 00 00
2026-07-05T23:17:25.936039+00:00,1783293445.936039,-51,14.25,False,1,2,True,True,True,True,0x2685,0x2685,2187,0,262,1700002187,45018959,1,STANDBY,831,True,True,True,True,True,True,False,False,True,True,False,False,False,False,False,False,3700,3.7,3,10,48.1353,11.582,520.0,0.9,1.3,0.25,0.0,90.0,101325,22.0,520.0,0.0,0.0,9.81,0.0,0.0,0.0,23.0,25.0,0,False,False,False,False,False,False,False,False,1,2187,0,0,0,0,0,0,65535,NO_CORAL_DATA,4e 4f 5f 43 4f 52 41 4c 5f 44 41 54 41 00 00 00
2026-07-05T23:17:46.479076+00:00,1783293466.479076,-50,13.75,False,1,2,True,True,True,True,0xCAB2,0xCAB2,2188,0,262,1700002188,45039544,1,STANDBY,831,True,True,True,True,True,True,False,False,True,True,False,False,False,False,False,False,3700,3.7,3,10,48.1353,11.582,520.0,0.9,1.3,0.25,0.0,90.0,101325,22.0,520.0,0.0,0.0,9.81,0.0,0.0,0.0,23.0,25.0,0,False,False,False,False,False,False,False,False,1,2188,0,0,0,0,0,0,65535,NO_CORAL_DATA,4e 4f 5f 43 4f 52 41 4c 5f 44 41 54 41 00 00 00
2026-07-05T23:18:07.017900+00:00,1783293487.0179,-51,13.5,False,1,2,True,True,True,True,0x8E7A,0x8E7A,2189,0,262,1700002189,45060129,1,STANDBY,831,True,True,True,True,True,True,False,False,True,True,False,False,False,False,False,False,3700,3.7,3,10,48.1353,11.582,520.0,0.9,1.3,0.25,0.0,90.0,101325,22.0,520.0,0.0,0.0,9.81,0.0,0.0,0.0,23.0,25.0,0,False,False,False,False,False,False,False,False,1,2189,0,0,0,0,0,0,65535,NO_CORAL_DATA,4e 4f 5f 43 4f 52 41 4c 5f 44 41 54 41 00 00 00
2026-07-05T23:18:27.556238+00:00,1783293507.556238,-50,12.75,False,1,2,True,True,True,True,0xC3D9,0xC3D9,2190,0,262,1700002190,45080714,1,STANDBY,831,True,True,True,True,True,True,False,False,True,True,False,False,False,False,False,False,3700,3.7,3,10,48.1353,11.582,520.0,0.9,1.3,0.25,0.0,90.0,101325,22.0,520.0,0.0,0.0,9.81,0.0,0.0,0.0,23.0,25.0,0,False,False,False,False,False,False,False,False,1,2190,0,0,0,0,0,0,65535,NO_CORAL_DATA,4e 4f 5f 43 4f 52 41 4c 5f 44 41 54 41 00 00 00
2026-07-05T23:18:48.106859+00:00,1783293528.106859,-50,13.75,False,1,2,True,True,True,True,0xAB9C,0xAB9C,2191,0,262,1700002191,45101299,1,STANDBY,831,True,True,True,True,True,True,False,False,True,True,False,False,False,False,False,False,3700,3.7,3,10,48.1353,11.582,520.0,0.9,1.3,0.25,0.0,90.0,101325,22.0,520.0,0.0,0.0,9.81,0.0,0.0,0.0,23.0,25.0,0,False,False,False,False,False,False,False,False,1,2191,0,0,0,0,0,0,65535,NO_CORAL_DATA,4e 4f 5f 43 4f 52 41 4c 5f 44 41 54 41 00 00 00
2026-07-05T23:19:08.653484+00:00,1783293548.653484,-51,13.75,False,1,2,True,True,True,True,0xAC72,0xAC72,2192,0,262,1700002192,45121884,1,STANDBY,831,True,True,True,True,True,True,False,False,True,True,False,False,False,False,False,False,3700,3.7,3,10,48.1353,11.582,520.0,0.9,1.3,0.25,0.0,90.0,101325,22.0,520.0,0.0,0.0,9.81,0.0,0.0,0.0,23.0,25.0,0,False,False,False,False,False,False,False,False,1,2192,0,0,0,0,0,0,65535,NO_CORAL_DATA,4e 4f 5f 43 4f 52 41 4c 5f 44 41 54 41 00 00 00
2026-07-05T23:19:29.181169+00:00,1783293569.181169,-50,14.0,False,1,2,True,True,True,True,0xDE6E,0xDE6E,2193,0,262,1700002193,45142469,1,STANDBY,831,True,True,True,True,True,True,False,False,True,True,False,False,False,False,False,False,3700,3.7,3,10,48.1353,11.582,520.0,0.9,1.3,0.25,0.0,90.0,101325,22.0,520.0,0.0,0.0,9.81,0.0,0.0,0.0,23.0,25.0,0,False,False,False,False,False,False,False,False,1,2193,0,0,0,0,0,0,65535,NO_CORAL_DATA,4e 4f 5f 43 4f 52 41 4c 5f 44 41 54 41 00 00 00
2026-07-05T23:19:49.718340+00:00,1783293589.71834,-50,12.5,False,1,2,True,True,True,True,0xCA99,0xCA99,2194,0,262,1700002194,45163054,1,STANDBY,831,True,True,True,True,True,True,False,False,True,True,False,False,False,False,False,False,3700,3.7,3,10,48.1353,11.582,520.0,0.9,1.3,0.25,0.0,90.0,101325,22.0,520.0,0.0,0.0,9.81,0.0,0.0,0.0,23.0,25.0,0,False,False,False,False,False,False,False,False,1,2194,0,0,0,0,0,0,65535,NO_CORAL_DATA,4e 4f 5f 43 4f 52 41 4c 5f 44 41 54 41 00 00 00
2026-07-05T23:20:10.265360+00:00,1783293610.26536,-50,12.75,False,1,2,True,True,True,True,0x5494,0x5494,2195,0,262,1700002195,45183639,1,STANDBY,831,True,True,True,True,True,True,False,False,True,True,False,False,False,False,False,False,3700,3.7,3,10,48.1353,11.582,520.0,0.9,1.3,0.25,0.0,90.0,101325,22.0,520.0,0.0,0.0,9.81,0.0,0.0,0.0,23.0,25.0,0,False,False,False,False,False,False,False,False,1,2195,0,0,0,0,0,0,65535,NO_CORAL_DATA,4e 4f 5f 43 4f 52 41 4c 5f 44 41 54 41 00 00 00
2026-07-05T23:20:30.809462+00:00,1783293630.809462,-49,12.0,False,1,2,True,True,True,True,0x383B,0x383B,2196,0,262,1700002196,45204224,1,STANDBY,831,True,True,True,True,True,True,False,False,True,True,False,False,False,False,False,False,3700,3.7,3,10,48.1353,11.582,520.0,0.9,1.3,0.25,0.0,90.0,101325,22.0,520.0,0.0,0.0,9.81,0.0,0.0,0.0,23.0,25.0,0,False,False,False,False,False,False,False,False,1,2196,0,0,0,0,0,0,65535,NO_CORAL_DATA,4e 4f 5f 43 4f 52 41 4c 5f 44 41 54 41 00 00 00
2026-07-05T23:20:51.356854+00:00,1783293651.356854,-50,12.5,False,1,2,True,True,True,True,0xAAF9,0xAAF9,2197,0,262,1700002197,45224809,1,STANDBY,831,True,True,True,True,True,True,False,False,True,True,False,False,False,False,False,False,3700,3.7,3,10,48.1353,11.582,520.0,0.9,1.3,0.25,0.0,90.0,101325,22.0,520.0,0.0,0.0,9.81,0.0,0.0,0.0,23.0,25.0,0,False,False,False,False,False,False,False,False,1,2197,0,0,0,0,0,0,65535,NO_CORAL_DATA,4e 4f 5f 43 4f 52 41 4c 5f 44 41 54 41 00 00 00
2026-07-05T23:21:11.883885+00:00,1783293671.883885,-49,12.25,False,1,2,True,True,True,True,0x1942,0x1942,2198,0,262,1700002198,45245394,1,STANDBY,831,True,True,True,True,True,True,False,False,True,True,False,False,False,False,False,False,3700,3.7,3,10,48.1353,11.582,520.0,0.9,1.3,0.25,0.0,90.0,101325,22.0,520.0,0.0,0.0,9.81,0.0,0.0,0.0,23.0,25.0,0,False,False,False,False,False,False,False,False,1,2198,0,0,0,0,0,0,65535,NO_CORAL_DATA,4e 4f 5f 43 4f 52 41 4c 5f 44 41 54 41 00 00 00
2026-07-05T23:21:32.437452+00:00,1783293692.437452,-49,13.0,False,1,2,True,True,True,True,0x4D5D,0x4D5D,2199,0,262,1700002199,45265979,1,STANDBY,831,True,True,True,True,True,True,False,False,True,True,False,False,False,False,False,False,3700,3.7,3,10,48.1353,11.582,520.0,0.9,1.3,0.25,0.0,90.0,101325,22.0,520.0,0.0,0.0,9.81,0.0,0.0,0.0,23.0,25.0,0,False,False,False,False,False,False,False,False,1,2199,0,0,0,0,0,0,65535,NO_CORAL_DATA,4e 4f 5f 43 4f 52 41 4c 5f 44 41 54 41 00 00 00
2026-07-05T23:21:52.967590+00:00,1783293712.96759,-51,12.0,False,1,2,True,True,True,True,0xAF46,0xAF46,2200,0,262,1700002200,45286564,1,STANDBY,831,True,True,True,True,True,True,False,False,True,True,False,False,False,False,False,False,3700,3.7,3,10,48.1353,11.582,520.0,0.9,1.3,0.25,0.0,90.0,101325,22.0,520.0,0.0,0.0,9.81,0.0,0.0,0.0,23.0,25.0,0,False,False,False,False,False,False,False,False,1,2200,0,0,0,0,0,0,65535,NO_CORAL_DATA,4e 4f 5f 43 4f 52 41 4c 5f 44 41 54 41 00 00 00
2026-07-05T23:22:13.518924+00:00,1783293733.518924,-50,12.5,False,1,2,True,True,True,True,0x13DE,0x13DE,2201,0,262,1700002201,45307149,1,STANDBY,831,True,True,True,True,True,True,False,False,True,True,False,False,False,False,False,False,3700,3.7,3,10,48.1353,11.582,520.0,0.9,1.3,0.25,0.0,90.0,101325,22.0,520.0,0.0,0.0,9.81,0.0,0.0,0.0,23.0,25.0,0,False,False,False,False,False,False,False,False,1,2201,0,0,0,0,0,0,65535,NO_CORAL_DATA,4e 4f 5f 43 4f 52 41 4c 5f 44 41 54 41 00 00 00
2026-07-05T23:22:34.065511+00:00,1783293754.065511,-50,11.75,False,1,2,True,True,True,True,0x23A9,0x23A9,2202,0,262,1700002202,45327734,1,STANDBY,831,True,True,True,True,True,True,False,False,True,True,False,False,False,False,False,False,3700,3.7,3,10,48.1353,11.582,520.0,0.9,1.3,0.25,0.0,90.0,101325,22.0,520.0,0.0,0.0,9.81,0.0,0.0,0.0,23.0,25.0,0,False,False,False,False,False,False,False,False,1,2202,0,0,0,0,0,0,65535,NO_CORAL_DATA,4e 4f 5f 43 4f 52 41 4c 5f 44 41 54 41 00 00 00
2026-07-05T23:22:54.602715+00:00,1783293774.602715,-51,11.75,False,1,2,True,True,True,True,0x43BC,0x43BC,2203,0,262,1700002203,45348319,1,STANDBY,831,True,True,True,True,True,True,False,False,True,True,False,False,False,False,False,False,3700,3.7,3,10,48.1353,11.582,520.0,0.9,1.3,0.25,0.0,90.0,101325,22.0,520.0,0.0,0.0,9.81,0.0,0.0,0.0,23.0,25.0,0,False,False,False,False,False,False,False,False,1,2203,0,0,0,0,0,0,65535,NO_CORAL_DATA,4e 4f 5f 43 4f 52 41 4c 5f 44 41 54 41 00 00 00
2026-07-05T23:23:15.157105+00:00,1783293795.157105,-50,12.5,False,1,2,True,True,True,True,0x4B17,0x4B17,2204,0,262,1700002204,45368904,1,STANDBY,831,True,True,True,True,True,True,False,False,True,True,False,False,False,False,False,False,3700,3.7,3,10,48.1353,11.582,520.0,0.9,1.3,0.25,0.0,90.0,101325,22.0,520.0,0.0,0.0,9.81,0.0,0.0,0.0,23.0,25.0,0,False,False,False,False,False,False,False,False,1,2204,0,0,0,0,0,0,65535,NO_CORAL_DATA,4e 4f 5f 43 4f 52 41 4c 5f 44 41 54 41 00 00 00
2026-07-05T23:23:35.686389+00:00,1783293815.686389,-50,12.5,False,1,2,True,True,True,True,0xD6F1,0xD6F1,2205,0,262,1700002205,45389489,1,STANDBY,831,True,True,True,True,True,True,False,False,True,True,False,False,False,False,False,False,3700,3.7,3,10,48.1353,11.582,520.0,0.9,1.3,0.25,0.0,90.0,101325,22.0,520.0,0.0,0.0,9.81,0.0,0.0,0.0,23.0,25.0,0,False,False,False,False,False,False,False,False,1,2205,0,0,0,0,0,0,65535,NO_CORAL_DATA,4e 4f 5f 43 4f 52 41 4c 5f 44 41 54 41 00 00 00
2026-07-05T23:23:56.240624+00:00,1783293836.240624,-50,13.5,False,1,2,True,True,True,True,0x47DF,0x47DF,2206,0,262,1700002206,45410074,1,STANDBY,831,True,True,True,True,True,True,False,False,True,True,False,False,False,False,False,False,3700,3.7,3,10,48.1353,11.582,520.0,0.9,1.3,0.25,0.0,90.0,101325,22.0,520.0,0.0,0.0,9.81,0.0,0.0,0.0,23.0,25.0,0,False,False,False,False,False,False,False,False,1,2206,0,0,0,0,0,0,65535,NO_CORAL_DATA,4e 4f 5f 43 4f 52 41 4c 5f 44 41 54 41 00 00 00
2026-07-05T23:24:16.779992+00:00,1783293856.779992,-51,12.25,False,1,2,True,True,True,True,0xD122,0xD122,2207,0,262,1700002207,45430659,1,STANDBY,831,True,True,True,True,True,True,False,False,True,True,False,False,False,False,False,False,3700,3.7,3,10,48.1353,11.582,520.0,0.9,1.3,0.25,0.0,90.0,101325,22.0,520.0,0.0,0.0,9.81,0.0,0.0,0.0,23.0,25.0,0,False,False,False,False,False,False,False,False,1,2207,0,0,0,0,0,0,65535,NO_CORAL_DATA,4e 4f 5f 43 4f 52 41 4c 5f 44 41 54 41 00 00 00
2026-07-05T23:24:37.319977+00:00,1783293877.319977,-51,12.0,False,1,2,True,True,True,True,0x4A95,0x4A95,2208,0,262,1700002208,45451244,1,STANDBY,831,True,True,True,True,True,True,False,False,True,True,False,False,False,False,False,False,3700,3.7,3,10,48.1353,11.582,520.0,0.9,1.3,0.25,0.0,90.0,101325,22.0,520.0,0.0,0.0,9.81,0.0,0.0,0.0,23.0,25.0,0,False,False,False,False,False,False,False,False,1,2208,0,0,0,0,0,0,65535,NO_CORAL_DATA,4e 4f 5f 43 4f 52 41 4c 5f 44 41 54 41 00 00 00
2026-07-05T23:24:57.867577+00:00,1783293897.867577,-51,12.25,False,1,2,True,True,True,True,0x67D7,0x67D7,2209,0,262,1700002209,45471829,1,STANDBY,831,True,True,True,True,True,True,False,False,True,True,False,False,False,False,False,False,3700,3.7,3,10,48.1353,11.582,520.0,0.9,1.3,0.25,0.0,90.0,101325,22.0,520.0,0.0,0.0,9.81,0.0,0.0,0.0,23.0,25.0,0,False,False,False,False,False,False,False,False,1,2209,0,0,0,0,0,0,65535,NO_CORAL_DATA,4e 4f 5f 43 4f 52 41 4c 5f 44 41 54 41 00 00 00
2026-07-05T23:51:19.713082+00:00,1783295479.713082,-50,12.5,False,1,2,True,True,True,True,0xF8F1,0xF8F1,2286,76,338,1700002286,47056870,1,STANDBY,831,True,True,True,True,True,True,False,False,True,True,False,False,False,False,False,False,3700,3.7,3,10,48.1353,11.582,520.0,0.9,1.3,0.25,0.0,90.0,101325,22.0,520.0,0.0,0.0,9.81,0.0,0.0,0.0,23.0,25.0,0,False,False,False,False,False,False,False,False,1,2286,0,0,0,0,0,0,65535,NO_CORAL_DATA,4e 4f 5f 43 4f 52 41 4c 5f 44 41 54 41 00 00 00
