pc_receive_time_iso,pc_receive_time_unix,lora_downlink_rssi_dbm,lora_downlink_snr_db,lora_crc_error,packet_type,protocol_version,packet_type_ok,protocol_version_ok,length_ok,crc_ok,received_crc16,calculated_crc16,sequence_number,lost_packets_since_previous,total_lost_packets,utc_timestamp,obc_uptime_ms,flight_state,flight_state_name,status_flags_raw,GNSS_FIX_VALID,GNSS_TIME_VALID,IMU_VALID,BARO_VALID,BARO_RANGE_VALID,BATTERY_VALID,CORAL_VALID,CORAL_NEW,SD_LOGGING_OK,LAST_LORA_TX_OK,COMMAND_RX_SINCE_LAST,OBC_TIME_FALLBACK,GPS_ERROR,IMU_ERROR,BARO_ERROR,SD_ERROR,battery_mv,battery_v,gnss_fix_type,gnss_satellites_used,latitude_deg,longitude_deg,gnss_altitude_m,gnss_hdop,gnss_vdop,ground_speed_ms,vertical_speed_ms,course_deg,baro_pressure_pa,baro_temperature_c,baro_altitude_m,accel_x_ms2,accel_y_ms2,accel_z_ms2,gyro_x_rads,gyro_y_rads,gyro_z_rads,imu_temperature_c,mcu_temperature_c,reset_cause_raw,PIN_RESET,BOR_RESET,SOFTWARE_RESET,IWDG_RESET,WWDG_RESET,LOW_POWER_RESET,OPTION_BYTE_RESET,FIREWALL_RESET,boot_count,sd_log_record_counter,sd_error_counter,sensor_error_counter,command_counter,last_uplink_rssi_dbm,last_uplink_snr_db,coral_status,coral_result_age_s,coral_payload_text,coral_payload_hex
2026-07-06T00:05:24.480295+00:00,1783296324.480295,-50,13.25,False,1,2,True,True,True,True,0x522A,0x522A,15,0,0,1700000015,308845,1,STANDBY,831,True,True,True,True,True,True,False,False,True,True,False,False,False,False,False,False,3700,3.7,3,10,48.1353,11.582,520.0,0.9,1.3,0.25,0.0,90.0,101325,22.0,520.0,0.0,0.0,9.81,0.0,0.0,0.0,23.0,25.0,0,False,False,False,False,False,False,False,False,1,15,0,0,0,0,0,0,65535,NO_CORAL_DATA,4e 4f 5f 43 4f 52 41 4c 5f 44 41 54 41 00 00 00
2026-07-06T00:05:45.010066+00:00,1783296345.010066,-49,9.75,False,1,2,True,True,True,True,0xFFEC,0xFFEC,16,0,0,1700000016,329429,1,STANDBY,831,True,True,True,True,True,True,False,False,True,True,False,False,False,False,False,False,3700,3.7,3,10,48.1353,11.582,520.0,0.9,1.3,0.25,0.0,90.0,101325,22.0,520.0,0.0,0.0,9.81,0.0,0.0,0.0,23.0,25.0,0,False,False,False,False,False,False,False,False,1,16,0,0,0,0,0,0,65535,NO_CORAL_DATA,4e 4f 5f 43 4f 52 41 4c 5f 44 41 54 41 00 00 00
2026-07-06T00:06:05.575524+00:00,1783296365.575524,-49,9.75,False,1,2,True,True,True,True,0x94B4,0x94B4,17,0,0,1700000017,350014,1,STANDBY,831,True,True,True,True,True,True,False,False,True,True,False,False,False,False,False,False,3700,3.7,3,10,48.1353,11.582,520.0,0.9,1.3,0.25,0.0,90.0,101325,22.0,520.0,0.0,0.0,9.81,0.0,0.0,0.0,23.0,25.0,0,False,False,False,False,False,False,False,False,1,17,0,0,0,0,0,0,65535,NO_CORAL_DATA,4e 4f 5f 43 4f 52 41 4c 5f 44 41 54 41 00 00 00
2026-07-06T00:06:26.100029+00:00,1783296386.100029,-49,10.0,False,1,2,True,True,True,True,0x1F35,0x1F35,18,0,0,1700000018,370599,1,STANDBY,831,True,True,True,True,True,True,False,False,True,True,False,False,False,False,False,False,3700,3.7,3,10,48.1353,11.582,520.0,0.9,1.3,0.25,0.0,90.0,101325,22.0,520.0,0.0,0.0,9.81,0.0,0.0,0.0,23.0,25.0,0,False,False,False,False,False,False,False,False,1,18,0,0,0,0,0,0,65535,NO_CORAL_DATA,4e 4f 5f 43 4f 52 41 4c 5f 44 41 54 41 00 00 00
2026-07-06T00:06:46.640075+00:00,1783296406.640075,-49,10.25,False,1,2,True,True,True,True,0x6D3E,0x6D3E,19,0,0,1700000019,391184,1,STANDBY,831,True,True,True,True,True,True,False,False,True,True,False,False,False,False,False,False,3700,3.7,3,10,48.1353,11.582,520.0,0.9,1.3,0.25,0.0,90.0,101325,22.0,520.0,0.0,0.0,9.81,0.0,0.0,0.0,23.0,25.0,0,False,False,False,False,False,False,False,False,1,19,0,0,0,0,0,0,65535,NO_CORAL_DATA,4e 4f 5f 43 4f 52 41 4c 5f 44 41 54 41 00 00 00
2026-07-06T00:07:07.195928+00:00,1783296427.195928,-50,10.0,False,1,2,True,True,True,True,0xA963,0xA963,20,0,0,1700000020,411769,1,STANDBY,831,True,True,True,True,True,True,False,False,True,True,False,False,False,False,False,False,3700,3.7,3,10,48.1353,11.582,520.0,0.9,1.3,0.25,0.0,90.0,101325,22.0,520.0,0.0,0.0,9.81,0.0,0.0,0.0,23.0,25.0,0,False,False,False,False,False,False,False,False,1,20,0,0,0,0,0,0,65535,NO_CORAL_DATA,4e 4f 5f 43 4f 52 41 4c 5f 44 41 54 41 00 00 00
2026-07-06T00:07:27.715659+00:00,1783296447.715659,-49,10.0,False,1,2,True,True,True,True,0x0F54,0x0F54,21,0,0,1700000021,432354,1,STANDBY,831,True,True,True,True,True,True,False,False,True,True,False,False,False,False,False,False,3700,3.7,3,10,48.1353,11.582,520.0,0.9,1.3,0.25,0.0,90.0,101325,22.0,520.0,0.0,0.0,9.81,0.0,0.0,0.0,23.0,25.0,0,False,False,False,False,False,False,False,False,1,21,0,0,0,0,0,0,65535,NO_CORAL_DATA,4e 4f 5f 43 4f 52 41 4c 5f 44 41 54 41 00 00 00
2026-07-06T00:07:48.259114+00:00,1783296468.259114,-49,10.0,False,1,2,True,True,True,True,0x0648,0x0648,22,0,0,1700000022,452938,1,STANDBY,831,True,True,True,True,True,True,False,False,True,True,False,False,False,False,False,False,3700,3.7,3,10,48.1353,11.582,520.0,0.9,1.3,0.25,0.0,90.0,101325,22.0,520.0,0.0,0.0,9.81,0.0,0.0,0.0,23.0,25.0,0,False,False,False,False,False,False,False,False,1,22,0,0,0,0,0,0,65535,NO_CORAL_DATA,4e 4f 5f 43 4f 52 41 4c 5f 44 41 54 41 00 00 00
2026-07-06T00:08:08.805879+00:00,1783296488.805879,-49,12.25,False,1,2,True,True,True,True,0xB4A7,0xB4A7,23,0,0,1700000023,473523,1,STANDBY,831,True,True,True,True,True,True,False,False,True,True,False,False,False,False,False,False,3700,3.7,3,10,48.1353,11.582,520.0,0.9,1.3,0.25,0.0,90.0,101325,22.0,520.0,0.0,0.0,9.81,0.0,0.0,0.0,23.0,25.0,0,False,False,False,False,False,False,False,False,1,23,0,0,0,0,0,0,65535,NO_CORAL_DATA,4e 4f 5f 43 4f 52 41 4c 5f 44 41 54 41 00 00 00
2026-07-06T00:08:29.349657+00:00,1783296509.349657,-49,10.0,False,1,2,True,True,True,True,0xB9BE,0xB9BE,24,0,0,1700000024,494107,1,STANDBY,831,True,True,True,True,True,True,False,False,True,True,False,False,False,False,False,False,3700,3.7,3,10,48.1353,11.582,520.0,0.9,1.3,0.25,0.0,90.0,101325,22.0,520.0,0.0,0.0,9.81,0.0,0.0,0.0,23.0,25.0,0,False,False,False,False,False,False,False,False,1,24,0,0,0,0,0,0,65535,NO_CORAL_DATA,4e 4f 5f 43 4f 52 41 4c 5f 44 41 54 41 00 00 00
2026-07-06T00:08:49.903576+00:00,1783296529.903576,-49,10.25,False,1,2,True,True,True,True,0xEBE7,0xEBE7,25,0,0,1700000025,514692,1,STANDBY,831,True,True,True,True,True,True,False,False,True,True,False,False,False,False,False,False,3700,3.7,3,10,48.1353,11.582,520.0,0.9,1.3,0.25,0.0,90.0,101325,22.0,520.0,0.0,0.0,9.81,0.0,0.0,0.0,23.0,25.0,0,False,False,False,False,False,False,False,False,1,25,0,0,0,0,0,0,65535,NO_CORAL_DATA,4e 4f 5f 43 4f 52 41 4c 5f 44 41 54 41 00 00 00
2026-07-06T00:09:10.433462+00:00,1783296550.433462,-49,10.0,False,1,2,True,True,True,True,0x9F1D,0x9F1D,26,0,0,1700000026,535277,1,STANDBY,831,True,True,True,True,True,True,False,False,True,True,False,False,False,False,False,False,3700,3.7,3,10,48.1353,11.582,520.0,0.9,1.3,0.25,0.0,90.0,101325,22.0,520.0,0.0,0.0,9.81,0.0,0.0,0.0,23.0,25.0,0,False,False,False,False,False,False,False,False,1,26,0,0,0,0,0,0,65535,NO_CORAL_DATA,4e 4f 5f 43 4f 52 41 4c 5f 44 41 54 41 00 00 00
2026-07-06T00:09:30.994054+00:00,1783296570.994054,-50,11.75,False,1,2,True,True,True,True,0xC25E,0xC25E,27,0,0,1700000027,555862,1,STANDBY,831,True,True,True,True,True,True,False,False,True,True,False,False,False,False,False,False,3700,3.7,3,10,48.1353,11.582,520.0,0.9,1.3,0.25,0.0,90.0,101325,22.0,520.0,0.0,0.0,9.81,0.0,0.0,0.0,23.0,25.0,0,False,False,False,False,False,False,False,False,1,27,0,0,0,0,0,0,65535,NO_CORAL_DATA,4e 4f 5f 43 4f 52 41 4c 5f 44 41 54 41 00 00 00
2026-07-06T00:09:51.521970+00:00,1783296591.52197,-49,9.5,False,1,2,True,True,True,True,0x70CE,0x70CE,28,0,0,1700000028,576446,1,STANDBY,831,True,True,True,True,True,True,False,False,True,True,False,False,False,False,False,False,3700,3.7,3,10,48.1353,11.582,520.0,0.9,1.3,0.25,0.0,90.0,101325,22.0,520.0,0.0,0.0,9.81,0.0,0.0,0.0,23.0,25.0,0,False,False,False,False,False,False,False,False,1,28,0,0,0,0,0,0,65535,NO_CORAL_DATA,4e 4f 5f 43 4f 52 41 4c 5f 44 41 54 41 00 00 00
2026-07-06T00:10:12.079002+00:00,1783296612.079002,-48,9.75,False,1,2,True,True,True,True,0xD1D2,0xD1D2,29,0,0,1700000029,597031,1,STANDBY,831,True,True,True,True,True,True,False,False,True,True,False,False,False,False,False,False,3700,3.7,3,10,48.1353,11.582,520.0,0.9,1.3,0.25,0.0,90.0,101325,22.0,520.0,0.0,0.0,9.81,0.0,0.0,0.0,23.0,25.0,0,False,False,False,False,False,False,False,False,1,29,0,0,0,0,0,0,65535,NO_CORAL_DATA,4e 4f 5f 43 4f 52 41 4c 5f 44 41 54 41 00 00 00
2026-07-06T00:10:32.602289+00:00,1783296632.602289,-49,10.5,False,1,2,True,True,True,True,0x22E3,0x22E3,30,0,0,1700000030,617616,1,STANDBY,831,True,True,True,True,True,True,False,False,True,True,False,False,False,False,False,False,3700,3.7,3,10,48.1353,11.582,520.0,0.9,1.3,0.25,0.0,90.0,101325,22.0,520.0,0.0,0.0,9.81,0.0,0.0,0.0,23.0,25.0,0,False,False,False,False,False,False,False,False,1,30,0,0,0,0,0,0,65535,NO_CORAL_DATA,4e 4f 5f 43 4f 52 41 4c 5f 44 41 54 41 00 00 00
2026-07-06T00:10:53.144386+00:00,1783296653.144386,-50,9.75,False,1,2,True,True,True,True,0xC13A,0xC13A,31,0,0,1700000031,638201,1,STANDBY,831,True,True,True,True,True,True,False,False,True,True,False,False,False,False,False,False,3700,3.7,3,10,48.1353,11.582,520.0,0.9,1.3,0.25,0.0,90.0,101325,22.0,520.0,0.0,0.0,9.81,0.0,0.0,0.0,23.0,25.0,0,False,False,False,False,False,False,False,False,1,31,0,0,0,0,0,0,65535,NO_CORAL_DATA,4e 4f 5f 43 4f 52 41 4c 5f 44 41 54 41 00 00 00
2026-07-06T00:11:13.691459+00:00,1783296673.691459,-49,10.25,False,1,2,True,True,True,True,0x92B0,0x92B0,32,0,0,1700000032,658786,1,STANDBY,831,True,True,True,True,True,True,False,False,True,True,False,False,False,False,False,False,3700,3.7,3,10,48.1353,11.582,520.0,0.9,1.3,0.25,0.0,90.0,101325,22.0,520.0,0.0,0.0,9.81,0.0,0.0,0.0,23.0,25.0,0,False,False,False,False,False,False,False,False,1,32,0,0,0,0,0,0,65535,NO_CORAL_DATA,4e 4f 5f 43 4f 52 41 4c 5f 44 41 54 41 00 00 00
2026-07-06T00:11:34.211558+00:00,1783296694.211558,-49,9.75,False,1,2,True,True,True,True,0xF2A5,0xF2A5,33,0,0,1700000033,679371,1,STANDBY,831,True,True,True,True,True,True,False,False,True,True,False,False,False,False,False,False,3700,3.7,3,10,48.1353,11.582,520.0,0.9,1.3,0.25,0.0,90.0,101325,22.0,520.0,0.0,0.0,9.81,0.0,0.0,0.0,23.0,25.0,0,False,False,False,False,False,False,False,False,1,33,0,0,0,0,0,0,65535,NO_CORAL_DATA,4e 4f 5f 43 4f 52 41 4c 5f 44 41 54 41 00 00 00
2026-07-06T00:11:54.739567+00:00,1783296714.739567,-49,10.25,False,1,2,True,True,True,True,0x08C5,0x08C5,34,0,0,1700000034,699956,1,STANDBY,831,True,True,True,True,True,True,False,False,True,True,False,False,False,False,False,False,3700,3.7,3,10,48.1353,11.582,520.0,0.9,1.3,0.25,0.0,90.0,101325,22.0,520.0,0.0,0.0,9.81,0.0,0.0,0.0,23.0,25.0,0,False,False,False,False,False,False,False,False,1,34,0,0,0,0,0,0,65535,NO_CORAL_DATA,4e 4f 5f 43 4f 52 41 4c 5f 44 41 54 41 00 00 00
2026-07-06T00:12:15.293689+00:00,1783296735.293689,-50,9.75,False,1,2,True,True,True,True,0x68D0,0x68D0,35,0,0,1700000035,720541,1,STANDBY,831,True,True,True,True,True,True,False,False,True,True,False,False,False,False,False,False,3700,3.7,3,10,48.1353,11.582,520.0,0.9,1.3,0.25,0.0,90.0,101325,22.0,520.0,0.0,0.0,9.81,0.0,0.0,0.0,23.0,25.0,0,False,False,False,False,False,False,False,False,1,35,0,0,0,0,0,0,65535,NO_CORAL_DATA,4e 4f 5f 43 4f 52 41 4c 5f 44 41 54 41 00 00 00
2026-07-06T00:12:35.841879+00:00,1783296755.841879,-50,10.5,False,1,2,True,True,True,True,0x6BFC,0x6BFC,36,0,0,1700000036,741126,1,STANDBY,831,True,True,True,True,True,True,False,False,True,True,False,False,False,False,False,False,3700,3.7,3,10,48.1353,11.582,520.0,0.9,1.3,0.25,0.0,90.0,101325,22.0,520.0,0.0,0.0,9.81,0.0,0.0,0.0,23.0,25.0,0,False,False,False,False,False,False,False,False,1,36,0,0,0,0,0,0,65535,NO_CORAL_DATA,4e 4f 5f 43 4f 52 41 4c 5f 44 41 54 41 00 00 00
2026-07-06T00:12:56.368715+00:00,1783296776.368715,-50,11.25,False,1,2,True,True,True,True,0x8825,0x8825,37,0,0,1700000037,761711,1,STANDBY,831,True,True,True,True,True,True,False,False,True,True,False,False,False,False,False,False,3700,3.7,3,10,48.1353,11.582,520.0,0.9,1.3,0.25,0.0,90.0,101325,22.0,520.0,0.0,0.0,9.81,0.0,0.0,0.0,23.0,25.0,0,False,False,False,False,False,False,False,False,1,37,0,0,0,0,0,0,65535,NO_CORAL_DATA,4e 4f 5f 43 4f 52 41 4c 5f 44 41 54 41 00 00 00
2026-07-06T00:13:16.900842+00:00,1783296796.900842,-50,9.75,False,1,2,True,True,True,True,0x7B14,0x7B14,38,0,0,1700000038,782296,1,STANDBY,831,True,True,True,True,True,True,False,False,True,True,False,False,False,False,False,False,3700,3.7,3,10,48.1353,11.582,520.0,0.9,1.3,0.25,0.0,90.0,101325,22.0,520.0,0.0,0.0,9.81,0.0,0.0,0.0,23.0,25.0,0,False,False,False,False,False,False,False,False,1,38,0,0,0,0,0,0,65535,NO_CORAL_DATA,4e 4f 5f 43 4f 52 41 4c 5f 44 41 54 41 00 00 00
2026-07-06T00:13:37.452181+00:00,1783296817.452181,-49,10.5,False,1,2,True,True,True,True,0xF2E3,0xF2E3,39,0,0,1700000039,802881,1,STANDBY,831,True,True,True,True,True,True,False,False,True,True,False,False,False,False,False,False,3700,3.7,3,10,48.1353,11.582,520.0,0.9,1.3,0.25,0.0,90.0,101325,22.0,520.0,0.0,0.0,9.81,0.0,0.0,0.0,23.0,25.0,0,False,False,False,False,False,False,False,False,1,39,0,0,0,0,0,0,65535,NO_CORAL_DATA,4e 4f 5f 43 4f 52 41 4c 5f 44 41 54 41 00 00 00
2026-07-06T00:13:57.981223+00:00,1783296837.981223,-51,11.25,False,1,2,True,True,True,True,0x8D73,0x8D73,40,0,0,1700000040,823466,1,STANDBY,831,True,True,True,True,True,True,False,False,True,True,False,False,False,False,False,False,3700,3.7,3,10,48.1353,11.582,520.0,0.9,1.3,0.25,0.0,90.0,101325,22.0,520.0,0.0,0.0,9.81,0.0,0.0,0.0,23.0,25.0,0,False,False,False,False,False,False,False,False,1,40,0,0,0,0,0,0,65535,NO_CORAL_DATA,4e 4f 5f 43 4f 52 41 4c 5f 44 41 54 41 00 00 00
2026-07-06T00:14:18.509587+00:00,1783296858.509587,-49,12.0,False,1,2,True,True,True,True,0xFD09,0xFD09,41,0,0,1700000041,844051,1,STANDBY,831,True,True,True,True,True,True,False,False,True,True,False,False,False,False,False,False,3700,3.7,3,10,48.1353,11.582,520.0,0.9,1.3,0.25,0.0,90.0,101325,22.0,520.0,0.0,0.0,9.81,0.0,0.0,0.0,23.0,25.0,0,False,False,False,False,False,False,False,False,1,41,0,0,0,0,0,0,65535,NO_CORAL_DATA,4e 4f 5f 43 4f 52 41 4c 5f 44 41 54 41 00 00 00
2026-07-06T00:14:39.035876+00:00,1783296879.035876,-49,10.75,False,1,2,True,True,True,True,0x1113,0x1113,42,0,0,1700000042,864636,1,STANDBY,831,True,True,True,True,True,True,False,False,True,True,False,False,False,False,False,False,3700,3.7,3,10,48.1353,11.582,520.0,0.9,1.3,0.25,0.0,90.0,101325,22.0,520.0,0.0,0.0,9.81,0.0,0.0,0.0,23.0,25.0,0,False,False,False,False,False,False,False,False,1,42,0,0,0,0,0,0,65535,NO_CORAL_DATA,4e 4f 5f 43 4f 52 41 4c 5f 44 41 54 41 00 00 00
2026-07-06T00:14:59.601308+00:00,1783296899.601308,-49,12.5,False,1,2,True,True,True,True,0xFFE9,0xFFE9,43,0,0,1700000043,885221,1,STANDBY,831,True,True,True,True,True,True,False,False,True,True,False,False,False,False,False,False,3700,3.7,3,10,48.1353,11.582,520.0,0.9,1.3,0.25,0.0,90.0,101325,22.0,520.0,0.0,0.0,9.81,0.0,0.0,0.0,23.0,25.0,0,False,False,False,False,False,False,False,False,1,43,0,0,0,0,0,0,65535,NO_CORAL_DATA,4e 4f 5f 43 4f 52 41 4c 5f 44 41 54 41 00 00 00
2026-07-06T00:15:20.141577+00:00,1783296920.141577,-50,12.25,False,1,2,True,True,True,True,0xF418,0xF418,44,0,0,1700000044,905806,1,STANDBY,831,True,True,True,True,True,True,False,False,True,True,False,False,False,False,False,False,3700,3.7,3,10,48.1353,11.582,520.0,0.9,1.3,0.25,0.0,90.0,101325,22.0,520.0,0.0,0.0,9.81,0.0,0.0,0.0,23.0,25.0,0,False,False,False,False,False,False,False,False,1,44,0,0,0,0,0,0,65535,NO_CORAL_DATA,4e 4f 5f 43 4f 52 41 4c 5f 44 41 54 41 00 00 00
2026-07-06T00:15:40.671956+00:00,1783296940.671956,-49,9.75,False,1,2,True,True,True,True,0x2A1F,0x2A1F,45,0,0,1700000045,926391,1,STANDBY,831,True,True,True,True,True,True,False,False,True,True,False,False,False,False,False,False,3700,3.7,3,10,48.1353,11.582,520.0,0.9,1.3,0.25,0.0,90.0,101325,22.0,520.0,0.0,0.0,9.81,0.0,0.0,0.0,23.0,25.0,0,False,False,False,False,False,False,False,False,1,45,0,0,0,0,0,0,65535,NO_CORAL_DATA,4e 4f 5f 43 4f 52 41 4c 5f 44 41 54 41 00 00 00
2026-07-06T00:16:01.194732+00:00,1783296961.194732,-48,10.0,False,1,2,True,True,True,True,0xDB48,0xDB48,46,0,0,1700000046,946976,1,STANDBY,831,True,True,True,True,True,True,False,False,True,True,False,False,False,False,False,False,3700,3.7,3,10,48.1353,11.582,520.0,0.9,1.3,0.25,0.0,90.0,101325,22.0,520.0,0.0,0.0,9.81,0.0,0.0,0.0,23.0,25.0,0,False,False,False,False,False,False,False,False,1,46,0,0,0,0,0,0,65535,NO_CORAL_DATA,4e 4f 5f 43 4f 52 41 4c 5f 44 41 54 41 00 00 00
2026-07-06T00:16:21.740889+00:00,1783296981.740889,-50,9.75,False,1,2,True,True,True,True,0x27BB,0x27BB,47,0,0,1700000047,967561,1,STANDBY,831,True,True,True,True,True,True,False,False,True,True,False,False,False,False,False,False,3700,3.7,3,10,48.1353,11.582,520.0,0.9,1.3,0.25,0.0,90.0,101325,22.0,520.0,0.0,0.0,9.81,0.0,0.0,0.0,23.0,25.0,0,False,False,False,False,False,False,False,False,1,47,0,0,0,0,0,0,65535,NO_CORAL_DATA,4e 4f 5f 43 4f 52 41 4c 5f 44 41 54 41 00 00 00
2026-07-06T00:16:42.309464+00:00,1783297002.309464,-50,10.0,False,1,2,True,True,True,True,0x0D65,0x0D65,48,0,0,1700000048,988146,1,STANDBY,831,True,True,True,True,True,True,False,False,True,True,False,False,False,False,False,False,3700,3.7,3,10,48.1353,11.582,520.0,0.9,1.3,0.25,0.0,90.0,101325,22.0,520.0,0.0,0.0,9.81,0.0,0.0,0.0,23.0,25.0,0,False,False,False,False,False,False,False,False,1,48,0,0,0,0,0,0,65535,NO_CORAL_DATA,4e 4f 5f 43 4f 52 41 4c 5f 44 41 54 41 00 00 00
2026-07-06T00:17:02.813232+00:00,1783297022.813232,-50,11.5,False,1,2,True,True,True,True,0x686B,0x686B,49,0,0,1700000049,1008731,1,STANDBY,831,True,True,True,True,True,True,False,False,True,True,False,False,False,False,False,False,3700,3.7,3,10,48.1353,11.582,520.0,0.9,1.3,0.25,0.0,90.0,101325,22.0,520.0,0.0,0.0,9.81,0.0,0.0,0.0,23.0,25.0,0,False,False,False,False,False,False,False,False,1,49,0,0,0,0,0,0,65535,NO_CORAL_DATA,4e 4f 5f 43 4f 52 41 4c 5f 44 41 54 41 00 00 00
2026-07-06T00:17:23.336842+00:00,1783297043.336842,-50,9.75,False,1,2,True,True,True,True,0xF155,0xF155,50,0,0,1700000050,1029316,1,STANDBY,831,True,True,True,True,True,True,False,False,True,True,False,False,False,False,False,False,3700,3.7,3,10,48.1353,11.582,520.0,0.9,1.3,0.25,0.0,90.0,101325,22.0,520.0,0.0,0.0,9.81,0.0,0.0,0.0,23.0,25.0,0,False,False,False,False,False,False,False,False,1,50,0,0,0,0,0,0,65535,NO_CORAL_DATA,4e 4f 5f 43 4f 52 41 4c 5f 44 41 54 41 00 00 00
2026-07-06T00:17:43.853726+00:00,1783297063.853726,-50,11.0,False,1,2,True,True,True,True,0x6CAC,0x6CAC,51,0,0,1700000051,1049901,1,STANDBY,831,True,True,True,True,True,True,False,False,True,True,False,False,False,False,False,False,3700,3.7,3,10,48.1353,11.582,520.0,0.9,1.3,0.25,0.0,90.0,101325,22.0,520.0,0.0,0.0,9.81,0.0,0.0,0.0,23.0,25.0,0,False,False,False,False,False,False,False,False,1,51,0,0,0,0,0,0,65535,NO_CORAL_DATA,4e 4f 5f 43 4f 52 41 4c 5f 44 41 54 41 00 00 00
2026-07-06T00:18:04.404069+00:00,1783297084.404069,-50,10.0,False,1,2,True,True,True,True,0xECF3,0xECF3,52,0,0,1700000052,1070486,1,STANDBY,831,True,True,True,True,True,True,False,False,True,True,False,False,False,False,False,False,3700,3.7,3,10,48.1353,11.582,520.0,0.9,1.3,0.25,0.0,90.0,101325,22.0,520.0,0.0,0.0,9.81,0.0,0.0,0.0,23.0,25.0,0,False,False,False,False,False,False,False,False,1,52,0,0,0,0,0,0,65535,NO_CORAL_DATA,4e 4f 5f 43 4f 52 41 4c 5f 44 41 54 41 00 00 00
2026-07-06T00:18:24.924392+00:00,1783297104.924392,-50,10.5,False,1,2,True,True,True,True,0x3DD0,0x3DD0,53,0,0,1700000053,1091071,1,STANDBY,831,True,True,True,True,True,True,False,False,True,True,False,False,False,False,False,False,3700,3.7,3,10,48.1353,11.582,520.0,0.9,1.3,0.25,0.0,90.0,101325,22.0,520.0,0.0,0.0,9.81,0.0,0.0,0.0,23.0,25.0,0,False,False,False,False,False,False,False,False,1,53,0,0,0,0,0,0,65535,NO_CORAL_DATA,4e 4f 5f 43 4f 52 41 4c 5f 44 41 54 41 00 00 00
2026-07-06T00:18:45.459697+00:00,1783297125.459697,-50,10.0,False,1,2,True,True,True,True,0x65BC,0x65BC,54,0,0,1700000054,1111656,1,STANDBY,831,True,True,True,True,True,True,False,False,True,True,False,False,False,False,False,False,3700,3.7,3,10,48.1353,11.582,520.0,0.9,1.3,0.25,0.0,90.0,101325,22.0,520.0,0.0,0.0,9.81,0.0,0.0,0.0,23.0,25.0,0,False,False,False,False,False,False,False,False,1,54,0,0,0,0,0,0,65535,NO_CORAL_DATA,4e 4f 5f 43 4f 52 41 4c 5f 44 41 54 41 00 00 00
2026-07-06T00:19:06.001462+00:00,1783297146.001462,-49,11.25,False,1,2,True,True,True,True,0x485E,0x485E,55,0,0,1700000055,1132241,1,STANDBY,831,True,True,True,True,True,True,False,False,True,True,False,False,False,False,False,False,3700,3.7,3,10,48.1353,11.582,520.0,0.9,1.3,0.25,0.0,90.0,101325,22.0,520.0,0.0,0.0,9.81,0.0,0.0,0.0,23.0,25.0,0,False,False,False,False,False,False,False,False,1,55,0,0,0,0,0,0,65535,NO_CORAL_DATA,4e 4f 5f 43 4f 52 41 4c 5f 44 41 54 41 00 00 00
2026-07-06T00:19:26.544345+00:00,1783297166.544345,-50,10.25,False,1,2,True,True,True,True,0xEB43,0xEB43,56,0,0,1700000056,1152826,1,STANDBY,831,True,True,True,True,True,True,False,False,True,True,False,False,False,False,False,False,3700,3.7,3,10,48.1353,11.582,520.0,0.9,1.3,0.25,0.0,90.0,101325,22.0,520.0,0.0,0.0,9.81,0.0,0.0,0.0,23.0,25.0,0,False,False,False,False,False,False,False,False,1,56,0,0,0,0,0,0,65535,NO_CORAL_DATA,4e 4f 5f 43 4f 52 41 4c 5f 44 41 54 41 00 00 00
2026-07-06T00:19:47.052866+00:00,1783297187.052866,-50,10.0,False,1,2,True,True,True,True,0xABA5,0xABA5,57,0,0,1700000057,1173411,1,STANDBY,831,True,True,True,True,True,True,False,False,True,True,False,False,False,False,False,False,3700,3.7,3,10,48.1353,11.582,520.0,0.9,1.3,0.25,0.0,90.0,101325,22.0,520.0,0.0,0.0,9.81,0.0,0.0,0.0,23.0,25.0,0,False,False,False,False,False,False,False,False,1,57,0,0,0,0,0,0,65535,NO_CORAL_DATA,4e 4f 5f 43 4f 52 41 4c 5f 44 41 54 41 00 00 00
2026-07-06T00:20:07.598725+00:00,1783297207.598725,-49,10.0,False,1,2,True,True,True,True,0xE2C6,0xE2C6,58,0,0,1700000058,1193996,1,STANDBY,831,True,True,True,True,True,True,False,False,True,True,False,False,False,False,False,False,3700,3.7,3,10,48.1353,11.582,520.0,0.9,1.3,0.25,0.0,90.0,101325,22.0,520.0,0.0,0.0,9.81,0.0,0.0,0.0,23.0,25.0,0,False,False,False,False,False,False,False,False,1,58,0,0,0,0,0,0,65535,NO_CORAL_DATA,4e 4f 5f 43 4f 52 41 4c 5f 44 41 54 41 00 00 00
2026-07-06T00:20:28.136431+00:00,1783297228.136431,-50,9.75,False,1,2,True,True,True,True,0xA809,0xA809,59,0,0,1700000059,1214581,1,STANDBY,831,True,True,True,True,True,True,False,False,True,True,False,False,False,False,False,False,3700,3.7,3,10,48.1353,11.582,520.0,0.9,1.3,0.25,0.0,90.0,101325,22.0,520.0,0.0,0.0,9.81,0.0,0.0,0.0,23.0,25.0,0,False,False,False,False,False,False,False,False,1,59,0,0,0,0,0,0,65535,NO_CORAL_DATA,4e 4f 5f 43 4f 52 41 4c 5f 44 41 54 41 00 00 00
2026-07-06T00:20:48.683108+00:00,1783297248.683108,-49,10.5,False,1,2,True,True,True,True,0xD64E,0xD64E,60,0,0,1700000060,1235166,1,STANDBY,831,True,True,True,True,True,True,False,False,True,True,False,False,False,False,False,False,3700,3.7,3,10,48.1353,11.582,520.0,0.9,1.3,0.25,0.0,90.0,101325,22.0,520.0,0.0,0.0,9.81,0.0,0.0,0.0,23.0,25.0,0,False,False,False,False,False,False,False,False,1,60,0,0,0,0,0,0,65535,NO_CORAL_DATA,4e 4f 5f 43 4f 52 41 4c 5f 44 41 54 41 00 00 00
2026-07-06T00:21:09.214805+00:00,1783297269.214805,-51,13.25,False,1,2,True,True,True,True,0xAEC4,0xAEC4,61,0,0,1700000061,1255751,1,STANDBY,831,True,True,True,True,True,True,False,False,True,True,False,False,False,False,False,False,3700,3.7,3,10,48.1353,11.582,520.0,0.9,1.3,0.25,0.0,90.0,101325,22.0,520.0,0.0,0.0,9.81,0.0,0.0,0.0,23.0,25.0,0,False,False,False,False,False,False,False,False,1,61,0,0,0,0,0,0,65535,NO_CORAL_DATA,4e 4f 5f 43 4f 52 41 4c 5f 44 41 54 41 00 00 00
2026-07-06T00:21:29.754709+00:00,1783297289.754709,-51,10.75,False,1,2,True,True,True,True,0xA70C,0xA70C,62,0,0,1700000062,1276336,1,STANDBY,831,True,True,True,True,True,True,False,False,True,True,False,False,False,False,False,False,3700,3.7,3,10,48.1353,11.582,520.0,0.9,1.3,0.25,0.0,90.0,101325,22.0,520.0,0.0,0.0,9.81,0.0,0.0,0.0,23.0,25.0,0,False,False,False,False,False,False,False,False,1,62,0,0,0,0,0,0,65535,NO_CORAL_DATA,4e 4f 5f 43 4f 52 41 4c 5f 44 41 54 41 00 00 00
2026-07-06T00:21:50.288379+00:00,1783297310.288379,-51,10.25,False,1,2,True,True,True,True,0x2E49,0x2E49,63,0,0,1700000063,1296921,1,STANDBY,831,True,True,True,True,True,True,False,False,True,True,False,False,False,False,False,False,3700,3.7,3,10,48.1353,11.582,520.0,0.9,1.3,0.25,0.0,90.0,101325,22.0,520.0,0.0,0.0,9.81,0.0,0.0,0.0,23.0,25.0,0,False,False,False,False,False,False,False,False,1,63,0,0,0,0,0,0,65535,NO_CORAL_DATA,4e 4f 5f 43 4f 52 41 4c 5f 44 41 54 41 00 00 00
2026-07-06T00:22:10.854686+00:00,1783297330.854686,-50,11.25,False,1,2,True,True,True,True,0xC3B6,0xC3B6,64,0,0,1700000064,1317505,1,STANDBY,831,True,True,True,True,True,True,False,False,True,True,False,False,False,False,False,False,3700,3.7,3,10,48.1353,11.582,520.0,0.9,1.3,0.25,0.0,90.0,101325,22.0,520.0,0.0,0.0,9.81,0.0,0.0,0.0,23.0,25.0,0,False,False,False,False,False,False,False,False,1,64,0,0,0,0,0,0,65535,NO_CORAL_DATA,4e 4f 5f 43 4f 52 41 4c 5f 44 41 54 41 00 00 00
2026-07-06T00:22:31.380242+00:00,1783297351.380242,-50,11.5,False,1,2,True,True,True,True,0xC6BE,0xC6BE,65,0,0,1700000065,1338090,1,STANDBY,831,True,True,True,True,True,True,False,False,True,True,False,False,False,False,False,False,3700,3.7,3,10,48.1353,11.582,520.0,0.9,1.3,0.25,0.0,90.0,101325,22.0,520.0,0.0,0.0,9.81,0.0,0.0,0.0,23.0,25.0,0,False,False,False,False,False,False,False,False,1,65,0,0,0,0,0,0,65535,NO_CORAL_DATA,4e 4f 5f 43 4f 52 41 4c 5f 44 41 54 41 00 00 00
2026-07-06T00:22:51.934229+00:00,1783297371.934229,-49,11.5,False,1,2,True,True,True,True,0x4F59,0x4F59,66,0,0,1700000066,1358675,1,STANDBY,831,True,True,True,True,True,True,False,False,True,True,False,False,False,False,False,False,3700,3.7,3,10,48.1353,11.582,520.0,0.9,1.3,0.25,0.0,90.0,101325,22.0,520.0,0.0,0.0,9.81,0.0,0.0,0.0,23.0,25.0,0,False,False,False,False,False,False,False,False,1,66,0,0,0,0,0,0,65535,NO_CORAL_DATA,4e 4f 5f 43 4f 52 41 4c 5f 44 41 54 41 00 00 00
2026-07-06T00:23:12.470539+00:00,1783297392.470539,-49,11.0,False,1,2,True,True,True,True,0x74E5,0x74E5,67,0,0,1700000067,1379260,1,STANDBY,831,True,True,True,True,True,True,False,False,True,True,False,False,False,False,False,False,3700,3.7,3,10,48.1353,11.582,520.0,0.9,1.3,0.25,0.0,90.0,101325,22.0,520.0,0.0,0.0,9.81,0.0,0.0,0.0,23.0,25.0,0,False,False,False,False,False,False,False,False,1,67,0,0,0,0,0,0,65535,NO_CORAL_DATA,4e 4f 5f 43 4f 52 41 4c 5f 44 41 54 41 00 00 00
2026-07-06T00:23:32.995676+00:00,1783297412.995676,-50,11.0,False,1,2,True,True,True,True,0x3089,0x3089,68,0,0,1700000068,1399845,1,STANDBY,831,True,True,True,True,True,True,False,False,True,True,False,False,False,False,False,False,3700,3.7,3,10,48.1353,11.582,520.0,0.9,1.3,0.25,0.0,90.0,101325,22.0,520.0,0.0,0.0,9.81,0.0,0.0,0.0,23.0,25.0,0,False,False,False,False,False,False,False,False,1,68,0,0,0,0,0,0,65535,NO_CORAL_DATA,4e 4f 5f 43 4f 52 41 4c 5f 44 41 54 41 00 00 00
2026-07-06T00:23:53.547647+00:00,1783297433.547647,-51,11.25,False,1,2,True,True,True,True,0xB64D,0xB64D,69,0,0,1700000069,1420430,1,STANDBY,831,True,True,True,True,True,True,False,False,True,True,False,False,False,False,False,False,3700,3.7,3,10,48.1353,11.582,520.0,0.9,1.3,0.25,0.0,90.0,101325,22.0,520.0,0.0,0.0,9.81,0.0,0.0,0.0,23.0,25.0,0,False,False,False,False,False,False,False,False,1,69,0,0,0,0,0,0,65535,NO_CORAL_DATA,4e 4f 5f 43 4f 52 41 4c 5f 44 41 54 41 00 00 00
2026-07-06T00:24:14.085456+00:00,1783297454.085456,-50,13.75,False,1,2,True,True,True,True,0x60EB,0x60EB,70,0,0,1700000070,1441015,1,STANDBY,831,True,True,True,True,True,True,False,False,True,True,False,False,False,False,False,False,3700,3.7,3,10,48.1353,11.582,520.0,0.9,1.3,0.25,0.0,90.0,101325,22.0,520.0,0.0,0.0,9.81,0.0,0.0,0.0,23.0,25.0,0,False,False,False,False,False,False,False,False,1,70,0,0,0,0,0,0,65535,NO_CORAL_DATA,4e 4f 5f 43 4f 52 41 4c 5f 44 41 54 41 00 00 00
2026-07-06T00:24:34.611225+00:00,1783297474.611225,-51,14.5,False,1,2,True,True,True,True,0x7CCE,0x7CCE,71,0,0,1700000071,1461600,1,STANDBY,831,True,True,True,True,True,True,False,False,True,True,False,False,False,False,False,False,3700,3.7,3,10,48.1353,11.582,520.0,0.9,1.3,0.25,0.0,90.0,101325,22.0,520.0,0.0,0.0,9.81,0.0,0.0,0.0,23.0,25.0,0,False,False,False,False,False,False,False,False,1,71,0,0,0,0,0,0,65535,NO_CORAL_DATA,4e 4f 5f 43 4f 52 41 4c 5f 44 41 54 41 00 00 00
2026-07-06T00:24:55.163574+00:00,1783297495.163574,-49,10.5,False,1,2,True,True,True,True,0xD49E,0xD49E,72,0,0,1700000072,1482185,1,STANDBY,831,True,True,True,True,True,True,False,False,True,True,False,False,False,False,False,False,3700,3.7,3,10,48.1353,11.582,520.0,0.9,1.3,0.25,0.0,90.0,101325,22.0,520.0,0.0,0.0,9.81,0.0,0.0,0.0,23.0,25.0,0,False,False,False,False,False,False,False,False,1,72,0,0,0,0,0,0,65535,NO_CORAL_DATA,4e 4f 5f 43 4f 52 41 4c 5f 44 41 54 41 00 00 00
2026-07-06T00:25:15.700546+00:00,1783297515.700546,-51,13.75,False,1,2,True,True,True,True,0xDA1F,0xDA1F,73,0,0,1700000073,1502770,1,STANDBY,831,True,True,True,True,True,True,False,False,True,True,False,False,False,False,False,False,3700,3.7,3,10,48.1353,11.582,520.0,0.9,1.3,0.25,0.0,90.0,101325,22.0,520.0,0.0,0.0,9.81,0.0,0.0,0.0,23.0,25.0,0,False,False,False,False,False,False,False,False,1,73,0,0,0,0,0,0,65535,NO_CORAL_DATA,4e 4f 5f 43 4f 52 41 4c 5f 44 41 54 41 00 00 00
2026-07-06T00:25:36.238261+00:00,1783297536.238261,-50,12.75,False,1,2,True,True,True,True,0xD995,0xD995,74,0,0,1700000074,1523354,1,STANDBY,831,True,True,True,True,True,True,False,False,True,True,False,False,False,False,False,False,3700,3.7,3,10,48.1353,11.582,520.0,0.9,1.3,0.25,0.0,90.0,101325,22.0,520.0,0.0,0.0,9.81,0.0,0.0,0.0,23.0,25.0,0,False,False,False,False,False,False,False,False,1,74,0,0,0,0,0,0,65535,NO_CORAL_DATA,4e 4f 5f 43 4f 52 41 4c 5f 44 41 54 41 00 00 00
2026-07-06T00:25:56.786806+00:00,1783297556.786806,-49,12.25,False,1,2,True,True,True,True,0x6C13,0x6C13,75,0,0,1700000075,1543938,1,STANDBY,831,True,True,True,True,True,True,False,False,True,True,False,False,False,False,False,False,3700,3.7,3,10,48.1353,11.582,520.0,0.9,1.3,0.25,0.0,90.0,101325,22.0,520.0,0.0,0.0,9.81,0.0,0.0,0.0,23.0,25.0,0,False,False,False,False,False,False,False,False,1,75,0,0,0,0,0,0,65535,NO_CORAL_DATA,4e 4f 5f 43 4f 52 41 4c 5f 44 41 54 41 00 00 00
2026-07-06T00:26:17.326063+00:00,1783297577.326063,-50,12.0,False,1,2,True,True,True,True,0x45B3,0x45B3,76,0,0,1700000076,1564523,1,STANDBY,831,True,True,True,True,True,True,False,False,True,True,False,False,False,False,False,False,3700,3.7,3,10,48.1353,11.582,520.0,0.9,1.3,0.25,0.0,90.0,101325,22.0,520.0,0.0,0.0,9.81,0.0,0.0,0.0,23.0,25.0,0,False,False,False,False,False,False,False,False,1,76,0,0,0,0,0,0,65535,NO_CORAL_DATA,4e 4f 5f 43 4f 52 41 4c 5f 44 41 54 41 00 00 00
2026-07-06T00:26:37.855264+00:00,1783297597.855264,-50,11.25,False,1,2,True,True,True,True,0x000B,0x000B,77,0,0,1700000077,1585107,1,STANDBY,831,True,True,True,True,True,True,False,False,True,True,False,False,False,False,False,False,3700,3.7,3,10,48.1353,11.582,520.0,0.9,1.3,0.25,0.0,90.0,101325,22.0,520.0,0.0,0.0,9.81,0.0,0.0,0.0,23.0,25.0,0,False,False,False,False,False,False,False,False,1,77,0,0,0,0,0,0,65535,NO_CORAL_DATA,4e 4f 5f 43 4f 52 41 4c 5f 44 41 54 41 00 00 00
2026-07-06T00:26:58.409457+00:00,1783297618.409457,-51,13.0,False,1,2,True,True,True,True,0xBE03,0xBE03,78,0,0,1700000078,1605692,1,STANDBY,831,True,True,True,True,True,True,False,False,True,True,False,False,False,False,False,False,3700,3.7,3,10,48.1353,11.582,520.0,0.9,1.3,0.25,0.0,90.0,101325,22.0,520.0,0.0,0.0,9.81,0.0,0.0,0.0,23.0,25.0,0,False,False,False,False,False,False,False,False,1,78,0,0,0,0,0,0,65535,NO_CORAL_DATA,4e 4f 5f 43 4f 52 41 4c 5f 44 41 54 41 00 00 00
2026-07-06T00:27:18.936703+00:00,1783297638.936703,-50,12.75,False,1,2,True,True,True,True,0xCC1F,0xCC1F,79,0,0,1700000079,1626277,1,STANDBY,831,True,True,True,True,True,True,False,False,True,True,False,False,False,False,False,False,3700,3.7,3,10,48.1353,11.582,520.0,0.9,1.3,0.25,0.0,90.0,101325,22.0,520.0,0.0,0.0,9.81,0.0,0.0,0.0,23.0,25.0,0,False,False,False,False,False,False,False,False,1,79,0,0,0,0,0,0,65535,NO_CORAL_DATA,4e 4f 5f 43 4f 52 41 4c 5f 44 41 54 41 00 00 00
2026-07-06T00:27:39.474475+00:00,1783297659.474475,-50,12.0,False,1,2,True,True,True,True,0xBE8A,0xBE8A,80,0,0,1700000080,1646862,1,STANDBY,831,True,True,True,True,True,True,False,False,True,True,False,False,False,False,False,False,3700,3.7,3,10,48.1353,11.582,520.0,0.9,1.3,0.25,0.0,90.0,101325,22.0,520.0,0.0,0.0,9.81,0.0,0.0,0.0,23.0,25.0,0,False,False,False,False,False,False,False,False,1,80,0,0,0,0,0,0,65535,NO_CORAL_DATA,4e 4f 5f 43 4f 52 41 4c 5f 44 41 54 41 00 00 00
2026-07-06T00:28:00.011250+00:00,1783297680.01125,-50,10.5,False,1,2,True,True,True,True,0x68A3,0x68A3,81,0,0,1700000081,1667447,1,STANDBY,831,True,True,True,True,True,True,False,False,True,True,False,False,False,False,False,False,3700,3.7,3,10,48.1353,11.582,520.0,0.9,1.3,0.25,0.0,90.0,101325,22.0,520.0,0.0,0.0,9.81,0.0,0.0,0.0,23.0,25.0,0,False,False,False,False,False,False,False,False,1,81,0,0,0,0,0,0,65535,NO_CORAL_DATA,4e 4f 5f 43 4f 52 41 4c 5f 44 41 54 41 00 00 00
2026-07-06T00:28:20.570963+00:00,1783297700.570963,-49,13.25,False,1,2,True,True,True,True,0xD99F,0xD99F,82,0,0,1700000082,1688032,1,STANDBY,831,True,True,True,True,True,True,False,False,True,True,False,False,False,False,False,False,3700,3.7,3,10,48.1353,11.582,520.0,0.9,1.3,0.25,0.0,90.0,101325,22.0,520.0,0.0,0.0,9.81,0.0,0.0,0.0,23.0,25.0,0,False,False,False,False,False,False,False,False,1,82,0,0,0,0,0,0,65535,NO_CORAL_DATA,4e 4f 5f 43 4f 52 41 4c 5f 44 41 54 41 00 00 00
2026-07-06T00:28:41.094460+00:00,1783297721.09446,-50,11.75,False,1,2,True,True,True,True,0x76CF,0x76CF,83,0,0,1700000083,1708617,1,STANDBY,831,True,True,True,True,True,True,False,False,True,True,False,False,False,False,False,False,3700,3.7,3,10,48.1353,11.582,520.0,0.9,1.3,0.25,0.0,90.0,101325,22.0,520.0,0.0,0.0,9.81,0.0,0.0,0.0,23.0,25.0,0,False,False,False,False,False,False,False,False,1,83,0,0,0,0,0,0,65535,NO_CORAL_DATA,4e 4f 5f 43 4f 52 41 4c 5f 44 41 54 41 00 00 00
2026-07-06T00:29:01.626148+00:00,1783297741.626148,-51,12.25,False,1,2,True,True,True,True,0x0C69,0x0C69,84,0,0,1700000084,1729202,1,STANDBY,831,True,True,True,True,True,True,False,False,True,True,False,False,False,False,False,False,3700,3.7,3,10,48.1353,11.582,520.0,0.9,1.3,0.25,0.0,90.0,101325,22.0,520.0,0.0,0.0,9.81,0.0,0.0,0.0,23.0,25.0,0,False,False,False,False,False,False,False,False,1,84,0,0,0,0,0,0,65535,NO_CORAL_DATA,4e 4f 5f 43 4f 52 41 4c 5f 44 41 54 41 00 00 00
2026-07-06T00:29:22.183374+00:00,1783297762.183374,-51,11.25,False,1,2,True,True,True,True,0x7B19,0x7B19,85,0,0,1700000085,1749787,1,STANDBY,831,True,True,True,True,True,True,False,False,True,True,False,False,False,False,False,False,3700,3.7,3,10,48.1353,11.582,520.0,0.9,1.3,0.25,0.0,90.0,101325,22.0,520.0,0.0,0.0,9.81,0.0,0.0,0.0,23.0,25.0,0,False,False,False,False,False,False,False,False,1,85,0,0,0,0,0,0,65535,NO_CORAL_DATA,4e 4f 5f 43 4f 52 41 4c 5f 44 41 54 41 00 00 00
2026-07-06T00:29:42.710292+00:00,1783297782.710292,-51,13.25,False,1,2,True,True,True,True,0x9A20,0x9A20,86,0,0,1700000086,1770372,1,STANDBY,831,True,True,True,True,True,True,False,False,True,True,False,False,False,False,False,False,3700,3.7,3,10,48.1353,11.582,520.0,0.9,1.3,0.25,0.0,90.0,101325,22.0,520.0,0.0,0.0,9.81,0.0,0.0,0.0,23.0,25.0,0,False,False,False,False,False,False,False,False,1,86,0,0,0,0,0,0,65535,NO_CORAL_DATA,4e 4f 5f 43 4f 52 41 4c 5f 44 41 54 41 00 00 00
2026-07-06T00:30:03.249132+00:00,1783297803.249132,-50,13.75,False,1,2,True,True,True,True,0x35E0,0x35E0,87,0,0,1700000087,1790956,1,STANDBY,831,True,True,True,True,True,True,False,False,True,True,False,False,False,False,False,False,3700,3.7,3,10,48.1353,11.582,520.0,0.9,1.3,0.25,0.0,90.0,101325,22.0,520.0,0.0,0.0,9.81,0.0,0.0,0.0,23.0,25.0,0,False,False,False,False,False,False,False,False,1,87,0,0,0,0,0,0,65535,NO_CORAL_DATA,4e 4f 5f 43 4f 52 41 4c 5f 44 41 54 41 00 00 00
2026-07-06T00:30:23.797472+00:00,1783297823.797472,-49,13.25,False,1,2,True,True,True,True,0x66B3,0x66B3,88,0,0,1700000088,1811541,1,STANDBY,831,True,True,True,True,True,True,False,False,True,True,False,False,False,False,False,False,3700,3.7,3,10,48.1353,11.582,520.0,0.9,1.3,0.25,0.0,90.0,101325,22.0,520.0,0.0,0.0,9.81,0.0,0.0,0.0,23.0,25.0,0,False,False,False,False,False,False,False,False,1,88,0,0,0,0,0,0,65535,NO_CORAL_DATA,4e 4f 5f 43 4f 52 41 4c 5f 44 41 54 41 00 00 00
2026-07-06T00:30:44.320111+00:00,1783297844.320111,-50,14.0,False,1,2,True,True,True,True,0xD166,0xD166,89,0,0,1700000089,1832126,1,STANDBY,831,True,True,True,True,True,True,False,False,True,True,False,False,False,False,False,False,3700,3.7,3,10,48.1353,11.582,520.0,0.9,1.3,0.25,0.0,90.0,101325,22.0,520.0,0.0,0.0,9.81,0.0,0.0,0.0,23.0,25.0,0,False,False,False,False,False,False,False,False,1,89,0,0,0,0,0,0,65535,NO_CORAL_DATA,4e 4f 5f 43 4f 52 41 4c 5f 44 41 54 41 00 00 00
2026-07-06T00:31:04.868919+00:00,1783297864.868919,-50,13.5,False,1,2,True,True,True,True,0x2EA1,0x2EA1,90,0,0,1700000090,1852711,1,STANDBY,831,True,True,True,True,True,True,False,False,True,True,False,False,False,False,False,False,3700,3.7,3,10,48.1353,11.582,520.0,0.9,1.3,0.25,0.0,90.0,101325,22.0,520.0,0.0,0.0,9.81,0.0,0.0,0.0,23.0,25.0,0,False,False,False,False,False,False,False,False,1,90,0,0,0,0,0,0,65535,NO_CORAL_DATA,4e 4f 5f 43 4f 52 41 4c 5f 44 41 54 41 00 00 00
2026-07-06T00:31:25.398838+00:00,1783297885.398838,-51,13.75,False,1,2,True,True,True,True,0x02AD,0x02AD,91,0,0,1700000091,1873295,1,STANDBY,831,True,True,True,True,True,True,False,False,True,True,False,False,False,False,False,False,3700,3.7,3,10,48.1353,11.582,520.0,0.9,1.3,0.25,0.0,90.0,101325,22.0,520.0,0.0,0.0,9.81,0.0,0.0,0.0,23.0,25.0,0,False,False,False,False,False,False,False,False,1,91,0,0,0,0,0,0,65535,NO_CORAL_DATA,4e 4f 5f 43 4f 52 41 4c 5f 44 41 54 41 00 00 00
2026-07-06T00:31:45.949118+00:00,1783297905.949118,-50,13.75,False,1,2,True,True,True,True,0xB8A6,0xB8A6,92,0,0,1700000092,1893880,1,STANDBY,831,True,True,True,True,True,True,False,False,True,True,False,False,False,False,False,False,3700,3.7,3,10,48.1353,11.582,520.0,0.9,1.3,0.25,0.0,90.0,101325,22.0,520.0,0.0,0.0,9.81,0.0,0.0,0.0,23.0,25.0,0,False,False,False,False,False,False,False,False,1,92,0,0,0,0,0,0,65535,NO_CORAL_DATA,4e 4f 5f 43 4f 52 41 4c 5f 44 41 54 41 00 00 00
2026-07-06T00:32:06.478601+00:00,1783297926.478601,-50,14.0,False,1,2,True,True,True,True,0xDC1C,0xDC1C,93,0,0,1700000093,1914464,1,STANDBY,831,True,True,True,True,True,True,False,False,True,True,False,False,False,False,False,False,3700,3.7,3,10,48.1353,11.582,520.0,0.9,1.3,0.25,0.0,90.0,101325,22.0,520.0,0.0,0.0,9.81,0.0,0.0,0.0,23.0,25.0,0,False,False,False,False,False,False,False,False,1,93,0,0,0,0,0,0,65535,NO_CORAL_DATA,4e 4f 5f 43 4f 52 41 4c 5f 44 41 54 41 00 00 00
2026-07-06T00:32:27.028265+00:00,1783297947.028265,-49,11.0,False,1,2,True,True,True,True,0x2060,0x2060,94,0,0,1700000094,1935049,1,STANDBY,831,True,True,True,True,True,True,False,False,True,True,False,False,False,False,False,False,3700,3.7,3,10,48.1353,11.582,520.0,0.9,1.3,0.25,0.0,90.0,101325,22.0,520.0,0.0,0.0,9.81,0.0,0.0,0.0,23.0,25.0,0,False,False,False,False,False,False,False,False,1,94,0,0,0,0,0,0,65535,NO_CORAL_DATA,4e 4f 5f 43 4f 52 41 4c 5f 44 41 54 41 00 00 00
2026-07-06T00:32:47.558956+00:00,1783297967.558956,-49,12.0,False,1,2,True,True,True,True,0xB520,0xB520,95,0,0,1700000095,1955634,1,STANDBY,831,True,True,True,True,True,True,False,False,True,True,False,False,False,False,False,False,3700,3.7,3,10,48.1353,11.582,520.0,0.9,1.3,0.25,0.0,90.0,101325,22.0,520.0,0.0,0.0,9.81,0.0,0.0,0.0,23.0,25.0,0,False,False,False,False,False,False,False,False,1,95,0,0,0,0,0,0,65535,NO_CORAL_DATA,4e 4f 5f 43 4f 52 41 4c 5f 44 41 54 41 00 00 00
2026-07-06T00:33:08.087701+00:00,1783297988.087701,-52,13.25,False,1,2,True,True,True,True,0x5219,0x5219,96,0,0,1700000096,1976219,1,STANDBY,831,True,True,True,True,True,True,False,False,True,True,False,False,False,False,False,False,3700,3.7,3,10,48.1353,11.582,520.0,0.9,1.3,0.25,0.0,90.0,101325,22.0,520.0,0.0,0.0,9.81,0.0,0.0,0.0,23.0,25.0,0,False,False,False,False,False,False,False,False,1,96,0,0,0,0,0,0,65535,NO_CORAL_DATA,4e 4f 5f 43 4f 52 41 4c 5f 44 41 54 41 00 00 00
2026-07-06T00:33:28.637396+00:00,1783298008.637396,-50,12.0,False,1,2,True,True,True,True,0xB30F,0xB30F,97,0,0,1700000097,1996804,1,STANDBY,831,True,True,True,True,True,True,False,False,True,True,False,False,False,False,False,False,3700,3.7,3,10,48.1353,11.582,520.0,0.9,1.3,0.25,0.0,90.0,101325,22.0,520.0,0.0,0.0,9.81,0.0,0.0,0.0,23.0,25.0,0,False,False,False,False,False,False,False,False,1,97,0,0,0,0,0,0,65535,NO_CORAL_DATA,4e 4f 5f 43 4f 52 41 4c 5f 44 41 54 41 00 00 00
2026-07-06T00:33:49.156327+00:00,1783298029.156327,-50,13.0,False,1,2,True,True,True,True,0x0757,0x0757,98,0,0,1700000098,2017389,1,STANDBY,831,True,True,True,True,True,True,False,False,True,True,False,False,False,False,False,False,3700,3.7,3,10,48.1353,11.582,520.0,0.9,1.3,0.25,0.0,90.0,101325,22.0,520.0,0.0,0.0,9.81,0.0,0.0,0.0,23.0,25.0,0,False,False,False,False,False,False,False,False,1,98,0,0,0,0,0,0,65535,NO_CORAL_DATA,4e 4f 5f 43 4f 52 41 4c 5f 44 41 54 41 00 00 00
2026-07-06T00:34:09.701030+00:00,1783298049.70103,-49,13.75,False,1,2,True,True,True,True,0x6278,0x6278,99,0,0,1700000099,2037974,1,STANDBY,831,True,True,True,True,True,True,False,False,True,True,False,False,False,False,False,False,3700,3.7,3,10,48.1353,11.582,520.0,0.9,1.3,0.25,0.0,90.0,101325,22.0,520.0,0.0,0.0,9.81,0.0,0.0,0.0,23.0,25.0,0,False,False,False,False,False,False,False,False,1,99,0,0,0,0,0,0,65535,NO_CORAL_DATA,4e 4f 5f 43 4f 52 41 4c 5f 44 41 54 41 00 00 00
2026-07-06T00:34:30.234494+00:00,1783298070.234494,-50,13.5,False,1,2,True,True,True,True,0x2588,0x2588,100,0,0,1700000100,2058559,1,STANDBY,831,True,True,True,True,True,True,False,False,True,True,False,False,False,False,False,False,3700,3.7,3,10,48.1353,11.582,520.0,0.9,1.3,0.25,0.0,90.0,101325,22.0,520.0,0.0,0.0,9.81,0.0,0.0,0.0,23.0,25.0,0,False,False,False,False,False,False,False,False,1,100,0,0,0,0,0,0,65535,NO_CORAL_DATA,4e 4f 5f 43 4f 52 41 4c 5f 44 41 54 41 00 00 00
2026-07-06T00:34:50.765026+00:00,1783298090.765026,-50,12.75,False,1,2,True,True,True,True,0xC335,0xC335,101,0,0,1700000101,2079144,1,STANDBY,831,True,True,True,True,True,True,False,False,True,True,False,False,False,False,False,False,3700,3.7,3,10,48.1353,11.582,520.0,0.9,1.3,0.25,0.0,90.0,101325,22.0,520.0,0.0,0.0,9.81,0.0,0.0,0.0,23.0,25.0,0,False,False,False,False,False,False,False,False,1,101,0,0,0,0,0,0,65535,NO_CORAL_DATA,4e 4f 5f 43 4f 52 41 4c 5f 44 41 54 41 00 00 00
2026-07-06T00:35:11.308700+00:00,1783298111.3087,-49,12.75,False,1,2,True,True,True,True,0x70E6,0x70E6,102,0,0,1700000102,2099729,1,STANDBY,831,True,True,True,True,True,True,False,False,True,True,False,False,False,False,False,False,3700,3.7,3,10,48.1353,11.582,520.0,0.9,1.3,0.25,0.0,90.0,101325,22.0,520.0,0.0,0.0,9.81,0.0,0.0,0.0,23.0,25.0,0,False,False,False,False,False,False,False,False,1,102,0,0,0,0,0,0,65535,NO_CORAL_DATA,4e 4f 5f 43 4f 52 41 4c 5f 44 41 54 41 00 00 00
2026-07-06T00:35:31.843888+00:00,1783298131.843888,-50,12.0,False,1,2,True,True,True,True,0x4714,0x4714,103,0,0,1700000103,2120314,1,STANDBY,831,True,True,True,True,True,True,False,False,True,True,False,False,False,False,False,False,3700,3.7,3,10,48.1353,11.582,520.0,0.9,1.3,0.25,0.0,90.0,101325,22.0,520.0,0.0,0.0,9.81,0.0,0.0,0.0,23.0,25.0,0,False,False,False,False,False,False,False,False,1,103,0,0,0,0,0,0,65535,NO_CORAL_DATA,4e 4f 5f 43 4f 52 41 4c 5f 44 41 54 41 00 00 00
2026-07-06T00:35:52.372781+00:00,1783298152.372781,-50,12.75,False,1,2,True,True,True,True,0xCFB7,0xCFB7,104,0,0,1700000104,2140899,1,STANDBY,831,True,True,True,True,True,True,False,False,True,True,False,False,False,False,False,False,3700,3.7,3,10,48.1353,11.582,520.0,0.9,1.3,0.25,0.0,90.0,101325,22.0,520.0,0.0,0.0,9.81,0.0,0.0,0.0,23.0,25.0,0,False,False,False,False,False,False,False,False,1,104,0,0,0,0,0,0,65535,NO_CORAL_DATA,4e 4f 5f 43 4f 52 41 4c 5f 44 41 54 41 00 00 00
2026-07-06T00:36:12.894751+00:00,1783298172.894751,-50,13.75,False,1,2,True,True,True,True,0x536A,0x536A,105,0,0,1700000105,2161484,1,STANDBY,831,True,True,True,True,True,True,False,False,True,True,False,False,False,False,False,False,3700,3.7,3,10,48.1353,11.582,520.0,0.9,1.3,0.25,0.0,90.0,101325,22.0,520.0,0.0,0.0,9.81,0.0,0.0,0.0,23.0,25.0,0,False,False,False,False,False,False,False,False,1,105,0,0,0,0,0,0,65535,NO_CORAL_DATA,4e 4f 5f 43 4f 52 41 4c 5f 44 41 54 41 00 00 00
2026-07-06T00:36:33.449833+00:00,1783298193.449833,-50,12.5,False,1,2,True,True,True,True,0xB604,0xB604,106,0,0,1700000106,2182069,1,STANDBY,831,True,True,True,True,True,True,False,False,True,True,False,False,False,False,False,False,3700,3.7,3,10,48.1353,11.582,520.0,0.9,1.3,0.25,0.0,90.0,101325,22.0,520.0,0.0,0.0,9.81,0.0,0.0,0.0,23.0,25.0,0,False,False,False,False,False,False,False,False,1,106,0,0,0,0,0,0,65535,NO_CORAL_DATA,4e 4f 5f 43 4f 52 41 4c 5f 44 41 54 41 00 00 00
2026-07-06T00:36:53.969679+00:00,1783298213.969679,-50,12.5,False,1,2,True,True,True,True,0x35DB,0x35DB,107,0,0,1700000107,2202654,1,STANDBY,831,True,True,True,True,True,True,False,False,True,True,False,False,False,False,False,False,3700,3.7,3,10,48.1353,11.582,520.0,0.9,1.3,0.25,0.0,90.0,101325,22.0,520.0,0.0,0.0,9.81,0.0,0.0,0.0,23.0,25.0,0,False,False,False,False,False,False,False,False,1,107,0,0,0,0,0,0,65535,NO_CORAL_DATA,4e 4f 5f 43 4f 52 41 4c 5f 44 41 54 41 00 00 00
2026-07-06T00:37:14.523973+00:00,1783298234.523973,-50,13.5,False,1,2,True,True,True,True,0x74AC,0x74AC,108,0,0,1700000108,2223239,1,STANDBY,831,True,True,True,True,True,True,False,False,True,True,False,False,False,False,False,False,3700,3.7,3,10,48.1353,11.582,520.0,0.9,1.3,0.25,0.0,90.0,101325,22.0,520.0,0.0,0.0,9.81,0.0,0.0,0.0,23.0,25.0,0,False,False,False,False,False,False,False,False,1,108,0,0,0,0,0,0,65535,NO_CORAL_DATA,4e 4f 5f 43 4f 52 41 4c 5f 44 41 54 41 00 00 00
2026-07-06T00:37:35.069235+00:00,1783298255.069235,-50,11.75,False,1,2,True,True,True,True,0x473F,0x473F,109,0,0,1700000109,2243824,1,STANDBY,831,True,True,True,True,True,True,False,False,True,True,False,False,False,False,False,False,3700,3.7,3,10,48.1353,11.582,520.0,0.9,1.3,0.25,0.0,90.0,101325,22.0,520.0,0.0,0.0,9.81,0.0,0.0,0.0,23.0,25.0,0,False,False,False,False,False,False,False,False,1,109,0,0,0,0,0,0,65535,NO_CORAL_DATA,4e 4f 5f 43 4f 52 41 4c 5f 44 41 54 41 00 00 00
2026-07-06T00:37:55.586954+00:00,1783298275.586954,-51,12.0,False,1,2,True,True,True,True,0x67CE,0x67CE,110,0,0,1700000110,2264409,1,STANDBY,831,True,True,True,True,True,True,False,False,True,True,False,False,False,False,False,False,3700,3.7,3,10,48.1353,11.582,520.0,0.9,1.3,0.25,0.0,90.0,101325,22.0,520.0,0.0,0.0,9.81,0.0,0.0,0.0,23.0,25.0,0,False,False,False,False,False,False,False,False,1,110,0,0,0,0,0,0,65535,NO_CORAL_DATA,4e 4f 5f 43 4f 52 41 4c 5f 44 41 54 41 00 00 00
2026-07-06T00:38:16.133859+00:00,1783298296.133859,-50,12.0,False,1,2,True,True,True,True,0x0A11,0x0A11,111,0,0,1700000111,2284994,1,STANDBY,831,True,True,True,True,True,True,False,False,True,True,False,False,False,False,False,False,3700,3.7,3,10,48.1353,11.582,520.0,0.9,1.3,0.25,0.0,90.0,101325,22.0,520.0,0.0,0.0,9.81,0.0,0.0,0.0,23.0,25.0,0,False,False,False,False,False,False,False,False,1,111,0,0,0,0,0,0,65535,NO_CORAL_DATA,4e 4f 5f 43 4f 52 41 4c 5f 44 41 54 41 00 00 00
2026-07-06T00:38:36.676333+00:00,1783298316.676333,-50,11.75,False,1,2,True,True,True,True,0x067F,0x067F,112,0,0,1700000112,2305579,1,STANDBY,831,True,True,True,True,True,True,False,False,True,True,False,False,False,False,False,False,3700,3.7,3,10,48.1353,11.582,520.0,0.9,1.3,0.25,0.0,90.0,101325,22.0,520.0,0.0,0.0,9.81,0.0,0.0,0.0,23.0,25.0,0,False,False,False,False,False,False,False,False,1,112,0,0,0,0,0,0,65535,NO_CORAL_DATA,4e 4f 5f 43 4f 52 41 4c 5f 44 41 54 41 00 00 00
2026-07-06T00:38:57.200363+00:00,1783298337.200363,-49,12.0,False,1,2,True,True,True,True,0xB837,0xB837,113,0,0,1700000113,2326164,1,STANDBY,831,True,True,True,True,True,True,False,False,True,True,False,False,False,False,False,False,3700,3.7,3,10,48.1353,11.582,520.0,0.9,1.3,0.25,0.0,90.0,101325,22.0,520.0,0.0,0.0,9.81,0.0,0.0,0.0,23.0,25.0,0,False,False,False,False,False,False,False,False,1,113,0,0,0,0,0,0,65535,NO_CORAL_DATA,4e 4f 5f 43 4f 52 41 4c 5f 44 41 54 41 00 00 00
2026-07-06T00:39:17.746830+00:00,1783298357.74683,-51,12.25,False,1,2,True,True,True,True,0x0C6F,0x0C6F,114,0,0,1700000114,2346749,1,STANDBY,831,True,True,True,True,True,True,False,False,True,True,False,False,False,False,False,False,3700,3.7,3,10,48.1353,11.582,520.0,0.9,1.3,0.25,0.0,90.0,101325,22.0,520.0,0.0,0.0,9.81,0.0,0.0,0.0,23.0,25.0,0,False,False,False,False,False,False,False,False,1,114,0,0,0,0,0,0,65535,NO_CORAL_DATA,4e 4f 5f 43 4f 52 41 4c 5f 44 41 54 41 00 00 00
2026-07-06T00:39:38.266571+00:00,1783298378.266571,-50,12.25,False,1,2,True,True,True,True,0xBBEA,0xBBEA,115,0,0,1700000115,2367334,1,STANDBY,831,True,True,True,True,True,True,False,False,True,True,False,False,False,False,False,False,3700,3.7,3,10,48.1353,11.582,520.0,0.9,1.3,0.25,0.0,90.0,101325,22.0,520.0,0.0,0.0,9.81,0.0,0.0,0.0,23.0,25.0,0,False,False,False,False,False,False,False,False,1,115,0,0,0,0,0,0,65535,NO_CORAL_DATA,4e 4f 5f 43 4f 52 41 4c 5f 44 41 54 41 00 00 00
2026-07-06T00:39:58.827416+00:00,1783298398.827416,-50,12.0,False,1,2,True,True,True,True,0xE894,0xE894,116,0,0,1700000116,2387919,1,STANDBY,831,True,True,True,True,True,True,False,False,True,True,False,False,False,False,False,False,3700,3.7,3,10,48.1353,11.582,520.0,0.9,1.3,0.25,0.0,90.0,101325,22.0,520.0,0.0,0.0,9.81,0.0,0.0,0.0,23.0,25.0,0,False,False,False,False,False,False,False,False,1,116,0,0,0,0,0,0,65535,NO_CORAL_DATA,4e 4f 5f 43 4f 52 41 4c 5f 44 41 54 41 00 00 00
2026-07-06T00:40:19.348574+00:00,1783298419.348574,-50,12.0,False,1,2,True,True,True,True,0xD707,0xD707,117,0,0,1700000117,2408504,1,STANDBY,831,True,True,True,True,True,True,False,False,True,True,False,False,False,False,False,False,3700,3.7,3,10,48.1353,11.582,520.0,0.9,1.3,0.25,0.0,90.0,101325,22.0,520.0,0.0,0.0,9.81,0.0,0.0,0.0,23.0,25.0,0,False,False,False,False,False,False,False,False,1,117,0,0,0,0,0,0,65535,NO_CORAL_DATA,4e 4f 5f 43 4f 52 41 4c 5f 44 41 54 41 00 00 00
2026-07-06T00:40:39.882251+00:00,1783298439.882251,-50,12.25,False,1,2,True,True,True,True,0x4175,0x4175,118,0,0,1700000118,2429089,1,STANDBY,831,True,True,True,True,True,True,False,False,True,True,False,False,False,False,False,False,3700,3.7,3,10,48.1353,11.582,520.0,0.9,1.3,0.25,0.0,90.0,101325,22.0,520.0,0.0,0.0,9.81,0.0,0.0,0.0,23.0,25.0,0,False,False,False,False,False,False,False,False,1,118,0,0,0,0,0,0,65535,NO_CORAL_DATA,4e 4f 5f 43 4f 52 41 4c 5f 44 41 54 41 00 00 00
2026-07-06T00:41:00.422764+00:00,1783298460.422764,-49,13.0,False,1,2,True,True,True,True,0xD0D4,0xD0D4,119,0,0,1700000119,2449674,1,STANDBY,831,True,True,True,True,True,True,False,False,True,True,False,False,False,False,False,False,3700,3.7,3,10,48.1353,11.582,520.0,0.9,1.3,0.25,0.0,90.0,101325,22.0,520.0,0.0,0.0,9.81,0.0,0.0,0.0,23.0,25.0,0,False,False,False,False,False,False,False,False,1,119,0,0,0,0,0,0,65535,NO_CORAL_DATA,4e 4f 5f 43 4f 52 41 4c 5f 44 41 54 41 00 00 00
2026-07-06T00:41:20.976478+00:00,1783298480.976478,-50,12.0,False,1,2,True,True,True,True,0xCEB8,0xCEB8,120,0,0,1700000120,2470259,1,STANDBY,831,True,True,True,True,True,True,False,False,True,True,False,False,False,False,False,False,3700,3.7,3,10,48.1353,11.582,520.0,0.9,1.3,0.25,0.0,90.0,101325,22.0,520.0,0.0,0.0,9.81,0.0,0.0,0.0,23.0,25.0,0,False,False,False,False,False,False,False,False,1,120,0,0,0,0,0,0,65535,NO_CORAL_DATA,4e 4f 5f 43 4f 52 41 4c 5f 44 41 54 41 00 00 00
2026-07-06T00:41:41.507651+00:00,1783298501.507651,-50,12.75,False,1,2,True,True,True,True,0x6315,0x6315,121,0,0,1700000121,2490844,1,STANDBY,831,True,True,True,True,True,True,False,False,True,True,False,False,False,False,False,False,3700,3.7,3,10,48.1353,11.582,520.0,0.9,1.3,0.25,0.0,90.0,101325,22.0,520.0,0.0,0.0,9.81,0.0,0.0,0.0,23.0,25.0,0,False,False,False,False,False,False,False,False,1,121,0,0,0,0,0,0,65535,NO_CORAL_DATA,4e 4f 5f 43 4f 52 41 4c 5f 44 41 54 41 00 00 00
2026-07-06T00:42:02.052639+00:00,1783298522.052639,-50,12.5,False,1,2,True,True,True,True,0x6430,0x6430,122,0,0,1700000122,2511429,1,STANDBY,831,True,True,True,True,True,True,False,False,True,True,False,False,False,False,False,False,3700,3.7,3,10,48.1353,11.582,520.0,0.9,1.3,0.25,0.0,90.0,101325,22.0,520.0,0.0,0.0,9.81,0.0,0.0,0.0,23.0,25.0,0,False,False,False,False,False,False,False,False,1,122,0,0,0,0,0,0,65535,NO_CORAL_DATA,4e 4f 5f 43 4f 52 41 4c 5f 44 41 54 41 00 00 00
2026-07-06T00:42:22.582910+00:00,1783298542.58291,-50,13.5,False,1,2,True,True,True,True,0x2AF7,0x2AF7,123,0,0,1700000123,2532014,1,STANDBY,831,True,True,True,True,True,True,False,False,True,True,False,False,False,False,False,False,3700,3.7,3,10,48.1353,11.582,520.0,0.9,1.3,0.25,0.0,90.0,101325,22.0,520.0,0.0,0.0,9.81,0.0,0.0,0.0,23.0,25.0,0,False,False,False,False,False,False,False,False,1,123,0,0,0,0,0,0,65535,NO_CORAL_DATA,4e 4f 5f 43 4f 52 41 4c 5f 44 41 54 41 00 00 00
2026-07-06T00:42:43.128986+00:00,1783298563.128986,-50,12.0,False,1,2,True,True,True,True,0x69E6,0x69E6,124,0,0,1700000124,2552599,1,STANDBY,831,True,True,True,True,True,True,False,False,True,True,False,False,False,False,False,False,3700,3.7,3,10,48.1353,11.582,520.0,0.9,1.3,0.25,0.0,90.0,101325,22.0,520.0,0.0,0.0,9.81,0.0,0.0,0.0,23.0,25.0,0,False,False,False,False,False,False,False,False,1,124,0,0,0,0,0,0,65535,NO_CORAL_DATA,4e 4f 5f 43 4f 52 41 4c 5f 44 41 54 41 00 00 00
2026-07-06T00:43:03.673769+00:00,1783298583.673769,-51,11.75,False,1,2,True,True,True,True,0xF75C,0xF75C,125,0,0,1700000125,2573184,1,STANDBY,831,True,True,True,True,True,True,False,False,True,True,False,False,False,False,False,False,3700,3.7,3,10,48.1353,11.582,520.0,0.9,1.3,0.25,0.0,90.0,101325,22.0,520.0,0.0,0.0,9.81,0.0,0.0,0.0,23.0,25.0,0,False,False,False,False,False,False,False,False,1,125,0,0,0,0,0,0,65535,NO_CORAL_DATA,4e 4f 5f 43 4f 52 41 4c 5f 44 41 54 41 00 00 00
2026-07-06T00:43:24.195114+00:00,1783298604.195114,-50,13.25,False,1,2,True,True,True,True,0x140A,0x140A,126,0,0,1700000126,2593769,1,STANDBY,831,True,True,True,True,True,True,False,False,True,True,False,False,False,False,False,False,3700,3.7,3,10,48.1353,11.582,520.0,0.9,1.3,0.25,0.0,90.0,101325,22.0,520.0,0.0,0.0,9.81,0.0,0.0,0.0,23.0,25.0,0,False,False,False,False,False,False,False,False,1,126,0,0,0,0,0,0,65535,NO_CORAL_DATA,4e 4f 5f 43 4f 52 41 4c 5f 44 41 54 41 00 00 00
2026-07-06T00:43:44.733223+00:00,1783298624.733223,-50,12.75,False,1,2,True,True,True,True,0x90DF,0x90DF,127,0,0,1700000127,2614354,1,STANDBY,831,True,True,True,True,True,True,False,False,True,True,False,False,False,False,False,False,3700,3.7,3,10,48.1353,11.582,520.0,0.9,1.3,0.25,0.0,90.0,101325,22.0,520.0,0.0,0.0,9.81,0.0,0.0,0.0,23.0,25.0,0,False,False,False,False,False,False,False,False,1,127,0,0,0,0,0,0,65535,NO_CORAL_DATA,4e 4f 5f 43 4f 52 41 4c 5f 44 41 54 41 00 00 00
2026-07-06T00:44:05.268028+00:00,1783298645.268028,-50,12.25,False,1,2,True,True,True,True,0x6B72,0x6B72,128,0,0,1700000128,2634939,1,STANDBY,831,True,True,True,True,True,True,False,False,True,True,False,False,False,False,False,False,3700,3.7,3,10,48.1353,11.582,520.0,0.9,1.3,0.25,0.0,90.0,101325,22.0,520.0,0.0,0.0,9.81,0.0,0.0,0.0,23.0,25.0,0,False,False,False,False,False,False,False,False,1,128,0,0,0,0,0,0,65535,NO_CORAL_DATA,4e 4f 5f 43 4f 52 41 4c 5f 44 41 54 41 00 00 00
2026-07-06T00:44:46.359384+00:00,1783298686.359384,-50,12.25,False,1,2,True,True,True,True,0x19DA,0x19DA,130,1,1,1700000130,2676109,1,STANDBY,831,True,True,True,True,True,True,False,False,True,True,False,False,False,False,False,False,3700,3.7,3,10,48.1353,11.582,520.0,0.9,1.3,0.25,0.0,90.0,101325,22.0,520.0,0.0,0.0,9.81,0.0,0.0,0.0,23.0,25.0,0,False,False,False,False,False,False,False,False,1,130,0,0,0,0,0,0,65535,NO_CORAL_DATA,4e 4f 5f 43 4f 52 41 4c 5f 44 41 54 41 00 00 00
2026-07-06T00:45:06.884046+00:00,1783298706.884046,-51,13.25,False,1,2,True,True,True,True,0x062B,0x062B,131,0,1,1700000131,2696694,1,STANDBY,831,True,True,True,True,True,True,False,False,True,True,False,False,False,False,False,False,3700,3.7,3,10,48.1353,11.582,520.0,0.9,1.3,0.25,0.0,90.0,101325,22.0,520.0,0.0,0.0,9.81,0.0,0.0,0.0,23.0,25.0,0,False,False,False,False,False,False,False,False,1,131,0,0,0,0,0,0,65535,NO_CORAL_DATA,4e 4f 5f 43 4f 52 41 4c 5f 44 41 54 41 00 00 00
2026-07-06T00:45:27.425907+00:00,1783298727.425907,-50,12.25,False,1,2,True,True,True,True,0x1219,0x1219,132,0,1,1700000132,2717279,1,STANDBY,831,True,True,True,True,True,True,False,False,True,True,False,False,False,False,False,False,3700,3.7,3,10,48.1353,11.582,520.0,0.9,1.3,0.25,0.0,90.0,101325,22.0,520.0,0.0,0.0,9.81,0.0,0.0,0.0,23.0,25.0,0,False,False,False,False,False,False,False,False,1,132,0,0,0,0,0,0,65535,NO_CORAL_DATA,4e 4f 5f 43 4f 52 41 4c 5f 44 41 54 41 00 00 00
2026-07-06T00:45:47.958211+00:00,1783298747.958211,-50,13.0,False,1,2,True,True,True,True,0xA3AA,0xA3AA,133,0,1,1700000133,2737864,1,STANDBY,831,True,True,True,True,True,True,False,False,True,True,False,False,False,False,False,False,3700,3.7,3,10,48.1353,11.582,520.0,0.9,1.3,0.25,0.0,90.0,101325,22.0,520.0,0.0,0.0,9.81,0.0,0.0,0.0,23.0,25.0,0,False,False,False,False,False,False,False,False,1,133,0,0,0,0,0,0,65535,NO_CORAL_DATA,4e 4f 5f 43 4f 52 41 4c 5f 44 41 54 41 00 00 00
2026-07-06T00:46:08.501248+00:00,1783298768.501248,-51,14.25,False,1,2,True,True,True,True,0x9355,0x9355,134,0,1,1700000134,2758449,1,STANDBY,831,True,True,True,True,True,True,False,False,True,True,False,False,False,False,False,False,3700,3.7,3,10,48.1353,11.582,520.0,0.9,1.3,0.25,0.0,90.0,101325,22.0,520.0,0.0,0.0,9.81,0.0,0.0,0.0,23.0,25.0,0,False,False,False,False,False,False,False,False,1,134,0,0,0,0,0,0,65535,NO_CORAL_DATA,4e 4f 5f 43 4f 52 41 4c 5f 44 41 54 41 00 00 00
2026-07-06T00:46:29.033745+00:00,1783298789.033745,-50,12.0,False,1,2,True,True,True,True,0xDE79,0xDE79,135,0,1,1700000135,2779034,1,STANDBY,831,True,True,True,True,True,True,False,False,True,True,False,False,False,False,False,False,3700,3.7,3,10,48.1353,11.582,520.0,0.9,1.3,0.25,0.0,90.0,101325,22.0,520.0,0.0,0.0,9.81,0.0,0.0,0.0,23.0,25.0,0,False,False,False,False,False,False,False,False,1,135,0,0,0,0,0,0,65535,NO_CORAL_DATA,4e 4f 5f 43 4f 52 41 4c 5f 44 41 54 41 00 00 00
2026-07-06T00:46:49.578233+00:00,1783298809.578233,-50,12.25,False,1,2,True,True,True,True,0xD76F,0xD76F,136,0,1,1700000136,2799619,1,STANDBY,831,True,True,True,True,True,True,False,False,True,True,False,False,False,False,False,False,3700,3.7,3,10,48.1353,11.582,520.0,0.9,1.3,0.25,0.0,90.0,101325,22.0,520.0,0.0,0.0,9.81,0.0,0.0,0.0,23.0,25.0,0,False,False,False,False,False,False,False,False,1,136,0,0,0,0,0,0,65535,NO_CORAL_DATA,4e 4f 5f 43 4f 52 41 4c 5f 44 41 54 41 00 00 00
2026-07-06T00:47:10.136078+00:00,1783298830.136078,-50,12.0,False,1,2,True,True,True,True,0x6CF4,0x6CF4,137,0,1,1700000137,2820204,1,STANDBY,831,True,True,True,True,True,True,False,False,True,True,False,False,False,False,False,False,3700,3.7,3,10,48.1353,11.582,520.0,0.9,1.3,0.25,0.0,90.0,101325,22.0,520.0,0.0,0.0,9.81,0.0,0.0,0.0,23.0,25.0,0,False,False,False,False,False,False,False,False,1,137,0,0,0,0,0,0,65535,NO_CORAL_DATA,4e 4f 5f 43 4f 52 41 4c 5f 44 41 54 41 00 00 00
2026-07-06T00:47:30.674012+00:00,1783298850.674012,-50,13.0,False,1,2,True,True,True,True,0xF276,0xF276,138,0,1,1700000138,2840789,1,STANDBY,831,True,True,True,True,True,True,False,False,True,True,False,False,False,False,False,False,3700,3.7,3,10,48.1353,11.582,520.0,0.9,1.3,0.25,0.0,90.0,101325,22.0,520.0,0.0,0.0,9.81,0.0,0.0,0.0,23.0,25.0,0,False,False,False,False,False,False,False,False,1,138,0,0,0,0,0,0,65535,NO_CORAL_DATA,4e 4f 5f 43 4f 52 41 4c 5f 44 41 54 41 00 00 00
2026-07-06T00:47:51.210919+00:00,1783298871.210919,-49,13.0,False,1,2,True,True,True,True,0x603C,0x603C,139,0,1,1700000139,2861374,1,STANDBY,831,True,True,True,True,True,True,False,False,True,True,False,False,False,False,False,False,3700,3.7,3,10,48.1353,11.582,520.0,0.9,1.3,0.25,0.0,90.0,101325,22.0,520.0,0.0,0.0,9.81,0.0,0.0,0.0,23.0,25.0,0,False,False,False,False,False,False,False,False,1,139,0,0,0,0,0,0,65535,NO_CORAL_DATA,4e 4f 5f 43 4f 52 41 4c 5f 44 41 54 41 00 00 00
2026-07-06T00:48:11.738047+00:00,1783298891.738047,-50,13.0,False,1,2,True,True,True,True,0x13B1,0x13B1,140,0,1,1700000140,2881959,1,STANDBY,831,True,True,True,True,True,True,False,False,True,True,False,False,False,False,False,False,3700,3.7,3,10,48.1353,11.582,520.0,0.9,1.3,0.25,0.0,90.0,101325,22.0,520.0,0.0,0.0,9.81,0.0,0.0,0.0,23.0,25.0,0,False,False,False,False,False,False,False,False,1,140,0,0,0,0,0,0,65535,NO_CORAL_DATA,4e 4f 5f 43 4f 52 41 4c 5f 44 41 54 41 00 00 00
2026-07-06T00:48:32.287291+00:00,1783298912.287291,-51,13.5,False,1,2,True,True,True,True,0xF69A,0xF69A,141,0,1,1700000141,2902544,1,STANDBY,831,True,True,True,True,True,True,False,False,True,True,False,False,False,False,False,False,3700,3.7,3,10,48.1353,11.582,520.0,0.9,1.3,0.25,0.0,90.0,101325,22.0,520.0,0.0,0.0,9.81,0.0,0.0,0.0,23.0,25.0,0,False,False,False,False,False,False,False,False,1,141,0,0,0,0,0,0,65535,NO_CORAL_DATA,4e 4f 5f 43 4f 52 41 4c 5f 44 41 54 41 00 00 00
2026-07-06T00:48:52.827079+00:00,1783298932.827079,-51,13.75,False,1,2,True,True,True,True,0x15CC,0x15CC,142,0,1,1700000142,2923129,1,STANDBY,831,True,True,True,True,True,True,False,False,True,True,False,False,False,False,False,False,3700,3.7,3,10,48.1353,11.582,520.0,0.9,1.3,0.25,0.0,90.0,101325,22.0,520.0,0.0,0.0,9.81,0.0,0.0,0.0,23.0,25.0,0,False,False,False,False,False,False,False,False,1,142,0,0,0,0,0,0,65535,NO_CORAL_DATA,4e 4f 5f 43 4f 52 41 4c 5f 44 41 54 41 00 00 00
2026-07-06T00:49:13.379513+00:00,1783298953.379513,-51,13.75,False,1,2,True,True,True,True,0x4AE9,0x4AE9,143,0,1,1700000143,2943714,1,STANDBY,831,True,True,True,True,True,True,False,False,True,True,False,False,False,False,False,False,3700,3.7,3,10,48.1353,11.582,520.0,0.9,1.3,0.25,0.0,90.0,101325,22.0,520.0,0.0,0.0,9.81,0.0,0.0,0.0,23.0,25.0,0,False,False,False,False,False,False,False,False,1,143,0,0,0,0,0,0,65535,NO_CORAL_DATA,4e 4f 5f 43 4f 52 41 4c 5f 44 41 54 41 00 00 00
2026-07-06T00:49:33.900454+00:00,1783298973.900454,-50,14.0,False,1,2,True,True,True,True,0x1545,0x1545,144,0,1,1700000144,2964299,1,STANDBY,831,True,True,True,True,True,True,False,False,True,True,False,False,False,False,False,False,3700,3.7,3,10,48.1353,11.582,520.0,0.9,1.3,0.25,0.0,90.0,101325,22.0,520.0,0.0,0.0,9.81,0.0,0.0,0.0,23.0,25.0,0,False,False,False,False,False,False,False,False,1,144,0,0,0,0,0,0,65535,NO_CORAL_DATA,4e 4f 5f 43 4f 52 41 4c 5f 44 41 54 41 00 00 00
2026-07-06T00:49:54.432877+00:00,1783298994.432877,-49,14.25,False,1,2,True,True,True,True,0xFFE8,0xFFE8,145,0,1,1700000145,2984884,1,STANDBY,831,True,True,True,True,True,True,False,False,True,True,False,False,False,False,False,False,3700,3.7,3,10,48.1353,11.582,520.0,0.9,1.3,0.25,0.0,90.0,101325,22.0,520.0,0.0,0.0,9.81,0.0,0.0,0.0,23.0,25.0,0,False,False,False,False,False,False,False,False,1,145,0,0,0,0,0,0,65535,NO_CORAL_DATA,4e 4f 5f 43 4f 52 41 4c 5f 44 41 54 41 00 00 00
2026-07-06T00:50:14.978385+00:00,1783299014.978385,-50,13.5,False,1,2,True,True,True,True,0xA893,0xA893,146,0,1,1700000146,3005469,1,STANDBY,831,True,True,True,True,True,True,False,False,True,True,False,False,False,False,False,False,3700,3.7,3,10,48.1353,11.582,520.0,0.9,1.3,0.25,0.0,90.0,101325,22.0,520.0,0.0,0.0,9.81,0.0,0.0,0.0,23.0,25.0,0,False,False,False,False,False,False,False,False,1,146,0,0,0,0,0,0,65535,NO_CORAL_DATA,4e 4f 5f 43 4f 52 41 4c 5f 44 41 54 41 00 00 00
2026-07-06T00:50:35.516952+00:00,1783299035.516952,-49,13.75,False,1,2,True,True,True,True,0x4D45,0x4D45,147,0,1,1700000147,3026054,1,STANDBY,831,True,True,True,True,True,True,False,False,True,True,False,False,False,False,False,False,3700,3.7,3,10,48.1353,11.582,520.0,0.9,1.3,0.25,0.0,90.0,101325,22.0,520.0,0.0,0.0,9.81,0.0,0.0,0.0,23.0,25.0,0,False,False,False,False,False,False,False,False,1,147,0,0,0,0,0,0,65535,NO_CORAL_DATA,4e 4f 5f 43 4f 52 41 4c 5f 44 41 54 41 00 00 00
2026-07-06T00:50:56.055298+00:00,1783299056.055298,-50,14.25,False,1,2,True,True,True,True,0x64E5,0x64E5,148,0,1,1700000148,3046639,1,STANDBY,831,True,True,True,True,True,True,False,False,True,True,False,False,False,False,False,False,3700,3.7,3,10,48.1353,11.582,520.0,0.9,1.3,0.25,0.0,90.0,101325,22.0,520.0,0.0,0.0,9.81,0.0,0.0,0.0,23.0,25.0,0,False,False,False,False,False,False,False,False,1,148,0,0,0,0,0,0,65535,NO_CORAL_DATA,4e 4f 5f 43 4f 52 41 4c 5f 44 41 54 41 00 00 00
2026-07-06T00:51:16.614464+00:00,1783299076.614464,-49,10.5,False,1,2,True,True,True,True,0xE5CA,0xE5CA,149,0,1,1700000149,3067224,1,STANDBY,831,True,True,True,True,True,True,False,False,True,True,False,False,False,False,False,False,3700,3.7,3,10,48.1353,11.582,520.0,0.9,1.3,0.25,0.0,90.0,101325,22.0,520.0,0.0,0.0,9.81,0.0,0.0,0.0,23.0,25.0,0,False,False,False,False,False,False,False,False,1,149,0,0,0,0,0,0,65535,NO_CORAL_DATA,4e 4f 5f 43 4f 52 41 4c 5f 44 41 54 41 00 00 00
2026-07-06T00:51:37.149275+00:00,1783299097.149275,-49,11.0,False,1,2,True,True,True,True,0x73B8,0x73B8,150,0,1,1700000150,3087809,1,STANDBY,831,True,True,True,True,True,True,False,False,True,True,False,False,False,False,False,False,3700,3.7,3,10,48.1353,11.582,520.0,0.9,1.3,0.25,0.0,90.0,101325,22.0,520.0,0.0,0.0,9.81,0.0,0.0,0.0,23.0,25.0,0,False,False,False,False,False,False,False,False,1,150,0,0,0,0,0,0,65535,NO_CORAL_DATA,4e 4f 5f 43 4f 52 41 4c 5f 44 41 54 41 00 00 00
2026-07-06T00:51:57.692890+00:00,1783299117.69289,-49,11.0,False,1,2,True,True,True,True,0x1B13,0x1B13,151,0,1,1700000151,3108393,1,STANDBY,831,True,True,True,True,True,True,False,False,True,True,False,False,False,False,False,False,3700,3.7,3,10,48.1353,11.582,520.0,0.9,1.3,0.25,0.0,90.0,101325,22.0,520.0,0.0,0.0,9.81,0.0,0.0,0.0,23.0,25.0,0,False,False,False,False,False,False,False,False,1,151,0,0,0,0,0,0,65535,NO_CORAL_DATA,4e 4f 5f 43 4f 52 41 4c 5f 44 41 54 41 00 00 00
2026-07-06T00:52:18.233349+00:00,1783299138.233349,-51,11.5,False,1,2,True,True,True,True,0xCAAA,0xCAAA,152,0,1,1700000152,3128977,1,STANDBY,831,True,True,True,True,True,True,False,False,True,True,False,False,False,False,False,False,3700,3.7,3,10,48.1353,11.582,520.0,0.9,1.3,0.25,0.0,90.0,101325,22.0,520.0,0.0,0.0,9.81,0.0,0.0,0.0,23.0,25.0,0,False,False,False,False,False,False,False,False,1,152,0,0,0,0,0,0,65535,NO_CORAL_DATA,4e 4f 5f 43 4f 52 41 4c 5f 44 41 54 41 00 00 00
2026-07-06T00:52:38.776549+00:00,1783299158.776549,-50,11.25,False,1,2,True,True,True,True,0x143A,0x143A,153,0,1,1700000153,3149562,1,STANDBY,831,True,True,True,True,True,True,False,False,True,True,False,False,False,False,False,False,3700,3.7,3,10,48.1353,11.582,520.0,0.9,1.3,0.25,0.0,90.0,101325,22.0,520.0,0.0,0.0,9.81,0.0,0.0,0.0,23.0,25.0,0,False,False,False,False,False,False,False,False,1,153,0,0,0,0,0,0,65535,NO_CORAL_DATA,4e 4f 5f 43 4f 52 41 4c 5f 44 41 54 41 00 00 00
2026-07-06T00:52:59.330567+00:00,1783299179.330567,-51,13.5,False,1,2,True,True,True,True,0x3DD5,0x3DD5,154,0,1,1700000154,3170146,1,STANDBY,831,True,True,True,True,True,True,False,False,True,True,False,False,False,False,False,False,3700,3.7,3,10,48.1353,11.582,520.0,0.9,1.3,0.25,0.0,90.0,101325,22.0,520.0,0.0,0.0,9.81,0.0,0.0,0.0,23.0,25.0,0,False,False,False,False,False,False,False,False,1,154,0,0,0,0,0,0,65535,NO_CORAL_DATA,4e 4f 5f 43 4f 52 41 4c 5f 44 41 54 41 00 00 00
2026-07-06T00:53:19.867297+00:00,1783299199.867297,-50,11.75,False,1,2,True,True,True,True,0xA4D2,0xA4D2,155,0,1,1700000155,3190731,1,STANDBY,831,True,True,True,True,True,True,False,False,True,True,False,False,False,False,False,False,3700,3.7,3,10,48.1353,11.582,520.0,0.9,1.3,0.25,0.0,90.0,101325,22.0,520.0,0.0,0.0,9.81,0.0,0.0,0.0,23.0,25.0,0,False,False,False,False,False,False,False,False,1,155,0,0,0,0,0,0,65535,NO_CORAL_DATA,4e 4f 5f 43 4f 52 41 4c 5f 44 41 54 41 00 00 00
2026-07-06T00:53:40.420896+00:00,1783299220.420896,-50,13.5,False,1,2,True,True,True,True,0xCAD5,0xCAD5,156,0,1,1700000156,3211316,1,STANDBY,831,True,True,True,True,True,True,False,False,True,True,False,False,False,False,False,False,3700,3.7,3,10,48.1353,11.582,520.0,0.9,1.3,0.25,0.0,90.0,101325,22.0,520.0,0.0,0.0,9.81,0.0,0.0,0.0,23.0,25.0,0,False,False,False,False,False,False,False,False,1,156,0,0,0,0,0,0,65535,NO_CORAL_DATA,4e 4f 5f 43 4f 52 41 4c 5f 44 41 54 41 00 00 00
2026-07-06T00:54:00.974462+00:00,1783299240.974462,-50,13.5,False,1,2,True,True,True,True,0x2D31,0x2D31,157,0,1,1700000157,3231900,1,STANDBY,831,True,True,True,True,True,True,False,False,True,True,False,False,False,False,False,False,3700,3.7,3,10,48.1353,11.582,520.0,0.9,1.3,0.25,0.0,90.0,101325,22.0,520.0,0.0,0.0,9.81,0.0,0.0,0.0,23.0,25.0,0,False,False,False,False,False,False,False,False,1,157,0,0,0,0,0,0,65535,NO_CORAL_DATA,4e 4f 5f 43 4f 52 41 4c 5f 44 41 54 41 00 00 00
2026-07-06T00:54:21.495576+00:00,1783299261.495576,-50,14.0,False,1,2,True,True,True,True,0xFDCC,0xFDCC,158,0,1,1700000158,3252484,1,STANDBY,831,True,True,True,True,True,True,False,False,True,True,False,False,False,False,False,False,3700,3.7,3,10,48.1353,11.582,520.0,0.9,1.3,0.25,0.0,90.0,101325,22.0,520.0,0.0,0.0,9.81,0.0,0.0,0.0,23.0,25.0,0,False,False,False,False,False,False,False,False,1,158,0,0,0,0,0,0,65535,NO_CORAL_DATA,4e 4f 5f 43 4f 52 41 4c 5f 44 41 54 41 00 00 00
2026-07-06T00:54:42.051624+00:00,1783299282.051624,-51,13.5,False,1,2,True,True,True,True,0x520C,0x520C,159,0,1,1700000159,3273068,1,STANDBY,831,True,True,True,True,True,True,False,False,True,True,False,False,False,False,False,False,3700,3.7,3,10,48.1353,11.582,520.0,0.9,1.3,0.25,0.0,90.0,101325,22.0,520.0,0.0,0.0,9.81,0.0,0.0,0.0,23.0,25.0,0,False,False,False,False,False,False,False,False,1,159,0,0,0,0,0,0,65535,NO_CORAL_DATA,4e 4f 5f 43 4f 52 41 4c 5f 44 41 54 41 00 00 00
2026-07-06T00:55:02.603298+00:00,1783299302.603298,-49,12.25,False,1,2,True,True,True,True,0xA928,0xA928,160,0,1,1700000160,3293652,1,STANDBY,831,True,True,True,True,True,True,False,False,True,True,False,False,False,False,False,False,3700,3.7,3,10,48.1353,11.582,520.0,0.9,1.3,0.25,0.0,90.0,101325,22.0,520.0,0.0,0.0,9.81,0.0,0.0,0.0,23.0,25.0,0,False,False,False,False,False,False,False,False,1,160,0,0,0,0,0,0,65535,NO_CORAL_DATA,4e 4f 5f 43 4f 52 41 4c 5f 44 41 54 41 00 00 00
2026-07-06T00:55:23.140707+00:00,1783299323.140707,-51,13.75,False,1,2,True,True,True,True,0x3891,0x3891,161,0,1,1700000161,3314236,1,STANDBY,831,True,True,True,True,True,True,False,False,True,True,False,False,False,False,False,False,3700,3.7,3,10,48.1353,11.582,520.0,0.9,1.3,0.25,0.0,90.0,101325,22.0,520.0,0.0,0.0,9.81,0.0,0.0,0.0,23.0,25.0,0,False,False,False,False,False,False,False,False,1,161,0,0,0,0,0,0,65535,NO_CORAL_DATA,4e 4f 5f 43 4f 52 41 4c 5f 44 41 54 41 00 00 00
2026-07-06T00:55:43.686746+00:00,1783299343.686746,-50,14.25,False,1,2,True,True,True,True,0x78F8,0x78F8,162,0,1,1700000162,3334821,1,STANDBY,831,True,True,True,True,True,True,False,False,True,True,False,False,False,False,False,False,3700,3.7,3,10,48.1353,11.582,520.0,0.9,1.3,0.25,0.0,90.0,101325,22.0,520.0,0.0,0.0,9.81,0.0,0.0,0.0,23.0,25.0,0,False,False,False,False,False,False,False,False,1,162,0,0,0,0,0,0,65535,NO_CORAL_DATA,4e 4f 5f 43 4f 52 41 4c 5f 44 41 54 41 00 00 00
2026-07-06T00:56:04.224103+00:00,1783299364.224103,-50,13.75,False,1,2,True,True,True,True,0x3F42,0x3F42,163,0,1,1700000163,3355406,1,STANDBY,831,True,True,True,True,True,True,False,False,True,True,False,False,False,False,False,False,3700,3.7,3,10,48.1353,11.582,520.0,0.9,1.3,0.25,0.0,90.0,101325,22.0,520.0,0.0,0.0,9.81,0.0,0.0,0.0,23.0,25.0,0,False,False,False,False,False,False,False,False,1,163,0,0,0,0,0,0,65535,NO_CORAL_DATA,4e 4f 5f 43 4f 52 41 4c 5f 44 41 54 41 00 00 00
2026-07-06T00:56:24.768545+00:00,1783299384.768545,-50,14.0,False,1,2,True,True,True,True,0xF3ED,0xF3ED,164,0,1,1700000164,3375990,1,STANDBY,831,True,True,True,True,True,True,False,False,True,True,False,False,False,False,False,False,3700,3.7,3,10,48.1353,11.582,520.0,0.9,1.3,0.25,0.0,90.0,101325,22.0,520.0,0.0,0.0,9.81,0.0,0.0,0.0,23.0,25.0,0,False,False,False,False,False,False,False,False,1,164,0,0,0,0,0,0,65535,NO_CORAL_DATA,4e 4f 5f 43 4f 52 41 4c 5f 44 41 54 41 00 00 00
2026-07-06T00:56:45.323619+00:00,1783299405.323619,-50,13.75,False,1,2,True,True,True,True,0x1409,0x1409,165,0,1,1700000165,3396574,1,STANDBY,831,True,True,True,True,True,True,False,False,True,True,False,False,False,False,False,False,3700,3.7,3,10,48.1353,11.582,520.0,0.9,1.3,0.25,0.0,90.0,101325,22.0,520.0,0.0,0.0,9.81,0.0,0.0,0.0,23.0,25.0,0,False,False,False,False,False,False,False,False,1,165,0,0,0,0,0,0,65535,NO_CORAL_DATA,4e 4f 5f 43 4f 52 41 4c 5f 44 41 54 41 00 00 00
2026-07-06T00:57:05.859421+00:00,1783299425.859421,-51,13.75,False,1,2,True,True,True,True,0x6556,0x6556,166,0,1,1700000166,3417159,1,STANDBY,831,True,True,True,True,True,True,False,False,True,True,False,False,False,False,False,False,3700,3.7,3,10,48.1353,11.582,520.0,0.9,1.3,0.25,0.0,90.0,101325,22.0,520.0,0.0,0.0,9.81,0.0,0.0,0.0,23.0,25.0,0,False,False,False,False,False,False,False,False,1,166,0,0,0,0,0,0,65535,NO_CORAL_DATA,4e 4f 5f 43 4f 52 41 4c 5f 44 41 54 41 00 00 00
2026-07-06T00:57:26.402319+00:00,1783299446.402319,-51,13.75,False,1,2,True,True,True,True,0x4AB1,0x4AB1,167,0,1,1700000167,3437743,1,STANDBY,831,True,True,True,True,True,True,False,False,True,True,False,False,False,False,False,False,3700,3.7,3,10,48.1353,11.582,520.0,0.9,1.3,0.25,0.0,90.0,101325,22.0,520.0,0.0,0.0,9.81,0.0,0.0,0.0,23.0,25.0,0,False,False,False,False,False,False,False,False,1,167,0,0,0,0,0,0,65535,NO_CORAL_DATA,4e 4f 5f 43 4f 52 41 4c 5f 44 41 54 41 00 00 00
2026-07-06T00:57:46.964022+00:00,1783299466.964022,-52,13.5,False,1,2,True,True,True,True,0xC833,0xC833,168,0,1,1700000168,3458328,1,STANDBY,831,True,True,True,True,True,True,False,False,True,True,False,False,False,False,False,False,3700,3.7,3,10,48.1353,11.582,520.0,0.9,1.3,0.25,0.0,90.0,101325,22.0,520.0,0.0,0.0,9.81,0.0,0.0,0.0,23.0,25.0,0,False,False,False,False,False,False,False,False,1,168,0,0,0,0,0,0,65535,NO_CORAL_DATA,4e 4f 5f 43 4f 52 41 4c 5f 44 41 54 41 00 00 00
2026-07-06T00:58:07.506115+00:00,1783299487.506115,-51,13.5,False,1,2,True,True,True,True,0xD93F,0xD93F,169,0,1,1700000169,3478912,1,STANDBY,831,True,True,True,True,True,True,False,False,True,True,False,False,False,False,False,False,3700,3.7,3,10,48.1353,11.582,520.0,0.9,1.3,0.25,0.0,90.0,101325,22.0,520.0,0.0,0.0,9.81,0.0,0.0,0.0,23.0,25.0,0,False,False,False,False,False,False,False,False,1,169,0,0,0,0,0,0,65535,NO_CORAL_DATA,4e 4f 5f 43 4f 52 41 4c 5f 44 41 54 41 00 00 00
2026-07-06T00:58:28.041441+00:00,1783299508.041441,-51,13.75,False,1,2,True,True,True,True,0xC37B,0xC37B,170,0,1,1700000170,3499497,1,STANDBY,831,True,True,True,True,True,True,False,False,True,True,False,False,False,False,False,False,3700,3.7,3,10,48.1353,11.582,520.0,0.9,1.3,0.25,0.0,90.0,101325,22.0,520.0,0.0,0.0,9.81,0.0,0.0,0.0,23.0,25.0,0,False,False,False,False,False,False,False,False,1,170,0,0,0,0,0,0,65535,NO_CORAL_DATA,4e 4f 5f 43 4f 52 41 4c 5f 44 41 54 41 00 00 00
2026-07-06T00:58:48.595386+00:00,1783299528.595386,-50,13.75,False,1,2,True,True,True,True,0xFCEB,0xFCEB,171,0,1,1700000171,3520082,1,STANDBY,831,True,True,True,True,True,True,False,False,True,True,False,False,False,False,False,False,3700,3.7,3,10,48.1353,11.582,520.0,0.9,1.3,0.25,0.0,90.0,101325,22.0,520.0,0.0,0.0,9.81,0.0,0.0,0.0,23.0,25.0,0,False,False,False,False,False,False,False,False,1,171,0,0,0,0,0,0,65535,NO_CORAL_DATA,4e 4f 5f 43 4f 52 41 4c 5f 44 41 54 41 00 00 00
2026-07-06T00:59:09.139419+00:00,1783299549.139419,-50,13.75,False,1,2,True,True,True,True,0x3F60,0x3F60,172,0,1,1700000172,3540666,1,STANDBY,831,True,True,True,True,True,True,False,False,True,True,False,False,False,False,False,False,3700,3.7,3,10,48.1353,11.582,520.0,0.9,1.3,0.25,0.0,90.0,101325,22.0,520.0,0.0,0.0,9.81,0.0,0.0,0.0,23.0,25.0,0,False,False,False,False,False,False,False,False,1,172,0,0,0,0,0,0,65535,NO_CORAL_DATA,4e 4f 5f 43 4f 52 41 4c 5f 44 41 54 41 00 00 00
2026-07-06T00:59:29.671738+00:00,1783299569.671738,-51,13.75,False,1,2,True,True,True,True,0x91F1,0x91F1,173,0,1,1700000173,3561251,1,STANDBY,831,True,True,True,True,True,True,False,False,True,True,False,False,False,False,False,False,3700,3.7,3,10,48.1353,11.582,520.0,0.9,1.3,0.25,0.0,90.0,101325,22.0,520.0,0.0,0.0,9.81,0.0,0.0,0.0,23.0,25.0,0,False,False,False,False,False,False,False,False,1,173,0,0,0,0,0,0,65535,NO_CORAL_DATA,4e 4f 5f 43 4f 52 41 4c 5f 44 41 54 41 00 00 00
2026-07-06T00:59:50.219136+00:00,1783299590.219136,-50,14.0,False,1,2,True,True,True,True,0x283C,0x283C,174,0,1,1700000174,3581836,1,STANDBY,831,True,True,True,True,True,True,False,False,True,True,False,False,False,False,False,False,3700,3.7,3,10,48.1353,11.582,520.0,0.9,1.3,0.25,0.0,90.0,101325,22.0,520.0,0.0,0.0,9.81,0.0,0.0,0.0,23.0,25.0,0,False,False,False,False,False,False,False,False,1,174,0,0,0,0,0,0,65535,NO_CORAL_DATA,4e 4f 5f 43 4f 52 41 4c 5f 44 41 54 41 00 00 00
2026-07-06T01:00:10.753402+00:00,1783299610.753402,-51,13.75,False,1,2,True,True,True,True,0xFE15,0xFE15,175,0,1,1700000175,3602421,1,STANDBY,831,True,True,True,True,True,True,False,False,True,True,False,False,False,False,False,False,3700,3.7,3,10,48.1353,11.582,520.0,0.9,1.3,0.25,0.0,90.0,101325,22.0,520.0,0.0,0.0,9.81,0.0,0.0,0.0,23.0,25.0,0,False,False,False,False,False,False,False,False,1,175,0,0,0,0,0,0,65535,NO_CORAL_DATA,4e 4f 5f 43 4f 52 41 4c 5f 44 41 54 41 00 00 00
2026-07-06T01:00:31.298773+00:00,1783299631.298773,-51,13.5,False,1,2,True,True,True,True,0x86B6,0x86B6,176,0,1,1700000176,3623006,1,STANDBY,831,True,True,True,True,True,True,False,False,True,True,False,False,False,False,False,False,3700,3.7,3,10,48.1353,11.582,520.0,0.9,1.3,0.25,0.0,90.0,101325,22.0,520.0,0.0,0.0,9.81,0.0,0.0,0.0,23.0,25.0,0,False,False,False,False,False,False,False,False,1,176,0,0,0,0,0,0,65535,NO_CORAL_DATA,4e 4f 5f 43 4f 52 41 4c 5f 44 41 54 41 00 00 00
2026-07-06T01:02:59.336609+00:00,1783299779.336609,-51,13.5,False,1,2,True,True,True,True,0x477B,0x477B,183,6,7,1700000183,3767099,1,STANDBY,831,True,True,True,True,True,True,False,False,True,True,False,False,False,False,False,False,3700,3.7,3,10,48.1353,11.582,520.0,0.9,1.3,0.25,0.0,90.0,101325,22.0,520.0,0.0,0.0,9.81,0.0,0.0,0.0,23.0,25.0,0,False,False,False,False,False,False,False,False,1,183,0,0,0,0,0,0,65535,NO_CORAL_DATA,4e 4f 5f 43 4f 52 41 4c 5f 44 41 54 41 00 00 00
2026-07-06T01:03:15.664785+00:00,1783299795.664785,-50,11.5,False,1,2,True,True,True,True,0x2DDD,0x2DDD,184,0,7,1700000184,3787683,1,STANDBY,831,True,True,True,True,True,True,False,False,True,True,False,False,False,False,False,False,3700,3.7,3,10,48.1353,11.582,520.0,0.9,1.3,0.25,0.0,90.0,101325,22.0,520.0,0.0,0.0,9.81,0.0,0.0,0.0,23.0,25.0,0,False,False,False,False,False,False,False,False,1,184,0,0,0,0,0,0,65535,NO_CORAL_DATA,4e 4f 5f 43 4f 52 41 4c 5f 44 41 54 41 00 00 00
2026-07-06T01:03:36.198680+00:00,1783299816.19868,-50,9.75,False,1,2,True,True,True,True,0x472B,0x472B,185,0,7,1700000185,3808267,1,STANDBY,831,True,True,True,True,True,True,False,False,True,True,False,False,False,False,False,False,3700,3.7,3,10,48.1353,11.582,520.0,0.9,1.3,0.25,0.0,90.0,101325,22.0,520.0,0.0,0.0,9.81,0.0,0.0,0.0,23.0,25.0,0,False,False,False,False,False,False,False,False,1,185,0,0,0,0,0,0,65535,NO_CORAL_DATA,4e 4f 5f 43 4f 52 41 4c 5f 44 41 54 41 00 00 00
2026-07-06T01:03:56.755555+00:00,1783299836.755555,-49,10.25,False,1,2,True,True,True,True,0x2486,0x2486,186,0,7,1700000186,3828851,1,STANDBY,831,True,True,True,True,True,True,False,False,True,True,False,False,False,False,False,False,3700,3.7,3,10,48.1353,11.582,520.0,0.9,1.3,0.25,0.0,90.0,101325,22.0,520.0,0.0,0.0,9.81,0.0,0.0,0.0,23.0,25.0,0,False,False,False,False,False,False,False,False,1,186,0,0,0,0,0,0,65535,NO_CORAL_DATA,4e 4f 5f 43 4f 52 41 4c 5f 44 41 54 41 00 00 00
2026-07-06T01:04:17.287590+00:00,1783299857.28759,-49,11.0,False,1,2,True,True,True,True,0x088A,0x088A,187,0,7,1700000187,3849435,1,STANDBY,831,True,True,True,True,True,True,False,False,True,True,False,False,False,False,False,False,3700,3.7,3,10,48.1353,11.582,520.0,0.9,1.3,0.25,0.0,90.0,101325,22.0,520.0,0.0,0.0,9.81,0.0,0.0,0.0,23.0,25.0,0,False,False,False,False,False,False,False,False,1,187,0,0,0,0,0,0,65535,NO_CORAL_DATA,4e 4f 5f 43 4f 52 41 4c 5f 44 41 54 41 00 00 00
2026-07-06T01:04:37.848060+00:00,1783299877.84806,-50,13.25,False,1,2,True,True,True,True,0x9394,0x9394,188,0,7,1700000188,3870019,1,STANDBY,831,True,True,True,True,True,True,False,False,True,True,False,False,False,False,False,False,3700,3.7,3,10,48.1353,11.582,520.0,0.9,1.3,0.25,0.0,90.0,101325,22.0,520.0,0.0,0.0,9.81,0.0,0.0,0.0,23.0,25.0,0,False,False,False,False,False,False,False,False,1,188,0,0,0,0,0,0,65535,NO_CORAL_DATA,4e 4f 5f 43 4f 52 41 4c 5f 44 41 54 41 00 00 00
2026-07-06T01:04:58.396695+00:00,1783299898.396695,-50,11.5,False,1,2,True,True,True,True,0xBC73,0xBC73,189,0,7,1700000189,3890603,1,STANDBY,831,True,True,True,True,True,True,False,False,True,True,False,False,False,False,False,False,3700,3.7,3,10,48.1353,11.582,520.0,0.9,1.3,0.25,0.0,90.0,101325,22.0,520.0,0.0,0.0,9.81,0.0,0.0,0.0,23.0,25.0,0,False,False,False,False,False,False,False,False,1,189,0,0,0,0,0,0,65535,NO_CORAL_DATA,4e 4f 5f 43 4f 52 41 4c 5f 44 41 54 41 00 00 00
2026-07-06T01:05:18.937546+00:00,1783299918.937546,-49,10.0,False,1,2,True,True,True,True,0x29A4,0x29A4,190,0,7,1700000190,3911187,1,STANDBY,831,True,True,True,True,True,True,False,False,True,True,False,False,False,False,False,False,3700,3.7,3,10,48.1353,11.582,520.0,0.9,1.3,0.25,0.0,90.0,101325,22.0,520.0,0.0,0.0,9.81,0.0,0.0,0.0,23.0,25.0,0,False,False,False,False,False,False,False,False,1,190,0,0,0,0,0,0,65535,NO_CORAL_DATA,4e 4f 5f 43 4f 52 41 4c 5f 44 41 54 41 00 00 00
2026-07-06T01:05:39.495485+00:00,1783299939.495485,-50,10.25,False,1,2,True,True,True,True,0x8664,0x8664,191,0,7,1700000191,3931771,1,STANDBY,831,True,True,True,True,True,True,False,False,True,True,False,False,False,False,False,False,3700,3.7,3,10,48.1353,11.582,520.0,0.9,1.3,0.25,0.0,90.0,101325,22.0,520.0,0.0,0.0,9.81,0.0,0.0,0.0,23.0,25.0,0,False,False,False,False,False,False,False,False,1,191,0,0,0,0,0,0,65535,NO_CORAL_DATA,4e 4f 5f 43 4f 52 41 4c 5f 44 41 54 41 00 00 00
2026-07-06T01:06:00.045052+00:00,1783299960.045052,-50,10.0,False,1,2,True,True,True,True,0x3C95,0x3C95,192,0,7,1700000192,3952355,1,STANDBY,831,True,True,True,True,True,True,False,False,True,True,False,False,False,False,False,False,3700,3.7,3,10,48.1353,11.582,520.0,0.9,1.3,0.25,0.0,90.0,101325,22.0,520.0,0.0,0.0,9.81,0.0,0.0,0.0,23.0,25.0,0,False,False,False,False,False,False,False,False,1,192,0,0,0,0,0,0,65535,NO_CORAL_DATA,4e 4f 5f 43 4f 52 41 4c 5f 44 41 54 41 00 00 00
2026-07-06T01:06:20.585531+00:00,1783299980.585531,-49,9.75,False,1,2,True,True,True,True,0xCC14,0xCC14,193,0,7,1700000193,3972939,1,STANDBY,831,True,True,True,True,True,True,False,False,True,True,False,False,False,False,False,False,3700,3.7,3,10,48.1353,11.582,520.0,0.9,1.3,0.25,0.0,90.0,101325,22.0,520.0,0.0,0.0,9.81,0.0,0.0,0.0,23.0,25.0,0,False,False,False,False,False,False,False,False,1,193,0,0,0,0,0,0,65535,NO_CORAL_DATA,4e 4f 5f 43 4f 52 41 4c 5f 44 41 54 41 00 00 00
2026-07-06T01:06:41.141707+00:00,1783300001.141707,-50,11.75,False,1,2,True,True,True,True,0x2F9E,0x2F9E,194,0,7,1700000194,3993523,1,STANDBY,831,True,True,True,True,True,True,False,False,True,True,False,False,False,False,False,False,3700,3.7,3,10,48.1353,11.582,520.0,0.9,1.3,0.25,0.0,90.0,101325,22.0,520.0,0.0,0.0,9.81,0.0,0.0,0.0,23.0,25.0,0,False,False,False,False,False,False,False,False,1,194,0,0,0,0,0,0,65535,NO_CORAL_DATA,4e 4f 5f 43 4f 52 41 4c 5f 44 41 54 41 00 00 00
2026-07-06T01:07:01.674448+00:00,1783300021.674448,-50,11.25,False,1,2,True,True,True,True,0xD1A7,0xD1A7,195,0,7,1700000195,4014107,1,STANDBY,831,True,True,True,True,True,True,False,False,True,True,False,False,False,False,False,False,3700,3.7,3,10,48.1353,11.582,520.0,0.9,1.3,0.25,0.0,90.0,101325,22.0,520.0,0.0,0.0,9.81,0.0,0.0,0.0,23.0,25.0,0,False,False,False,False,False,False,False,False,1,195,0,0,0,0,0,0,65535,NO_CORAL_DATA,4e 4f 5f 43 4f 52 41 4c 5f 44 41 54 41 00 00 00
2026-07-06T01:07:22.236742+00:00,1783300042.236742,-50,11.25,False,1,2,True,True,True,True,0xEE33,0xEE33,196,0,7,1700000196,4034691,1,STANDBY,831,True,True,True,True,True,True,False,False,True,True,False,False,False,False,False,False,3700,3.7,3,10,48.1353,11.582,520.0,0.9,1.3,0.25,0.0,90.0,101325,22.0,520.0,0.0,0.0,9.81,0.0,0.0,0.0,23.0,25.0,0,False,False,False,False,False,False,False,False,1,196,0,0,0,0,0,0,65535,NO_CORAL_DATA,4e 4f 5f 43 4f 52 41 4c 5f 44 41 54 41 00 00 00
2026-07-06T01:07:42.790699+00:00,1783300062.790699,-51,14.0,False,1,2,True,True,True,True,0x7309,0x7309,197,0,7,1700000197,4055275,1,STANDBY,831,True,True,True,True,True,True,False,False,True,True,False,False,False,False,False,False,3700,3.7,3,10,48.1353,11.582,520.0,0.9,1.3,0.25,0.0,90.0,101325,22.0,520.0,0.0,0.0,9.81,0.0,0.0,0.0,23.0,25.0,0,False,False,False,False,False,False,False,False,1,197,0,0,0,0,0,0,65535,NO_CORAL_DATA,4e 4f 5f 43 4f 52 41 4c 5f 44 41 54 41 00 00 00
2026-07-06T01:08:03.335780+00:00,1783300083.33578,-50,12.5,False,1,2,True,True,True,True,0x0C04,0x0C04,198,0,7,1700000198,4075859,1,STANDBY,831,True,True,True,True,True,True,False,False,True,True,False,False,False,False,False,False,3700,3.7,3,10,48.1353,11.582,520.0,0.9,1.3,0.25,0.0,90.0,101325,22.0,520.0,0.0,0.0,9.81,0.0,0.0,0.0,23.0,25.0,0,False,False,False,False,False,False,False,False,1,198,0,0,0,0,0,0,65535,NO_CORAL_DATA,4e 4f 5f 43 4f 52 41 4c 5f 44 41 54 41 00 00 00
2026-07-06T01:08:23.870667+00:00,1783300103.870667,-51,13.75,False,1,2,True,True,True,True,0xBF05,0xBF05,199,0,7,1700000199,4096443,1,STANDBY,831,True,True,True,True,True,True,False,False,True,True,False,False,False,False,False,False,3700,3.7,3,10,48.1353,11.582,520.0,0.9,1.3,0.25,0.0,90.0,101325,22.0,520.0,0.0,0.0,9.81,0.0,0.0,0.0,23.0,25.0,0,False,False,False,False,False,False,False,False,1,199,0,0,0,0,0,0,65535,NO_CORAL_DATA,4e 4f 5f 43 4f 52 41 4c 5f 44 41 54 41 00 00 00
2026-07-06T01:08:44.423733+00:00,1783300124.423733,-50,13.25,False,1,2,True,True,True,True,0x3CF3,0x3CF3,200,0,7,1700000200,4117027,1,STANDBY,831,True,True,True,True,True,True,False,False,True,True,False,False,False,False,False,False,3700,3.7,3,10,48.1353,11.582,520.0,0.9,1.3,0.25,0.0,90.0,101325,22.0,520.0,0.0,0.0,9.81,0.0,0.0,0.0,23.0,25.0,0,False,False,False,False,False,False,False,False,1,200,0,0,0,0,0,0,65535,NO_CORAL_DATA,4e 4f 5f 43 4f 52 41 4c 5f 44 41 54 41 00 00 00
2026-07-06T01:09:04.944247+00:00,1783300144.944247,-49,13.5,False,1,2,True,True,True,True,0x0D0C,0x0D0C,201,0,7,1700000201,4137611,1,STANDBY,831,True,True,True,True,True,True,False,False,True,True,False,False,False,False,False,False,3700,3.7,3,10,48.1353,11.582,520.0,0.9,1.3,0.25,0.0,90.0,101325,22.0,520.0,0.0,0.0,9.81,0.0,0.0,0.0,23.0,25.0,0,False,False,False,False,False,False,False,False,1,201,0,0,0,0,0,0,65535,NO_CORAL_DATA,4e 4f 5f 43 4f 52 41 4c 5f 44 41 54 41 00 00 00
2026-07-06T01:09:25.506513+00:00,1783300165.506513,-50,14.0,False,1,2,True,True,True,True,0x5C5B,0x5C5B,202,0,7,1700000202,4158195,1,STANDBY,831,True,True,True,True,True,True,False,False,True,True,False,False,False,False,False,False,3700,3.7,3,10,48.1353,11.582,520.0,0.9,1.3,0.25,0.0,90.0,101325,22.0,520.0,0.0,0.0,9.81,0.0,0.0,0.0,23.0,25.0,0,False,False,False,False,False,False,False,False,1,202,0,0,0,0,0,0,65535,NO_CORAL_DATA,4e 4f 5f 43 4f 52 41 4c 5f 44 41 54 41 00 00 00
2026-07-06T01:09:46.044059+00:00,1783300186.044059,-50,14.25,False,1,2,True,True,True,True,0xFBD4,0xFBD4,203,0,7,1700000203,4178779,1,STANDBY,831,True,True,True,True,True,True,False,False,True,True,False,False,False,False,False,False,3700,3.7,3,10,48.1353,11.582,520.0,0.9,1.3,0.25,0.0,90.0,101325,22.0,520.0,0.0,0.0,9.81,0.0,0.0,0.0,23.0,25.0,0,False,False,False,False,False,False,False,False,1,203,0,0,0,0,0,0,65535,NO_CORAL_DATA,4e 4f 5f 43 4f 52 41 4c 5f 44 41 54 41 00 00 00
2026-07-06T01:10:06.586177+00:00,1783300206.586177,-49,13.5,False,1,2,True,True,True,True,0xD4DE,0xD4DE,204,0,7,1700000204,4199364,1,STANDBY,831,True,True,True,True,True,True,False,False,True,True,False,False,False,False,False,False,3700,3.7,3,10,48.1353,11.582,520.0,0.9,1.3,0.25,0.0,90.0,101325,22.0,520.0,0.0,0.0,9.81,0.0,0.0,0.0,23.0,25.0,0,False,False,False,False,False,False,False,False,1,204,0,0,0,0,0,0,65535,NO_CORAL_DATA,4e 4f 5f 43 4f 52 41 4c 5f 44 41 54 41 00 00 00
2026-07-06T01:10:27.128000+00:00,1783300227.128,-51,13.5,False,1,2,True,True,True,True,0x79D3,0x79D3,205,0,7,1700000205,4219949,1,STANDBY,831,True,True,True,True,True,True,False,False,True,True,False,False,False,False,False,False,3700,3.7,3,10,48.1353,11.582,520.0,0.9,1.3,0.25,0.0,90.0,101325,22.0,520.0,0.0,0.0,9.81,0.0,0.0,0.0,23.0,25.0,0,False,False,False,False,False,False,False,False,1,205,0,0,0,0,0,0,65535,NO_CORAL_DATA,4e 4f 5f 43 4f 52 41 4c 5f 44 41 54 41 00 00 00
2026-07-06T01:10:47.681808+00:00,1783300247.681808,-50,13.75,False,1,2,True,True,True,True,0x337A,0x337A,206,0,7,1700000206,4240534,1,STANDBY,831,True,True,True,True,True,True,False,False,True,True,False,False,False,False,False,False,3700,3.7,3,10,48.1353,11.582,520.0,0.9,1.3,0.25,0.0,90.0,101325,22.0,520.0,0.0,0.0,9.81,0.0,0.0,0.0,23.0,25.0,0,False,False,False,False,False,False,False,False,1,206,0,0,0,0,0,0,65535,NO_CORAL_DATA,4e 4f 5f 43 4f 52 41 4c 5f 44 41 54 41 00 00 00
2026-07-06T01:11:08.200817+00:00,1783300268.200817,-51,12.75,False,1,2,True,True,True,True,0x2F55,0x2F55,207,0,7,1700000207,4261118,1,STANDBY,831,True,True,True,True,True,True,False,False,True,True,False,False,False,False,False,False,3700,3.7,3,10,48.1353,11.582,520.0,0.9,1.3,0.25,0.0,90.0,101325,22.0,520.0,0.0,0.0,9.81,0.0,0.0,0.0,23.0,25.0,0,False,False,False,False,False,False,False,False,1,207,0,0,0,0,0,0,65535,NO_CORAL_DATA,4e 4f 5f 43 4f 52 41 4c 5f 44 41 54 41 00 00 00
2026-07-06T01:11:28.753932+00:00,1783300288.753932,-50,13.5,False,1,2,True,True,True,True,0x8611,0x8611,208,0,7,1700000208,4281703,1,STANDBY,831,True,True,True,True,True,True,False,False,True,True,False,False,False,False,False,False,3700,3.7,3,10,48.1353,11.582,520.0,0.9,1.3,0.25,0.0,90.0,101325,22.0,520.0,0.0,0.0,9.81,0.0,0.0,0.0,23.0,25.0,0,False,False,False,False,False,False,False,False,1,208,0,0,0,0,0,0,65535,NO_CORAL_DATA,4e 4f 5f 43 4f 52 41 4c 5f 44 41 54 41 00 00 00
2026-07-06T01:11:49.283236+00:00,1783300309.283236,-52,13.75,False,1,2,True,True,True,True,0xBE47,0xBE47,209,0,7,1700000209,4302288,1,STANDBY,831,True,True,True,True,True,True,False,False,True,True,False,False,False,False,False,False,3700,3.7,3,10,48.1353,11.582,520.0,0.9,1.3,0.25,0.0,90.0,101325,22.0,520.0,0.0,0.0,9.81,0.0,0.0,0.0,23.0,25.0,0,False,False,False,False,False,False,False,False,1,209,0,0,0,0,0,0,65535,NO_CORAL_DATA,4e 4f 5f 43 4f 52 41 4c 5f 44 41 54 41 00 00 00
2026-07-06T01:12:09.831589+00:00,1783300329.831589,-50,13.75,False,1,2,True,True,True,True,0x6368,0x6368,210,0,7,1700000210,4322873,1,STANDBY,831,True,True,True,True,True,True,False,False,True,True,False,False,False,False,False,False,3700,3.7,3,10,48.1353,11.582,520.0,0.9,1.3,0.25,0.0,90.0,101325,22.0,520.0,0.0,0.0,9.81,0.0,0.0,0.0,23.0,25.0,0,False,False,False,False,False,False,False,False,1,210,0,0,0,0,0,0,65535,NO_CORAL_DATA,4e 4f 5f 43 4f 52 41 4c 5f 44 41 54 41 00 00 00
2026-07-06T01:12:30.388852+00:00,1783300350.388852,-51,13.75,False,1,2,True,True,True,True,0xE34A,0xE34A,211,0,7,1700000211,4343458,1,STANDBY,831,True,True,True,True,True,True,False,False,True,True,False,False,False,False,False,False,3700,3.7,3,10,48.1353,11.582,520.0,0.9,1.3,0.25,0.0,90.0,101325,22.0,520.0,0.0,0.0,9.81,0.0,0.0,0.0,23.0,25.0,0,False,False,False,False,False,False,False,False,1,211,0,0,0,0,0,0,65535,NO_CORAL_DATA,4e 4f 5f 43 4f 52 41 4c 5f 44 41 54 41 00 00 00
2026-07-06T01:12:50.908638+00:00,1783300370.908638,-51,13.75,False,1,2,True,True,True,True,0x95AB,0x95AB,212,0,7,1700000212,4364043,1,STANDBY,831,True,True,True,True,True,True,False,False,True,True,False,False,False,False,False,False,3700,3.7,3,10,48.1353,11.582,520.0,0.9,1.3,0.25,0.0,90.0,101325,22.0,520.0,0.0,0.0,9.81,0.0,0.0,0.0,23.0,25.0,0,False,False,False,False,False,False,False,False,1,212,0,0,0,0,0,0,65535,NO_CORAL_DATA,4e 4f 5f 43 4f 52 41 4c 5f 44 41 54 41 00 00 00
2026-07-06T01:13:11.466377+00:00,1783300391.466377,-50,13.25,False,1,2,True,True,True,True,0x513D,0x513D,213,0,7,1700000213,4384628,1,STANDBY,831,True,True,True,True,True,True,False,False,True,True,False,False,False,False,False,False,3700,3.7,3,10,48.1353,11.582,520.0,0.9,1.3,0.25,0.0,90.0,101325,22.0,520.0,0.0,0.0,9.81,0.0,0.0,0.0,23.0,25.0,0,False,False,False,False,False,False,False,False,1,213,0,0,0,0,0,0,65535,NO_CORAL_DATA,4e 4f 5f 43 4f 52 41 4c 5f 44 41 54 41 00 00 00
2026-07-06T01:13:32.004186+00:00,1783300412.004186,-50,14.25,False,1,2,True,True,True,True,0xD546,0xD546,214,0,7,1700000214,4405213,1,STANDBY,831,True,True,True,True,True,True,False,False,True,True,False,False,False,False,False,False,3700,3.7,3,10,48.1353,11.582,520.0,0.9,1.3,0.25,0.0,90.0,101325,22.0,520.0,0.0,0.0,9.81,0.0,0.0,0.0,23.0,25.0,0,False,False,False,False,False,False,False,False,1,214,0,0,0,0,0,0,65535,NO_CORAL_DATA,4e 4f 5f 43 4f 52 41 4c 5f 44 41 54 41 00 00 00
2026-07-06T01:13:52.545219+00:00,1783300432.545219,-50,12.5,False,1,2,True,True,True,True,0x9730,0x9730,215,0,7,1700000215,4425798,1,STANDBY,831,True,True,True,True,True,True,False,False,True,True,False,False,False,False,False,False,3700,3.7,3,10,48.1353,11.582,520.0,0.9,1.3,0.25,0.0,90.0,101325,22.0,520.0,0.0,0.0,9.81,0.0,0.0,0.0,23.0,25.0,0,False,False,False,False,False,False,False,False,1,215,0,0,0,0,0,0,65535,NO_CORAL_DATA,4e 4f 5f 43 4f 52 41 4c 5f 44 41 54 41 00 00 00
2026-07-06T01:14:13.075374+00:00,1783300453.075374,-50,14.0,False,1,2,True,True,True,True,0x3C8B,0x3C8B,216,0,7,1700000216,4446383,1,STANDBY,831,True,True,True,True,True,True,False,False,True,True,False,False,False,False,False,False,3700,3.7,3,10,48.1353,11.582,520.0,0.9,1.3,0.25,0.0,90.0,101325,22.0,520.0,0.0,0.0,9.81,0.0,0.0,0.0,23.0,25.0,0,False,False,False,False,False,False,False,False,1,216,0,0,0,0,0,0,65535,NO_CORAL_DATA,4e 4f 5f 43 4f 52 41 4c 5f 44 41 54 41 00 00 00
2026-07-06T01:14:33.625242+00:00,1783300473.625242,-51,13.25,False,1,2,True,True,True,True,0x156F,0x156F,217,0,7,1700000217,4466968,1,STANDBY,831,True,True,True,True,True,True,False,False,True,True,False,False,False,False,False,False,3700,3.7,3,10,48.1353,11.582,520.0,0.9,1.3,0.25,0.0,90.0,101325,22.0,520.0,0.0,0.0,9.81,0.0,0.0,0.0,23.0,25.0,0,False,False,False,False,False,False,False,False,1,217,0,0,0,0,0,0,65535,NO_CORAL_DATA,4e 4f 5f 43 4f 52 41 4c 5f 44 41 54 41 00 00 00
2026-07-06T01:14:54.172772+00:00,1783300494.172772,-51,13.0,False,1,2,True,True,True,True,0x67FC,0x67FC,218,0,7,1700000218,4487553,1,STANDBY,831,True,True,True,True,True,True,False,False,True,True,False,False,False,False,False,False,3700,3.7,3,10,48.1353,11.582,520.0,0.9,1.3,0.25,0.0,90.0,101325,22.0,520.0,0.0,0.0,9.81,0.0,0.0,0.0,23.0,25.0,0,False,False,False,False,False,False,False,False,1,218,0,0,0,0,0,0,65535,NO_CORAL_DATA,4e 4f 5f 43 4f 52 41 4c 5f 44 41 54 41 00 00 00
2026-07-06T01:15:14.711970+00:00,1783300514.71197,-50,13.0,False,1,2,True,True,True,True,0xCCE8,0xCCE8,219,0,7,1700000219,4508138,1,STANDBY,831,True,True,True,True,True,True,False,False,True,True,False,False,False,False,False,False,3700,3.7,3,10,48.1353,11.582,520.0,0.9,1.3,0.25,0.0,90.0,101325,22.0,520.0,0.0,0.0,9.81,0.0,0.0,0.0,23.0,25.0,0,False,False,False,False,False,False,False,False,1,219,0,0,0,0,0,0,65535,NO_CORAL_DATA,4e 4f 5f 43 4f 52 41 4c 5f 44 41 54 41 00 00 00
2026-07-06T01:15:35.252158+00:00,1783300535.252158,-51,14.0,False,1,2,True,True,True,True,0xC223,0xC223,220,0,7,1700000220,4528723,1,STANDBY,831,True,True,True,True,True,True,False,False,True,True,False,False,False,False,False,False,3700,3.7,3,10,48.1353,11.582,520.0,0.9,1.3,0.25,0.0,90.0,101325,22.0,520.0,0.0,0.0,9.81,0.0,0.0,0.0,23.0,25.0,0,False,False,False,False,False,False,False,False,1,220,0,0,0,0,0,0,65535,NO_CORAL_DATA,4e 4f 5f 43 4f 52 41 4c 5f 44 41 54 41 00 00 00
2026-07-06T01:15:55.790892+00:00,1783300555.790892,-50,14.0,False,1,2,True,True,True,True,0x788A,0x788A,221,0,7,1700000221,4549308,1,STANDBY,831,True,True,True,True,True,True,False,False,True,True,False,False,False,False,False,False,3700,3.7,3,10,48.1353,11.582,520.0,0.9,1.3,0.25,0.0,90.0,101325,22.0,520.0,0.0,0.0,9.81,0.0,0.0,0.0,23.0,25.0,0,False,False,False,False,False,False,False,False,1,221,0,0,0,0,0,0,65535,NO_CORAL_DATA,4e 4f 5f 43 4f 52 41 4c 5f 44 41 54 41 00 00 00
2026-07-06T01:16:16.352659+00:00,1783300576.352659,-50,14.25,False,1,2,True,True,True,True,0x9A8D,0x9A8D,222,0,7,1700000222,4569892,1,STANDBY,831,True,True,True,True,True,True,False,False,True,True,False,False,False,False,False,False,3700,3.7,3,10,48.1353,11.582,520.0,0.9,1.3,0.25,0.0,90.0,101325,22.0,520.0,0.0,0.0,9.81,0.0,0.0,0.0,23.0,25.0,0,False,False,False,False,False,False,False,False,1,222,0,0,0,0,0,0,65535,NO_CORAL_DATA,4e 4f 5f 43 4f 52 41 4c 5f 44 41 54 41 00 00 00
2026-07-06T01:16:36.872895+00:00,1783300596.872895,-50,13.75,False,1,2,True,True,True,True,0x9094,0x9094,223,0,7,1700000223,4590476,1,STANDBY,831,True,True,True,True,True,True,False,False,True,True,False,False,False,False,False,False,3700,3.7,3,10,48.1353,11.582,520.0,0.9,1.3,0.25,0.0,90.0,101325,22.0,520.0,0.0,0.0,9.81,0.0,0.0,0.0,23.0,25.0,0,False,False,False,False,False,False,False,False,1,223,0,0,0,0,0,0,65535,NO_CORAL_DATA,4e 4f 5f 43 4f 52 41 4c 5f 44 41 54 41 00 00 00
2026-07-06T01:16:57.417901+00:00,1783300617.417901,-51,14.0,False,1,2,True,True,True,True,0xCE69,0xCE69,224,0,7,1700000224,4611060,1,STANDBY,831,True,True,True,True,True,True,False,False,True,True,False,False,False,False,False,False,3700,3.7,3,10,48.1353,11.582,520.0,0.9,1.3,0.25,0.0,90.0,101325,22.0,520.0,0.0,0.0,9.81,0.0,0.0,0.0,23.0,25.0,0,False,False,False,False,False,False,False,False,1,224,0,0,0,0,0,0,65535,NO_CORAL_DATA,4e 4f 5f 43 4f 52 41 4c 5f 44 41 54 41 00 00 00
2026-07-06T01:17:17.967360+00:00,1783300637.96736,-51,14.0,False,1,2,True,True,True,True,0x608F,0x608F,225,0,7,1700000225,4631645,1,STANDBY,831,True,True,True,True,True,True,False,False,True,True,False,False,False,False,False,False,3700,3.7,3,10,48.1353,11.582,520.0,0.9,1.3,0.25,0.0,90.0,101325,22.0,520.0,0.0,0.0,9.81,0.0,0.0,0.0,23.0,25.0,0,False,False,False,False,False,False,False,False,1,225,0,0,0,0,0,0,65535,NO_CORAL_DATA,4e 4f 5f 43 4f 52 41 4c 5f 44 41 54 41 00 00 00
2026-07-06T01:17:38.514115+00:00,1783300658.514115,-50,13.75,False,1,2,True,True,True,True,0x0DDF,0x0DDF,226,0,7,1700000226,4652230,1,STANDBY,831,True,True,True,True,True,True,False,False,True,True,False,False,False,False,False,False,3700,3.7,3,10,48.1353,11.582,520.0,0.9,1.3,0.25,0.0,90.0,101325,22.0,520.0,0.0,0.0,9.81,0.0,0.0,0.0,23.0,25.0,0,False,False,False,False,False,False,False,False,1,226,0,0,0,0,0,0,65535,NO_CORAL_DATA,4e 4f 5f 43 4f 52 41 4c 5f 44 41 54 41 00 00 00
2026-07-06T01:17:59.055146+00:00,1783300679.055146,-51,13.5,False,1,2,True,True,True,True,0xCAAB,0xCAAB,227,0,7,1700000227,4672815,1,STANDBY,831,True,True,True,True,True,True,False,False,True,True,False,False,False,False,False,False,3700,3.7,3,10,48.1353,11.582,520.0,0.9,1.3,0.25,0.0,90.0,101325,22.0,520.0,0.0,0.0,9.81,0.0,0.0,0.0,23.0,25.0,0,False,False,False,False,False,False,False,False,1,227,0,0,0,0,0,0,65535,NO_CORAL_DATA,4e 4f 5f 43 4f 52 41 4c 5f 44 41 54 41 00 00 00
2026-07-06T01:18:19.597465+00:00,1783300699.597465,-51,13.0,False,1,2,True,True,True,True,0xC196,0xC196,228,0,7,1700000228,4693400,1,STANDBY,831,True,True,True,True,True,True,False,False,True,True,False,False,False,False,False,False,3700,3.7,3,10,48.1353,11.582,520.0,0.9,1.3,0.25,0.0,90.0,101325,22.0,520.0,0.0,0.0,9.81,0.0,0.0,0.0,23.0,25.0,0,False,False,False,False,False,False,False,False,1,228,0,0,0,0,0,0,65535,NO_CORAL_DATA,4e 4f 5f 43 4f 52 41 4c 5f 44 41 54 41 00 00 00
2026-07-06T01:18:40.151074+00:00,1783300720.151074,-51,13.25,False,1,2,True,True,True,True,0xF4C6,0xF4C6,229,0,7,1700000229,4713985,1,STANDBY,831,True,True,True,True,True,True,False,False,True,True,False,False,False,False,False,False,3700,3.7,3,10,48.1353,11.582,520.0,0.9,1.3,0.25,0.0,90.0,101325,22.0,520.0,0.0,0.0,9.81,0.0,0.0,0.0,23.0,25.0,0,False,False,False,False,False,False,False,False,1,229,0,0,0,0,0,0,65535,NO_CORAL_DATA,4e 4f 5f 43 4f 52 41 4c 5f 44 41 54 41 00 00 00
2026-07-06T01:19:00.679350+00:00,1783300740.67935,-52,13.5,False,1,2,True,True,True,True,0xAD05,0xAD05,230,0,7,1700000230,4734570,1,STANDBY,831,True,True,True,True,True,True,False,False,True,True,False,False,False,False,False,False,3700,3.7,3,10,48.1353,11.582,520.0,0.9,1.3,0.25,0.0,90.0,101325,22.0,520.0,0.0,0.0,9.81,0.0,0.0,0.0,23.0,25.0,0,False,False,False,False,False,False,False,False,1,230,0,0,0,0,0,0,65535,NO_CORAL_DATA,4e 4f 5f 43 4f 52 41 4c 5f 44 41 54 41 00 00 00
2026-07-06T01:19:21.220659+00:00,1783300761.220659,-51,13.75,False,1,2,True,True,True,True,0xAFEE,0xAFEE,231,0,7,1700000231,4755155,1,STANDBY,831,True,True,True,True,True,True,False,False,True,True,False,False,False,False,False,False,3700,3.7,3,10,48.1353,11.582,520.0,0.9,1.3,0.25,0.0,90.0,101325,22.0,520.0,0.0,0.0,9.81,0.0,0.0,0.0,23.0,25.0,0,False,False,False,False,False,False,False,False,1,231,0,0,0,0,0,0,65535,NO_CORAL_DATA,4e 4f 5f 43 4f 52 41 4c 5f 44 41 54 41 00 00 00
2026-07-06T01:19:41.774858+00:00,1783300781.774858,-50,13.5,False,1,2,True,True,True,True,0x5F29,0x5F29,232,0,7,1700000232,4775739,1,STANDBY,831,True,True,True,True,True,True,False,False,True,True,False,False,False,False,False,False,3700,3.7,3,10,48.1353,11.582,520.0,0.9,1.3,0.25,0.0,90.0,101325,22.0,520.0,0.0,0.0,9.81,0.0,0.0,0.0,23.0,25.0,0,False,False,False,False,False,False,False,False,1,232,0,0,0,0,0,0,65535,NO_CORAL_DATA,4e 4f 5f 43 4f 52 41 4c 5f 44 41 54 41 00 00 00
2026-07-06T01:20:02.315305+00:00,1783300802.315305,-51,14.0,False,1,2,True,True,True,True,0x7CDF,0x7CDF,233,0,7,1700000233,4796323,1,STANDBY,831,True,True,True,True,True,True,False,False,True,True,False,False,False,False,False,False,3700,3.7,3,10,48.1353,11.582,520.0,0.9,1.3,0.25,0.0,90.0,101325,22.0,520.0,0.0,0.0,9.81,0.0,0.0,0.0,23.0,25.0,0,False,False,False,False,False,False,False,False,1,233,0,0,0,0,0,0,65535,NO_CORAL_DATA,4e 4f 5f 43 4f 52 41 4c 5f 44 41 54 41 00 00 00
2026-07-06T01:20:22.860052+00:00,1783300822.860052,-51,13.75,False,1,2,True,True,True,True,0x0AD4,0x0AD4,234,0,7,1700000234,4816908,1,STANDBY,831,True,True,True,True,True,True,False,False,True,True,False,False,False,False,False,False,3700,3.7,3,10,48.1353,11.582,520.0,0.9,1.3,0.25,0.0,90.0,101325,22.0,520.0,0.0,0.0,9.81,0.0,0.0,0.0,23.0,25.0,0,False,False,False,False,False,False,False,False,1,234,0,0,0,0,0,0,65535,NO_CORAL_DATA,4e 4f 5f 43 4f 52 41 4c 5f 44 41 54 41 00 00 00
2026-07-06T01:20:43.405051+00:00,1783300843.405051,-50,13.0,False,1,2,True,True,True,True,0x5B0C,0x5B0C,235,0,7,1700000235,4837492,1,STANDBY,831,True,True,True,True,True,True,False,False,True,True,False,False,False,False,False,False,3700,3.7,3,10,48.1353,11.582,520.0,0.9,1.3,0.25,0.0,90.0,101325,22.0,520.0,0.0,0.0,9.81,0.0,0.0,0.0,23.0,25.0,0,False,False,False,False,False,False,False,False,1,235,0,0,0,0,0,0,65535,NO_CORAL_DATA,4e 4f 5f 43 4f 52 41 4c 5f 44 41 54 41 00 00 00
2026-07-06T01:21:03.944581+00:00,1783300863.944581,-50,12.0,False,1,2,True,True,True,True,0x3570,0x3570,236,0,7,1700000236,4858076,1,STANDBY,831,True,True,True,True,True,True,False,False,True,True,False,False,False,False,False,False,3700,3.7,3,10,48.1353,11.582,520.0,0.9,1.3,0.25,0.0,90.0,101325,22.0,520.0,0.0,0.0,9.81,0.0,0.0,0.0,23.0,25.0,0,False,False,False,False,False,False,False,False,1,236,0,0,0,0,0,0,65535,NO_CORAL_DATA,4e 4f 5f 43 4f 52 41 4c 5f 44 41 54 41 00 00 00
2026-07-06T01:21:24.506606+00:00,1783300884.506606,-50,12.75,False,1,2,True,True,True,True,0x1C10,0x1C10,237,0,7,1700000237,4878660,1,STANDBY,831,True,True,True,True,True,True,False,False,True,True,False,False,False,False,False,False,3700,3.7,3,10,48.1353,11.582,520.0,0.9,1.3,0.25,0.0,90.0,101325,22.0,520.0,0.0,0.0,9.81,0.0,0.0,0.0,23.0,25.0,0,False,False,False,False,False,False,False,False,1,237,0,0,0,0,0,0,65535,NO_CORAL_DATA,4e 4f 5f 43 4f 52 41 4c 5f 44 41 54 41 00 00 00
2026-07-06T01:21:45.057226+00:00,1783300905.057226,-50,14.0,False,1,2,True,True,True,True,0xAF9E,0xAF9E,238,0,7,1700000238,4899244,1,STANDBY,831,True,True,True,True,True,True,False,False,True,True,False,False,False,False,False,False,3700,3.7,3,10,48.1353,11.582,520.0,0.9,1.3,0.25,0.0,90.0,101325,22.0,520.0,0.0,0.0,9.81,0.0,0.0,0.0,23.0,25.0,0,False,False,False,False,False,False,False,False,1,238,0,0,0,0,0,0,65535,NO_CORAL_DATA,4e 4f 5f 43 4f 52 41 4c 5f 44 41 54 41 00 00 00
2026-07-06T01:22:05.599758+00:00,1783300925.599758,-50,14.25,False,1,2,True,True,True,True,0x2735,0x2735,239,0,7,1700000239,4919828,1,STANDBY,831,True,True,True,True,True,True,False,False,True,True,False,False,False,False,False,False,3700,3.7,3,10,48.1353,11.582,520.0,0.9,1.3,0.25,0.0,90.0,101325,22.0,520.0,0.0,0.0,9.81,0.0,0.0,0.0,23.0,25.0,0,False,False,False,False,False,False,False,False,1,239,0,0,0,0,0,0,65535,NO_CORAL_DATA,4e 4f 5f 43 4f 52 41 4c 5f 44 41 54 41 00 00 00
2026-07-06T01:22:26.130575+00:00,1783300946.130575,-50,12.75,False,1,2,True,True,True,True,0xBDDA,0xBDDA,240,0,7,1700000240,4940412,1,STANDBY,831,True,True,True,True,True,True,False,False,True,True,False,False,False,False,False,False,3700,3.7,3,10,48.1353,11.582,520.0,0.9,1.3,0.25,0.0,90.0,101325,22.0,520.0,0.0,0.0,9.81,0.0,0.0,0.0,23.0,25.0,0,False,False,False,False,False,False,False,False,1,240,0,0,0,0,0,0,65535,NO_CORAL_DATA,4e 4f 5f 43 4f 52 41 4c 5f 44 41 54 41 00 00 00
2026-07-06T01:22:46.694171+00:00,1783300966.694171,-50,13.25,False,1,2,True,True,True,True,0x83DF,0x83DF,241,0,7,1700000241,4960996,1,STANDBY,831,True,True,True,True,True,True,False,False,True,True,False,False,False,False,False,False,3700,3.7,3,10,48.1353,11.582,520.0,0.9,1.3,0.25,0.0,90.0,101325,22.0,520.0,0.0,0.0,9.81,0.0,0.0,0.0,23.0,25.0,0,False,False,False,False,False,False,False,False,1,241,0,0,0,0,0,0,65535,NO_CORAL_DATA,4e 4f 5f 43 4f 52 41 4c 5f 44 41 54 41 00 00 00
2026-07-06T01:23:07.234928+00:00,1783300987.234928,-49,14.0,False,1,2,True,True,True,True,0xE9E0,0xE9E0,242,0,7,1700000242,4981580,1,STANDBY,831,True,True,True,True,True,True,False,False,True,True,False,False,False,False,False,False,3700,3.7,3,10,48.1353,11.582,520.0,0.9,1.3,0.25,0.0,90.0,101325,22.0,520.0,0.0,0.0,9.81,0.0,0.0,0.0,23.0,25.0,0,False,False,False,False,False,False,False,False,1,242,0,0,0,0,0,0,65535,NO_CORAL_DATA,4e 4f 5f 43 4f 52 41 4c 5f 44 41 54 41 00 00 00
2026-07-06T01:23:27.786290+00:00,1783301007.78629,-50,14.25,False,1,2,True,True,True,True,0x381F,0x381F,243,0,7,1700000243,5002164,1,STANDBY,831,True,True,True,True,True,True,False,False,True,True,False,False,False,False,False,False,3700,3.7,3,10,48.1353,11.582,520.0,0.9,1.3,0.25,0.0,90.0,101325,22.0,520.0,0.0,0.0,9.81,0.0,0.0,0.0,23.0,25.0,0,False,False,False,False,False,False,False,False,1,243,0,0,0,0,0,0,65535,NO_CORAL_DATA,4e 4f 5f 43 4f 52 41 4c 5f 44 41 54 41 00 00 00
2026-07-06T01:23:48.335639+00:00,1783301028.335639,-50,13.75,False,1,2,True,True,True,True,0x1099,0x1099,244,0,7,1700000244,5022748,1,STANDBY,831,True,True,True,True,True,True,False,False,True,True,False,False,False,False,False,False,3700,3.7,3,10,48.1353,11.582,520.0,0.9,1.3,0.25,0.0,90.0,101325,22.0,520.0,0.0,0.0,9.81,0.0,0.0,0.0,23.0,25.0,0,False,False,False,False,False,False,False,False,1,244,0,0,0,0,0,0,65535,NO_CORAL_DATA,4e 4f 5f 43 4f 52 41 4c 5f 44 41 54 41 00 00 00
2026-07-06T01:24:08.873260+00:00,1783301048.87326,-50,12.75,False,1,2,True,True,True,True,0x6285,0x6285,245,0,7,1700000245,5043333,1,STANDBY,831,True,True,True,True,True,True,False,False,True,True,False,False,False,False,False,False,3700,3.7,3,10,48.1353,11.582,520.0,0.9,1.3,0.25,0.0,90.0,101325,22.0,520.0,0.0,0.0,9.81,0.0,0.0,0.0,23.0,25.0,0,False,False,False,False,False,False,False,False,1,245,0,0,0,0,0,0,65535,NO_CORAL_DATA,4e 4f 5f 43 4f 52 41 4c 5f 44 41 54 41 00 00 00
2026-07-06T01:24:29.427936+00:00,1783301069.427936,-51,13.5,False,1,2,True,True,True,True,0xE617,0xE617,246,0,7,1700000246,5063918,1,STANDBY,831,True,True,True,True,True,True,False,False,True,True,False,False,False,False,False,False,3700,3.7,3,10,48.1353,11.582,520.0,0.9,1.3,0.25,0.0,90.0,101325,22.0,520.0,0.0,0.0,9.81,0.0,0.0,0.0,23.0,25.0,0,False,False,False,False,False,False,False,False,1,246,0,0,0,0,0,0,65535,NO_CORAL_DATA,4e 4f 5f 43 4f 52 41 4c 5f 44 41 54 41 00 00 00
2026-07-06T01:24:49.957218+00:00,1783301089.957218,-50,13.0,False,1,2,True,True,True,True,0xE88E,0xE88E,247,0,7,1700000247,5084502,1,STANDBY,831,True,True,True,True,True,True,False,False,True,True,False,False,False,False,False,False,3700,3.7,3,10,48.1353,11.582,520.0,0.9,1.3,0.25,0.0,90.0,101325,22.0,520.0,0.0,0.0,9.81,0.0,0.0,0.0,23.0,25.0,0,False,False,False,False,False,False,False,False,1,247,0,0,0,0,0,0,65535,NO_CORAL_DATA,4e 4f 5f 43 4f 52 41 4c 5f 44 41 54 41 00 00 00
2026-07-06T01:25:10.578494+00:00,1783301110.578494,-50,13.25,False,1,2,True,True,True,True,0xF63E,0xF63E,248,0,7,1700000248,5105086,1,STANDBY,831,True,True,True,True,True,True,False,False,True,True,False,False,False,False,False,False,3700,3.7,3,10,48.1353,11.582,520.0,0.9,1.3,0.25,0.0,90.0,101325,22.0,520.0,0.0,0.0,9.81,0.0,0.0,0.0,23.0,25.0,0,False,False,False,False,False,False,False,False,1,248,0,0,0,0,0,0,65535,NO_CORAL_DATA,4e 4f 5f 43 4f 52 41 4c 5f 44 41 54 41 00 00 00
2026-07-06T01:25:31.055380+00:00,1783301131.05538,-50,13.5,False,1,2,True,True,True,True,0xCC96,0xCC96,249,0,7,1700000249,5125670,1,STANDBY,831,True,True,True,True,True,True,False,False,True,True,False,False,False,False,False,False,3700,3.7,3,10,48.1353,11.582,520.0,0.9,1.3,0.25,0.0,90.0,101325,22.0,520.0,0.0,0.0,9.81,0.0,0.0,0.0,23.0,25.0,0,False,False,False,False,False,False,False,False,1,249,0,0,0,0,0,0,65535,NO_CORAL_DATA,4e 4f 5f 43 4f 52 41 4c 5f 44 41 54 41 00 00 00
2026-07-06T01:25:51.618748+00:00,1783301151.618748,-51,13.0,False,1,2,True,True,True,True,0xB71B,0xB71B,250,0,7,1700000250,5146254,1,STANDBY,831,True,True,True,True,True,True,False,False,True,True,False,False,False,False,False,False,3700,3.7,3,10,48.1353,11.582,520.0,0.9,1.3,0.25,0.0,90.0,101325,22.0,520.0,0.0,0.0,9.81,0.0,0.0,0.0,23.0,25.0,0,False,False,False,False,False,False,False,False,1,250,0,0,0,0,0,0,65535,NO_CORAL_DATA,4e 4f 5f 43 4f 52 41 4c 5f 44 41 54 41 00 00 00
2026-07-06T01:26:12.167194+00:00,1783301172.167194,-51,13.5,False,1,2,True,True,True,True,0xE6C3,0xE6C3,251,0,7,1700000251,5166838,1,STANDBY,831,True,True,True,True,True,True,False,False,True,True,False,False,False,False,False,False,3700,3.7,3,10,48.1353,11.582,520.0,0.9,1.3,0.25,0.0,90.0,101325,22.0,520.0,0.0,0.0,9.81,0.0,0.0,0.0,23.0,25.0,0,False,False,False,False,False,False,False,False,1,251,0,0,0,0,0,0,65535,NO_CORAL_DATA,4e 4f 5f 43 4f 52 41 4c 5f 44 41 54 41 00 00 00
2026-07-06T01:26:32.713683+00:00,1783301192.713683,-49,13.75,False,1,2,True,True,True,True,0x0A20,0x0A20,252,0,7,1700000252,5187422,1,STANDBY,831,True,True,True,True,True,True,False,False,True,True,False,False,False,False,False,False,3700,3.7,3,10,48.1353,11.582,520.0,0.9,1.3,0.25,0.0,90.0,101325,22.0,520.0,0.0,0.0,9.81,0.0,0.0,0.0,23.0,25.0,0,False,False,False,False,False,False,False,False,1,252,0,0,0,0,0,0,65535,NO_CORAL_DATA,4e 4f 5f 43 4f 52 41 4c 5f 44 41 54 41 00 00 00
2026-07-06T01:26:53.264635+00:00,1783301213.264635,-50,13.75,False,1,2,True,True,True,True,0xFFCD,0xFFCD,253,0,7,1700000253,5208006,1,STANDBY,831,True,True,True,True,True,True,False,False,True,True,False,False,False,False,False,False,3700,3.7,3,10,48.1353,11.582,520.0,0.9,1.3,0.25,0.0,90.0,101325,22.0,520.0,0.0,0.0,9.81,0.0,0.0,0.0,23.0,25.0,0,False,False,False,False,False,False,False,False,1,253,0,0,0,0,0,0,65535,NO_CORAL_DATA,4e 4f 5f 43 4f 52 41 4c 5f 44 41 54 41 00 00 00
2026-07-06T01:27:13.808776+00:00,1783301233.808776,-50,14.0,False,1,2,True,True,True,True,0xFF0C,0xFF0C,254,0,7,1700000254,5228590,1,STANDBY,831,True,True,True,True,True,True,False,False,True,True,False,False,False,False,False,False,3700,3.7,3,10,48.1353,11.582,520.0,0.9,1.3,0.25,0.0,90.0,101325,22.0,520.0,0.0,0.0,9.81,0.0,0.0,0.0,23.0,25.0,0,False,False,False,False,False,False,False,False,1,254,0,0,0,0,0,0,65535,NO_CORAL_DATA,4e 4f 5f 43 4f 52 41 4c 5f 44 41 54 41 00 00 00
2026-07-06T01:27:34.351996+00:00,1783301254.351996,-50,14.25,False,1,2,True,True,True,True,0xDF6D,0xDF6D,255,0,7,1700000255,5249175,1,STANDBY,831,True,True,True,True,True,True,False,False,True,True,False,False,False,False,False,False,3700,3.7,3,10,48.1353,11.582,520.0,0.9,1.3,0.25,0.0,90.0,101325,22.0,520.0,0.0,0.0,9.81,0.0,0.0,0.0,23.0,25.0,0,False,False,False,False,False,False,False,False,1,255,0,0,0,0,0,0,65535,NO_CORAL_DATA,4e 4f 5f 43 4f 52 41 4c 5f 44 41 54 41 00 00 00
2026-07-06T01:27:54.894394+00:00,1783301274.894394,-51,14.0,False,1,2,True,True,True,True,0xEFE9,0xEFE9,256,0,7,1700000256,5269759,1,STANDBY,831,True,True,True,True,True,True,False,False,True,True,False,False,False,False,False,False,3700,3.7,3,10,48.1353,11.582,520.0,0.9,1.3,0.25,0.0,90.0,101325,22.0,520.0,0.0,0.0,9.81,0.0,0.0,0.0,23.0,25.0,0,False,False,False,False,False,False,False,False,1,256,0,0,0,0,0,0,65535,NO_CORAL_DATA,4e 4f 5f 43 4f 52 41 4c 5f 44 41 54 41 00 00 00
2026-07-06T01:28:15.432965+00:00,1783301295.432965,-51,13.5,False,1,2,True,True,True,True,0x0D61,0x0D61,257,0,7,1700000257,5290343,1,STANDBY,831,True,True,True,True,True,True,False,False,True,True,False,False,False,False,False,False,3700,3.7,3,10,48.1353,11.582,520.0,0.9,1.3,0.25,0.0,90.0,101325,22.0,520.0,0.0,0.0,9.81,0.0,0.0,0.0,23.0,25.0,0,False,False,False,False,False,False,False,False,1,257,0,0,0,0,0,0,65535,NO_CORAL_DATA,4e 4f 5f 43 4f 52 41 4c 5f 44 41 54 41 00 00 00
2026-07-06T01:28:35.976740+00:00,1783301315.97674,-51,13.75,False,1,2,True,True,True,True,0x59E5,0x59E5,258,0,7,1700000258,5310927,1,STANDBY,831,True,True,True,True,True,True,False,False,True,True,False,False,False,False,False,False,3700,3.7,3,10,48.1353,11.582,520.0,0.9,1.3,0.25,0.0,90.0,101325,22.0,520.0,0.0,0.0,9.81,0.0,0.0,0.0,23.0,25.0,0,False,False,False,False,False,False,False,False,1,258,0,0,0,0,0,0,65535,NO_CORAL_DATA,4e 4f 5f 43 4f 52 41 4c 5f 44 41 54 41 00 00 00
2026-07-06T01:28:56.537881+00:00,1783301336.537881,-51,13.5,False,1,2,True,True,True,True,0xFDAC,0xFDAC,259,0,7,1700000259,5331511,1,STANDBY,831,True,True,True,True,True,True,False,False,True,True,False,False,False,False,False,False,3700,3.7,3,10,48.1353,11.582,520.0,0.9,1.3,0.25,0.0,90.0,101325,22.0,520.0,0.0,0.0,9.81,0.0,0.0,0.0,23.0,25.0,0,False,False,False,False,False,False,False,False,1,259,0,0,0,0,0,0,65535,NO_CORAL_DATA,4e 4f 5f 43 4f 52 41 4c 5f 44 41 54 41 00 00 00
2026-07-06T01:29:17.081968+00:00,1783301357.081968,-51,14.0,False,1,2,True,True,True,True,0xE2CB,0xE2CB,260,0,7,1700000260,5352095,1,STANDBY,831,True,True,True,True,True,True,False,False,True,True,False,False,False,False,False,False,3700,3.7,3,10,48.1353,11.582,520.0,0.9,1.3,0.25,0.0,90.0,101325,22.0,520.0,0.0,0.0,9.81,0.0,0.0,0.0,23.0,25.0,0,False,False,False,False,False,False,False,False,1,260,0,0,0,0,0,0,65535,NO_CORAL_DATA,4e 4f 5f 43 4f 52 41 4c 5f 44 41 54 41 00 00 00
2026-07-06T01:29:37.634837+00:00,1783301377.634837,-51,13.5,False,1,2,True,True,True,True,0xCBAB,0xCBAB,261,0,7,1700000261,5372679,1,STANDBY,831,True,True,True,True,True,True,False,False,True,True,False,False,False,False,False,False,3700,3.7,3,10,48.1353,11.582,520.0,0.9,1.3,0.25,0.0,90.0,101325,22.0,520.0,0.0,0.0,9.81,0.0,0.0,0.0,23.0,25.0,0,False,False,False,False,False,False,False,False,1,261,0,0,0,0,0,0,65535,NO_CORAL_DATA,4e 4f 5f 43 4f 52 41 4c 5f 44 41 54 41 00 00 00
2026-07-06T01:29:58.179452+00:00,1783301398.179452,-50,14.0,False,1,2,True,True,True,True,0x8919,0x8919,262,0,7,1700000262,5393263,1,STANDBY,831,True,True,True,True,True,True,False,False,True,True,False,False,False,False,False,False,3700,3.7,3,10,48.1353,11.582,520.0,0.9,1.3,0.25,0.0,90.0,101325,22.0,520.0,0.0,0.0,9.81,0.0,0.0,0.0,23.0,25.0,0,False,False,False,False,False,False,False,False,1,262,0,0,0,0,0,0,65535,NO_CORAL_DATA,4e 4f 5f 43 4f 52 41 4c 5f 44 41 54 41 00 00 00
2026-07-06T01:30:18.727452+00:00,1783301418.727452,-49,12.25,False,1,2,True,True,True,True,0x5B0D,0x5B0D,263,0,7,1700000263,5413847,1,STANDBY,831,True,True,True,True,True,True,False,False,True,True,False,False,False,False,False,False,3700,3.7,3,10,48.1353,11.582,520.0,0.9,1.3,0.25,0.0,90.0,101325,22.0,520.0,0.0,0.0,9.81,0.0,0.0,0.0,23.0,25.0,0,False,False,False,False,False,False,False,False,1,263,0,0,0,0,0,0,65535,NO_CORAL_DATA,4e 4f 5f 43 4f 52 41 4c 5f 44 41 54 41 00 00 00
2026-07-06T01:30:39.274301+00:00,1783301439.274301,-49,12.0,False,1,2,True,True,True,True,0x725C,0x725C,264,0,7,1700000264,5434431,1,STANDBY,831,True,True,True,True,True,True,False,False,True,True,False,False,False,False,False,False,3700,3.7,3,10,48.1353,11.582,520.0,0.9,1.3,0.25,0.0,90.0,101325,22.0,520.0,0.0,0.0,9.81,0.0,0.0,0.0,23.0,25.0,0,False,False,False,False,False,False,False,False,1,264,0,0,0,0,0,0,65535,NO_CORAL_DATA,4e 4f 5f 43 4f 52 41 4c 5f 44 41 54 41 00 00 00
2026-07-06T01:30:59.813837+00:00,1783301459.813837,-50,11.75,False,1,2,True,True,True,True,0x6350,0x6350,265,0,7,1700000265,5455015,1,STANDBY,831,True,True,True,True,True,True,False,False,True,True,False,False,False,False,False,False,3700,3.7,3,10,48.1353,11.582,520.0,0.9,1.3,0.25,0.0,90.0,101325,22.0,520.0,0.0,0.0,9.81,0.0,0.0,0.0,23.0,25.0,0,False,False,False,False,False,False,False,False,1,265,0,0,0,0,0,0,65535,NO_CORAL_DATA,4e 4f 5f 43 4f 52 41 4c 5f 44 41 54 41 00 00 00
2026-07-06T01:31:20.383895+00:00,1783301480.383895,-49,12.75,False,1,2,True,True,True,True,0xC450,0xC450,266,0,7,1700000266,5475599,1,STANDBY,831,True,True,True,True,True,True,False,False,True,True,False,False,False,False,False,False,3700,3.7,3,10,48.1353,11.582,520.0,0.9,1.3,0.25,0.0,90.0,101325,22.0,520.0,0.0,0.0,9.81,0.0,0.0,0.0,23.0,25.0,0,False,False,False,False,False,False,False,False,1,266,0,0,0,0,0,0,65535,NO_CORAL_DATA,4e 4f 5f 43 4f 52 41 4c 5f 44 41 54 41 00 00 00
2026-07-06T01:31:40.917272+00:00,1783301500.917272,-49,13.25,False,1,2,True,True,True,True,0x9588,0x9588,267,0,7,1700000267,5496183,1,STANDBY,831,True,True,True,True,True,True,False,False,True,True,False,False,False,False,False,False,3700,3.7,3,10,48.1353,11.582,520.0,0.9,1.3,0.25,0.0,90.0,101325,22.0,520.0,0.0,0.0,9.81,0.0,0.0,0.0,23.0,25.0,0,False,False,False,False,False,False,False,False,1,267,0,0,0,0,0,0,65535,NO_CORAL_DATA,4e 4f 5f 43 4f 52 41 4c 5f 44 41 54 41 00 00 00
2026-07-06T01:32:01.475314+00:00,1783301521.475314,-50,13.75,False,1,2,True,True,True,True,0x47D0,0x47D0,268,0,7,1700000268,5516767,1,STANDBY,831,True,True,True,True,True,True,False,False,True,True,False,False,False,False,False,False,3700,3.7,3,10,48.1353,11.582,520.0,0.9,1.3,0.25,0.0,90.0,101325,22.0,520.0,0.0,0.0,9.81,0.0,0.0,0.0,23.0,25.0,0,False,False,False,False,False,False,False,False,1,268,0,0,0,0,0,0,65535,NO_CORAL_DATA,4e 4f 5f 43 4f 52 41 4c 5f 44 41 54 41 00 00 00
2026-07-06T01:32:22.017060+00:00,1783301542.01706,-49,13.0,False,1,2,True,True,True,True,0xC78B,0xC78B,269,0,7,1700000269,5537351,1,STANDBY,831,True,True,True,True,True,True,False,False,True,True,False,False,False,False,False,False,3700,3.7,3,10,48.1353,11.582,520.0,0.9,1.3,0.25,0.0,90.0,101325,22.0,520.0,0.0,0.0,9.81,0.0,0.0,0.0,23.0,25.0,0,False,False,False,False,False,False,False,False,1,269,0,0,0,0,0,0,65535,NO_CORAL_DATA,4e 4f 5f 43 4f 52 41 4c 5f 44 41 54 41 00 00 00
2026-07-06T01:32:42.541669+00:00,1783301562.541669,-50,13.25,False,1,2,True,True,True,True,0x7405,0x7405,270,0,7,1700000270,5557935,1,STANDBY,831,True,True,True,True,True,True,False,False,True,True,False,False,False,False,False,False,3700,3.7,3,10,48.1353,11.582,520.0,0.9,1.3,0.25,0.0,90.0,101325,22.0,520.0,0.0,0.0,9.81,0.0,0.0,0.0,23.0,25.0,0,False,False,False,False,False,False,False,False,1,270,0,0,0,0,0,0,65535,NO_CORAL_DATA,4e 4f 5f 43 4f 52 41 4c 5f 44 41 54 41 00 00 00
2026-07-06T01:33:03.107750+00:00,1783301583.10775,-50,12.25,False,1,2,True,True,True,True,0x8D2D,0x8D2D,271,0,7,1700000271,5578520,1,STANDBY,831,True,True,True,True,True,True,False,False,True,True,False,False,False,False,False,False,3700,3.7,3,10,48.1353,11.582,520.0,0.9,1.3,0.25,0.0,90.0,101325,22.0,520.0,0.0,0.0,9.81,0.0,0.0,0.0,23.0,25.0,0,False,False,False,False,False,False,False,False,1,271,0,0,0,0,0,0,65535,NO_CORAL_DATA,4e 4f 5f 43 4f 52 41 4c 5f 44 41 54 41 00 00 00
2026-07-06T01:33:23.643894+00:00,1783301603.643894,-49,12.25,False,1,2,True,True,True,True,0x4DEF,0x4DEF,272,0,7,1700000272,5599104,1,STANDBY,831,True,True,True,True,True,True,False,False,True,True,False,False,False,False,False,False,3700,3.7,3,10,48.1353,11.582,520.0,0.9,1.3,0.25,0.0,90.0,101325,22.0,520.0,0.0,0.0,9.81,0.0,0.0,0.0,23.0,25.0,0,False,False,False,False,False,False,False,False,1,272,0,0,0,0,0,0,65535,NO_CORAL_DATA,4e 4f 5f 43 4f 52 41 4c 5f 44 41 54 41 00 00 00
2026-07-06T01:33:44.210255+00:00,1783301624.210255,-51,12.75,False,1,2,True,True,True,True,0xAE36,0xAE36,273,0,7,1700000273,5619689,1,STANDBY,831,True,True,True,True,True,True,False,False,True,True,False,False,False,False,False,False,3700,3.7,3,10,48.1353,11.582,520.0,0.9,1.3,0.25,0.0,90.0,101325,22.0,520.0,0.0,0.0,9.81,0.0,0.0,0.0,23.0,25.0,0,False,False,False,False,False,False,False,False,1,273,0,0,0,0,0,0,65535,NO_CORAL_DATA,4e 4f 5f 43 4f 52 41 4c 5f 44 41 54 41 00 00 00
2026-07-06T01:34:04.750979+00:00,1783301644.750979,-50,13.5,False,1,2,True,True,True,True,0xF08A,0xF08A,274,0,7,1700000274,5640273,1,STANDBY,831,True,True,True,True,True,True,False,False,True,True,False,False,False,False,False,False,3700,3.7,3,10,48.1353,11.582,520.0,0.9,1.3,0.25,0.0,90.0,101325,22.0,520.0,0.0,0.0,9.81,0.0,0.0,0.0,23.0,25.0,0,False,False,False,False,False,False,False,False,1,274,0,0,0,0,0,0,65535,NO_CORAL_DATA,4e 4f 5f 43 4f 52 41 4c 5f 44 41 54 41 00 00 00
2026-07-06T01:34:25.296841+00:00,1783301665.296841,-49,10.0,False,1,2,True,True,True,True,0xED97,0xED97,275,0,7,1700000275,5660857,1,STANDBY,831,True,True,True,True,True,True,False,False,True,True,False,False,False,False,False,False,3700,3.7,3,10,48.1353,11.582,520.0,0.9,1.3,0.25,0.0,90.0,101325,22.0,520.0,0.0,0.0,9.81,0.0,0.0,0.0,23.0,25.0,0,False,False,False,False,False,False,False,False,1,275,0,0,0,0,0,0,65535,NO_CORAL_DATA,4e 4f 5f 43 4f 52 41 4c 5f 44 41 54 41 00 00 00
2026-07-06T01:34:45.834510+00:00,1783301685.83451,-49,10.75,False,1,2,True,True,True,True,0x0E8E,0x0E8E,276,0,7,1700000276,5681441,1,STANDBY,831,True,True,True,True,True,True,False,False,True,True,False,False,False,False,False,False,3700,3.7,3,10,48.1353,11.582,520.0,0.9,1.3,0.25,0.0,90.0,101325,22.0,520.0,0.0,0.0,9.81,0.0,0.0,0.0,23.0,25.0,0,False,False,False,False,False,False,False,False,1,276,0,0,0,0,0,0,65535,NO_CORAL_DATA,4e 4f 5f 43 4f 52 41 4c 5f 44 41 54 41 00 00 00
2026-07-06T01:35:06.400196+00:00,1783301706.400196,-50,11.25,False,1,2,True,True,True,True,0x5A85,0x5A85,277,0,7,1700000277,5702025,1,STANDBY,831,True,True,True,True,True,True,False,False,True,True,False,False,False,False,False,False,3700,3.7,3,10,48.1353,11.582,520.0,0.9,1.3,0.25,0.0,90.0,101325,22.0,520.0,0.0,0.0,9.81,0.0,0.0,0.0,23.0,25.0,0,False,False,False,False,False,False,False,False,1,277,0,0,0,0,0,0,65535,NO_CORAL_DATA,4e 4f 5f 43 4f 52 41 4c 5f 44 41 54 41 00 00 00
2026-07-06T01:35:26.941293+00:00,1783301726.941293,-50,12.25,False,1,2,True,True,True,True,0x0BD2,0x0BD2,278,0,7,1700000278,5722609,1,STANDBY,831,True,True,True,True,True,True,False,False,True,True,False,False,False,False,False,False,3700,3.7,3,10,48.1353,11.582,520.0,0.9,1.3,0.25,0.0,90.0,101325,22.0,520.0,0.0,0.0,9.81,0.0,0.0,0.0,23.0,25.0,0,False,False,False,False,False,False,False,False,1,278,0,0,0,0,0,0,65535,NO_CORAL_DATA,4e 4f 5f 43 4f 52 41 4c 5f 44 41 54 41 00 00 00
2026-07-06T01:35:47.489335+00:00,1783301747.489335,-50,10.5,False,1,2,True,True,True,True,0x6092,0x6092,279,0,7,1700000279,5743193,1,STANDBY,831,True,True,True,True,True,True,False,False,True,True,False,False,False,False,False,False,3700,3.7,3,10,48.1353,11.582,520.0,0.9,1.3,0.25,0.0,90.0,101325,22.0,520.0,0.0,0.0,9.81,0.0,0.0,0.0,23.0,25.0,0,False,False,False,False,False,False,False,False,1,279,0,0,0,0,0,0,65535,NO_CORAL_DATA,4e 4f 5f 43 4f 52 41 4c 5f 44 41 54 41 00 00 00
2026-07-06T01:36:08.031190+00:00,1783301768.03119,-51,11.25,False,1,2,True,True,True,True,0x0EE0,0x0EE0,280,0,7,1700000280,5763778,1,STANDBY,831,True,True,True,True,True,True,False,False,True,True,False,False,False,False,False,False,3700,3.7,3,10,48.1353,11.582,520.0,0.9,1.3,0.25,0.0,90.0,101325,22.0,520.0,0.0,0.0,9.81,0.0,0.0,0.0,23.0,25.0,0,False,False,False,False,False,False,False,False,1,280,0,0,0,0,0,0,65535,NO_CORAL_DATA,4e 4f 5f 43 4f 52 41 4c 5f 44 41 54 41 00 00 00
2026-07-06T01:36:28.563690+00:00,1783301788.56369,-51,11.5,False,1,2,True,True,True,True,0xC43A,0xC43A,281,0,7,1700000281,5784362,1,STANDBY,831,True,True,True,True,True,True,False,False,True,True,False,False,False,False,False,False,3700,3.7,3,10,48.1353,11.582,520.0,0.9,1.3,0.25,0.0,90.0,101325,22.0,520.0,0.0,0.0,9.81,0.0,0.0,0.0,23.0,25.0,0,False,False,False,False,False,False,False,False,1,281,0,0,0,0,0,0,65535,NO_CORAL_DATA,4e 4f 5f 43 4f 52 41 4c 5f 44 41 54 41 00 00 00
2026-07-06T01:36:49.116364+00:00,1783301809.116364,-50,13.75,False,1,2,True,True,True,True,0x16A1,0x16A1,282,0,7,1700000282,5804946,1,STANDBY,831,True,True,True,True,True,True,False,False,True,True,False,False,False,False,False,False,3700,3.7,3,10,48.1353,11.582,520.0,0.9,1.3,0.25,0.0,90.0,101325,22.0,520.0,0.0,0.0,9.81,0.0,0.0,0.0,23.0,25.0,0,False,False,False,False,False,False,False,False,1,282,0,0,0,0,0,0,65535,NO_CORAL_DATA,4e 4f 5f 43 4f 52 41 4c 5f 44 41 54 41 00 00 00
2026-07-06T01:37:09.665708+00:00,1783301829.665708,-50,11.25,False,1,2,True,True,True,True,0x8B9B,0x8B9B,283,0,7,1700000283,5825530,1,STANDBY,831,True,True,True,True,True,True,False,False,True,True,False,False,False,False,False,False,3700,3.7,3,10,48.1353,11.582,520.0,0.9,1.3,0.25,0.0,90.0,101325,22.0,520.0,0.0,0.0,9.81,0.0,0.0,0.0,23.0,25.0,0,False,False,False,False,False,False,False,False,1,283,0,0,0,0,0,0,65535,NO_CORAL_DATA,4e 4f 5f 43 4f 52 41 4c 5f 44 41 54 41 00 00 00
2026-07-06T01:37:30.201871+00:00,1783301850.201871,-50,11.5,False,1,2,True,True,True,True,0xACE7,0xACE7,284,0,7,1700000284,5846114,1,STANDBY,831,True,True,True,True,True,True,False,False,True,True,False,False,False,False,False,False,3700,3.7,3,10,48.1353,11.582,520.0,0.9,1.3,0.25,0.0,90.0,101325,22.0,520.0,0.0,0.0,9.81,0.0,0.0,0.0,23.0,25.0,0,False,False,False,False,False,False,False,False,1,284,0,0,0,0,0,0,65535,NO_CORAL_DATA,4e 4f 5f 43 4f 52 41 4c 5f 44 41 54 41 00 00 00
2026-07-06T01:37:50.746404+00:00,1783301870.746404,-50,10.75,False,1,2,True,True,True,True,0xD7E5,0xD7E5,285,0,7,1700000285,5866698,1,STANDBY,831,True,True,True,True,True,True,False,False,True,True,False,False,False,False,False,False,3700,3.7,3,10,48.1353,11.582,520.0,0.9,1.3,0.25,0.0,90.0,101325,22.0,520.0,0.0,0.0,9.81,0.0,0.0,0.0,23.0,25.0,0,False,False,False,False,False,False,False,False,1,285,0,0,0,0,0,0,65535,NO_CORAL_DATA,4e 4f 5f 43 4f 52 41 4c 5f 44 41 54 41 00 00 00
2026-07-06T01:38:11.305762+00:00,1783301891.305762,-50,11.5,False,1,2,True,True,True,True,0xDA18,0xDA18,286,0,7,1700000286,5887282,1,STANDBY,831,True,True,True,True,True,True,False,False,True,True,False,False,False,False,False,False,3700,3.7,3,10,48.1353,11.582,520.0,0.9,1.3,0.25,0.0,90.0,101325,22.0,520.0,0.0,0.0,9.81,0.0,0.0,0.0,23.0,25.0,0,False,False,False,False,False,False,False,False,1,286,0,0,0,0,0,0,65535,NO_CORAL_DATA,4e 4f 5f 43 4f 52 41 4c 5f 44 41 54 41 00 00 00
2026-07-06T01:38:31.854275+00:00,1783301911.854275,-50,12.25,False,1,2,True,True,True,True,0xB5F5,0xB5F5,287,0,7,1700000287,5907866,1,STANDBY,831,True,True,True,True,True,True,False,False,True,True,False,False,False,False,False,False,3700,3.7,3,10,48.1353,11.582,520.0,0.9,1.3,0.25,0.0,90.0,101325,22.0,520.0,0.0,0.0,9.81,0.0,0.0,0.0,23.0,25.0,0,False,False,False,False,False,False,False,False,1,287,0,0,0,0,0,0,65535,NO_CORAL_DATA,4e 4f 5f 43 4f 52 41 4c 5f 44 41 54 41 00 00 00
2026-07-06T01:38:52.404050+00:00,1783301932.40405,-50,12.0,False,1,2,True,True,True,True,0x3A8B,0x3A8B,288,0,7,1700000288,5928450,1,STANDBY,831,True,True,True,True,True,True,False,False,True,True,False,False,False,False,False,False,3700,3.7,3,10,48.1353,11.582,520.0,0.9,1.3,0.25,0.0,90.0,101325,22.0,520.0,0.0,0.0,9.81,0.0,0.0,0.0,23.0,25.0,0,False,False,False,False,False,False,False,False,1,288,0,0,0,0,0,0,65535,NO_CORAL_DATA,4e 4f 5f 43 4f 52 41 4c 5f 44 41 54 41 00 00 00
2026-07-06T01:39:12.950508+00:00,1783301952.950508,-50,12.75,False,1,2,True,True,True,True,0x09AD,0x09AD,289,0,7,1700000289,5949034,1,STANDBY,831,True,True,True,True,True,True,False,False,True,True,False,False,False,False,False,False,3700,3.7,3,10,48.1353,11.582,520.0,0.9,1.3,0.25,0.0,90.0,101325,22.0,520.0,0.0,0.0,9.81,0.0,0.0,0.0,23.0,25.0,0,False,False,False,False,False,False,False,False,1,289,0,0,0,0,0,0,65535,NO_CORAL_DATA,4e 4f 5f 43 4f 52 41 4c 5f 44 41 54 41 00 00 00
2026-07-06T01:39:33.496914+00:00,1783301973.496914,-50,12.0,False,1,2,True,True,True,True,0xF43F,0xF43F,290,0,7,1700000290,5969618,1,STANDBY,831,True,True,True,True,True,True,False,False,True,True,False,False,False,False,False,False,3700,3.7,3,10,48.1353,11.582,520.0,0.9,1.3,0.25,0.0,90.0,101325,22.0,520.0,0.0,0.0,9.81,0.0,0.0,0.0,23.0,25.0,0,False,False,False,False,False,False,False,False,1,290,0,0,0,0,0,0,65535,NO_CORAL_DATA,4e 4f 5f 43 4f 52 41 4c 5f 44 41 54 41 00 00 00
2026-07-06T01:39:54.030494+00:00,1783301994.030494,-50,11.75,False,1,2,True,True,True,True,0x35AF,0x35AF,291,0,7,1700000291,5990202,1,STANDBY,831,True,True,True,True,True,True,False,False,True,True,False,False,False,False,False,False,3700,3.7,3,10,48.1353,11.582,520.0,0.9,1.3,0.25,0.0,90.0,101325,22.0,520.0,0.0,0.0,9.81,0.0,0.0,0.0,23.0,25.0,0,False,False,False,False,False,False,False,False,1,291,0,0,0,0,0,0,65535,NO_CORAL_DATA,4e 4f 5f 43 4f 52 41 4c 5f 44 41 54 41 00 00 00
2026-07-06T01:40:14.573082+00:00,1783302014.573082,-50,11.0,False,1,2,True,True,True,True,0x0A3B,0x0A3B,292,0,7,1700000292,6010786,1,STANDBY,831,True,True,True,True,True,True,False,False,True,True,False,False,False,False,False,False,3700,3.7,3,10,48.1353,11.582,520.0,0.9,1.3,0.25,0.0,90.0,101325,22.0,520.0,0.0,0.0,9.81,0.0,0.0,0.0,23.0,25.0,0,False,False,False,False,False,False,False,False,1,292,0,0,0,0,0,0,65535,NO_CORAL_DATA,4e 4f 5f 43 4f 52 41 4c 5f 44 41 54 41 00 00 00
2026-07-06T01:40:35.132104+00:00,1783302035.132104,-50,13.75,False,1,2,True,True,True,True,0x0F49,0x0F49,293,0,7,1700000293,6031370,1,STANDBY,831,True,True,True,True,True,True,False,False,True,True,False,False,False,False,False,False,3700,3.7,3,10,48.1353,11.582,520.0,0.9,1.3,0.25,0.0,90.0,101325,22.0,520.0,0.0,0.0,9.81,0.0,0.0,0.0,23.0,25.0,0,False,False,False,False,False,False,False,False,1,293,0,0,0,0,0,0,65535,NO_CORAL_DATA,4e 4f 5f 43 4f 52 41 4c 5f 44 41 54 41 00 00 00
2026-07-06T01:40:55.673652+00:00,1783302055.673652,-50,12.5,False,1,2,True,True,True,True,0x5E1E,0x5E1E,294,0,7,1700000294,6051954,1,STANDBY,831,True,True,True,True,True,True,False,False,True,True,False,False,False,False,False,False,3700,3.7,3,10,48.1353,11.582,520.0,0.9,1.3,0.25,0.0,90.0,101325,22.0,520.0,0.0,0.0,9.81,0.0,0.0,0.0,23.0,25.0,0,False,False,False,False,False,False,False,False,1,294,0,0,0,0,0,0,65535,NO_CORAL_DATA,4e 4f 5f 43 4f 52 41 4c 5f 44 41 54 41 00 00 00
2026-07-06T01:41:16.201648+00:00,1783302076.201648,-50,13.25,False,1,2,True,True,True,True,0xC719,0xC719,295,0,7,1700000295,6072539,1,STANDBY,831,True,True,True,True,True,True,False,False,True,True,False,False,False,False,False,False,3700,3.7,3,10,48.1353,11.582,520.0,0.9,1.3,0.25,0.0,90.0,101325,22.0,520.0,0.0,0.0,9.81,0.0,0.0,0.0,23.0,25.0,0,False,False,False,False,False,False,False,False,1,295,0,0,0,0,0,0,65535,NO_CORAL_DATA,4e 4f 5f 43 4f 52 41 4c 5f 44 41 54 41 00 00 00
2026-07-06T01:41:36.759276+00:00,1783302096.759276,-50,13.0,False,1,2,True,True,True,True,0x4A60,0x4A60,296,0,7,1700000296,6093124,1,STANDBY,831,True,True,True,True,True,True,False,False,True,True,False,False,False,False,False,False,3700,3.7,3,10,48.1353,11.582,520.0,0.9,1.3,0.25,0.0,90.0,101325,22.0,520.0,0.0,0.0,9.81,0.0,0.0,0.0,23.0,25.0,0,False,False,False,False,False,False,False,False,1,296,0,0,0,0,0,0,65535,NO_CORAL_DATA,4e 4f 5f 43 4f 52 41 4c 5f 44 41 54 41 00 00 00
2026-07-06T01:41:57.293536+00:00,1783302117.293536,-51,13.25,False,1,2,True,True,True,True,0xD668,0xD668,297,0,7,1700000297,6113708,1,STANDBY,831,True,True,True,True,True,True,False,False,True,True,False,False,False,False,False,False,3700,3.7,3,10,48.1353,11.582,520.0,0.9,1.3,0.25,0.0,90.0,101325,22.0,520.0,0.0,0.0,9.81,0.0,0.0,0.0,23.0,25.0,0,False,False,False,False,False,False,False,False,1,297,0,0,0,0,0,0,65535,NO_CORAL_DATA,4e 4f 5f 43 4f 52 41 4c 5f 44 41 54 41 00 00 00
2026-07-06T01:42:17.839108+00:00,1783302137.839108,-51,13.5,False,1,2,True,True,True,True,0xF6B4,0xF6B4,298,0,7,1700000298,6134293,1,STANDBY,831,True,True,True,True,True,True,False,False,True,True,False,False,False,False,False,False,3700,3.7,3,10,48.1353,11.582,520.0,0.9,1.3,0.25,0.0,90.0,101325,22.0,520.0,0.0,0.0,9.81,0.0,0.0,0.0,23.0,25.0,0,False,False,False,False,False,False,False,False,1,298,0,0,0,0,0,0,65535,NO_CORAL_DATA,4e 4f 5f 43 4f 52 41 4c 5f 44 41 54 41 00 00 00
2026-07-06T01:42:38.384783+00:00,1783302158.384783,-51,14.0,False,1,2,True,True,True,True,0x6B8E,0x6B8E,299,0,7,1700000299,6154877,1,STANDBY,831,True,True,True,True,True,True,False,False,True,True,False,False,False,False,False,False,3700,3.7,3,10,48.1353,11.582,520.0,0.9,1.3,0.25,0.0,90.0,101325,22.0,520.0,0.0,0.0,9.81,0.0,0.0,0.0,23.0,25.0,0,False,False,False,False,False,False,False,False,1,299,0,0,0,0,0,0,65535,NO_CORAL_DATA,4e 4f 5f 43 4f 52 41 4c 5f 44 41 54 41 00 00 00
2026-07-06T01:42:58.925670+00:00,1783302178.92567,-50,14.25,False,1,2,True,True,True,True,0xBD33,0xBD33,300,0,7,1700000300,6175462,1,STANDBY,831,True,True,True,True,True,True,False,False,True,True,False,False,False,False,False,False,3700,3.7,3,10,48.1353,11.582,520.0,0.9,1.3,0.25,0.0,90.0,101325,22.0,520.0,0.0,0.0,9.81,0.0,0.0,0.0,23.0,25.0,0,False,False,False,False,False,False,False,False,1,300,0,0,0,0,0,0,65535,NO_CORAL_DATA,4e 4f 5f 43 4f 52 41 4c 5f 44 41 54 41 00 00 00
2026-07-06T01:43:19.472868+00:00,1783302199.472868,-50,13.75,False,1,2,True,True,True,True,0x9D4D,0x9D4D,301,0,7,1700000301,6196047,1,STANDBY,831,True,True,True,True,True,True,False,False,True,True,False,False,False,False,False,False,3700,3.7,3,10,48.1353,11.582,520.0,0.9,1.3,0.25,0.0,90.0,101325,22.0,520.0,0.0,0.0,9.81,0.0,0.0,0.0,23.0,25.0,0,False,False,False,False,False,False,False,False,1,301,0,0,0,0,0,0,65535,NO_CORAL_DATA,4e 4f 5f 43 4f 52 41 4c 5f 44 41 54 41 00 00 00
2026-07-06T01:43:40.007243+00:00,1783302220.007243,-51,14.25,False,1,2,True,True,True,True,0x4C3D,0x4C3D,302,0,7,1700000302,6216631,1,STANDBY,831,True,True,True,True,True,True,False,False,True,True,False,False,False,False,False,False,3700,3.7,3,10,48.1353,11.582,520.0,0.9,1.3,0.25,0.0,90.0,101325,22.0,520.0,0.0,0.0,9.81,0.0,0.0,0.0,23.0,25.0,0,False,False,False,False,False,False,False,False,1,302,0,0,0,0,0,0,65535,NO_CORAL_DATA,4e 4f 5f 43 4f 52 41 4c 5f 44 41 54 41 00 00 00
2026-07-06T01:44:00.565471+00:00,1783302240.565471,-50,14.0,False,1,2,True,True,True,True,0x8092,0x8092,303,0,7,1700000303,6237216,1,STANDBY,831,True,True,True,True,True,True,False,False,True,True,False,False,False,False,False,False,3700,3.7,3,10,48.1353,11.582,520.0,0.9,1.3,0.25,0.0,90.0,101325,22.0,520.0,0.0,0.0,9.81,0.0,0.0,0.0,23.0,25.0,0,False,False,False,False,False,False,False,False,1,303,0,0,0,0,0,0,65535,NO_CORAL_DATA,4e 4f 5f 43 4f 52 41 4c 5f 44 41 54 41 00 00 00
2026-07-06T01:44:21.108170+00:00,1783302261.10817,-50,13.5,False,1,2,True,True,True,True,0xE752,0xE752,304,0,7,1700000304,6257801,1,STANDBY,831,True,True,True,True,True,True,False,False,True,True,False,False,False,False,False,False,3700,3.7,3,10,48.1353,11.582,520.0,0.9,1.3,0.25,0.0,90.0,101325,22.0,520.0,0.0,0.0,9.81,0.0,0.0,0.0,23.0,25.0,0,False,False,False,False,False,False,False,False,1,304,0,0,0,0,0,0,65535,NO_CORAL_DATA,4e 4f 5f 43 4f 52 41 4c 5f 44 41 54 41 00 00 00
2026-07-06T01:44:41.649768+00:00,1783302281.649768,-50,10.25,False,1,2,True,True,True,True,0x2A6C,0x2A6C,305,0,7,1700000305,6278385,1,STANDBY,831,True,True,True,True,True,True,False,False,True,True,False,False,False,False,False,False,3700,3.7,3,10,48.1353,11.582,520.0,0.9,1.3,0.25,0.0,90.0,101325,22.0,520.0,0.0,0.0,9.81,0.0,0.0,0.0,23.0,25.0,0,False,False,False,False,False,False,False,False,1,305,0,0,0,0,0,0,65535,NO_CORAL_DATA,4e 4f 5f 43 4f 52 41 4c 5f 44 41 54 41 00 00 00
2026-07-06T01:45:02.191768+00:00,1783302302.191768,-50,10.75,False,1,2,True,True,True,True,0x1E63,0x1E63,306,0,7,1700000306,6298969,1,STANDBY,831,True,True,True,True,True,True,False,False,True,True,False,False,False,False,False,False,3700,3.7,3,10,48.1353,11.582,520.0,0.9,1.3,0.25,0.0,90.0,101325,22.0,520.0,0.0,0.0,9.81,0.0,0.0,0.0,23.0,25.0,0,False,False,False,False,False,False,False,False,1,306,0,0,0,0,0,0,65535,NO_CORAL_DATA,4e 4f 5f 43 4f 52 41 4c 5f 44 41 54 41 00 00 00
2026-07-06T01:45:22.728740+00:00,1783302322.72874,-50,10.0,False,1,2,True,True,True,True,0xD974,0xD974,307,0,7,1700000307,6319553,1,STANDBY,831,True,True,True,True,True,True,False,False,True,True,False,False,False,False,False,False,3700,3.7,3,10,48.1353,11.582,520.0,0.9,1.3,0.25,0.0,90.0,101325,22.0,520.0,0.0,0.0,9.81,0.0,0.0,0.0,23.0,25.0,0,False,False,False,False,False,False,False,False,1,307,0,0,0,0,0,0,65535,NO_CORAL_DATA,4e 4f 5f 43 4f 52 41 4c 5f 44 41 54 41 00 00 00
2026-07-06T01:45:43.286677+00:00,1783302343.286677,-50,11.0,False,1,2,True,True,True,True,0xD16E,0xD16E,308,0,7,1700000308,6340138,1,STANDBY,831,True,True,True,True,True,True,False,False,True,True,False,False,False,False,False,False,3700,3.7,3,10,48.1353,11.582,520.0,0.9,1.3,0.25,0.0,90.0,101325,22.0,520.0,0.0,0.0,9.81,0.0,0.0,0.0,23.0,25.0,0,False,False,False,False,False,False,False,False,1,308,0,0,0,0,0,0,65535,NO_CORAL_DATA,4e 4f 5f 43 4f 52 41 4c 5f 44 41 54 41 00 00 00
2026-07-06T01:46:03.818213+00:00,1783302363.818213,-49,12.25,False,1,2,True,True,True,True,0x7B7D,0x7B7D,309,0,7,1700000309,6360722,1,STANDBY,831,True,True,True,True,True,True,False,False,True,True,False,False,False,False,False,False,3700,3.7,3,10,48.1353,11.582,520.0,0.9,1.3,0.25,0.0,90.0,101325,22.0,520.0,0.0,0.0,9.81,0.0,0.0,0.0,23.0,25.0,0,False,False,False,False,False,False,False,False,1,309,0,0,0,0,0,0,65535,NO_CORAL_DATA,4e 4f 5f 43 4f 52 41 4c 5f 44 41 54 41 00 00 00
2026-07-06T01:46:24.352724+00:00,1783302384.352724,-50,11.75,False,1,2,True,True,True,True,0x53C3,0x53C3,310,0,7,1700000310,6381307,1,STANDBY,831,True,True,True,True,True,True,False,False,True,True,False,False,False,False,False,False,3700,3.7,3,10,48.1353,11.582,520.0,0.9,1.3,0.25,0.0,90.0,101325,22.0,520.0,0.0,0.0,9.81,0.0,0.0,0.0,23.0,25.0,0,False,False,False,False,False,False,False,False,1,310,0,0,0,0,0,0,65535,NO_CORAL_DATA,4e 4f 5f 43 4f 52 41 4c 5f 44 41 54 41 00 00 00
2026-07-06T01:46:44.901453+00:00,1783302404.901453,-50,11.25,False,1,2,True,True,True,True,0x2405,0x2405,311,0,7,1700000311,6401892,1,STANDBY,831,True,True,True,True,True,True,False,False,True,True,False,False,False,False,False,False,3700,3.7,3,10,48.1353,11.582,520.0,0.9,1.3,0.25,0.0,90.0,101325,22.0,520.0,0.0,0.0,9.81,0.0,0.0,0.0,23.0,25.0,0,False,False,False,False,False,False,False,False,1,311,0,0,0,0,0,0,65535,NO_CORAL_DATA,4e 4f 5f 43 4f 52 41 4c 5f 44 41 54 41 00 00 00
2026-07-06T01:47:05.451050+00:00,1783302425.45105,-52,13.5,False,1,2,True,True,True,True,0x47BD,0x47BD,312,0,7,1700000312,6422477,1,STANDBY,831,True,True,True,True,True,True,False,False,True,True,False,False,False,False,False,False,3700,3.7,3,10,48.1353,11.582,520.0,0.9,1.3,0.25,0.0,90.0,101325,22.0,520.0,0.0,0.0,9.81,0.0,0.0,0.0,23.0,25.0,0,False,False,False,False,False,False,False,False,1,312,0,0,0,0,0,0,65535,NO_CORAL_DATA,4e 4f 5f 43 4f 52 41 4c 5f 44 41 54 41 00 00 00
2026-07-06T01:47:25.986371+00:00,1783302445.986371,-51,13.25,False,1,2,True,True,True,True,0x49BF,0x49BF,313,0,7,1700000313,6443062,1,STANDBY,831,True,True,True,True,True,True,False,False,True,True,False,False,False,False,False,False,3700,3.7,3,10,48.1353,11.582,520.0,0.9,1.3,0.25,0.0,90.0,101325,22.0,520.0,0.0,0.0,9.81,0.0,0.0,0.0,23.0,25.0,0,False,False,False,False,False,False,False,False,1,313,0,0,0,0,0,0,65535,NO_CORAL_DATA,4e 4f 5f 43 4f 52 41 4c 5f 44 41 54 41 00 00 00
2026-07-06T01:47:46.526101+00:00,1783302466.526101,-50,14.25,False,1,2,True,True,True,True,0x57C6,0x57C6,314,0,7,1700000314,6463646,1,STANDBY,831,True,True,True,True,True,True,False,False,True,True,False,False,False,False,False,False,3700,3.7,3,10,48.1353,11.582,520.0,0.9,1.3,0.25,0.0,90.0,101325,22.0,520.0,0.0,0.0,9.81,0.0,0.0,0.0,23.0,25.0,0,False,False,False,False,False,False,False,False,1,314,0,0,0,0,0,0,65535,NO_CORAL_DATA,4e 4f 5f 43 4f 52 41 4c 5f 44 41 54 41 00 00 00
2026-07-06T01:48:07.087953+00:00,1783302487.087953,-51,14.0,False,1,2,True,True,True,True,0xF957,0xF957,315,0,7,1700000315,6484231,1,STANDBY,831,True,True,True,True,True,True,False,False,True,True,False,False,False,False,False,False,3700,3.7,3,10,48.1353,11.582,520.0,0.9,1.3,0.25,0.0,90.0,101325,22.0,520.0,0.0,0.0,9.81,0.0,0.0,0.0,23.0,25.0,0,False,False,False,False,False,False,False,False,1,315,0,0,0,0,0,0,65535,NO_CORAL_DATA,4e 4f 5f 43 4f 52 41 4c 5f 44 41 54 41 00 00 00
2026-07-06T01:48:48.166148+00:00,1783302528.166148,-51,13.75,False,1,2,True,True,True,True,0xEE45,0xEE45,317,1,8,1700000317,6525400,1,STANDBY,831,True,True,True,True,True,True,False,False,True,True,False,False,False,False,False,False,3700,3.7,3,10,48.1353,11.582,520.0,0.9,1.3,0.25,0.0,90.0,101325,22.0,520.0,0.0,0.0,9.81,0.0,0.0,0.0,23.0,25.0,0,False,False,False,False,False,False,False,False,1,317,0,0,0,0,0,0,65535,NO_CORAL_DATA,4e 4f 5f 43 4f 52 41 4c 5f 44 41 54 41 00 00 00
2026-07-06T01:49:08.724015+00:00,1783302548.724015,-50,13.75,False,1,2,True,True,True,True,0xDB9A,0xDB9A,318,0,8,1700000318,6545985,1,STANDBY,831,True,True,True,True,True,True,False,False,True,True,False,False,False,False,False,False,3700,3.7,3,10,48.1353,11.582,520.0,0.9,1.3,0.25,0.0,90.0,101325,22.0,520.0,0.0,0.0,9.81,0.0,0.0,0.0,23.0,25.0,0,False,False,False,False,False,False,False,False,1,318,0,0,0,0,0,0,65535,NO_CORAL_DATA,4e 4f 5f 43 4f 52 41 4c 5f 44 41 54 41 00 00 00
2026-07-06T01:49:29.260950+00:00,1783302569.26095,-51,13.75,False,1,2,True,True,True,True,0xF2AA,0xF2AA,319,0,8,1700000319,6566569,1,STANDBY,831,True,True,True,True,True,True,False,False,True,True,False,False,False,False,False,False,3700,3.7,3,10,48.1353,11.582,520.0,0.9,1.3,0.25,0.0,90.0,101325,22.0,520.0,0.0,0.0,9.81,0.0,0.0,0.0,23.0,25.0,0,False,False,False,False,False,False,False,False,1,319,0,0,0,0,0,0,65535,NO_CORAL_DATA,4e 4f 5f 43 4f 52 41 4c 5f 44 41 54 41 00 00 00
2026-07-06T01:49:49.797201+00:00,1783302589.797201,-51,13.5,False,1,2,True,True,True,True,0xB5F8,0xB5F8,320,0,8,1700000320,6587153,1,STANDBY,831,True,True,True,True,True,True,False,False,True,True,False,False,False,False,False,False,3700,3.7,3,10,48.1353,11.582,520.0,0.9,1.3,0.25,0.0,90.0,101325,22.0,520.0,0.0,0.0,9.81,0.0,0.0,0.0,23.0,25.0,0,False,False,False,False,False,False,False,False,1,320,0,0,0,0,0,0,65535,NO_CORAL_DATA,4e 4f 5f 43 4f 52 41 4c 5f 44 41 54 41 00 00 00
2026-07-06T01:50:10.333725+00:00,1783302610.333725,-50,12.75,False,1,2,True,True,True,True,0x820A,0x820A,321,0,8,1700000321,6607738,1,STANDBY,831,True,True,True,True,True,True,False,False,True,True,False,False,False,False,False,False,3700,3.7,3,10,48.1353,11.582,520.0,0.9,1.3,0.25,0.0,90.0,101325,22.0,520.0,0.0,0.0,9.81,0.0,0.0,0.0,23.0,25.0,0,False,False,False,False,False,False,False,False,1,321,0,0,0,0,0,0,65535,NO_CORAL_DATA,4e 4f 5f 43 4f 52 41 4c 5f 44 41 54 41 00 00 00
2026-07-06T01:50:30.877777+00:00,1783302630.877777,-51,13.0,False,1,2,True,True,True,True,0xA173,0xA173,322,0,8,1700000322,6628322,1,STANDBY,831,True,True,True,True,True,True,False,False,True,True,False,False,False,False,False,False,3700,3.7,3,10,48.1353,11.582,520.0,0.9,1.3,0.25,0.0,90.0,101325,22.0,520.0,0.0,0.0,9.81,0.0,0.0,0.0,23.0,25.0,0,False,False,False,False,False,False,False,False,1,322,0,0,0,0,0,0,65535,NO_CORAL_DATA,4e 4f 5f 43 4f 52 41 4c 5f 44 41 54 41 00 00 00
2026-07-06T01:50:51.424481+00:00,1783302651.424481,-50,13.25,False,1,2,True,True,True,True,0xF687,0xF687,323,0,8,1700000323,6648907,1,STANDBY,831,True,True,True,True,True,True,False,False,True,True,False,False,False,False,False,False,3700,3.7,3,10,48.1353,11.582,520.0,0.9,1.3,0.25,0.0,90.0,101325,22.0,520.0,0.0,0.0,9.81,0.0,0.0,0.0,23.0,25.0,0,False,False,False,False,False,False,False,False,1,323,0,0,0,0,0,0,65535,NO_CORAL_DATA,4e 4f 5f 43 4f 52 41 4c 5f 44 41 54 41 00 00 00
2026-07-06T01:51:11.960688+00:00,1783302671.960688,-50,10.75,False,1,2,True,True,True,True,0x1DBB,0x1DBB,324,0,8,1700000324,6669492,1,STANDBY,831,True,True,True,True,True,True,False,False,True,True,False,False,False,False,False,False,3700,3.7,3,10,48.1353,11.582,520.0,0.9,1.3,0.25,0.0,90.0,101325,22.0,520.0,0.0,0.0,9.81,0.0,0.0,0.0,23.0,25.0,0,False,False,False,False,False,False,False,False,1,324,0,0,0,0,0,0,65535,NO_CORAL_DATA,4e 4f 5f 43 4f 52 41 4c 5f 44 41 54 41 00 00 00
2026-07-06T01:51:32.500902+00:00,1783302692.500902,-50,11.0,False,1,2,True,True,True,True,0x1BD0,0x1BD0,325,0,8,1700000325,6690077,1,STANDBY,831,True,True,True,True,True,True,False,False,True,True,False,False,False,False,False,False,3700,3.7,3,10,48.1353,11.582,520.0,0.9,1.3,0.25,0.0,90.0,101325,22.0,520.0,0.0,0.0,9.81,0.0,0.0,0.0,23.0,25.0,0,False,False,False,False,False,False,False,False,1,325,0,0,0,0,0,0,65535,NO_CORAL_DATA,4e 4f 5f 43 4f 52 41 4c 5f 44 41 54 41 00 00 00
2026-07-06T01:51:53.046702+00:00,1783302713.046702,-50,11.5,False,1,2,True,True,True,True,0x447A,0x447A,326,0,8,1700000326,6710662,1,STANDBY,831,True,True,True,True,True,True,False,False,True,True,False,False,False,False,False,False,3700,3.7,3,10,48.1353,11.582,520.0,0.9,1.3,0.25,0.0,90.0,101325,22.0,520.0,0.0,0.0,9.81,0.0,0.0,0.0,23.0,25.0,0,False,False,False,False,False,False,False,False,1,326,0,0,0,0,0,0,65535,NO_CORAL_DATA,4e 4f 5f 43 4f 52 41 4c 5f 44 41 54 41 00 00 00
2026-07-06T01:52:13.587532+00:00,1783302733.587532,-50,12.25,False,1,2,True,True,True,True,0xA7A3,0xA7A3,327,0,8,1700000327,6731247,1,STANDBY,831,True,True,True,True,True,True,False,False,True,True,False,False,False,False,False,False,3700,3.7,3,10,48.1353,11.582,520.0,0.9,1.3,0.25,0.0,90.0,101325,22.0,520.0,0.0,0.0,9.81,0.0,0.0,0.0,23.0,25.0,0,False,False,False,False,False,False,False,False,1,327,0,0,0,0,0,0,65535,NO_CORAL_DATA,4e 4f 5f 43 4f 52 41 4c 5f 44 41 54 41 00 00 00
2026-07-06T01:52:34.140994+00:00,1783302754.140994,-50,11.25,False,1,2,True,True,True,True,0xA313,0xA313,328,0,8,1700000328,6751832,1,STANDBY,831,True,True,True,True,True,True,False,False,True,True,False,False,False,False,False,False,3700,3.7,3,10,48.1353,11.582,520.0,0.9,1.3,0.25,0.0,90.0,101325,22.0,520.0,0.0,0.0,9.81,0.0,0.0,0.0,23.0,25.0,0,False,False,False,False,False,False,False,False,1,328,0,0,0,0,0,0,65535,NO_CORAL_DATA,4e 4f 5f 43 4f 52 41 4c 5f 44 41 54 41 00 00 00
2026-07-06T01:52:54.675086+00:00,1783302774.675086,-51,11.0,False,1,2,True,True,True,True,0x56FE,0x56FE,329,0,8,1700000329,6772416,1,STANDBY,831,True,True,True,True,True,True,False,False,True,True,False,False,False,False,False,False,3700,3.7,3,10,48.1353,11.582,520.0,0.9,1.3,0.25,0.0,90.0,101325,22.0,520.0,0.0,0.0,9.81,0.0,0.0,0.0,23.0,25.0,0,False,False,False,False,False,False,False,False,1,329,0,0,0,0,0,0,65535,NO_CORAL_DATA,4e 4f 5f 43 4f 52 41 4c 5f 44 41 54 41 00 00 00
2026-07-06T01:53:15.227515+00:00,1783302795.227515,-49,11.0,False,1,2,True,True,True,True,0x5C09,0x5C09,330,0,8,1700000330,6793000,1,STANDBY,831,True,True,True,True,True,True,False,False,True,True,False,False,False,False,False,False,3700,3.7,3,10,48.1353,11.582,520.0,0.9,1.3,0.25,0.0,90.0,101325,22.0,520.0,0.0,0.0,9.81,0.0,0.0,0.0,23.0,25.0,0,False,False,False,False,False,False,False,False,1,330,0,0,0,0,0,0,65535,NO_CORAL_DATA,4e 4f 5f 43 4f 52 41 4c 5f 44 41 54 41 00 00 00
2026-07-06T01:53:35.766923+00:00,1783302815.766923,-50,12.0,False,1,2,True,True,True,True,0xC204,0xC204,331,0,8,1700000331,6813585,1,STANDBY,831,True,True,True,True,True,True,False,False,True,True,False,False,False,False,False,False,3700,3.7,3,10,48.1353,11.582,520.0,0.9,1.3,0.25,0.0,90.0,101325,22.0,520.0,0.0,0.0,9.81,0.0,0.0,0.0,23.0,25.0,0,False,False,False,False,False,False,False,False,1,331,0,0,0,0,0,0,65535,NO_CORAL_DATA,4e 4f 5f 43 4f 52 41 4c 5f 44 41 54 41 00 00 00
2026-07-06T01:53:56.316711+00:00,1783302836.316711,-49,12.25,False,1,2,True,True,True,True,0xCDD7,0xCDD7,332,0,8,1700000332,6834170,1,STANDBY,831,True,True,True,True,True,True,False,False,True,True,False,False,False,False,False,False,3700,3.7,3,10,48.1353,11.582,520.0,0.9,1.3,0.25,0.0,90.0,101325,22.0,520.0,0.0,0.0,9.81,0.0,0.0,0.0,23.0,25.0,0,False,False,False,False,False,False,False,False,1,332,0,0,0,0,0,0,65535,NO_CORAL_DATA,4e 4f 5f 43 4f 52 41 4c 5f 44 41 54 41 00 00 00
2026-07-06T01:54:16.867283+00:00,1783302856.867283,-50,11.75,False,1,2,True,True,True,True,0x409D,0x409D,333,0,8,1700000333,6854754,1,STANDBY,831,True,True,True,True,True,True,False,False,True,True,False,False,False,False,False,False,3700,3.7,3,10,48.1353,11.582,520.0,0.9,1.3,0.25,0.0,90.0,101325,22.0,520.0,0.0,0.0,9.81,0.0,0.0,0.0,23.0,25.0,0,False,False,False,False,False,False,False,False,1,333,0,0,0,0,0,0,65535,NO_CORAL_DATA,4e 4f 5f 43 4f 52 41 4c 5f 44 41 54 41 00 00 00
2026-07-06T01:54:37.421200+00:00,1783302877.4212,-50,10.0,False,1,2,True,True,True,True,0x950C,0x950C,334,0,8,1700000334,6875338,1,STANDBY,831,True,True,True,True,True,True,False,False,True,True,False,False,False,False,False,False,3700,3.7,3,10,48.1353,11.582,520.0,0.9,1.3,0.25,0.0,90.0,101325,22.0,520.0,0.0,0.0,9.81,0.0,0.0,0.0,23.0,25.0,0,False,False,False,False,False,False,False,False,1,334,0,0,0,0,0,0,65535,NO_CORAL_DATA,4e 4f 5f 43 4f 52 41 4c 5f 44 41 54 41 00 00 00
2026-07-06T01:54:57.954388+00:00,1783302897.954388,-50,12.0,False,1,2,True,True,True,True,0x7C9F,0x7C9F,335,0,8,1700000335,6895922,1,STANDBY,831,True,True,True,True,True,True,False,False,True,True,False,False,False,False,False,False,3700,3.7,3,10,48.1353,11.582,520.0,0.9,1.3,0.25,0.0,90.0,101325,22.0,520.0,0.0,0.0,9.81,0.0,0.0,0.0,23.0,25.0,0,False,False,False,False,False,False,False,False,1,335,0,0,0,0,0,0,65535,NO_CORAL_DATA,4e 4f 5f 43 4f 52 41 4c 5f 44 41 54 41 00 00 00
2026-07-06T01:55:18.490299+00:00,1783302918.490299,-49,10.0,False,1,2,True,True,True,True,0x0048,0x0048,336,0,8,1700000336,6916506,1,STANDBY,831,True,True,True,True,True,True,False,False,True,True,False,False,False,False,False,False,3700,3.7,3,10,48.1353,11.582,520.0,0.9,1.3,0.25,0.0,90.0,101325,22.0,520.0,0.0,0.0,9.81,0.0,0.0,0.0,23.0,25.0,0,False,False,False,False,False,False,False,False,1,336,0,0,0,0,0,0,65535,NO_CORAL_DATA,4e 4f 5f 43 4f 52 41 4c 5f 44 41 54 41 00 00 00
2026-07-06T01:55:39.043444+00:00,1783302939.043444,-50,12.75,False,1,2,True,True,True,True,0x8013,0x8013,337,0,8,1700000337,6937090,1,STANDBY,831,True,True,True,True,True,True,False,False,True,True,False,False,False,False,False,False,3700,3.7,3,10,48.1353,11.582,520.0,0.9,1.3,0.25,0.0,90.0,101325,22.0,520.0,0.0,0.0,9.81,0.0,0.0,0.0,23.0,25.0,0,False,False,False,False,False,False,False,False,1,337,0,0,0,0,0,0,65535,NO_CORAL_DATA,4e 4f 5f 43 4f 52 41 4c 5f 44 41 54 41 00 00 00
2026-07-06T01:55:59.598101+00:00,1783302959.598101,-50,9.5,False,1,2,True,True,True,True,0xA755,0xA755,338,0,8,1700000338,6957674,1,STANDBY,831,True,True,True,True,True,True,False,False,True,True,False,False,False,False,False,False,3700,3.7,3,10,48.1353,11.582,520.0,0.9,1.3,0.25,0.0,90.0,101325,22.0,520.0,0.0,0.0,9.81,0.0,0.0,0.0,23.0,25.0,0,False,False,False,False,False,False,False,False,1,338,0,0,0,0,0,0,65535,NO_CORAL_DATA,4e 4f 5f 43 4f 52 41 4c 5f 44 41 54 41 00 00 00
2026-07-06T01:56:20.138542+00:00,1783302980.138542,-49,9.75,False,1,2,True,True,True,True,0xBEA9,0xBEA9,339,0,8,1700000339,6978258,1,STANDBY,831,True,True,True,True,True,True,False,False,True,True,False,False,False,False,False,False,3700,3.7,3,10,48.1353,11.582,520.0,0.9,1.3,0.25,0.0,90.0,101325,22.0,520.0,0.0,0.0,9.81,0.0,0.0,0.0,23.0,25.0,0,False,False,False,False,False,False,False,False,1,339,0,0,0,0,0,0,65535,NO_CORAL_DATA,4e 4f 5f 43 4f 52 41 4c 5f 44 41 54 41 00 00 00
2026-07-06T01:56:40.688973+00:00,1783303000.688973,-49,10.0,False,1,2,True,True,True,True,0xD0B4,0xD0B4,340,0,8,1700000340,6998842,1,STANDBY,831,True,True,True,True,True,True,False,False,True,True,False,False,False,False,False,False,3700,3.7,3,10,48.1353,11.582,520.0,0.9,1.3,0.25,0.0,90.0,101325,22.0,520.0,0.0,0.0,9.81,0.0,0.0,0.0,23.0,25.0,0,False,False,False,False,False,False,False,False,1,340,0,0,0,0,0,0,65535,NO_CORAL_DATA,4e 4f 5f 43 4f 52 41 4c 5f 44 41 54 41 00 00 00
2026-07-06T01:57:01.226728+00:00,1783303021.226728,-50,10.0,False,1,2,True,True,True,True,0xC1B8,0xC1B8,341,0,8,1700000341,7019426,1,STANDBY,831,True,True,True,True,True,True,False,False,True,True,False,False,False,False,False,False,3700,3.7,3,10,48.1353,11.582,520.0,0.9,1.3,0.25,0.0,90.0,101325,22.0,520.0,0.0,0.0,9.81,0.0,0.0,0.0,23.0,25.0,0,False,False,False,False,False,False,False,False,1,341,0,0,0,0,0,0,65535,NO_CORAL_DATA,4e 4f 5f 43 4f 52 41 4c 5f 44 41 54 41 00 00 00
2026-07-06T01:57:21.759619+00:00,1783303041.759619,-51,13.25,False,1,2,True,True,True,True,0xA439,0xA439,342,0,8,1700000342,7040011,1,STANDBY,831,True,True,True,True,True,True,False,False,True,True,False,False,False,False,False,False,3700,3.7,3,10,48.1353,11.582,520.0,0.9,1.3,0.25,0.0,90.0,101325,22.0,520.0,0.0,0.0,9.81,0.0,0.0,0.0,23.0,25.0,0,False,False,False,False,False,False,False,False,1,342,0,0,0,0,0,0,65535,NO_CORAL_DATA,4e 4f 5f 43 4f 52 41 4c 5f 44 41 54 41 00 00 00
2026-07-06T01:57:42.312593+00:00,1783303062.312593,-50,13.25,False,1,2,True,True,True,True,0x3E09,0x3E09,343,0,8,1700000343,7060595,1,STANDBY,831,True,True,True,True,True,True,False,False,True,True,False,False,False,False,False,False,3700,3.7,3,10,48.1353,11.582,520.0,0.9,1.3,0.25,0.0,90.0,101325,22.0,520.0,0.0,0.0,9.81,0.0,0.0,0.0,23.0,25.0,0,False,False,False,False,False,False,False,False,1,343,0,0,0,0,0,0,65535,NO_CORAL_DATA,4e 4f 5f 43 4f 52 41 4c 5f 44 41 54 41 00 00 00
2026-07-06T01:58:02.846244+00:00,1783303082.846244,-50,13.75,False,1,2,True,True,True,True,0x2C2D,0x2C2D,344,0,8,1700000344,7081180,1,STANDBY,831,True,True,True,True,True,True,False,False,True,True,False,False,False,False,False,False,3700,3.7,3,10,48.1353,11.582,520.0,0.9,1.3,0.25,0.0,90.0,101325,22.0,520.0,0.0,0.0,9.81,0.0,0.0,0.0,23.0,25.0,0,False,False,False,False,False,False,False,False,1,344,0,0,0,0,0,0,65535,NO_CORAL_DATA,4e 4f 5f 43 4f 52 41 4c 5f 44 41 54 41 00 00 00
2026-07-06T01:58:23.399699+00:00,1783303103.399699,-50,13.25,False,1,2,True,True,True,True,0x82BC,0x82BC,345,0,8,1700000345,7101765,1,STANDBY,831,True,True,True,True,True,True,False,False,True,True,False,False,False,False,False,False,3700,3.7,3,10,48.1353,11.582,520.0,0.9,1.3,0.25,0.0,90.0,101325,22.0,520.0,0.0,0.0,9.81,0.0,0.0,0.0,23.0,25.0,0,False,False,False,False,False,False,False,False,1,345,0,0,0,0,0,0,65535,NO_CORAL_DATA,4e 4f 5f 43 4f 52 41 4c 5f 44 41 54 41 00 00 00
2026-07-06T01:58:43.942840+00:00,1783303123.94284,-50,13.75,False,1,2,True,True,True,True,0xCCF4,0xCCF4,346,0,8,1700000346,7122350,1,STANDBY,831,True,True,True,True,True,True,False,False,True,True,False,False,False,False,False,False,3700,3.7,3,10,48.1353,11.582,520.0,0.9,1.3,0.25,0.0,90.0,101325,22.0,520.0,0.0,0.0,9.81,0.0,0.0,0.0,23.0,25.0,0,False,False,False,False,False,False,False,False,1,346,0,0,0,0,0,0,65535,NO_CORAL_DATA,4e 4f 5f 43 4f 52 41 4c 5f 44 41 54 41 00 00 00
2026-07-06T01:59:04.489705+00:00,1783303144.489705,-51,13.75,False,1,2,True,True,True,True,0x274F,0x274F,347,0,8,1700000347,7142935,1,STANDBY,831,True,True,True,True,True,True,False,False,True,True,False,False,False,False,False,False,3700,3.7,3,10,48.1353,11.582,520.0,0.9,1.3,0.25,0.0,90.0,101325,22.0,520.0,0.0,0.0,9.81,0.0,0.0,0.0,23.0,25.0,0,False,False,False,False,False,False,False,False,1,347,0,0,0,0,0,0,65535,NO_CORAL_DATA,4e 4f 5f 43 4f 52 41 4c 5f 44 41 54 41 00 00 00
2026-07-06T01:59:25.022662+00:00,1783303165.022662,-50,13.75,False,1,2,True,True,True,True,0xB864,0xB864,348,0,8,1700000348,7163520,1,STANDBY,831,True,True,True,True,True,True,False,False,True,True,False,False,False,False,False,False,3700,3.7,3,10,48.1353,11.582,520.0,0.9,1.3,0.25,0.0,90.0,101325,22.0,520.0,0.0,0.0,9.81,0.0,0.0,0.0,23.0,25.0,0,False,False,False,False,False,False,False,False,1,348,0,0,0,0,0,0,65535,NO_CORAL_DATA,4e 4f 5f 43 4f 52 41 4c 5f 44 41 54 41 00 00 00
2026-07-06T01:59:45.567660+00:00,1783303185.56766,-49,12.5,False,1,2,True,True,True,True,0x5BBD,0x5BBD,349,0,8,1700000349,7184105,1,STANDBY,831,True,True,True,True,True,True,False,False,True,True,False,False,False,False,False,False,3700,3.7,3,10,48.1353,11.582,520.0,0.9,1.3,0.25,0.0,90.0,101325,22.0,520.0,0.0,0.0,9.81,0.0,0.0,0.0,23.0,25.0,0,False,False,False,False,False,False,False,False,1,349,0,0,0,0,0,0,65535,NO_CORAL_DATA,4e 4f 5f 43 4f 52 41 4c 5f 44 41 54 41 00 00 00
2026-07-06T02:00:06.127889+00:00,1783303206.127889,-49,13.25,False,1,2,True,True,True,True,0xACB9,0xACB9,350,0,8,1700000350,7204689,1,STANDBY,831,True,True,True,True,True,True,False,False,True,True,False,False,False,False,False,False,3700,3.7,3,10,48.1353,11.582,520.0,0.9,1.3,0.25,0.0,90.0,101325,22.0,520.0,0.0,0.0,9.81,0.0,0.0,0.0,23.0,25.0,0,False,False,False,False,False,False,False,False,1,350,0,0,0,0,0,0,65535,NO_CORAL_DATA,4e 4f 5f 43 4f 52 41 4c 5f 44 41 54 41 00 00 00
2026-07-06T02:00:26.664567+00:00,1783303226.664567,-50,13.0,False,1,2,True,True,True,True,0xA19F,0xA19F,351,0,8,1700000351,7225274,1,STANDBY,831,True,True,True,True,True,True,False,False,True,True,False,False,False,False,False,False,3700,3.7,3,10,48.1353,11.582,520.0,0.9,1.3,0.25,0.0,90.0,101325,22.0,520.0,0.0,0.0,9.81,0.0,0.0,0.0,23.0,25.0,0,False,False,False,False,False,False,False,False,1,351,0,0,0,0,0,0,65535,NO_CORAL_DATA,4e 4f 5f 43 4f 52 41 4c 5f 44 41 54 41 00 00 00
2026-07-06T02:00:47.197467+00:00,1783303247.197467,-50,13.75,False,1,2,True,True,True,True,0xEA72,0xEA72,352,0,8,1700000352,7245859,1,STANDBY,831,True,True,True,True,True,True,False,False,True,True,False,False,False,False,False,False,3700,3.7,3,10,48.1353,11.582,520.0,0.9,1.3,0.25,0.0,90.0,101325,22.0,520.0,0.0,0.0,9.81,0.0,0.0,0.0,23.0,25.0,0,False,False,False,False,False,False,False,False,1,352,0,0,0,0,0,0,65535,NO_CORAL_DATA,4e 4f 5f 43 4f 52 41 4c 5f 44 41 54 41 00 00 00
2026-07-06T02:01:07.738928+00:00,1783303267.738928,-50,13.5,False,1,2,True,True,True,True,0x98D8,0x98D8,353,0,8,1700000353,7266444,1,STANDBY,831,True,True,True,True,True,True,False,False,True,True,False,False,False,False,False,False,3700,3.7,3,10,48.1353,11.582,520.0,0.9,1.3,0.25,0.0,90.0,101325,22.0,520.0,0.0,0.0,9.81,0.0,0.0,0.0,23.0,25.0,0,False,False,False,False,False,False,False,False,1,353,0,0,0,0,0,0,65535,NO_CORAL_DATA,4e 4f 5f 43 4f 52 41 4c 5f 44 41 54 41 00 00 00
2026-07-06T02:01:28.287394+00:00,1783303288.287394,-50,13.25,False,1,2,True,True,True,True,0xAA9F,0xAA9F,354,0,8,1700000354,7287029,1,STANDBY,831,True,True,True,True,True,True,False,False,True,True,False,False,False,False,False,False,3700,3.7,3,10,48.1353,11.582,520.0,0.9,1.3,0.25,0.0,90.0,101325,22.0,520.0,0.0,0.0,9.81,0.0,0.0,0.0,23.0,25.0,0,False,False,False,False,False,False,False,False,1,354,0,0,0,0,0,0,65535,NO_CORAL_DATA,4e 4f 5f 43 4f 52 41 4c 5f 44 41 54 41 00 00 00
2026-07-06T02:01:48.818331+00:00,1783303308.818331,-50,13.25,False,1,2,True,True,True,True,0x9522,0x9522,355,0,8,1700000355,7307614,1,STANDBY,831,True,True,True,True,True,True,False,False,True,True,False,False,False,False,False,False,3700,3.7,3,10,48.1353,11.582,520.0,0.9,1.3,0.25,0.0,90.0,101325,22.0,520.0,0.0,0.0,9.81,0.0,0.0,0.0,23.0,25.0,0,False,False,False,False,False,False,False,False,1,355,0,0,0,0,0,0,65535,NO_CORAL_DATA,4e 4f 5f 43 4f 52 41 4c 5f 44 41 54 41 00 00 00
2026-07-06T02:02:09.370926+00:00,1783303329.370926,-49,12.0,False,1,2,True,True,True,True,0xE6AF,0xE6AF,356,0,8,1700000356,7328199,1,STANDBY,831,True,True,True,True,True,True,False,False,True,True,False,False,False,False,False,False,3700,3.7,3,10,48.1353,11.582,520.0,0.9,1.3,0.25,0.0,90.0,101325,22.0,520.0,0.0,0.0,9.81,0.0,0.0,0.0,23.0,25.0,0,False,False,False,False,False,False,False,False,1,356,0,0,0,0,0,0,65535,NO_CORAL_DATA,4e 4f 5f 43 4f 52 41 4c 5f 44 41 54 41 00 00 00
2026-07-06T02:02:29.894620+00:00,1783303349.89462,-50,13.0,False,1,2,True,True,True,True,0x16C8,0x16C8,357,0,8,1700000357,7348784,1,STANDBY,831,True,True,True,True,True,True,False,False,True,True,False,False,False,False,False,False,3700,3.7,3,10,48.1353,11.582,520.0,0.9,1.3,0.25,0.0,90.0,101325,22.0,520.0,0.0,0.0,9.81,0.0,0.0,0.0,23.0,25.0,0,False,False,False,False,False,False,False,False,1,357,0,0,0,0,0,0,65535,NO_CORAL_DATA,4e 4f 5f 43 4f 52 41 4c 5f 44 41 54 41 00 00 00
2026-07-06T02:02:50.441349+00:00,1783303370.441349,-50,14.0,False,1,2,True,True,True,True,0x7652,0x7652,358,0,8,1700000358,7369369,1,STANDBY,831,True,True,True,True,True,True,False,False,True,True,False,False,False,False,False,False,3700,3.7,3,10,48.1353,11.582,520.0,0.9,1.3,0.25,0.0,90.0,101325,22.0,520.0,0.0,0.0,9.81,0.0,0.0,0.0,23.0,25.0,0,False,False,False,False,False,False,False,False,1,358,0,0,0,0,0,0,65535,NO_CORAL_DATA,4e 4f 5f 43 4f 52 41 4c 5f 44 41 54 41 00 00 00
2026-07-06T02:03:10.995452+00:00,1783303390.995452,-50,13.0,False,1,2,True,True,True,True,0x5BE6,0x5BE6,359,0,8,1700000359,7389954,1,STANDBY,831,True,True,True,True,True,True,False,False,True,True,False,False,False,False,False,False,3700,3.7,3,10,48.1353,11.582,520.0,0.9,1.3,0.25,0.0,90.0,101325,22.0,520.0,0.0,0.0,9.81,0.0,0.0,0.0,23.0,25.0,0,False,False,False,False,False,False,False,False,1,359,0,0,0,0,0,0,65535,NO_CORAL_DATA,4e 4f 5f 43 4f 52 41 4c 5f 44 41 54 41 00 00 00
2026-07-06T02:03:31.525375+00:00,1783303411.525375,-50,13.0,False,1,2,True,True,True,True,0x949B,0x949B,360,0,8,1700000360,7410539,1,STANDBY,831,True,True,True,True,True,True,False,False,True,True,False,False,False,False,False,False,3700,3.7,3,10,48.1353,11.582,520.0,0.9,1.3,0.25,0.0,90.0,101325,22.0,520.0,0.0,0.0,9.81,0.0,0.0,0.0,23.0,25.0,0,False,False,False,False,False,False,False,False,1,360,0,0,0,0,0,0,65535,NO_CORAL_DATA,4e 4f 5f 43 4f 52 41 4c 5f 44 41 54 41 00 00 00
2026-07-06T02:03:52.075151+00:00,1783303432.075151,-50,11.75,False,1,2,True,True,True,True,0x1829,0x1829,361,0,8,1700000361,7431124,1,STANDBY,831,True,True,True,True,True,True,False,False,True,True,False,False,False,False,False,False,3700,3.7,3,10,48.1353,11.582,520.0,0.9,1.3,0.25,0.0,90.0,101325,22.0,520.0,0.0,0.0,9.81,0.0,0.0,0.0,23.0,25.0,0,False,False,False,False,False,False,False,False,1,361,0,0,0,0,0,0,65535,NO_CORAL_DATA,4e 4f 5f 43 4f 52 41 4c 5f 44 41 54 41 00 00 00
2026-07-06T02:04:12.604955+00:00,1783303452.604955,-50,13.5,False,1,2,True,True,True,True,0x4CB9,0x4CB9,362,0,8,1700000362,7451709,1,STANDBY,831,True,True,True,True,True,True,False,False,True,True,False,False,False,False,False,False,3700,3.7,3,10,48.1353,11.582,520.0,0.9,1.3,0.25,0.0,90.0,101325,22.0,520.0,0.0,0.0,9.81,0.0,0.0,0.0,23.0,25.0,0,False,False,False,False,False,False,False,False,1,362,0,0,0,0,0,0,65535,NO_CORAL_DATA,4e 4f 5f 43 4f 52 41 4c 5f 44 41 54 41 00 00 00
2026-07-06T02:04:33.142021+00:00,1783303473.142021,-49,10.75,False,1,2,True,True,True,True,0xCC9B,0xCC9B,363,0,8,1700000363,7472294,1,STANDBY,831,True,True,True,True,True,True,False,False,True,True,False,False,False,False,False,False,3700,3.7,3,10,48.1353,11.582,520.0,0.9,1.3,0.25,0.0,90.0,101325,22.0,520.0,0.0,0.0,9.81,0.0,0.0,0.0,23.0,25.0,0,False,False,False,False,False,False,False,False,1,363,0,0,0,0,0,0,65535,NO_CORAL_DATA,4e 4f 5f 43 4f 52 41 4c 5f 44 41 54 41 00 00 00
2026-07-06T02:04:53.695628+00:00,1783303493.695628,-50,12.0,False,1,2,True,True,True,True,0x7192,0x7192,364,0,8,1700000364,7492879,1,STANDBY,831,True,True,True,True,True,True,False,False,True,True,False,False,False,False,False,False,3700,3.7,3,10,48.1353,11.582,520.0,0.9,1.3,0.25,0.0,90.0,101325,22.0,520.0,0.0,0.0,9.81,0.0,0.0,0.0,23.0,25.0,0,False,False,False,False,False,False,False,False,1,364,0,0,0,0,0,0,65535,NO_CORAL_DATA,4e 4f 5f 43 4f 52 41 4c 5f 44 41 54 41 00 00 00
2026-07-06T02:05:14.227984+00:00,1783303514.227984,-50,13.0,False,1,2,True,True,True,True,0x01E0,0x01E0,365,0,8,1700000365,7513464,1,STANDBY,831,True,True,True,True,True,True,False,False,True,True,False,False,False,False,False,False,3700,3.7,3,10,48.1353,11.582,520.0,0.9,1.3,0.25,0.0,90.0,101325,22.0,520.0,0.0,0.0,9.81,0.0,0.0,0.0,23.0,25.0,0,False,False,False,False,False,False,False,False,1,365,0,0,0,0,0,0,65535,NO_CORAL_DATA,4e 4f 5f 43 4f 52 41 4c 5f 44 41 54 41 00 00 00
2026-07-06T02:05:34.774889+00:00,1783303534.774889,-49,12.5,False,1,2,True,True,True,True,0x7373,0x7373,366,0,8,1700000366,7534049,1,STANDBY,831,True,True,True,True,True,True,False,False,True,True,False,False,False,False,False,False,3700,3.7,3,10,48.1353,11.582,520.0,0.9,1.3,0.25,0.0,90.0,101325,22.0,520.0,0.0,0.0,9.81,0.0,0.0,0.0,23.0,25.0,0,False,False,False,False,False,False,False,False,1,366,0,0,0,0,0,0,65535,NO_CORAL_DATA,4e 4f 5f 43 4f 52 41 4c 5f 44 41 54 41 00 00 00
2026-07-06T02:05:55.318155+00:00,1783303555.318155,-49,12.5,False,1,2,True,True,True,True,0xCAFC,0xCAFC,367,0,8,1700000367,7554634,1,STANDBY,831,True,True,True,True,True,True,False,False,True,True,False,False,False,False,False,False,3700,3.7,3,10,48.1353,11.582,520.0,0.9,1.3,0.25,0.0,90.0,101325,22.0,520.0,0.0,0.0,9.81,0.0,0.0,0.0,23.0,25.0,0,False,False,False,False,False,False,False,False,1,367,0,0,0,0,0,0,65535,NO_CORAL_DATA,4e 4f 5f 43 4f 52 41 4c 5f 44 41 54 41 00 00 00
2026-07-06T02:06:15.846112+00:00,1783303575.846112,-50,13.0,False,1,2,True,True,True,True,0x50CF,0x50CF,368,0,8,1700000368,7575219,1,STANDBY,831,True,True,True,True,True,True,False,False,True,True,False,False,False,False,False,False,3700,3.7,3,10,48.1353,11.582,520.0,0.9,1.3,0.25,0.0,90.0,101325,22.0,520.0,0.0,0.0,9.81,0.0,0.0,0.0,23.0,25.0,0,False,False,False,False,False,False,False,False,1,368,0,0,0,0,0,0,65535,NO_CORAL_DATA,4e 4f 5f 43 4f 52 41 4c 5f 44 41 54 41 00 00 00
2026-07-06T02:06:36.384634+00:00,1783303596.384634,-49,13.25,False,1,2,True,True,True,True,0xFEE8,0xFEE8,369,0,8,1700000369,7595804,1,STANDBY,831,True,True,True,True,True,True,False,False,True,True,False,False,False,False,False,False,3700,3.7,3,10,48.1353,11.582,520.0,0.9,1.3,0.25,0.0,90.0,101325,22.0,520.0,0.0,0.0,9.81,0.0,0.0,0.0,23.0,25.0,0,False,False,False,False,False,False,False,False,1,369,0,0,0,0,0,0,65535,NO_CORAL_DATA,4e 4f 5f 43 4f 52 41 4c 5f 44 41 54 41 00 00 00
2026-07-06T02:06:56.935063+00:00,1783303616.935063,-49,12.0,False,1,2,True,True,True,True,0x8AAC,0x8AAC,370,0,8,1700000370,7616389,1,STANDBY,831,True,True,True,True,True,True,False,False,True,True,False,False,False,False,False,False,3700,3.7,3,10,48.1353,11.582,520.0,0.9,1.3,0.25,0.0,90.0,101325,22.0,520.0,0.0,0.0,9.81,0.0,0.0,0.0,23.0,25.0,0,False,False,False,False,False,False,False,False,1,370,0,0,0,0,0,0,65535,NO_CORAL_DATA,4e 4f 5f 43 4f 52 41 4c 5f 44 41 54 41 00 00 00
2026-07-06T02:07:17.465290+00:00,1783303637.46529,-50,13.0,False,1,2,True,True,True,True,0x21B8,0x21B8,371,0,8,1700000371,7636974,1,STANDBY,831,True,True,True,True,True,True,False,False,True,True,False,False,False,False,False,False,3700,3.7,3,10,48.1353,11.582,520.0,0.9,1.3,0.25,0.0,90.0,101325,22.0,520.0,0.0,0.0,9.81,0.0,0.0,0.0,23.0,25.0,0,False,False,False,False,False,False,False,False,1,371,0,0,0,0,0,0,65535,NO_CORAL_DATA,4e 4f 5f 43 4f 52 41 4c 5f 44 41 54 41 00 00 00
2026-07-06T02:07:38.008802+00:00,1783303658.008802,-51,13.25,False,1,2,True,True,True,True,0x0D6B,0x0D6B,372,0,8,1700000372,7657559,1,STANDBY,831,True,True,True,True,True,True,False,False,True,True,False,False,False,False,False,False,3700,3.7,3,10,48.1353,11.582,520.0,0.9,1.3,0.25,0.0,90.0,101325,22.0,520.0,0.0,0.0,9.81,0.0,0.0,0.0,23.0,25.0,0,False,False,False,False,False,False,False,False,1,372,0,0,0,0,0,0,65535,NO_CORAL_DATA,4e 4f 5f 43 4f 52 41 4c 5f 44 41 54 41 00 00 00
2026-07-06T02:07:58.551083+00:00,1783303678.551083,-50,12.0,False,1,2,True,True,True,True,0xF497,0xF497,373,0,8,1700000373,7678143,1,STANDBY,831,True,True,True,True,True,True,False,False,True,True,False,False,False,False,False,False,3700,3.7,3,10,48.1353,11.582,520.0,0.9,1.3,0.25,0.0,90.0,101325,22.0,520.0,0.0,0.0,9.81,0.0,0.0,0.0,23.0,25.0,0,False,False,False,False,False,False,False,False,1,373,0,0,0,0,0,0,65535,NO_CORAL_DATA,4e 4f 5f 43 4f 52 41 4c 5f 44 41 54 41 00 00 00
2026-07-06T02:08:19.093966+00:00,1783303699.093966,-50,13.75,False,1,2,True,True,True,True,0xDD78,0xDD78,374,0,8,1700000374,7698727,1,STANDBY,831,True,True,True,True,True,True,False,False,True,True,False,False,False,False,False,False,3700,3.7,3,10,48.1353,11.582,520.0,0.9,1.3,0.25,0.0,90.0,101325,22.0,520.0,0.0,0.0,9.81,0.0,0.0,0.0,23.0,25.0,0,False,False,False,False,False,False,False,False,1,374,0,0,0,0,0,0,65535,NO_CORAL_DATA,4e 4f 5f 43 4f 52 41 4c 5f 44 41 54 41 00 00 00
2026-07-06T02:08:39.640858+00:00,1783303719.640858,-50,12.75,False,1,2,True,True,True,True,0x80DA,0x80DA,375,0,8,1700000375,7719312,1,STANDBY,831,True,True,True,True,True,True,False,False,True,True,False,False,False,False,False,False,3700,3.7,3,10,48.1353,11.582,520.0,0.9,1.3,0.25,0.0,90.0,101325,22.0,520.0,0.0,0.0,9.81,0.0,0.0,0.0,23.0,25.0,0,False,False,False,False,False,False,False,False,1,375,0,0,0,0,0,0,65535,NO_CORAL_DATA,4e 4f 5f 43 4f 52 41 4c 5f 44 41 54 41 00 00 00
2026-07-06T02:09:00.173860+00:00,1783303740.17386,-50,12.25,False,1,2,True,True,True,True,0x9644,0x9644,376,0,8,1700000376,7739896,1,STANDBY,831,True,True,True,True,True,True,False,False,True,True,False,False,False,False,False,False,3700,3.7,3,10,48.1353,11.582,520.0,0.9,1.3,0.25,0.0,90.0,101325,22.0,520.0,0.0,0.0,9.81,0.0,0.0,0.0,23.0,25.0,0,False,False,False,False,False,False,False,False,1,376,0,0,0,0,0,0,65535,NO_CORAL_DATA,4e 4f 5f 43 4f 52 41 4c 5f 44 41 54 41 00 00 00
2026-07-06T02:09:20.711921+00:00,1783303760.711921,-50,11.25,False,1,2,True,True,True,True,0xA314,0xA314,377,0,8,1700000377,7760481,1,STANDBY,831,True,True,True,True,True,True,False,False,True,True,False,False,False,False,False,False,3700,3.7,3,10,48.1353,11.582,520.0,0.9,1.3,0.25,0.0,90.0,101325,22.0,520.0,0.0,0.0,9.81,0.0,0.0,0.0,23.0,25.0,0,False,False,False,False,False,False,False,False,1,377,0,0,0,0,0,0,65535,NO_CORAL_DATA,4e 4f 5f 43 4f 52 41 4c 5f 44 41 54 41 00 00 00
2026-07-06T02:09:41.270554+00:00,1783303781.270554,-50,11.25,False,1,2,True,True,True,True,0x17A5,0x17A5,378,0,8,1700000378,7781066,1,STANDBY,831,True,True,True,True,True,True,False,False,True,True,False,False,False,False,False,False,3700,3.7,3,10,48.1353,11.582,520.0,0.9,1.3,0.25,0.0,90.0,101325,22.0,520.0,0.0,0.0,9.81,0.0,0.0,0.0,23.0,25.0,0,False,False,False,False,False,False,False,False,1,378,0,0,0,0,0,0,65535,NO_CORAL_DATA,4e 4f 5f 43 4f 52 41 4c 5f 44 41 54 41 00 00 00
2026-07-06T02:10:01.801625+00:00,1783303801.801625,-50,11.75,False,1,2,True,True,True,True,0x2EC9,0x2EC9,379,0,8,1700000379,7801651,1,STANDBY,831,True,True,True,True,True,True,False,False,True,True,False,False,False,False,False,False,3700,3.7,3,10,48.1353,11.582,520.0,0.9,1.3,0.25,0.0,90.0,101325,22.0,520.0,0.0,0.0,9.81,0.0,0.0,0.0,23.0,25.0,0,False,False,False,False,False,False,False,False,1,379,0,0,0,0,0,0,65535,NO_CORAL_DATA,4e 4f 5f 43 4f 52 41 4c 5f 44 41 54 41 00 00 00
2026-07-06T02:10:22.347491+00:00,1783303822.347491,-50,12.0,False,1,2,True,True,True,True,0x6F08,0x6F08,380,0,8,1700000380,7822236,1,STANDBY,831,True,True,True,True,True,True,False,False,True,True,False,False,False,False,False,False,3700,3.7,3,10,48.1353,11.582,520.0,0.9,1.3,0.25,0.0,90.0,101325,22.0,520.0,0.0,0.0,9.81,0.0,0.0,0.0,23.0,25.0,0,False,False,False,False,False,False,False,False,1,380,0,0,0,0,0,0,65535,NO_CORAL_DATA,4e 4f 5f 43 4f 52 41 4c 5f 44 41 54 41 00 00 00
2026-07-06T02:10:42.878428+00:00,1783303842.878428,-49,10.0,False,1,2,True,True,True,True,0xD3E7,0xD3E7,381,0,8,1700000381,7842821,1,STANDBY,831,True,True,True,True,True,True,False,False,True,True,False,False,False,False,False,False,3700,3.7,3,10,48.1353,11.582,520.0,0.9,1.3,0.25,0.0,90.0,101325,22.0,520.0,0.0,0.0,9.81,0.0,0.0,0.0,23.0,25.0,0,False,False,False,False,False,False,False,False,1,381,0,0,0,0,0,0,65535,NO_CORAL_DATA,4e 4f 5f 43 4f 52 41 4c 5f 44 41 54 41 00 00 00
2026-07-06T02:11:03.414919+00:00,1783303863.414919,-50,10.25,False,1,2,True,True,True,True,0xE49A,0xE49A,382,0,8,1700000382,7863406,1,STANDBY,831,True,True,True,True,True,True,False,False,True,True,False,False,False,False,False,False,3700,3.7,3,10,48.1353,11.582,520.0,0.9,1.3,0.25,0.0,90.0,101325,22.0,520.0,0.0,0.0,9.81,0.0,0.0,0.0,23.0,25.0,0,False,False,False,False,False,False,False,False,1,382,0,0,0,0,0,0,65535,NO_CORAL_DATA,4e 4f 5f 43 4f 52 41 4c 5f 44 41 54 41 00 00 00
2026-07-06T02:11:23.963634+00:00,1783303883.963634,-49,10.25,False,1,2,True,True,True,True,0x4327,0x4327,383,0,8,1700000383,7883991,1,STANDBY,831,True,True,True,True,True,True,False,False,True,True,False,False,False,False,False,False,3700,3.7,3,10,48.1353,11.582,520.0,0.9,1.3,0.25,0.0,90.0,101325,22.0,520.0,0.0,0.0,9.81,0.0,0.0,0.0,23.0,25.0,0,False,False,False,False,False,False,False,False,1,383,0,0,0,0,0,0,65535,NO_CORAL_DATA,4e 4f 5f 43 4f 52 41 4c 5f 44 41 54 41 00 00 00
2026-07-06T02:11:44.511897+00:00,1783303904.511897,-49,10.5,False,1,2,True,True,True,True,0x4412,0x4412,384,0,8,1700000384,7904576,1,STANDBY,831,True,True,True,True,True,True,False,False,True,True,False,False,False,False,False,False,3700,3.7,3,10,48.1353,11.582,520.0,0.9,1.3,0.25,0.0,90.0,101325,22.0,520.0,0.0,0.0,9.81,0.0,0.0,0.0,23.0,25.0,0,False,False,False,False,False,False,False,False,1,384,0,0,0,0,0,0,65535,NO_CORAL_DATA,4e 4f 5f 43 4f 52 41 4c 5f 44 41 54 41 00 00 00
2026-07-06T02:12:05.052471+00:00,1783303925.052471,-49,11.0,False,1,2,True,True,True,True,0xDEFE,0xDEFE,385,0,8,1700000385,7925161,1,STANDBY,831,True,True,True,True,True,True,False,False,True,True,False,False,False,False,False,False,3700,3.7,3,10,48.1353,11.582,520.0,0.9,1.3,0.25,0.0,90.0,101325,22.0,520.0,0.0,0.0,9.81,0.0,0.0,0.0,23.0,25.0,0,False,False,False,False,False,False,False,False,1,385,0,0,0,0,0,0,65535,NO_CORAL_DATA,4e 4f 5f 43 4f 52 41 4c 5f 44 41 54 41 00 00 00
2026-07-06T02:12:25.573813+00:00,1783303945.573813,-50,10.0,False,1,2,True,True,True,True,0xCEE8,0xCEE8,386,0,8,1700000386,7945746,1,STANDBY,831,True,True,True,True,True,True,False,False,True,True,False,False,False,False,False,False,3700,3.7,3,10,48.1353,11.582,520.0,0.9,1.3,0.25,0.0,90.0,101325,22.0,520.0,0.0,0.0,9.81,0.0,0.0,0.0,23.0,25.0,0,False,False,False,False,False,False,False,False,1,386,0,0,0,0,0,0,65535,NO_CORAL_DATA,4e 4f 5f 43 4f 52 41 4c 5f 44 41 54 41 00 00 00
2026-07-06T02:12:46.133226+00:00,1783303966.133226,-50,10.75,False,1,2,True,True,True,True,0x7A3F,0x7A3F,387,0,8,1700000387,7966331,1,STANDBY,831,True,True,True,True,True,True,False,False,True,True,False,False,False,False,False,False,3700,3.7,3,10,48.1353,11.582,520.0,0.9,1.3,0.25,0.0,90.0,101325,22.0,520.0,0.0,0.0,9.81,0.0,0.0,0.0,23.0,25.0,0,False,False,False,False,False,False,False,False,1,387,0,0,0,0,0,0,65535,NO_CORAL_DATA,4e 4f 5f 43 4f 52 41 4c 5f 44 41 54 41 00 00 00
2026-07-06T02:13:06.678085+00:00,1783303986.678085,-49,10.0,False,1,2,True,True,True,True,0x29F7,0x29F7,388,0,8,1700000388,7986916,1,STANDBY,831,True,True,True,True,True,True,False,False,True,True,False,False,False,False,False,False,3700,3.7,3,10,48.1353,11.582,520.0,0.9,1.3,0.25,0.0,90.0,101325,22.0,520.0,0.0,0.0,9.81,0.0,0.0,0.0,23.0,25.0,0,False,False,False,False,False,False,False,False,1,388,0,0,0,0,0,0,65535,NO_CORAL_DATA,4e 4f 5f 43 4f 52 41 4c 5f 44 41 54 41 00 00 00
2026-07-06T02:13:27.213306+00:00,1783304007.213306,-49,10.0,False,1,2,True,True,True,True,0x1D66,0x1D66,389,0,8,1700000389,8007501,1,STANDBY,831,True,True,True,True,True,True,False,False,True,True,False,False,False,False,False,False,3700,3.7,3,10,48.1353,11.582,520.0,0.9,1.3,0.25,0.0,90.0,101325,22.0,520.0,0.0,0.0,9.81,0.0,0.0,0.0,23.0,25.0,0,False,False,False,False,False,False,False,False,1,389,0,0,0,0,0,0,65535,NO_CORAL_DATA,4e 4f 5f 43 4f 52 41 4c 5f 44 41 54 41 00 00 00
2026-07-06T02:13:47.745295+00:00,1783304027.745295,-50,11.25,False,1,2,True,True,True,True,0xCC16,0xCC16,390,0,8,1700000390,8028085,1,STANDBY,831,True,True,True,True,True,True,False,False,True,True,False,False,False,False,False,False,3700,3.7,3,10,48.1353,11.582,520.0,0.9,1.3,0.25,0.0,90.0,101325,22.0,520.0,0.0,0.0,9.81,0.0,0.0,0.0,23.0,25.0,0,False,False,False,False,False,False,False,False,1,390,0,0,0,0,0,0,65535,NO_CORAL_DATA,4e 4f 5f 43 4f 52 41 4c 5f 44 41 54 41 00 00 00
2026-07-06T02:14:08.295826+00:00,1783304048.295826,-50,10.0,False,1,2,True,True,True,True,0x1D26,0x1D26,391,0,8,1700000391,8048669,1,STANDBY,831,True,True,True,True,True,True,False,False,True,True,False,False,False,False,False,False,3700,3.7,3,10,48.1353,11.582,520.0,0.9,1.3,0.25,0.0,90.0,101325,22.0,520.0,0.0,0.0,9.81,0.0,0.0,0.0,23.0,25.0,0,False,False,False,False,False,False,False,False,1,391,0,0,0,0,0,0,65535,NO_CORAL_DATA,4e 4f 5f 43 4f 52 41 4c 5f 44 41 54 41 00 00 00
2026-07-06T02:14:28.843568+00:00,1783304068.843568,-50,10.25,False,1,2,True,True,True,True,0xA54F,0xA54F,392,0,8,1700000392,8069254,1,STANDBY,831,True,True,True,True,True,True,False,False,True,True,False,False,False,False,False,False,3700,3.7,3,10,48.1353,11.582,520.0,0.9,1.3,0.25,0.0,90.0,101325,22.0,520.0,0.0,0.0,9.81,0.0,0.0,0.0,23.0,25.0,0,False,False,False,False,False,False,False,False,1,392,0,0,0,0,0,0,65535,NO_CORAL_DATA,4e 4f 5f 43 4f 52 41 4c 5f 44 41 54 41 00 00 00
2026-07-06T02:14:49.387364+00:00,1783304089.387364,-50,11.0,False,1,2,True,True,True,True,0x8D7E,0x8D7E,393,0,8,1700000393,8089839,1,STANDBY,831,True,True,True,True,True,True,False,False,True,True,False,False,False,False,False,False,3700,3.7,3,10,48.1353,11.582,520.0,0.9,1.3,0.25,0.0,90.0,101325,22.0,520.0,0.0,0.0,9.81,0.0,0.0,0.0,23.0,25.0,0,False,False,False,False,False,False,False,False,1,393,0,0,0,0,0,0,65535,NO_CORAL_DATA,4e 4f 5f 43 4f 52 41 4c 5f 44 41 54 41 00 00 00
2026-07-06T02:15:09.916088+00:00,1783304109.916088,-51,14.25,False,1,2,True,True,True,True,0xD466,0xD466,394,0,8,1700000394,8110423,1,STANDBY,831,True,True,True,True,True,True,False,False,True,True,False,False,False,False,False,False,3700,3.7,3,10,48.1353,11.582,520.0,0.9,1.3,0.25,0.0,90.0,101325,22.0,520.0,0.0,0.0,9.81,0.0,0.0,0.0,23.0,25.0,0,False,False,False,False,False,False,False,False,1,394,0,0,0,0,0,0,65535,NO_CORAL_DATA,4e 4f 5f 43 4f 52 41 4c 5f 44 41 54 41 00 00 00
2026-07-06T02:15:30.477538+00:00,1783304130.477538,-50,14.25,False,1,2,True,True,True,True,0xFFE4,0xFFE4,395,0,8,1700000395,8131008,1,STANDBY,831,True,True,True,True,True,True,False,False,True,True,False,False,False,False,False,False,3700,3.7,3,10,48.1353,11.582,520.0,0.9,1.3,0.25,0.0,90.0,101325,22.0,520.0,0.0,0.0,9.81,0.0,0.0,0.0,23.0,25.0,0,False,False,False,False,False,False,False,False,1,395,0,0,0,0,0,0,65535,NO_CORAL_DATA,4e 4f 5f 43 4f 52 41 4c 5f 44 41 54 41 00 00 00
2026-07-06T02:15:51.010045+00:00,1783304151.010045,-50,11.0,False,1,2,True,True,True,True,0x112F,0x112F,396,0,8,1700000396,8151593,1,STANDBY,831,True,True,True,True,True,True,False,False,True,True,False,False,False,False,False,False,3700,3.7,3,10,48.1353,11.582,520.0,0.9,1.3,0.25,0.0,90.0,101325,22.0,520.0,0.0,0.0,9.81,0.0,0.0,0.0,23.0,25.0,0,False,False,False,False,False,False,False,False,1,396,0,0,0,0,0,0,65535,NO_CORAL_DATA,4e 4f 5f 43 4f 52 41 4c 5f 44 41 54 41 00 00 00
2026-07-06T02:16:11.566976+00:00,1783304171.566976,-50,12.75,False,1,2,True,True,True,True,0x5B09,0x5B09,397,0,8,1700000397,8172178,1,STANDBY,831,True,True,True,True,True,True,False,False,True,True,False,False,False,False,False,False,3700,3.7,3,10,48.1353,11.582,520.0,0.9,1.3,0.25,0.0,90.0,101325,22.0,520.0,0.0,0.0,9.81,0.0,0.0,0.0,23.0,25.0,0,False,False,False,False,False,False,False,False,1,397,0,0,0,0,0,0,65535,NO_CORAL_DATA,4e 4f 5f 43 4f 52 41 4c 5f 44 41 54 41 00 00 00
2026-07-06T02:16:32.114891+00:00,1783304192.114891,-50,12.75,False,1,2,True,True,True,True,0xC058,0xC058,398,0,8,1700000398,8192763,1,STANDBY,831,True,True,True,True,True,True,False,False,True,True,False,False,False,False,False,False,3700,3.7,3,10,48.1353,11.582,520.0,0.9,1.3,0.25,0.0,90.0,101325,22.0,520.0,0.0,0.0,9.81,0.0,0.0,0.0,23.0,25.0,0,False,False,False,False,False,False,False,False,1,398,0,0,0,0,0,0,65535,NO_CORAL_DATA,4e 4f 5f 43 4f 52 41 4c 5f 44 41 54 41 00 00 00
2026-07-06T02:16:52.657564+00:00,1783304212.657564,-49,13.0,False,1,2,True,True,True,True,0x4E8C,0x4E8C,399,0,8,1700000399,8213348,1,STANDBY,831,True,True,True,True,True,True,False,False,True,True,False,False,False,False,False,False,3700,3.7,3,10,48.1353,11.582,520.0,0.9,1.3,0.25,0.0,90.0,101325,22.0,520.0,0.0,0.0,9.81,0.0,0.0,0.0,23.0,25.0,0,False,False,False,False,False,False,False,False,1,399,0,0,0,0,0,0,65535,NO_CORAL_DATA,4e 4f 5f 43 4f 52 41 4c 5f 44 41 54 41 00 00 00
2026-07-06T02:17:13.189850+00:00,1783304233.18985,-50,13.75,False,1,2,True,True,True,True,0xD05E,0xD05E,400,0,8,1700000400,8233933,1,STANDBY,831,True,True,True,True,True,True,False,False,True,True,False,False,False,False,False,False,3700,3.7,3,10,48.1353,11.582,520.0,0.9,1.3,0.25,0.0,90.0,101325,22.0,520.0,0.0,0.0,9.81,0.0,0.0,0.0,23.0,25.0,0,False,False,False,False,False,False,False,False,1,400,0,0,0,0,0,0,65535,NO_CORAL_DATA,4e 4f 5f 43 4f 52 41 4c 5f 44 41 54 41 00 00 00
2026-07-06T02:17:33.736881+00:00,1783304253.736881,-50,13.0,False,1,2,True,True,True,True,0x3640,0x3640,401,0,8,1700000401,8254517,1,STANDBY,831,True,True,True,True,True,True,False,False,True,True,False,False,False,False,False,False,3700,3.7,3,10,48.1353,11.582,520.0,0.9,1.3,0.25,0.0,90.0,101325,22.0,520.0,0.0,0.0,9.81,0.0,0.0,0.0,23.0,25.0,0,False,False,False,False,False,False,False,False,1,401,0,0,0,0,0,0,65535,NO_CORAL_DATA,4e 4f 5f 43 4f 52 41 4c 5f 44 41 54 41 00 00 00
2026-07-06T02:17:54.277546+00:00,1783304274.277546,-50,12.0,False,1,2,True,True,True,True,0x3CD6,0x3CD6,402,0,8,1700000402,8275101,1,STANDBY,831,True,True,True,True,True,True,False,False,True,True,False,False,False,False,False,False,3700,3.7,3,10,48.1353,11.582,520.0,0.9,1.3,0.25,0.0,90.0,101325,22.0,520.0,0.0,0.0,9.81,0.0,0.0,0.0,23.0,25.0,0,False,False,False,False,False,False,False,False,1,402,0,0,0,0,0,0,65535,NO_CORAL_DATA,4e 4f 5f 43 4f 52 41 4c 5f 44 41 54 41 00 00 00
2026-07-06T02:18:14.828922+00:00,1783304294.828922,-49,13.5,False,1,2,True,True,True,True,0xDE5E,0xDE5E,403,0,8,1700000403,8295685,1,STANDBY,831,True,True,True,True,True,True,False,False,True,True,False,False,False,False,False,False,3700,3.7,3,10,48.1353,11.582,520.0,0.9,1.3,0.25,0.0,90.0,101325,22.0,520.0,0.0,0.0,9.81,0.0,0.0,0.0,23.0,25.0,0,False,False,False,False,False,False,False,False,1,403,0,0,0,0,0,0,65535,NO_CORAL_DATA,4e 4f 5f 43 4f 52 41 4c 5f 44 41 54 41 00 00 00
2026-07-06T02:18:35.361846+00:00,1783304315.361846,-49,12.0,False,1,2,True,True,True,True,0x42F5,0x42F5,404,0,8,1700000404,8316269,1,STANDBY,831,True,True,True,True,True,True,False,False,True,True,False,False,False,False,False,False,3700,3.7,3,10,48.1353,11.582,520.0,0.9,1.3,0.25,0.0,90.0,101325,22.0,520.0,0.0,0.0,9.81,0.0,0.0,0.0,23.0,25.0,0,False,False,False,False,False,False,False,False,1,404,0,0,0,0,0,0,65535,NO_CORAL_DATA,4e 4f 5f 43 4f 52 41 4c 5f 44 41 54 41 00 00 00
2026-07-06T02:18:55.917965+00:00,1783304335.917965,-50,12.25,False,1,2,True,True,True,True,0x27DA,0x27DA,405,0,8,1700000405,8336854,1,STANDBY,831,True,True,True,True,True,True,False,False,True,True,False,False,False,False,False,False,3700,3.7,3,10,48.1353,11.582,520.0,0.9,1.3,0.25,0.0,90.0,101325,22.0,520.0,0.0,0.0,9.81,0.0,0.0,0.0,23.0,25.0,0,False,False,False,False,False,False,False,False,1,405,0,0,0,0,0,0,65535,NO_CORAL_DATA,4e 4f 5f 43 4f 52 41 4c 5f 44 41 54 41 00 00 00
2026-07-06T02:19:16.466114+00:00,1783304356.466114,-50,10.75,False,1,2,True,True,True,True,0x6613,0x6613,406,0,8,1700000406,8357439,1,STANDBY,831,True,True,True,True,True,True,False,False,True,True,False,False,False,False,False,False,3700,3.7,3,10,48.1353,11.582,520.0,0.9,1.3,0.25,0.0,90.0,101325,22.0,520.0,0.0,0.0,9.81,0.0,0.0,0.0,23.0,25.0,0,False,False,False,False,False,False,False,False,1,406,0,0,0,0,0,0,65535,NO_CORAL_DATA,4e 4f 5f 43 4f 52 41 4c 5f 44 41 54 41 00 00 00
2026-07-06T02:19:36.985934+00:00,1783304376.985934,-49,12.5,False,1,2,True,True,True,True,0x4B46,0x4B46,407,0,8,1700000407,8378024,1,STANDBY,831,True,True,True,True,True,True,False,False,True,True,False,False,False,False,False,False,3700,3.7,3,10,48.1353,11.582,520.0,0.9,1.3,0.25,0.0,90.0,101325,22.0,520.0,0.0,0.0,9.81,0.0,0.0,0.0,23.0,25.0,0,False,False,False,False,False,False,False,False,1,407,0,0,0,0,0,0,65535,NO_CORAL_DATA,4e 4f 5f 43 4f 52 41 4c 5f 44 41 54 41 00 00 00
2026-07-06T02:19:57.527640+00:00,1783304397.52764,-49,11.25,False,1,2,True,True,True,True,0xA205,0xA205,408,0,8,1700000408,8398609,1,STANDBY,831,True,True,True,True,True,True,False,False,True,True,False,False,False,False,False,False,3700,3.7,3,10,48.1353,11.582,520.0,0.9,1.3,0.25,0.0,90.0,101325,22.0,520.0,0.0,0.0,9.81,0.0,0.0,0.0,23.0,25.0,0,False,False,False,False,False,False,False,False,1,408,0,0,0,0,0,0,65535,NO_CORAL_DATA,4e 4f 5f 43 4f 52 41 4c 5f 44 41 54 41 00 00 00
2026-07-06T02:20:18.078255+00:00,1783304418.078255,-49,10.25,False,1,2,True,True,True,True,0x95F7,0x95F7,409,0,8,1700000409,8419194,1,STANDBY,831,True,True,True,True,True,True,False,False,True,True,False,False,False,False,False,False,3700,3.7,3,10,48.1353,11.582,520.0,0.9,1.3,0.25,0.0,90.0,101325,22.0,520.0,0.0,0.0,9.81,0.0,0.0,0.0,23.0,25.0,0,False,False,False,False,False,False,False,False,1,409,0,0,0,0,0,0,65535,NO_CORAL_DATA,4e 4f 5f 43 4f 52 41 4c 5f 44 41 54 41 00 00 00
2026-07-06T02:20:38.621827+00:00,1783304438.621827,-51,13.75,False,1,2,True,True,True,True,0x7B82,0x7B82,410,0,8,1700000410,8439779,1,STANDBY,831,True,True,True,True,True,True,False,False,True,True,False,False,False,False,False,False,3700,3.7,3,10,48.1353,11.582,520.0,0.9,1.3,0.25,0.0,90.0,101325,22.0,520.0,0.0,0.0,9.81,0.0,0.0,0.0,23.0,25.0,0,False,False,False,False,False,False,False,False,1,410,0,0,0,0,0,0,65535,NO_CORAL_DATA,4e 4f 5f 43 4f 52 41 4c 5f 44 41 54 41 00 00 00
2026-07-06T02:20:59.149059+00:00,1783304459.149059,-49,11.75,False,1,2,True,True,True,True,0xCBC8,0xCBC8,411,0,8,1700000411,8460363,1,STANDBY,831,True,True,True,True,True,True,False,False,True,True,False,False,False,False,False,False,3700,3.7,3,10,48.1353,11.582,520.0,0.9,1.3,0.25,0.0,90.0,101325,22.0,520.0,0.0,0.0,9.81,0.0,0.0,0.0,23.0,25.0,0,False,False,False,False,False,False,False,False,1,411,0,0,0,0,0,0,65535,NO_CORAL_DATA,4e 4f 5f 43 4f 52 41 4c 5f 44 41 54 41 00 00 00
2026-07-06T02:21:19.709078+00:00,1783304479.709078,-50,13.5,False,1,2,True,True,True,True,0x8EE8,0x8EE8,412,0,8,1700000412,8480948,1,STANDBY,831,True,True,True,True,True,True,False,False,True,True,False,False,False,False,False,False,3700,3.7,3,10,48.1353,11.582,520.0,0.9,1.3,0.25,0.0,90.0,101325,22.0,520.0,0.0,0.0,9.81,0.0,0.0,0.0,23.0,25.0,0,False,False,False,False,False,False,False,False,1,412,0,0,0,0,0,0,65535,NO_CORAL_DATA,4e 4f 5f 43 4f 52 41 4c 5f 44 41 54 41 00 00 00
2026-07-06T02:21:40.240932+00:00,1783304500.240932,-51,13.75,False,1,2,True,True,True,True,0xF998,0xF998,413,0,8,1700000413,8501533,1,STANDBY,831,True,True,True,True,True,True,False,False,True,True,False,False,False,False,False,False,3700,3.7,3,10,48.1353,11.582,520.0,0.9,1.3,0.25,0.0,90.0,101325,22.0,520.0,0.0,0.0,9.81,0.0,0.0,0.0,23.0,25.0,0,False,False,False,False,False,False,False,False,1,413,0,0,0,0,0,0,65535,NO_CORAL_DATA,4e 4f 5f 43 4f 52 41 4c 5f 44 41 54 41 00 00 00
2026-07-06T02:22:00.790229+00:00,1783304520.790229,-50,13.5,False,1,2,True,True,True,True,0x7935,0x7935,414,0,8,1700000414,8522118,1,STANDBY,831,True,True,True,True,True,True,False,False,True,True,False,False,False,False,False,False,3700,3.7,3,10,48.1353,11.582,520.0,0.9,1.3,0.25,0.0,90.0,101325,22.0,520.0,0.0,0.0,9.81,0.0,0.0,0.0,23.0,25.0,0,False,False,False,False,False,False,False,False,1,414,0,0,0,0,0,0,65535,NO_CORAL_DATA,4e 4f 5f 43 4f 52 41 4c 5f 44 41 54 41 00 00 00
2026-07-06T02:22:21.334105+00:00,1783304541.334105,-50,13.5,False,1,2,True,True,True,True,0x5104,0x5104,415,0,8,1700000415,8542703,1,STANDBY,831,True,True,True,True,True,True,False,False,True,True,False,False,False,False,False,False,3700,3.7,3,10,48.1353,11.582,520.0,0.9,1.3,0.25,0.0,90.0,101325,22.0,520.0,0.0,0.0,9.81,0.0,0.0,0.0,23.0,25.0,0,False,False,False,False,False,False,False,False,1,415,0,0,0,0,0,0,65535,NO_CORAL_DATA,4e 4f 5f 43 4f 52 41 4c 5f 44 41 54 41 00 00 00
2026-07-06T02:22:41.856193+00:00,1783304561.856193,-49,13.0,False,1,2,True,True,True,True,0x13C1,0x13C1,416,0,8,1700000416,8563288,1,STANDBY,831,True,True,True,True,True,True,False,False,True,True,False,False,False,False,False,False,3700,3.7,3,10,48.1353,11.582,520.0,0.9,1.3,0.25,0.0,90.0,101325,22.0,520.0,0.0,0.0,9.81,0.0,0.0,0.0,23.0,25.0,0,False,False,False,False,False,False,False,False,1,416,0,0,0,0,0,0,65535,NO_CORAL_DATA,4e 4f 5f 43 4f 52 41 4c 5f 44 41 54 41 00 00 00
2026-07-06T02:23:02.399856+00:00,1783304582.399856,-50,12.25,False,1,2,True,True,True,True,0x61DD,0x61DD,417,0,8,1700000417,8583873,1,STANDBY,831,True,True,True,True,True,True,False,False,True,True,False,False,False,False,False,False,3700,3.7,3,10,48.1353,11.582,520.0,0.9,1.3,0.25,0.0,90.0,101325,22.0,520.0,0.0,0.0,9.81,0.0,0.0,0.0,23.0,25.0,0,False,False,False,False,False,False,False,False,1,417,0,0,0,0,0,0,65535,NO_CORAL_DATA,4e 4f 5f 43 4f 52 41 4c 5f 44 41 54 41 00 00 00
2026-07-06T02:23:22.943900+00:00,1783304602.9439,-50,12.25,False,1,2,True,True,True,True,0xB9E5,0xB9E5,418,0,8,1700000418,8604458,1,STANDBY,831,True,True,True,True,True,True,False,False,True,True,False,False,False,False,False,False,3700,3.7,3,10,48.1353,11.582,520.0,0.9,1.3,0.25,0.0,90.0,101325,22.0,520.0,0.0,0.0,9.81,0.0,0.0,0.0,23.0,25.0,0,False,False,False,False,False,False,False,False,1,418,0,0,0,0,0,0,65535,NO_CORAL_DATA,4e 4f 5f 43 4f 52 41 4c 5f 44 41 54 41 00 00 00
2026-07-06T02:23:43.492035+00:00,1783304623.492035,-51,13.5,False,1,2,True,True,True,True,0xEC00,0xEC00,419,0,8,1700000419,8625043,1,STANDBY,831,True,True,True,True,True,True,False,False,True,True,False,False,False,False,False,False,3700,3.7,3,10,48.1353,11.582,520.0,0.9,1.3,0.25,0.0,90.0,101325,22.0,520.0,0.0,0.0,9.81,0.0,0.0,0.0,23.0,25.0,0,False,False,False,False,False,False,False,False,1,419,0,0,0,0,0,0,65535,NO_CORAL_DATA,4e 4f 5f 43 4f 52 41 4c 5f 44 41 54 41 00 00 00
2026-07-06T02:24:04.015623+00:00,1783304644.015623,-51,13.75,False,1,2,True,True,True,True,0xD71F,0xD71F,420,0,8,1700000420,8645628,1,STANDBY,831,True,True,True,True,True,True,False,False,True,True,False,False,False,False,False,False,3700,3.7,3,10,48.1353,11.582,520.0,0.9,1.3,0.25,0.0,90.0,101325,22.0,520.0,0.0,0.0,9.81,0.0,0.0,0.0,23.0,25.0,0,False,False,False,False,False,False,False,False,1,420,0,0,0,0,0,0,65535,NO_CORAL_DATA,4e 4f 5f 43 4f 52 41 4c 5f 44 41 54 41 00 00 00
2026-07-06T02:24:24.559466+00:00,1783304664.559466,-49,9.75,False,1,2,True,True,True,True,0x9435,0x9435,421,0,8,1700000421,8666213,1,STANDBY,831,True,True,True,True,True,True,False,False,True,True,False,False,False,False,False,False,3700,3.7,3,10,48.1353,11.582,520.0,0.9,1.3,0.25,0.0,90.0,101325,22.0,520.0,0.0,0.0,9.81,0.0,0.0,0.0,23.0,25.0,0,False,False,False,False,False,False,False,False,1,421,0,0,0,0,0,0,65535,NO_CORAL_DATA,4e 4f 5f 43 4f 52 41 4c 5f 44 41 54 41 00 00 00
2026-07-06T02:24:45.095583+00:00,1783304685.095583,-49,10.25,False,1,2,True,True,True,True,0x778A,0x778A,422,0,8,1700000422,8686798,1,STANDBY,831,True,True,True,True,True,True,False,False,True,True,False,False,False,False,False,False,3700,3.7,3,10,48.1353,11.582,520.0,0.9,1.3,0.25,0.0,90.0,101325,22.0,520.0,0.0,0.0,9.81,0.0,0.0,0.0,23.0,25.0,0,False,False,False,False,False,False,False,False,1,422,0,0,0,0,0,0,65535,NO_CORAL_DATA,4e 4f 5f 43 4f 52 41 4c 5f 44 41 54 41 00 00 00
2026-07-06T02:25:05.632772+00:00,1783304705.632772,-50,13.0,False,1,2,True,True,True,True,0xFD09,0xFD09,423,0,8,1700000423,8707383,1,STANDBY,831,True,True,True,True,True,True,False,False,True,True,False,False,False,False,False,False,3700,3.7,3,10,48.1353,11.582,520.0,0.9,1.3,0.25,0.0,90.0,101325,22.0,520.0,0.0,0.0,9.81,0.0,0.0,0.0,23.0,25.0,0,False,False,False,False,False,False,False,False,1,423,0,0,0,0,0,0,65535,NO_CORAL_DATA,4e 4f 5f 43 4f 52 41 4c 5f 44 41 54 41 00 00 00
2026-07-06T02:25:26.150411+00:00,1783304726.150411,-50,11.25,False,1,2,True,True,True,True,0x05EA,0x05EA,424,0,8,1700000424,8727968,1,STANDBY,831,True,True,True,True,True,True,False,False,True,True,False,False,False,False,False,False,3700,3.7,3,10,48.1353,11.582,520.0,0.9,1.3,0.25,0.0,90.0,101325,22.0,520.0,0.0,0.0,9.81,0.0,0.0,0.0,23.0,25.0,0,False,False,False,False,False,False,False,False,1,424,0,0,0,0,0,0,65535,NO_CORAL_DATA,4e 4f 5f 43 4f 52 41 4c 5f 44 41 54 41 00 00 00
2026-07-06T02:25:46.707992+00:00,1783304746.707992,-49,12.5,False,1,2,True,True,True,True,0x1049,0x1049,425,0,8,1700000425,8748553,1,STANDBY,831,True,True,True,True,True,True,False,False,True,True,False,False,False,False,False,False,3700,3.7,3,10,48.1353,11.582,520.0,0.9,1.3,0.25,0.0,90.0,101325,22.0,520.0,0.0,0.0,9.81,0.0,0.0,0.0,23.0,25.0,0,False,False,False,False,False,False,False,False,1,425,0,0,0,0,0,0,65535,NO_CORAL_DATA,4e 4f 5f 43 4f 52 41 4c 5f 44 41 54 41 00 00 00
2026-07-06T02:26:07.242420+00:00,1783304767.24242,-50,13.0,False,1,2,True,True,True,True,0x45CA,0x45CA,426,0,8,1700000426,8769138,1,STANDBY,831,True,True,True,True,True,True,False,False,True,True,False,False,False,False,False,False,3700,3.7,3,10,48.1353,11.582,520.0,0.9,1.3,0.25,0.0,90.0,101325,22.0,520.0,0.0,0.0,9.81,0.0,0.0,0.0,23.0,25.0,0,False,False,False,False,False,False,False,False,1,426,0,0,0,0,0,0,65535,NO_CORAL_DATA,4e 4f 5f 43 4f 52 41 4c 5f 44 41 54 41 00 00 00
2026-07-06T02:26:27.788269+00:00,1783304787.788269,-51,14.0,False,1,2,True,True,True,True,0x9F2C,0x9F2C,427,0,8,1700000427,8789723,1,STANDBY,831,True,True,True,True,True,True,False,False,True,True,False,False,False,False,False,False,3700,3.7,3,10,48.1353,11.582,520.0,0.9,1.3,0.25,0.0,90.0,101325,22.0,520.0,0.0,0.0,9.81,0.0,0.0,0.0,23.0,25.0,0,False,False,False,False,False,False,False,False,1,427,0,0,0,0,0,0,65535,NO_CORAL_DATA,4e 4f 5f 43 4f 52 41 4c 5f 44 41 54 41 00 00 00
2026-07-06T02:26:48.320804+00:00,1783304808.320804,-51,13.75,False,1,2,True,True,True,True,0x8527,0x8527,428,0,8,1700000428,8810307,1,STANDBY,831,True,True,True,True,True,True,False,False,True,True,False,False,False,False,False,False,3700,3.7,3,10,48.1353,11.582,520.0,0.9,1.3,0.25,0.0,90.0,101325,22.0,520.0,0.0,0.0,9.81,0.0,0.0,0.0,23.0,25.0,0,False,False,False,False,False,False,False,False,1,428,0,0,0,0,0,0,65535,NO_CORAL_DATA,4e 4f 5f 43 4f 52 41 4c 5f 44 41 54 41 00 00 00
2026-07-06T02:27:08.866520+00:00,1783304828.86652,-50,13.0,False,1,2,True,True,True,True,0xC69C,0xC69C,429,0,8,1700000429,8830892,1,STANDBY,831,True,True,True,True,True,True,False,False,True,True,False,False,False,False,False,False,3700,3.7,3,10,48.1353,11.582,520.0,0.9,1.3,0.25,0.0,90.0,101325,22.0,520.0,0.0,0.0,9.81,0.0,0.0,0.0,23.0,25.0,0,False,False,False,False,False,False,False,False,1,429,0,0,0,0,0,0,65535,NO_CORAL_DATA,4e 4f 5f 43 4f 52 41 4c 5f 44 41 54 41 00 00 00
2026-07-06T02:27:29.746147+00:00,1783304849.746147,-50,14.0,False,1,2,True,True,True,True,0x41C3,0x41C3,430,0,8,1700000430,8851477,1,STANDBY,831,True,True,True,True,True,True,False,False,True,True,False,False,False,False,False,False,3700,3.7,3,10,48.1353,11.582,520.0,0.9,1.3,0.25,0.0,90.0,101325,22.0,520.0,0.0,0.0,9.81,0.0,0.0,0.0,23.0,25.0,0,False,False,False,False,False,False,False,False,1,430,0,0,0,0,0,0,65535,NO_CORAL_DATA,4e 4f 5f 43 4f 52 41 4c 5f 44 41 54 41 00 00 00
2026-07-06T02:27:49.931724+00:00,1783304869.931724,-50,13.0,False,1,2,True,True,True,True,0x44CB,0x44CB,431,0,8,1700000431,8872062,1,STANDBY,831,True,True,True,True,True,True,False,False,True,True,False,False,False,False,False,False,3700,3.7,3,10,48.1353,11.582,520.0,0.9,1.3,0.25,0.0,90.0,101325,22.0,520.0,0.0,0.0,9.81,0.0,0.0,0.0,23.0,25.0,0,False,False,False,False,False,False,False,False,1,431,0,0,0,0,0,0,65535,NO_CORAL_DATA,4e 4f 5f 43 4f 52 41 4c 5f 44 41 54 41 00 00 00
2026-07-06T02:28:10.475389+00:00,1783304890.475389,-50,12.5,False,1,2,True,True,True,True,0xFAEA,0xFAEA,432,0,8,1700000432,8892647,1,STANDBY,831,True,True,True,True,True,True,False,False,True,True,False,False,False,False,False,False,3700,3.7,3,10,48.1353,11.582,520.0,0.9,1.3,0.25,0.0,90.0,101325,22.0,520.0,0.0,0.0,9.81,0.0,0.0,0.0,23.0,25.0,0,False,False,False,False,False,False,False,False,1,432,0,0,0,0,0,0,65535,NO_CORAL_DATA,4e 4f 5f 43 4f 52 41 4c 5f 44 41 54 41 00 00 00
2026-07-06T02:28:31.017179+00:00,1783304911.017179,-50,13.75,False,1,2,True,True,True,True,0xDE93,0xDE93,433,0,8,1700000433,8913232,1,STANDBY,831,True,True,True,True,True,True,False,False,True,True,False,False,False,False,False,False,3700,3.7,3,10,48.1353,11.582,520.0,0.9,1.3,0.25,0.0,90.0,101325,22.0,520.0,0.0,0.0,9.81,0.0,0.0,0.0,23.0,25.0,0,False,False,False,False,False,False,False,False,1,433,0,0,0,0,0,0,65535,NO_CORAL_DATA,4e 4f 5f 43 4f 52 41 4c 5f 44 41 54 41 00 00 00
2026-07-06T02:28:51.564576+00:00,1783304931.564576,-50,13.25,False,1,2,True,True,True,True,0x760A,0x760A,434,0,8,1700000434,8933817,1,STANDBY,831,True,True,True,True,True,True,False,False,True,True,False,False,False,False,False,False,3700,3.7,3,10,48.1353,11.582,520.0,0.9,1.3,0.25,0.0,90.0,101325,22.0,520.0,0.0,0.0,9.81,0.0,0.0,0.0,23.0,25.0,0,False,False,False,False,False,False,False,False,1,434,0,0,0,0,0,0,65535,NO_CORAL_DATA,4e 4f 5f 43 4f 52 41 4c 5f 44 41 54 41 00 00 00
2026-07-06T02:29:12.100649+00:00,1783304952.100649,-51,13.75,False,1,2,True,True,True,True,0x9771,0x9771,435,0,8,1700000435,8954402,1,STANDBY,831,True,True,True,True,True,True,False,False,True,True,False,False,False,False,False,False,3700,3.7,3,10,48.1353,11.582,520.0,0.9,1.3,0.25,0.0,90.0,101325,22.0,520.0,0.0,0.0,9.81,0.0,0.0,0.0,23.0,25.0,0,False,False,False,False,False,False,False,False,1,435,0,0,0,0,0,0,65535,NO_CORAL_DATA,4e 4f 5f 43 4f 52 41 4c 5f 44 41 54 41 00 00 00
2026-07-06T02:29:32.643618+00:00,1783304972.643618,-50,14.0,False,1,2,True,True,True,True,0xF6F5,0xF6F5,436,0,8,1700000436,8974987,1,STANDBY,831,True,True,True,True,True,True,False,False,True,True,False,False,False,False,False,False,3700,3.7,3,10,48.1353,11.582,520.0,0.9,1.3,0.25,0.0,90.0,101325,22.0,520.0,0.0,0.0,9.81,0.0,0.0,0.0,23.0,25.0,0,False,False,False,False,False,False,False,False,1,436,0,0,0,0,0,0,65535,NO_CORAL_DATA,4e 4f 5f 43 4f 52 41 4c 5f 44 41 54 41 00 00 00
2026-07-06T02:29:53.192912+00:00,1783304993.192912,-50,13.0,False,1,2,True,True,True,True,0xB376,0xB376,437,0,8,1700000437,8995572,1,STANDBY,831,True,True,True,True,True,True,False,False,True,True,False,False,False,False,False,False,3700,3.7,3,10,48.1353,11.582,520.0,0.9,1.3,0.25,0.0,90.0,101325,22.0,520.0,0.0,0.0,9.81,0.0,0.0,0.0,23.0,25.0,0,False,False,False,False,False,False,False,False,1,437,0,0,0,0,0,0,65535,NO_CORAL_DATA,4e 4f 5f 43 4f 52 41 4c 5f 44 41 54 41 00 00 00
2026-07-06T02:30:13.734451+00:00,1783305013.734451,-49,12.75,False,1,2,True,True,True,True,0xC489,0xC489,438,0,8,1700000438,9016157,1,STANDBY,831,True,True,True,True,True,True,False,False,True,True,False,False,False,False,False,False,3700,3.7,3,10,48.1353,11.582,520.0,0.9,1.3,0.25,0.0,90.0,101325,22.0,520.0,0.0,0.0,9.81,0.0,0.0,0.0,23.0,25.0,0,False,False,False,False,False,False,False,False,1,438,0,0,0,0,0,0,65535,NO_CORAL_DATA,4e 4f 5f 43 4f 52 41 4c 5f 44 41 54 41 00 00 00
2026-07-06T02:30:34.267087+00:00,1783305034.267087,-50,13.5,False,1,2,True,True,True,True,0x9BAC,0x9BAC,439,0,8,1700000439,9036742,1,STANDBY,831,True,True,True,True,True,True,False,False,True,True,False,False,False,False,False,False,3700,3.7,3,10,48.1353,11.582,520.0,0.9,1.3,0.25,0.0,90.0,101325,22.0,520.0,0.0,0.0,9.81,0.0,0.0,0.0,23.0,25.0,0,False,False,False,False,False,False,False,False,1,439,0,0,0,0,0,0,65535,NO_CORAL_DATA,4e 4f 5f 43 4f 52 41 4c 5f 44 41 54 41 00 00 00
2026-07-06T02:30:54.803707+00:00,1783305054.803707,-51,12.75,False,1,2,True,True,True,True,0xBD05,0xBD05,440,0,8,1700000440,9057327,1,STANDBY,831,True,True,True,True,True,True,False,False,True,True,False,False,False,False,False,False,3700,3.7,3,10,48.1353,11.582,520.0,0.9,1.3,0.25,0.0,90.0,101325,22.0,520.0,0.0,0.0,9.81,0.0,0.0,0.0,23.0,25.0,0,False,False,False,False,False,False,False,False,1,440,0,0,0,0,0,0,65535,NO_CORAL_DATA,4e 4f 5f 43 4f 52 41 4c 5f 44 41 54 41 00 00 00
2026-07-06T02:31:15.349921+00:00,1783305075.349921,-50,12.75,False,1,2,True,True,True,True,0xE0A7,0xE0A7,441,0,8,1700000441,9077912,1,STANDBY,831,True,True,True,True,True,True,False,False,True,True,False,False,False,False,False,False,3700,3.7,3,10,48.1353,11.582,520.0,0.9,1.3,0.25,0.0,90.0,101325,22.0,520.0,0.0,0.0,9.81,0.0,0.0,0.0,23.0,25.0,0,False,False,False,False,False,False,False,False,1,441,0,0,0,0,0,0,65535,NO_CORAL_DATA,4e 4f 5f 43 4f 52 41 4c 5f 44 41 54 41 00 00 00
2026-07-06T02:31:35.897164+00:00,1783305095.897164,-50,12.75,False,1,2,True,True,True,True,0x4EB9,0x4EB9,442,0,8,1700000442,9098497,1,STANDBY,831,True,True,True,True,True,True,False,False,True,True,False,False,False,False,False,False,3700,3.7,3,10,48.1353,11.582,520.0,0.9,1.3,0.25,0.0,90.0,101325,22.0,520.0,0.0,0.0,9.81,0.0,0.0,0.0,23.0,25.0,0,False,False,False,False,False,False,False,False,1,442,0,0,0,0,0,0,65535,NO_CORAL_DATA,4e 4f 5f 43 4f 52 41 4c 5f 44 41 54 41 00 00 00
2026-07-06T02:31:56.422300+00:00,1783305116.4223,-51,11.5,False,1,2,True,True,True,True,0xAF50,0xAF50,443,0,8,1700000443,9119082,1,STANDBY,831,True,True,True,True,True,True,False,False,True,True,False,False,False,False,False,False,3700,3.7,3,10,48.1353,11.582,520.0,0.9,1.3,0.25,0.0,90.0,101325,22.0,520.0,0.0,0.0,9.81,0.0,0.0,0.0,23.0,25.0,0,False,False,False,False,False,False,False,False,1,443,0,0,0,0,0,0,65535,NO_CORAL_DATA,4e 4f 5f 43 4f 52 41 4c 5f 44 41 54 41 00 00 00
2026-07-06T02:32:16.973142+00:00,1783305136.973142,-51,13.5,False,1,2,True,True,True,True,0x30CC,0x30CC,444,0,8,1700000444,9139667,1,STANDBY,831,True,True,True,True,True,True,False,False,True,True,False,False,False,False,False,False,3700,3.7,3,10,48.1353,11.582,520.0,0.9,1.3,0.25,0.0,90.0,101325,22.0,520.0,0.0,0.0,9.81,0.0,0.0,0.0,23.0,25.0,0,False,False,False,False,False,False,False,False,1,444,0,0,0,0,0,0,65535,NO_CORAL_DATA,4e 4f 5f 43 4f 52 41 4c 5f 44 41 54 41 00 00 00
2026-07-06T02:32:37.500627+00:00,1783305157.500627,-50,13.25,False,1,2,True,True,True,True,0x51CF,0x51CF,445,0,8,1700000445,9160252,1,STANDBY,831,True,True,True,True,True,True,False,False,True,True,False,False,False,False,False,False,3700,3.7,3,10,48.1353,11.582,520.0,0.9,1.3,0.25,0.0,90.0,101325,22.0,520.0,0.0,0.0,9.81,0.0,0.0,0.0,23.0,25.0,0,False,False,False,False,False,False,False,False,1,445,0,0,0,0,0,0,65535,NO_CORAL_DATA,4e 4f 5f 43 4f 52 41 4c 5f 44 41 54 41 00 00 00
2026-07-06T02:32:58.045237+00:00,1783305178.045237,-51,13.75,False,1,2,True,True,True,True,0x258B,0x258B,446,0,8,1700000446,9180837,1,STANDBY,831,True,True,True,True,True,True,False,False,True,True,False,False,False,False,False,False,3700,3.7,3,10,48.1353,11.582,520.0,0.9,1.3,0.25,0.0,90.0,101325,22.0,520.0,0.0,0.0,9.81,0.0,0.0,0.0,23.0,25.0,0,False,False,False,False,False,False,False,False,1,446,0,0,0,0,0,0,65535,NO_CORAL_DATA,4e 4f 5f 43 4f 52 41 4c 5f 44 41 54 41 00 00 00
2026-07-06T02:33:18.593317+00:00,1783305198.593317,-51,13.75,False,1,2,True,True,True,True,0xB42A,0xB42A,447,0,8,1700000447,9201422,1,STANDBY,831,True,True,True,True,True,True,False,False,True,True,False,False,False,False,False,False,3700,3.7,3,10,48.1353,11.582,520.0,0.9,1.3,0.25,0.0,90.0,101325,22.0,520.0,0.0,0.0,9.81,0.0,0.0,0.0,23.0,25.0,0,False,False,False,False,False,False,False,False,1,447,0,0,0,0,0,0,65535,NO_CORAL_DATA,4e 4f 5f 43 4f 52 41 4c 5f 44 41 54 41 00 00 00
2026-07-06T02:33:39.146225+00:00,1783305219.146225,-50,14.0,False,1,2,True,True,True,True,0xB72E,0xB72E,448,0,8,1700000448,9222007,1,STANDBY,831,True,True,True,True,True,True,False,False,True,True,False,False,False,False,False,False,3700,3.7,3,10,48.1353,11.582,520.0,0.9,1.3,0.25,0.0,90.0,101325,22.0,520.0,0.0,0.0,9.81,0.0,0.0,0.0,23.0,25.0,0,False,False,False,False,False,False,False,False,1,448,0,0,0,0,0,0,65535,NO_CORAL_DATA,4e 4f 5f 43 4f 52 41 4c 5f 44 41 54 41 00 00 00
2026-07-06T02:33:59.676966+00:00,1783305239.676966,-50,13.25,False,1,2,True,True,True,True,0xE325,0xE325,449,0,8,1700000449,9242591,1,STANDBY,831,True,True,True,True,True,True,False,False,True,True,False,False,False,False,False,False,3700,3.7,3,10,48.1353,11.582,520.0,0.9,1.3,0.25,0.0,90.0,101325,22.0,520.0,0.0,0.0,9.81,0.0,0.0,0.0,23.0,25.0,0,False,False,False,False,False,False,False,False,1,449,0,0,0,0,0,0,65535,NO_CORAL_DATA,4e 4f 5f 43 4f 52 41 4c 5f 44 41 54 41 00 00 00
2026-07-06T02:34:20.228777+00:00,1783305260.228777,-52,13.5,False,1,2,True,True,True,True,0xA508,0xA508,450,0,8,1700000450,9263175,1,STANDBY,831,True,True,True,True,True,True,False,False,True,True,False,False,False,False,False,False,3700,3.7,3,10,48.1353,11.582,520.0,0.9,1.3,0.25,0.0,90.0,101325,22.0,520.0,0.0,0.0,9.81,0.0,0.0,0.0,23.0,25.0,0,False,False,False,False,False,False,False,False,1,450,0,0,0,0,0,0,65535,NO_CORAL_DATA,4e 4f 5f 43 4f 52 41 4c 5f 44 41 54 41 00 00 00
2026-07-06T02:34:40.768607+00:00,1783305280.768607,-49,13.25,False,1,2,True,True,True,True,0x555D,0x555D,451,0,8,1700000451,9283760,1,STANDBY,831,True,True,True,True,True,True,False,False,True,True,False,False,False,False,False,False,3700,3.7,3,10,48.1353,11.582,520.0,0.9,1.3,0.25,0.0,90.0,101325,22.0,520.0,0.0,0.0,9.81,0.0,0.0,0.0,23.0,25.0,0,False,False,False,False,False,False,False,False,1,451,0,0,0,0,0,0,65535,NO_CORAL_DATA,4e 4f 5f 43 4f 52 41 4c 5f 44 41 54 41 00 00 00
2026-07-06T02:35:01.309814+00:00,1783305301.309814,-50,13.75,False,1,2,True,True,True,True,0xE854,0xE854,452,0,8,1700000452,9304345,1,STANDBY,831,True,True,True,True,True,True,False,False,True,True,False,False,False,False,False,False,3700,3.7,3,10,48.1353,11.582,520.0,0.9,1.3,0.25,0.0,90.0,101325,22.0,520.0,0.0,0.0,9.81,0.0,0.0,0.0,23.0,25.0,0,False,False,False,False,False,False,False,False,1,452,0,0,0,0,0,0,65535,NO_CORAL_DATA,4e 4f 5f 43 4f 52 41 4c 5f 44 41 54 41 00 00 00
2026-07-06T02:35:21.836693+00:00,1783305321.836693,-49,13.75,False,1,2,True,True,True,True,0x6876,0x6876,453,0,8,1700000453,9324930,1,STANDBY,831,True,True,True,True,True,True,False,False,True,True,False,False,False,False,False,False,3700,3.7,3,10,48.1353,11.582,520.0,0.9,1.3,0.25,0.0,90.0,101325,22.0,520.0,0.0,0.0,9.81,0.0,0.0,0.0,23.0,25.0,0,False,False,False,False,False,False,False,False,1,453,0,0,0,0,0,0,65535,NO_CORAL_DATA,4e 4f 5f 43 4f 52 41 4c 5f 44 41 54 41 00 00 00
2026-07-06T02:35:42.371300+00:00,1783305342.3713,-51,13.0,False,1,2,True,True,True,True,0x8B20,0x8B20,454,0,8,1700000454,9345515,1,STANDBY,831,True,True,True,True,True,True,False,False,True,True,False,False,False,False,False,False,3700,3.7,3,10,48.1353,11.582,520.0,0.9,1.3,0.25,0.0,90.0,101325,22.0,520.0,0.0,0.0,9.81,0.0,0.0,0.0,23.0,25.0,0,False,False,False,False,False,False,False,False,1,454,0,0,0,0,0,0,65535,NO_CORAL_DATA,4e 4f 5f 43 4f 52 41 4c 5f 44 41 54 41 00 00 00
2026-07-06T02:36:02.908870+00:00,1783305362.90887,-50,13.5,False,1,2,True,True,True,True,0x7224,0x7224,455,0,8,1700000455,9366100,1,STANDBY,831,True,True,True,True,True,True,False,False,True,True,False,False,False,False,False,False,3700,3.7,3,10,48.1353,11.582,520.0,0.9,1.3,0.25,0.0,90.0,101325,22.0,520.0,0.0,0.0,9.81,0.0,0.0,0.0,23.0,25.0,0,False,False,False,False,False,False,False,False,1,455,0,0,0,0,0,0,65535,NO_CORAL_DATA,4e 4f 5f 43 4f 52 41 4c 5f 44 41 54 41 00 00 00
2026-07-06T02:36:23.454676+00:00,1783305383.454676,-51,13.75,False,1,2,True,True,True,True,0x3D7E,0x3D7E,456,0,8,1700000456,9386685,1,STANDBY,831,True,True,True,True,True,True,False,False,True,True,False,False,False,False,False,False,3700,3.7,3,10,48.1353,11.582,520.0,0.9,1.3,0.25,0.0,90.0,101325,22.0,520.0,0.0,0.0,9.81,0.0,0.0,0.0,23.0,25.0,0,False,False,False,False,False,False,False,False,1,456,0,0,0,0,0,0,65535,NO_CORAL_DATA,4e 4f 5f 43 4f 52 41 4c 5f 44 41 54 41 00 00 00
2026-07-06T02:36:43.999625+00:00,1783305403.999625,-51,13.75,False,1,2,True,True,True,True,0x10CA,0x10CA,457,0,8,1700000457,9407270,1,STANDBY,831,True,True,True,True,True,True,False,False,True,True,False,False,False,False,False,False,3700,3.7,3,10,48.1353,11.582,520.0,0.9,1.3,0.25,0.0,90.0,101325,22.0,520.0,0.0,0.0,9.81,0.0,0.0,0.0,23.0,25.0,0,False,False,False,False,False,False,False,False,1,457,0,0,0,0,0,0,65535,NO_CORAL_DATA,4e 4f 5f 43 4f 52 41 4c 5f 44 41 54 41 00 00 00
2026-07-06T02:37:04.544220+00:00,1783305424.54422,-51,14.0,False,1,2,True,True,True,True,0x7050,0x7050,458,0,8,1700000458,9427855,1,STANDBY,831,True,True,True,True,True,True,False,False,True,True,False,False,False,False,False,False,3700,3.7,3,10,48.1353,11.582,520.0,0.9,1.3,0.25,0.0,90.0,101325,22.0,520.0,0.0,0.0,9.81,0.0,0.0,0.0,23.0,25.0,0,False,False,False,False,False,False,False,False,1,458,0,0,0,0,0,0,65535,NO_CORAL_DATA,4e 4f 5f 43 4f 52 41 4c 5f 44 41 54 41 00 00 00
2026-07-06T02:37:25.087185+00:00,1783305445.087185,-50,13.5,False,1,2,True,True,True,True,0x75A6,0x75A6,459,0,8,1700000459,9448440,1,STANDBY,831,True,True,True,True,True,True,False,False,True,True,False,False,False,False,False,False,3700,3.7,3,10,48.1353,11.582,520.0,0.9,1.3,0.25,0.0,90.0,101325,22.0,520.0,0.0,0.0,9.81,0.0,0.0,0.0,23.0,25.0,0,False,False,False,False,False,False,False,False,1,459,0,0,0,0,0,0,65535,NO_CORAL_DATA,4e 4f 5f 43 4f 52 41 4c 5f 44 41 54 41 00 00 00
2026-07-06T02:37:45.611391+00:00,1783305465.611391,-52,13.75,False,1,2,True,True,True,True,0x31CA,0x31CA,460,0,8,1700000460,9469025,1,STANDBY,831,True,True,True,True,True,True,False,False,True,True,False,False,False,False,False,False,3700,3.7,3,10,48.1353,11.582,520.0,0.9,1.3,0.25,0.0,90.0,101325,22.0,520.0,0.0,0.0,9.81,0.0,0.0,0.0,23.0,25.0,0,False,False,False,False,False,False,False,False,1,460,0,0,0,0,0,0,65535,NO_CORAL_DATA,4e 4f 5f 43 4f 52 41 4c 5f 44 41 54 41 00 00 00
2026-07-06T02:38:06.188707+00:00,1783305486.188707,-50,14.25,False,1,2,True,True,True,True,0x4AC8,0x4AC8,461,0,8,1700000461,9489609,1,STANDBY,831,True,True,True,True,True,True,False,False,True,True,False,False,False,False,False,False,3700,3.7,3,10,48.1353,11.582,520.0,0.9,1.3,0.25,0.0,90.0,101325,22.0,520.0,0.0,0.0,9.81,0.0,0.0,0.0,23.0,25.0,0,False,False,False,False,False,False,False,False,1,461,0,0,0,0,0,0,65535,NO_CORAL_DATA,4e 4f 5f 43 4f 52 41 4c 5f 44 41 54 41 00 00 00
2026-07-06T02:38:26.707496+00:00,1783305506.707496,-50,13.5,False,1,2,True,True,True,True,0x3BE6,0x3BE6,462,0,8,1700000462,9510194,1,STANDBY,831,True,True,True,True,True,True,False,False,True,True,False,False,False,False,False,False,3700,3.7,3,10,48.1353,11.582,520.0,0.9,1.3,0.25,0.0,90.0,101325,22.0,520.0,0.0,0.0,9.81,0.0,0.0,0.0,23.0,25.0,0,False,False,False,False,False,False,False,False,1,462,0,0,0,0,0,0,65535,NO_CORAL_DATA,4e 4f 5f 43 4f 52 41 4c 5f 44 41 54 41 00 00 00
2026-07-06T02:38:47.250854+00:00,1783305527.250854,-51,13.75,False,1,2,True,True,True,True,0x6909,0x6909,463,0,8,1700000463,9530779,1,STANDBY,831,True,True,True,True,True,True,False,False,True,True,False,False,False,False,False,False,3700,3.7,3,10,48.1353,11.582,520.0,0.9,1.3,0.25,0.0,90.0,101325,22.0,520.0,0.0,0.0,9.81,0.0,0.0,0.0,23.0,25.0,0,False,False,False,False,False,False,False,False,1,463,0,0,0,0,0,0,65535,NO_CORAL_DATA,4e 4f 5f 43 4f 52 41 4c 5f 44 41 54 41 00 00 00
2026-07-06T02:39:07.790166+00:00,1783305547.790166,-50,13.25,False,1,2,True,True,True,True,0x82DB,0x82DB,464,0,8,1700000464,9551364,1,STANDBY,831,True,True,True,True,True,True,False,False,True,True,False,False,False,False,False,False,3700,3.7,3,10,48.1353,11.582,520.0,0.9,1.3,0.25,0.0,90.0,101325,22.0,520.0,0.0,0.0,9.81,0.0,0.0,0.0,23.0,25.0,0,False,False,False,False,False,False,False,False,1,464,0,0,0,0,0,0,65535,NO_CORAL_DATA,4e 4f 5f 43 4f 52 41 4c 5f 44 41 54 41 00 00 00
2026-07-06T02:39:28.329401+00:00,1783305568.329401,-50,11.5,False,1,2,True,True,True,True,0x4717,0x4717,465,0,8,1700000465,9571949,1,STANDBY,831,True,True,True,True,True,True,False,False,True,True,False,False,False,False,False,False,3700,3.7,3,10,48.1353,11.582,520.0,0.9,1.3,0.25,0.0,90.0,101325,22.0,520.0,0.0,0.0,9.81,0.0,0.0,0.0,23.0,25.0,0,False,False,False,False,False,False,False,False,1,465,0,0,0,0,0,0,65535,NO_CORAL_DATA,4e 4f 5f 43 4f 52 41 4c 5f 44 41 54 41 00 00 00
2026-07-06T02:39:48.870775+00:00,1783305588.870775,-50,13.25,False,1,2,True,True,True,True,0xC656,0xC656,466,0,8,1700000466,9592534,1,STANDBY,831,True,True,True,True,True,True,False,False,True,True,False,False,False,False,False,False,3700,3.7,3,10,48.1353,11.582,520.0,0.9,1.3,0.25,0.0,90.0,101325,22.0,520.0,0.0,0.0,9.81,0.0,0.0,0.0,23.0,25.0,0,False,False,False,False,False,False,False,False,1,466,0,0,0,0,0,0,65535,NO_CORAL_DATA,4e 4f 5f 43 4f 52 41 4c 5f 44 41 54 41 00 00 00
2026-07-06T02:40:09.404583+00:00,1783305609.404583,-49,11.5,False,1,2,True,True,True,True,0x4BDF,0x4BDF,467,0,8,1700000467,9613119,1,STANDBY,831,True,True,True,True,True,True,False,False,True,True,False,False,False,False,False,False,3700,3.7,3,10,48.1353,11.582,520.0,0.9,1.3,0.25,0.0,90.0,101325,22.0,520.0,0.0,0.0,9.81,0.0,0.0,0.0,23.0,25.0,0,False,False,False,False,False,False,False,False,1,467,0,0,0,0,0,0,65535,NO_CORAL_DATA,4e 4f 5f 43 4f 52 41 4c 5f 44 41 54 41 00 00 00
2026-07-06T04:03:34.751207+00:00,1783310614.751207,-51,13.5,False,1,2,True,True,True,True,0x1F5F,0x1F5F,487,19,27,1700000487,10024817,1,STANDBY,831,True,True,True,True,True,True,False,False,True,True,False,False,False,False,False,False,3700,3.7,3,10,48.1353,11.582,520.0,0.9,1.3,0.25,0.0,90.0,101325,22.0,520.0,0.0,0.0,9.81,0.0,0.0,0.0,23.0,25.0,0,False,False,False,False,False,False,False,False,1,487,0,0,0,0,0,0,65535,NO_CORAL_DATA,4e 4f 5f 43 4f 52 41 4c 5f 44 41 54 41 00 00 00
