nvm_seq,flash_page,flash_slot,flash_offset,record_timestamp_ms,gps_lat_deg,gps_lon_deg,gps_alt_m,gps_speed_mps,gps_vel_down_mps,gps_heading_deg,gps_utc_time,gps_num_satellites,gps_fix_type,gps_valid,imu_accel_x_g,imu_accel_y_g,imu_accel_z_g,imu_accel_mag_g,imu_gyro_x_dps,imu_gyro_y_dps,imu_gyro_z_dps,imu_valid,baro_pressure_pa,baro_alt_m,baro_temp_c,baro_valid,i2c_bus_state,batt_voltage_mv,batt_valid,coral_block,coral_valid,record_crc16
0,0,0,0,38786,0.0,0.0,-17.0,0.0,0.0,0.0,706,0,0,0,-0.986083984375,-0.057861328125,-0.08544921875,0.9914692044258118,-0.2748091518878937,-16.129770278930664,16.893129348754883,1,95685.0,0.67828369140625,27.420000076293945,1,0,3676,1,1c040000ff0602001e6c000000000000,1,0xF6D6
1,0,1,104,68886,0.0,0.0,-17.0,0.0,0.0,0.0,736,0,0,0,-0.795654296875,-0.0439453125,-0.541748046875,0.9635807871818542,-5.427480697631836,-49.16030502319336,-9.534351348876953,1,95690.0,0.041595458984375,27.280000686645508,1,0,3702,1,1e040000ff2f12000ef5000002000000,1,0xF52D
2,0,2,208,98930,0.0,0.0,-17.0,0.0,0.0,0.0,806,0,0,0,-0.682861328125,-0.295654296875,0.167236328125,0.762678861618042,31.770992279052734,21.389312744140625,-2.1908397674560547,1,95684.0,0.46881103515625,27.170000076293945,1,0,3676,1,1f040000ff0000005639010003000000,1,0xD056
3,0,3,312,129030,0.0,0.0,-17.0,0.0,0.0,0.0,836,0,0,0,-0.209228515625,-0.978759765625,0.597412109375,1.1656107902526855,32.213741302490234,-40.33587646484375,21.282442092895508,1,95691.0,-0.34307861328125,27.059999465942383,1,0,3702,1,21040000ff01000027c2010004000000,0,0xBE3B
4,0,4,416,159117,0.0,0.0,-17.0,0.0,0.0,0.0,906,0,0,0,-0.14208984375,-0.056640625,0.96240234375,0.9744824171066284,-1.305343508720398,-5.900763511657715,0.022900763899087906,1,95600.0,6.693359375,27.110000610351562,1,0,3689,1,23040000ff080300f366020006000000,1,0x3C8E
5,0,5,520,189217,0.0,0.0,-17.0,0.0,0.0,0.0,936,0,0,0,1.07666015625,0.610595703125,0.384521484375,1.2961021661758423,-229.5343475341797,11.969465255737305,-122.65648651123047,1,95533.0,12.543365478515625,27.260000228881836,1,0,3676,1,25040000ff180900dbd3020008000000,1,0x1C4A
6,0,6,624,219278,0.0,0.0,-17.0,0.0,0.0,0.0,1006,0,0,0,0.551025390625,-0.1884765625,0.85107421875,1.0312515497207642,6.572519302368164,-7.641221523284912,6.2366414070129395,1,95576.0,8.788665771484375,27.43000030517578,1,0,3712,1,26040000ff0201004a18030009000000,0,0xD9FB
7,0,7,728,249378,0.0,0.0,-17.0,0.0,0.0,0.0,1036,0,0,0,-0.79443359375,-0.06103515625,0.582275390625,0.986860990524292,10.106870651245117,20.427480697631836,-54.85496139526367,1,95682.0,-0.45928955078125,27.520000457763672,1,0,3686,1,28040000ff0401002ea103000b000000,1,0x7A94
8,0,8,832,279434,0.0,0.0,-17.0,0.0,0.0,0.0,1106,0,0,0,-0.835205078125,0.235107421875,0.437744140625,0.9718348383903503,-67.79389190673828,-1.4885495901107788,-3.6259541511535645,1,95687.0,-0.895263671875,27.520000457763672,1,0,3699,1,29040000ff0b0401b1e503000c000000,0,0x852C
9,0,9,936,309534,0.0,0.0,-17.0,0.0,0.0,0.0,1137,0,0,0,-1.008544921875,-0.05810546875,0.037353515625,1.0109076499938965,-16.274808883666992,-18.152671813964844,1.160305380821228,1,95692.0,-1.33123779296875,27.489999771118164,1,0,3686,1,2c040000ff05020001b304000e000000,1,0xB6F9
10,0,10,1040,339587,0.0,0.0,-17.0,0.0,0.0,0.0,1207,0,0,0,0.004150390625,0.9765625,-0.0556640625,0.9781564474105835,-0.39694657921791077,0.694656491279602,-5.687022686004639,1,95687.0,-0.895263671875,27.549999237060547,1,0,3686,1,2d040000ff02010072f704000f000000,0,0x6F95
11,0,11,1144,39281,0.0,0.0,-17.0,0.0,0.0,0.0,38,0,0,0,-0.97216796875,0.00439453125,0.09912109375,0.9772179126739502,-2.992366313934326,-0.45038166642189026,-1.4885495901107788,1,95682.0,-0.450347900390625,27.299999237060547,1,0,3872,1,2f040000ff1809007c92000000000000,1,0x4D10
12,0,12,1248,38799,0.0,0.0,0.0,0.0,0.0,0.0,0,0,0,0,-0.97998046875,-0.01611328125,0.06591796875,0.9823271036148071,-2.923664093017578,0.3129771053791046,-1.0458015203475952,1,95683.0,-0.53753662109375,27.06999969482422,1,0,3862,1,32040000ff0000009092000000000000,1,0xC40E
13,0,13,1352,68803,0.0,0.0,-17.0,0.0,0.0,0.0,107,0,0,0,-0.911376953125,-0.04150390625,-0.04541015625,0.9134509563446045,-13.496183395385742,-9.12977123260498,-12.80152702331543,1,95679.0,-0.188751220703125,27.110000610351562,1,0,3862,1,34040000000000009802010002000000,1,0xD856
14,0,14,1456,98855,0.0,0.0,0.0,0.0,0.0,0.0,0,0,0,0,-0.844482421875,0.1494140625,0.497314453125,0.9913610816001892,-5.534351348876953,0.08396946638822556,-0.7557252049446106,1,95684.0,-0.624725341796875,27.139999389648438,1,0,3868,1,35040000ff0000001547010003000000,0,0xF2DF
15,0,15,1560,128955,0.0,0.0,-17.0,0.0,0.0,0.0,207,0,0,0,-0.898193359375,0.012939453125,0.124267578125,0.9068413376808167,-3.503816843032837,-0.5419847369194031,-2.3664121627807617,1,95683.0,-0.53753662109375,27.209999084472656,1,0,3849,1,37040000ff00000018d0010005000000,1,0xBE92
16,0,16,1664,159021,0.0,0.0,-17.0,0.0,0.0,0.0,238,0,0,0,-0.823974609375,0.024658203125,-0.02685546875,0.8247808218002319,-3.7709922790527344,2.3816792964935303,-4.687022686004639,1,95680.0,-0.27593994140625,27.280000686645508,1,0,3856,1,38040000ff0000019014020006000000,0,0x2BE7
17,0,17,1768,189027,0.0,0.0,-17.0,0.0,0.0,0.0,308,0,0,0,-0.97216796875,-0.05517578125,0.1533203125,0.9857292175292969,-1.465648889541626,-0.007633587811142206,-0.15267175436019897,1,95679.0,-0.188751220703125,27.350000381469727,1,0,3868,1,3a040000ff06020053a1020007000000,0,0x69D7
18,0,18,1872,219166,0.0,0.0,-17.0,0.0,0.0,0.0,338,0,0,0,-0.978759765625,0.076171875,0.042724609375,0.9826485514640808,-2.961832046508789,0.05343511328101158,-0.5267175436019897,1,95685.0,-0.7119140625,27.40999984741211,1,0,3852,1,3c04000000000000fb29030009000000,1,0xE28A
19,1,0,2048,249266,0.0,0.0,-17.0,0.0,0.0,0.0,408,0,0,0,-0.94970703125,0.0703125,0.061279296875,0.9542758464813232,-2.0839693546295166,-1.961832046508789,-0.885496199131012,1,92165.0,310.9284362792969,27.479999542236328,1,0,3865,1,3e04000000000000a9b203000b000000,1,0x71EE
20,1,1,2152,279323,0.0,0.0,-17.0,0.0,0.0,0.0,438,0,0,0,-0.974365234375,0.035888671875,0.06201171875,0.9769959449768066,-2.893129825592041,-0.35114502906799316,-1.0763359069824219,1,75303.0,1953.231201171875,27.530000686645508,1,0,3843,1,3f04000000000000fef603000c000000,1,0x99C7
21,1,2,2256,309370,0.0,0.0,-17.0,0.0,0.0,0.0,508,0,0,0,-0.9736328125,0.042236328125,0.06201171875,0.9765194654464722,-3.1908397674560547,-0.20610687136650085,-1.1374045610427856,1,75971.0,1882.76171875,27.59000015258789,1,0,3878,1,41040000ff000000be7f04000d000000,0,0x8827
22,1,3,2360,339467,0.0,0.0,-17.0,0.0,0.0,0.0,538,0,0,0,-0.977783203125,0.0400390625,0.06591796875,0.9808202385902405,-2.9770991802215576,-0.2748091518878937,-0.9770992398262024,0,76579.0,1819.056396484375,27.649999618530273,1,0,3875,1,43040000000000006a0805000f000000,1,0x8441
23,1,4,2464,369567,0.0,0.0,-17.0,0.0,0.0,0.0,608,0,0,0,-0.969970703125,0.034423828125,0.063232421875,0.9726389646530151,-3.114503860473633,-0.1450381726026535,-0.9923664331436157,1,77235.0,1750.777587890625,27.709999084472656,1,0,3840,1,45040000000000002091050011000000,1,0x510D
24,1,5,2568,399629,0.0,0.0,-17.0,0.0,0.0,0.0,638,0,0,0,-0.9814453125,0.0380859375,0.072998046875,0.9848929643630981,-3.0229008197784424,-0.22900763154029846,-1.0305343866348267,1,95682.0,-0.450347900390625,27.770000457763672,1,0,3856,1,46040000ff0000007bd5050012000000,1,0x1442
25,1,6,2672,429734,0.0,0.0,-17.0,0.0,0.0,0.0,708,0,0,0,-1.001953125,0.21728515625,0.162841796875,1.0380945205688477,3.14503812789917,1.4198473691940308,-6.473282337188721,1,95681.0,-0.363128662109375,27.84000015258789,1,0,3849,1,4804000000000000335e060013000000,1,0x496F
26,1,7,2776,459782,0.0,0.0,-17.0,0.0,0.0,0.0,738,0,0,0,0.031005859375,-1.07177734375,0.032958984375,1.0727320909500122,-10.770992279052734,0.5114504098892212,16.251909255981445,1,95678.0,-0.1015625,27.84000015258789,1,0,3859,1,49040000ff0301018ea2060014000000,0,0x3C53
27,1,8,2880,38746,0.0,0.0,0.0,0.0,0.0,0.0,0,0,0,0,-0.97412109375,-0.01171875,0.0732421875,0.9769409894943237,-3.0152671337127686,-0.1450381726026535,-0.9007633328437805,1,95676.0,0.072845458984375,27.809999465942383,1,0,3843,1,4b040000ff0502005692000000000000,1,0xA677
28,1,9,2984,68846,0.0,0.0,-17.0,0.0,0.0,0.0,107,0,0,0,-0.929931640625,0.03955078125,0.0869140625,0.9348214864730835,-25.3435115814209,-5.076335906982422,-4.977099418640137,1,95668.0,0.7703857421875,27.850000381469727,1,0,3840,1,4d040000ff000000db00010002000000,1,0x01E8
29,1,10,3088,98898,0.0,0.0,0.0,0.0,0.0,0.0,0,0,0,0,-0.983642578125,-0.027587890625,0.06640625,0.9862675070762634,-2.9389312267303467,-0.42748090624809265,-0.47328245639801025,1,95679.0,-0.188751220703125,27.920000076293945,1,0,3846,1,4e040000000000003745010003000000,0,0x0AA3
30,1,11,3192,128998,0.0,0.0,-17.0,0.0,0.0,0.0,207,0,0,0,-0.9765625,-0.0087890625,0.079345703125,0.9798200130462646,-2.8396947383880615,-0.21374045312404633,-1.2137404680252075,1,73937.0,2098.926025390625,27.989999771118164,1,0,3846,1,50040000ff00000001ce010005000000,1,0xCB41
31,1,12,3296,159062,0.0,0.0,-17.0,0.0,0.0,0.0,238,0,0,0,-0.977783203125,-0.0078125,0.08251953125,0.9812902212142944,-3.030534267425537,-0.2748091518878937,-0.9694656729698181,0,74534.0,2034.98583984375,28.040000915527344,1,0,3849,1,51040000ff0100016d12020006000000,0,0x82EB
32,1,13,3400,189066,0.0,0.0,-17.0,0.0,0.0,0.0,308,0,0,0,-0.978759765625,-0.012939453125,0.083251953125,0.9823792576789856,-3.030534267425537,-0.4580152630805969,-1.0534350872039795,1,55459.99609375,4322.08251953125,28.100000381469727,1,0,3852,1,54040000ff01000096df020008000000,1,0x9BC2
33,1,14,3504,219209,0.0,0.0,-17.0,0.0,0.0,0.0,338,0,0,0,-0.97802734375,-0.01220703125,0.077392578125,0.981160581111908,-2.893129825592041,-0.20610687136650085,-1.1526718139648438,0,56320.0,4206.16845703125,28.139999389648438,1,0,3859,1,55040000ff000000fb23030009000000,0,0x8321
34,1,15,3608,249309,0.0,0.0,-17.0,0.0,0.0,0.0,408,0,0,0,-0.972412109375,-0.009765625,0.074462890625,0.975307822227478,-3.0839693546295166,-0.6106870174407959,-1.229007601737976,0,36899.0,7271.20068359375,28.190000534057617,1,0,3811,1,57040000ff000000c8ac03000b000000,1,0xFFDC
35,1,16,3712,279369,0.0,0.0,-17.0,0.0,0.0,0.0,438,0,0,0,-0.857666015625,0.0517578125,0.012939453125,0.8593237400054932,-2.564885377883911,1.1374045610427856,-0.6564885377883911,1,14367.0,13281.208984375,28.229999542236328,1,0,3849,1,58040000ff00000033f103000c000000,1,0x7572
36,1,17,3816,309469,0.0,0.0,-17.0,0.0,0.0,0.0,508,0,0,0,-0.971435546875,-0.001708984375,-0.0185546875,0.9716142416000366,-4.038167953491211,-0.7480915784835815,0.8091602921485901,1,6081.0,17894.650390625,28.260000228881836,1,0,3852,1,5a040000ff000000077a04000d000000,0,0xD58A
37,1,18,3920,339536,0.0,0.0,-17.0,0.0,0.0,0.0,538,0,0,0,-0.72705078125,0.063720703125,0.110595703125,0.7381697297096252,-0.5419847369194031,2.4503817558288574,-1.9389313459396362,1,3043.0,21098.333984375,28.280000686645508,1,0,3849,1,5c040000ff000000e40205000f000000,1,0xA138
38,2,0,4096,369637,0.0,0.0,-17.0,0.0,0.0,0.0,608,0,0,0,-0.812744140625,0.082763671875,0.0078125,0.8169846534729004,-0.9541984796524048,2.351145029067993,-1.9694656133651733,1,1849.0,23156.099609375,28.309999465942383,1,0,3840,1,5e040000ff000000b78b050011000000,1,0x2DC2
39,2,1,4200,399699,0.0,0.0,-17.0,0.0,0.0,0.0,638,0,0,0,-0.708740234375,-0.0107421875,0.072509765625,0.7125207185745239,-3.435114622116089,0.2442748099565506,1.3816794157028198,1,1334.0,24402.5,28.329999923706055,1,0,3833,1,5f040000ff00000039d0050012000000,1,0xFFB8
40,2,2,4304,429799,0.0,0.0,-17.0,0.0,0.0,0.0,708,0,0,0,-1.1611328125,-0.1328125,0.114501953125,1.1742994785308838,-3.5190839767456055,-1.4045801162719727,-1.3435114622116089,1,1072.0,25195.0390625,28.360000610351562,1,0,3843,1,6104000000000000f858060013000000,0,0xE5BC
41,2,3,4408,459857,0.0,0.0,-17.0,0.0,0.0,0.0,739,0,0,0,-0.84375,0.060546875,0.021484375,0.8461924195289612,-1.6259541511535645,2.251908302307129,-2.0,1,937.0,25666.759765625,28.389999389648438,1,0,3843,1,63040000ff00000005fb060015000000,1,0xDED0
42,2,4,4512,489859,0.0,0.0,-17.0,0.0,0.0,0.0,809,0,0,0,-0.701416015625,0.049560546875,0.083984375,0.7081624269485474,-2.4885497093200684,0.19083969295024872,1.0076335668563843,1,843.9999389648438,26024.85546875,28.420000076293945,1,0,3852,1,65040000ff000000a96a070017000000,1,0xE21A
43,2,5,4616,519912,0.0,0.0,-17.0,0.0,0.0,0.0,839,0,0,0,-1.259765625,-0.062744140625,0.0283203125,1.2616450786590576,-5.534351348876953,-1.4580153226852417,-0.5496183037757874,1,794.0,26230.7890625,28.459999084472656,1,0,3840,1,660400000000000016af070018000000,0,0x3716
44,2,6,4720,549917,0.0,0.0,-17.0,0.0,0.0,0.0,909,0,0,0,-1.060302734375,-0.07275390625,0.146240234375,1.0728099346160889,-1.7022900581359863,-0.09923664480447769,-3.7633588314056396,1,752.0,26412.0546875,28.5,1,0,3830,1,68040000ff000000f73708001a000000,1,0xC9F9
45,2,7,4824,580008,0.0,0.0,-17.0,0.0,0.0,0.0,939,0,0,0,-0.970947265625,0.006591796875,0.090087890625,0.9751399159431458,-2.572519063949585,0.8549618124961853,-1.7099236249923706,1,832.0,26073.359375,28.530000686645508,1,0,3846,1,69040000ff0100016a7c08001b000000,0,0x0583
46,2,8,4928,610108,0.0,0.0,-17.0,0.0,0.0,0.0,1009,0,0,0,-0.95361328125,-0.162109375,-0.21875,0.9917203783988953,-8.557251930236816,0.030534351244568825,-4.427480697631836,1,972.9999389648438,25535.845703125,28.56999969482422,1,0,3833,1,6c040000ff000000bf4909001d000000,1,0x1B64
47,2,9,5032,640197,0.0,0.0,-17.0,0.0,0.0,0.0,1039,0,0,0,-0.888916015625,-0.11083984375,-0.031982421875,0.8963704705238342,14.267175674438477,-3.679389238357544,-2.2748091220855713,1,1090.0,25135.8359375,28.610000610351562,1,0,3849,1,6d04000000000000348e09001e000000,0,0x40A2
48,2,10,5136,670297,0.0,0.0,-17.0,0.0,0.0,0.0,1109,0,0,0,-0.849853515625,-0.288330078125,0.03173828125,0.8979936242103577,-23.274808883666992,23.412214279174805,-48.007633209228516,1,1209.0,24763.201171875,28.65999984741211,1,0,3833,1,6f040000ff01000017170a0020000000,1,0xCEDC
49,2,11,5240,700356,0.0,0.0,-17.0,0.0,0.0,0.0,111555,0,0,0,-0.708740234375,0.66455078125,-0.037353515625,0.9722837805747986,-1.85496187210083,-2.221374034881592,-2.0458016395568848,1,1330.0,24413.609375,28.700000762939453,1,0,3824,1,70040000ff0803008f5b0a0021000000,1,0x905D
50,2,12,5344,730457,48.05218505859375,11.654850006103516,589.0,0.5120000243186951,0.6570000052452087,0.0,111625,4,3,1,-0.6767578125,0.718994140625,-0.034423828125,0.9879973530769348,3.6564886569976807,12.541984558105469,-7.0916032791137695,1,1462.0,24060.47265625,28.739999771118164,1,0,3833,1,72040000ff0201007ee40a0022000000,0,0xC623
51,2,13,5448,760557,48.05165100097656,11.65503215789795,740.0,0.11400000005960464,-0.19699999690055847,0.0,111655,5,3,1,-0.97216796875,-0.01953125,0.104248046875,0.9779364466667175,-2.9389312267303467,-0.20610687136650085,-0.19083969295024872,1,1590.0,23741.89453125,28.790000915527344,1,0,3836,1,74040000000000007e6d0b0024000000,1,0x81BC
52,2,14,5552,38805,0.0,0.0,0.0,0.0,0.0,0.0,0,0,0,0,-0.976318359375,-0.024658203125,0.0546875,0.9781596660614014,-3.1603052616119385,-0.13740457594394684,-1.0687023401260376,1,95682.0,-0.450347900390625,27.809999465942383,1,0,3830,1,77040000ff0100009792000000000000,1,0xAE7C
53,2,15,5656,68809,0.0,0.0,-17.0,0.0,0.0,0.0,113439,0,0,0,-0.978759765625,-0.052734375,0.0224609375,0.9804366827011108,-3.0916030406951904,0.4885496199131012,-1.4580153226852417,1,95676.0,0.072845458984375,27.889999389648438,1,0,3833,1,79040000ff000000cd02010002000000,1,0x22A1
54,2,16,5760,98861,0.0,0.0,0.0,0.0,0.0,0.0,0,0,0,0,-1.01123046875,-0.08642578125,0.0185546875,1.0150865316390991,-4.442748069763184,-1.1526718139648438,1.122137427330017,1,95672.0,0.421600341796875,27.959999084472656,1,0,3833,1,7a040000000000000a4b010003000000,0,0xA317
55,2,17,5864,128961,0.0,0.0,-17.0,0.0,0.0,0.0,113539,0,0,0,-0.887451171875,-0.04052734375,-0.015625,0.888513445854187,-3.351145029067993,-0.5267175436019897,0.11450381577014923,1,94973.0,61.566497802734375,28.049999237060547,1,0,3833,1,7c04000000000000bdd3010005000000,1,0xDA71
56,2,18,5968,159025,0.0,0.0,-17.0,0.0,0.0,0.0,113610,0,0,0,-1.02685546875,-0.035400390625,0.132568359375,1.035982370376587,-3.4885497093200684,-0.3435114622116089,-1.1297709941864014,1,34855.0,7665.72412109375,28.139999389648438,1,0,3897,1,7d040000000000001318020006000000,1,0xA542
57,3,0,6144,189025,0.0,0.0,-17.0,0.0,0.0,0.0,113640,0,0,0,-1.044189453125,-0.007568359375,0.150146484375,1.0549561977386475,-2.0916030406951904,-0.5954198241233826,-1.2977099418640137,1,13833.0,13500.7421875,28.200000762939453,1,0,3849,1,7f04000000000000bfa0020007000000,0,0x9FDA
58,3,1,6248,219184,0.0,0.0,-17.0,0.0,0.0,0.0,113710,0,0,0,-0.96630859375,0.0009765625,-0.001708984375,0.9663106203079224,-2.1297709941864014,-1.038167953491211,-0.6259542107582092,1,6067.0,17906.03125,28.25,1,0,3833,1,81040000ff0100006929030009000000,1,0xCE84
59,3,2,6352,249284,0.0,0.0,-17.0,0.0,0.0,0.0,113740,0,0,0,-0.9833984375,0.000732421875,0.00732421875,0.9834259748458862,-2.5114502906799316,-0.7404580116271973,-1.1145038604736328,1,3206.000244140625,20871.3046875,28.299999237060547,1,0,3849,1,830400000000000025b203000b000000,1,0xE49B
60,3,3,6456,279337,0.0,0.0,-17.0,0.0,0.0,0.0,113810,0,0,0,-0.960205078125,-0.022216796875,0.009765625,0.9605116844177246,-2.885496139526367,0.15267175436019897,-1.2748091220855713,1,2046.9998779296875,22751.611328125,28.34000015258789,1,0,3846,1,84040000000000007af603000c000000,1,0x5647
61,3,4,6560,309437,0.0,0.0,-17.0,0.0,0.0,0.0,113840,0,0,0,-0.988037109375,-0.042236328125,0.135986328125,0.9982452392578125,-2.893129825592041,0.32824426889419556,-1.770992398262024,1,1487.0,23996.521484375,28.3799991607666,1,0,3862,1,8604000000000000287f04000d000000,0,0x8B34
62,3,5,6664,339489,0.0,0.0,-17.0,0.0,0.0,0.0,113910,0,0,0,-0.93896484375,-0.03955078125,0.02099609375,0.9400319457054138,-4.083969593048096,-0.7938931584358215,-0.015267175622284412,1,1158.0,24919.09375,28.420000076293945,1,0,3833,1,8804000000000000ea0705000f000000,1,0xA72D
63,3,6,6768,369589,0.0,0.0,-17.0,0.0,0.0,0.0,113940,0,0,0,-0.927734375,-0.042236328125,0.0263671875,0.9290695190429688,-1.9007633924484253,-0.19847328960895538,-1.2595419883728027,1,1107.0,25080.646484375,28.469999313354492,1,0,3852,1,8a04000000000000a590050011000000,1,0xF24A
64,3,7,6872,399680,0.0,0.0,-17.0,0.0,0.0,0.0,114010,0,0,0,-0.856201171875,-0.054931640625,0.043212890625,0.8590490818023682,-0.9312977194786072,1.496183156967163,1.7022900581359863,1,1246.0,24653.404296875,28.520000457763672,1,0,3843,1,8b04000000000000ffd4050012000000,1,0x6236
65,3,8,6976,429780,0.0,0.0,-17.0,0.0,0.0,0.0,114040,0,0,0,-0.9638671875,-0.027587890625,0.056396484375,0.9659097194671631,-4.366412162780762,0.015267175622284412,-0.3435114622116089,1,1356.0,24341.875,28.579999923706055,1,0,3827,1,8d04000000000000be5d060013000000,1,0x1F68
66,3,9,7080,459876,0.0,0.0,-17.0,0.0,0.0,0.0,114111,0,0,0,-0.98095703125,-0.006103515625,0.048095703125,0.982154369354248,-4.2366414070129395,-0.15267175436019897,-0.5190839767456055,1,1445.0,24104.466796875,28.6299991607666,1,0,3843,1,8e0400000000000127a2060014000000,0,0xE454
67,3,10,7184,489876,0.0,0.0,-17.0,0.0,0.0,0.0,114141,0,0,0,-0.976806640625,-0.008544921875,0.047119140625,0.9779797792434692,-3.030534267425537,-0.20610687136650085,-1.0229008197784424,1,1529.0,23891.01953125,28.690000534057617,1,0,3824,1,91040000000000004f6f070016000000,1,0x13C2
68,3,11,7288,519980,0.0,0.0,-17.0,0.0,0.0,0.0,114211,0,0,0,-0.976318359375,-0.008056640625,0.050048828125,0.977633535861969,-3.0992367267608643,-0.18320611119270325,-1.1145038604736328,1,1607.0,23701.158203125,28.739999771118164,1,0,3824,1,9204000000000000acb3070017000000,0,0xA722
69,3,12,7392,550080,0.0,0.0,-17.0,0.0,0.0,0.0,114241,0,0,0,-0.984130859375,-0.005126953125,0.04443359375,0.9851467609405518,-2.923664093017578,-0.16030533611774445,-1.1145038604736328,1,1681.0,23527.8125,28.799999237060547,1,0,3820,1,9404000000000000743c080019000000,1,0xF920
70,3,13,7496,580170,0.0,0.0,-17.0,0.0,0.0,0.0,114311,0,0,0,-0.978515625,-0.004150390625,0.046875,0.9796465039253235,-3.1526718139648438,-0.25190839171409607,-1.0076335668563843,1,1745.0001220703125,23382.802734375,28.860000610351562,1,0,3824,1,9504000000000000df8008001a000000,1,0xFF5C
71,3,14,7600,610172,0.0,0.0,-17.0,0.0,0.0,0.0,114341,0,0,0,-0.979736328125,-0.00927734375,0.051513671875,0.9811335206031799,-3.106870174407959,-0.3206106722354889,-1.038167953491211,1,1795.0001220703125,23272.484375,28.920000076293945,1,0,3820,1,9804000000000000344e09001c000000,1,0x3B09
72,3,15,7704,640265,0.0,0.0,-17.0,0.0,0.0,0.0,114411,0,0,0,-0.978759765625,-0.0107421875,0.04931640625,0.9800602793693542,-3.068702220916748,-0.18320611119270325,-0.9923664331436157,1,1845.0001220703125,23164.625,28.969999313354492,1,0,3833,1,99040000000000007b9209001d000000,1,0x102E
73,3,16,7808,670365,0.0,0.0,-17.0,0.0,0.0,0.0,114441,0,0,0,-0.976806640625,-0.010986328125,0.046142578125,0.9779576063156128,-3.14503812789917,-0.18320611119270325,-1.1679389476776123,1,1892.0,23065.376953125,29.020000457763672,1,0,3811,1,9b04000000000000491b0a001f000000,1,0xE438
74,3,17,7912,700389,0.0,0.0,-17.0,0.0,0.0,0.0,114511,0,0,0,-0.981201171875,-0.009033203125,0.04443359375,0.9822483062744141,-3.0229008197784424,-0.35114502906799316,-1.038167953491211,0,1939.0,22968.1015625,29.06999969482422,1,0,3824,1,9c04000000000000b95f0a0020000000,1,0x77BF
75,3,18,8016,730489,0.0,0.0,-17.0,0.0,0.0,0.0,114541,0,0,0,-0.97900390625,-0.0068359375,0.0537109375,0.9804999828338623,-3.1526718139648438,-0.15267175436019897,-1.0305343866348267,1,1977.0,22890.837890625,29.1299991607666,1,0,3824,1,9e0400000000000092e80a0021000000,0,0x6773
76,4,0,8192,760547,0.0,0.0,-17.0,0.0,0.0,0.0,114611,0,0,0,-0.97705078125,-0.00927734375,0.046875,0.9782185554504395,-2.961832046508789,-0.28244274854660034,-1.1832060813903809,1,2009.0,22826.705078125,29.170000076293945,1,0,3814,1,a00400000000000067710b0023000000,1,0x8B8A
77,4,1,8296,790647,0.0,0.0,-17.0,0.0,0.0,0.0,114642,0,0,0,-0.974853515625,-0.00927734375,0.052001953125,0.976283609867096,-3.007633686065674,-0.290076345205307,-1.1374045610427856,1,2049.0,22747.69140625,29.219999313354492,1,0,3814,1,a2040000000000003cfa0b0025000000,1,0xA964
78,4,2,8400,820718,0.0,0.0,-17.0,0.0,0.0,0.0,114712,0,0,0,-0.976806640625,-0.005859375,0.044189453125,0.9778231978416443,-3.1221373081207275,-0.08396946638822556,-1.0916030406951904,1,2079.0,22689.244140625,29.260000228881836,1,0,3820,1,a304000000000000a23e0c0026000000,1,0xCA31
79,4,3,8504,850818,0.0,0.0,-17.0,0.0,0.0,0.0,114742,0,0,0,-0.98193359375,-0.006103515625,0.052978515625,0.9833806753158569,-3.0534350872039795,-0.10687022656202316,-0.9694656729698181,1,2107.0,22635.310546875,29.309999465942383,1,0,3814,1,a50400000000000076c70c0027000000,0,0xEE71
80,4,4,8608,880871,0.0,0.0,-17.0,0.0,0.0,0.0,114812,0,0,0,-0.981689453125,-0.010009765625,0.046142578125,0.9828242659568787,-3.076335906982422,-0.3129771053791046,-0.9389312863349915,1,2140.0,22572.482421875,29.350000381469727,1,0,3811,1,a604000000000001e70b0d0028000000,0,0x2E8B
81,4,5,8712,910912,0.0,0.0,-17.0,0.0,0.0,0.0,114842,0,0,0,-0.978515625,-0.00244140625,0.048583984375,0.9797240495681763,-3.0,-0.37404578924179077,-1.0687023401260376,0,2163.0,22529.154296875,29.389999389648438,1,0,3820,1,a90400000000000036d90d002a000000,1,0x5F10
82,4,6,8816,940969,0.0,0.0,-17.0,0.0,0.0,0.0,114912,0,0,0,-0.982666015625,-0.0029296875,0.04931640625,0.9839071035385132,-2.3358778953552246,-0.3206106722354889,-1.389312982559204,1,2189.0,22480.625,29.420000076293945,1,0,3836,1,aa04000000000000a21d0e002b000000,0,0xF19C
83,4,7,8920,971069,0.0,0.0,-17.0,0.0,0.0,0.0,114942,0,0,0,-0.97900390625,-0.005859375,0.047119140625,0.9801546931266785,-3.8320610523223877,-0.07633587718009949,-0.7251908183097839,1,2196.0,22467.63671875,29.459999084472656,1,0,3798,1,ac040000000000008aa60e002d000000,1,0x2E57
84,4,8,9024,1001102,0.0,0.0,-17.0,0.0,0.0,0.0,115012,0,0,0,-0.979736328125,0.00927734375,0.05126953125,0.981120765209198,-3.076335906982422,-0.07633587718009949,-1.160305380821228,1,2211.0,22439.921875,29.479999542236328,1,0,3820,1,ad0400000000000001eb0e002e000000,1,0x2375
85,4,9,9128,1031202,0.0,0.0,-17.0,0.0,0.0,0.0,115042,0,0,0,-0.96923828125,-0.029296875,0.04052734375,0.9705274701118469,-2.931297779083252,-0.221374049782753,-0.9312977194786072,1,2220.0,22423.3671875,29.510000228881836,1,0,3836,1,b0040000000000005ab80f0030000000,1,0xDD90
86,4,10,9232,1061253,0.0,0.0,-17.0,0.0,0.0,0.0,115112,0,0,0,-0.967529296875,-0.021484375,0.0546875,0.9693117141723633,-4.0,-0.16030533611774445,-0.732824444770813,1,2230.0,22405.03515625,29.540000915527344,1,0,3833,1,b104000000000000d4fc0f0031000000,0,0xFBE0
87,4,11,9336,1091353,0.0,0.0,-17.0,0.0,0.0,0.0,115142,0,0,0,-0.97314453125,-0.025146484375,0.05126953125,0.9748185276985168,-2.816793918609619,-0.06870228797197342,-1.1297709941864014,1,2239.0,22388.58984375,29.559999465942383,1,0,3827,1,b304000000000000c085100033000000,1,0x56C4
88,4,12,9440,1121407,0.0,0.0,-17.0,0.0,0.0,0.0,115212,0,0,0,-0.96826171875,-0.01416015625,0.054931640625,0.9699220061302185,-4.160305500030518,-0.09160305559635162,-0.6412213444709778,1,2247.0,22374.021484375,29.579999923706055,1,0,3811,1,b40400000000000034ca100034000000,1,0x1B5E
89,4,13,9544,1151507,0.0,0.0,-17.0,0.0,0.0,0.0,115243,0,0,0,-0.986083984375,0.01123046875,0.05078125,0.9874545335769653,-2.328244209289551,-0.45038166642189026,-1.3358778953552246,1,2257.0,22355.8671875,29.600000381469727,1,0,3824,1,b6040000000000002a53110035000000,0,0x6C9E
90,4,14,9648,1181652,0.0,0.0,-17.0,0.0,0.0,0.0,115313,0,0,0,-0.971435546875,-0.016845703125,0.055908203125,0.9731888175010681,-3.816793918609619,-0.007633587811142206,-0.8167939186096191,1,2269.0,22334.169921875,29.610000610351562,1,0,3814,1,b804000000000000daf7110037000000,1,0x6628
91,4,15,9752,1211754,0.0,0.0,-17.0,0.0,0.0,0.0,115343,0,0,0,-0.98583984375,0.007568359375,0.0556640625,0.9874390959739685,-3.8396947383880615,-0.12977099418640137,-0.8931297659873962,1,2278.0,22317.95703125,29.6200008392334,1,0,3824,1,ba04000000000000fa68120039000000,1,0x2DD5
92,4,16,9856,1241798,0.0,0.0,-17.0,0.0,0.0,0.0,115413,0,0,0,-0.98291015625,0.013671875,0.04443359375,0.9840089678764343,-2.4427480697631836,-0.04580152779817581,-1.2137404680252075,1,2292.0,22292.8359375,29.6299991607666,1,0,3820,1,bc0400000000000086f112003b000000,1,0xC872
93,4,17,9960,1271898,0.0,0.0,-17.0,0.0,0.0,0.0,115443,0,0,0,-0.97802734375,0.00048828125,0.048095703125,0.9792093634605408,-3.3816792964935303,-0.13740457594394684,-0.8244274854660034,1,2300.0,22278.5390625,29.6299991607666,1,0,3814,1,bd04000000000000dc3513003c000000,1,0x6FBE
94,4,18,10064,1301947,0.0,0.0,-17.0,0.0,0.0,0.0,115513,0,0,0,-0.984130859375,-0.0146484375,0.046630859375,0.985343873500824,-2.3816792964935303,-0.35114502906799316,-1.2137404680252075,1,2308.0,22264.28125,29.639999389648438,1,0,3833,1,be04000000000001387a13003d000000,0,0x2468
95,5,0,10240,1332047,0.0,0.0,-17.0,0.0,0.0,0.0,115543,0,0,0,-0.97509765625,-0.010986328125,0.0576171875,0.9768602252006531,-2.3435113430023193,-0.39694657921791077,-1.2366411685943604,1,2314.0,22253.6171875,29.6299991607666,1,0,3820,1,c104000000000000504714003f000000,1,0xA832
96,5,1,10344,1362192,0.0,0.0,-17.0,0.0,0.0,0.0,115613,0,0,0,-0.974365234375,0.00732421875,0.051025390625,0.9757278561592102,-2.4427480697631836,-0.25954198837280273,-1.4580153226852417,1,2328.0,22228.8125,29.6299991607666,1,0,3808,1,c204000000000000ad8b140040000000,0,0x4283
97,5,2,10448,1392292,0.0,0.0,-17.0,0.0,0.0,0.0,115644,0,0,0,-0.97802734375,0.0009765625,0.05078125,0.9793452620506287,-3.564885377883911,-0.030534351244568825,-0.7022900581359863,1,2328.0,22228.8125,29.6200008392334,1,0,3792,1,c4040000000000005b14150042000000,1,0x66A7
98,5,3,10552,1422343,0.0,0.0,-17.0,0.0,0.0,0.0,115714,0,0,0,-0.982666015625,-0.010986328125,0.047119140625,0.9838563799858093,-2.4503817558288574,-0.40458014607429504,-1.3740458488464355,1,2342.0,22204.1328125,29.610000610351562,1,0,3808,1,c504000000000000b658150043000000,1,0x2276
99,5,4,10656,1452443,0.0,0.0,-17.0,0.0,0.0,0.0,115744,0,0,0,-0.984130859375,0.005859375,0.048583984375,0.985346794128418,-3.3435113430023193,-0.290076345205307,-1.0076335668563843,1,2350.0,22190.08203125,29.610000610351562,1,0,3808,1,c804000000000000cf25160045000000,1,0xBC26
100,5,5,10760,1482491,0.0,0.0,-17.0,0.0,0.0,0.0,115814,0,0,0,-0.989013671875,0.00830078125,0.04248046875,0.9899603724479675,-2.9770991802215576,-0.42748090624809265,-1.2748091220855713,1,2357.0,22177.8203125,29.59000015258789,1,0,3814,1,c904000000000000286a160046000000,0,0x4113
101,5,6,10864,1512591,0.0,0.0,-17.0,0.0,0.0,0.0,115844,0,0,0,-0.9775390625,-0.001708984375,0.04541015625,0.9785947203636169,-2.3664121627807617,-0.3206106722354889,-1.4045801162719727,1,2363.0,22167.333984375,29.56999969482422,1,0,3811,1,cb04000000000000dff2160048000000,1,0xFD10
102,5,7,10968,1542557,0.0,0.0,-17.0,0.0,0.0,0.0,115914,0,0,0,-0.9755859375,-0.01416015625,0.04931640625,0.9769342541694641,-3.885496139526367,-0.35114502906799316,-0.7709923386573792,1,2369.0,22156.8671875,29.549999237060547,1,0,3808,1,cc040000000000004537170049000000,1,0xC4A4
103,5,8,11072,1572657,0.0,0.0,-17.0,0.0,0.0,0.0,115944,0,0,0,-0.977294921875,-0.00634765625,0.057861328125,0.9790268540382385,-3.786259651184082,-0.15267175436019897,-0.7557252049446106,1,2378.0,22141.208984375,29.530000686645508,1,0,3817,1,ce04000000000000fbbf17004a000000,0,0xB67C
104,5,9,11176,1602719,0.0,0.0,-17.0,0.0,0.0,0.0,120014,0,0,0,-0.981689453125,0.006591796875,0.04541015625,0.9827612638473511,-3.0229008197784424,0.030534351244568825,-1.038167953491211,1,2389.0,22122.138671875,29.5,1,0,3811,1,d004000000000000696018004c000000,1,0xD20A
105,5,10,11280,1632819,0.0,0.0,-17.0,0.0,0.0,0.0,120044,0,0,0,-0.987060546875,0.004638671875,0.053466796875,0.988518476486206,-3.2671756744384766,-0.49618321657180786,-1.0458015203475952,1,2394.0,22113.4921875,29.469999313354492,1,0,3811,1,d20400000000000080d118004e000000,1,0x0987
106,5,11,11384,1662859,0.0,0.0,-17.0,0.0,0.0,0.0,120114,0,0,0,-0.9833984375,0.010986328125,0.041748046875,0.9843454957008362,-2.8396947383880615,-0.3435114622116089,-1.3206106424331665,1,2397.0,22108.310546875,29.440000534057617,1,0,3817,1,d4040000000000004d5a190050000000,1,0x0872
107,5,12,11488,1692959,0.0,0.0,-17.0,0.0,0.0,0.0,120144,0,0,0,-0.970458984375,-0.021728515625,0.05224609375,0.9721072316169739,-3.29007625579834,-0.19083969295024872,-0.9847328066825867,1,2405.0,22094.521484375,29.399999618530273,1,0,3827,1,d504000000000000af9e190051000000,0,0xE394
108,5,13,11592,1723003,0.0,0.0,-17.0,0.0,0.0,0.0,120214,0,0,0,-0.978515625,-0.0068359375,0.046630859375,0.9796499609947205,-2.3358778953552246,-0.38167938590049744,-1.3129770755767822,1,2413.0,22080.76953125,29.3700008392334,1,0,3820,1,d6040000000000011ae3190052000000,0,0xBC0D
109,5,14,11696,1753011,0.0,0.0,-17.0,0.0,0.0,0.0,120244,0,0,0,-0.986572265625,0.0048828125,0.046875,0.9876973032951355,-2.465648889541626,-0.32824426889419556,-1.3816794157028198,1,2421.0,22067.056640625,29.329999923706055,1,0,3817,1,d90400000000000048b01a0054000000,1,0x8CD0
110,5,15,11800,1783051,0.0,0.0,-17.0,0.0,0.0,0.0,120315,0,0,0,-0.974365234375,-0.0029296875,0.04833984375,0.9755679965019226,-3.4809160232543945,-0.08396946638822556,-0.8549618124961853,1,2424.0,22061.919921875,29.290000915527344,1,0,3827,1,da04000000000000abf41a0055000000,0,0xB89A
111,5,16,11904,1813151,0.0,0.0,-17.0,0.0,0.0,0.0,120345,0,0,0,-0.97998046875,-0.008544921875,0.0439453125,0.9810025095939636,-3.610687017440796,-0.21374045312404633,-0.885496199131012,1,2427.0,22056.794921875,29.239999771118164,1,0,3804,1,dc04000000000000747d1b0057000000,1,0x11CE
112,5,17,12008,1843209,0.0,0.0,-17.0,0.0,0.0,0.0,120415,0,0,0,-0.974365234375,-0.0126953125,0.05419921875,0.9759540557861328,-2.648854970932007,-0.39694657921791077,-1.3129770755767822,1,2441.0,22032.92578125,29.200000762939453,1,0,3820,1,dd04000000000000f6c11b0058000000,1,0x6975
113,5,18,12112,1873309,0.0,0.0,-17.0,0.0,0.0,0.0,120445,0,0,0,-0.981689453125,-0.0009765625,0.047607421875,0.9828436374664307,-2.389312982559204,-0.5038167834281921,-1.1832060813903809,1,2444.0,22027.826171875,29.149999618530273,1,0,3811,1,e004000000000000188f1c005a000000,1,0xE8C8
114,6,0,12288,1903362,0.0,0.0,-17.0,0.0,0.0,0.0,120515,0,0,0,-0.98095703125,0.006103515625,0.042236328125,0.9818848371505737,-2.9007632732391357,-0.2748091518878937,-1.3969465494155884,1,2450.0,22017.64453125,29.100000381469727,1,0,3811,1,e10400000000000086d31c005b000000,0,0x4F00
115,6,1,12392,1933462,0.0,0.0,-17.0,0.0,0.0,0.0,120545,0,0,0,-0.979248046875,-0.016845703125,0.05126953125,0.9807339310646057,-2.8015267848968506,-0.5343511700630188,-1.2748091220855713,1,2455.0,22009.171875,29.040000915527344,1,0,3811,1,e304000000000000615c1d005d000000,1,0xF3DF
116,6,2,12496,1963526,0.0,0.0,-17.0,0.0,0.0,0.0,120615,0,0,0,-0.97265625,-0.013916015625,0.05029296875,0.9740550518035889,-3.496183156967163,-0.1450381726026535,-0.8167939186096191,1,2468.0,21987.212890625,28.989999771118164,1,0,3824,1,e404000000000000c8a01d005e000000,1,0x91D0
117,6,3,12600,1993626,0.0,0.0,-17.0,0.0,0.0,0.0,120645,0,0,0,-0.97314453125,-0.026611328125,0.050048828125,0.9747939705848694,-3.3816792964935303,-0.3129771053791046,-0.9694656729698181,1,2478.0,21970.380859375,28.93000030517578,1,0,3814,1,e604000000000000c8291e005f000000,0,0xD051
118,6,4,12704,2023678,0.0,0.0,-17.0,0.0,0.0,0.0,120715,0,0,0,-0.97802734375,-0.018310546875,0.050048828125,0.9794782400131226,-3.4503817558288574,-0.13740457594394684,-0.7786259651184082,1,2482.0,21963.66796875,28.8700008392334,1,0,3804,1,e704000000000001256e1e0060000000,0,0xEADD
119,6,5,12808,2053778,0.0,0.0,-17.0,0.0,0.0,0.0,120745,0,0,0,-0.9765625,-0.015625,0.047119140625,0.9778234362602234,-2.9007632732391357,0.022900763899087906,-1.0305343866348267,1,2489.0,21951.935546875,28.809999465942383,1,0,3814,1,ea040000000000006f3b1f0062000000,1,0xA3D2
120,6,6,12912,2083819,0.0,0.0,-17.0,0.0,0.0,0.0,120815,0,0,0,-0.98291015625,0.0029296875,0.047119140625,0.984043300151825,-2.8091602325439453,-0.35114502906799316,-1.14503812789917,1,2495.0,21941.900390625,28.75,1,0,3804,1,ec040000000000004fc41f0064000000,1,0x66E8
121,6,7,13016,2113919,0.0,0.0,-17.0,0.0,0.0,0.0,120846,0,0,0,-0.98876953125,0.00244140625,0.03515625,0.9893973469734192,-2.8015267848968506,-0.16030533611774445,-1.2748091220855713,1,2500.0,21933.552734375,28.68000030517578,1,0,3811,1,ed04000000000000b908200065000000,0,0x8CE3
122,6,8,13120,2143993,0.0,0.0,-17.0,0.0,0.0,0.0,120916,0,0,0,-0.982177734375,0.001708984375,0.045654296875,0.9832397103309631,-2.572519063949585,-0.3206106722354889,-1.2061069011688232,1,2503.0,21928.548828125,28.6200008392334,1,0,3817,1,ee040000000000012d4d200066000000,0,0x9A91
123,6,9,13224,2174093,0.0,0.0,-17.0,0.0,0.0,0.0,120946,0,0,0,-0.9765625,-0.00390625,0.0390625,0.9773512482643127,-3.221374034881592,-0.28244274854660034,-1.0839694738388062,1,2510.0,21916.896484375,28.549999237060547,1,0,3804,1,f1040000000000008b1a210068000000,1,0xEA9A
124,6,10,13328,2204177,0.0,0.0,-17.0,0.0,0.0,0.0,121016,0,0,0,-0.9755859375,-0.01904296875,0.056640625,0.9774143099784851,-3.29007625579834,-0.3129771053791046,-0.847328245639801,1,2516.0,21906.9296875,28.479999542236328,1,0,3798,1,f204000000000000085f210069000000,0,0x8EC2
125,6,11,13432,2234277,0.0,0.0,-17.0,0.0,0.0,0.0,121046,0,0,0,-0.9755859375,-0.02294921875,0.047119140625,0.9769927263259888,-3.1603052616119385,-0.15267175436019897,-1.0687023401260376,1,2527.0,21888.708984375,28.40999984741211,1,0,3798,1,f404000000000000f5e721006b000000,1,0xD895
126,6,12,13536,2264368,0.0,0.0,-17.0,0.0,0.0,0.0,121116,0,0,0,-0.977294921875,-0.00732421875,0.0478515625,0.9784930944442749,-3.534351110458374,-0.221374049782753,-0.9160305261611938,1,2522.0,21896.984375,28.34000015258789,1,0,3798,1,f504000000000000692c22006c000000,1,0x42C8
127,6,13,13640,2294468,0.0,0.0,-17.0,0.0,0.0,0.0,121146,0,0,0,-0.9716796875,-0.02001953125,0.058349609375,0.9736359119415283,-3.4427480697631836,-0.19847328960895538,-0.7251908183097839,1,2527.0,21888.708984375,28.260000228881836,1,0,3798,1,f804000000000000e7f922006e000000,1,0x1C5C
128,6,14,13744,2324519,0.0,0.0,-17.0,0.0,0.0,0.0,121216,0,0,0,-0.9814453125,-0.00048828125,0.047119140625,0.9825758934020996,-3.3664121627807617,-0.3358778655529022,-0.8778625726699829,1,2532.0,21880.447265625,28.18000030517578,1,0,3804,1,f9040000000000004a3e23006f000000,0,0xB917
129,6,15,13848,2354619,0.0,0.0,-17.0,0.0,0.0,0.0,121246,0,0,0,-0.97607421875,0.00048828125,0.0439453125,0.9770631194114685,-3.4122138023376465,-0.08396946638822556,-1.106870174407959,1,2534.0,21877.146484375,28.110000610351562,1,0,3795,1,fb04000000000000e5ca230071000000,1,0xD607
130,6,16,13952,2384658,0.0,0.0,-17.0,0.0,0.0,0.0,121316,0,0,0,-0.982177734375,-0.00439453125,0.044677734375,0.9832031726837158,-2.5190839767456055,-0.48091602325439453,-1.3435114622116089,1,2540.0,21867.25390625,28.030000686645508,1,0,3801,1,fd040000000000008e53240073000000,1,0x9014
131,6,17,14056,2414758,0.0,0.0,-17.0,0.0,0.0,0.0,121347,0,0,0,-0.9853515625,0.00390625,0.0517578125,0.986717700958252,-2.2977099418640137,-0.07633587718009949,-1.198473334312439,1,2541.0,21865.609375,27.950000762939453,1,0,3798,1,fe04000000000000e497240074000000,0,0x0310
132,6,18,14160,2444864,0.0,0.0,-17.0,0.0,0.0,0.0,121417,0,0,0,-0.96484375,-0.02392578125,0.051513671875,0.9665141105651855,-3.3129770755767822,-0.12977099418640137,-1.0992366075515747,1,2549.0,21852.45703125,27.8700008392334,1,0,3808,1,ff0400000000000139dc240075000000,0,0x7D83
133,7,0,14336,2474964,0.0,0.0,-17.0,0.0,0.0,0.0,121447,0,0,0,-0.985595703125,0.00390625,0.047607421875,0.9867525696754456,-2.3740458488464355,-0.3435114622116089,-1.198473334312439,1,2549.0,21852.45703125,27.790000915527344,1,0,3798,1,02050000000000003da9250077000000,1,0x2A4F
134,7,1,14440,2505022,0.0,0.0,-17.0,0.0,0.0,0.0,121517,0,0,0,-0.9716796875,-0.00830078125,0.046630859375,0.9728333353996277,-3.534351110458374,-0.06106870248913765,-0.8244274854660034,1,2555.0,21842.611328125,27.700000762939453,1,0,3785,1,0405000000000000f131260079000000,1,0x88BF
135,7,2,14544,2535122,0.0,0.0,-17.0,0.0,0.0,0.0,121547,0,0,0,-0.976806640625,-0.017333984375,0.055908203125,0.9785588383674622,-3.3358778953552246,-0.221374049782753,-1.0229008197784424,1,2556.0,21840.97265625,27.6200008392334,1,0,3811,1,0505000000000000747626007a000000,0,0x4836
136,7,3,14648,2565159,0.0,0.0,-17.0,0.0,0.0,0.0,121617,0,0,0,-0.96875,-0.012451171875,0.046630859375,0.9699515700340271,-3.969465732574463,-0.4885496199131012,-0.7099236845970154,1,2563.0,21829.515625,27.530000686645508,1,0,3788,1,0605000000000000a1ba26007b000000,1,0x9F7B
137,7,4,14752,2595259,0.0,0.0,-17.0,0.0,0.0,0.0,121647,0,0,0,-0.970703125,-0.015380859375,0.048828125,0.9720520973205566,-3.4809160232543945,0.3129771053791046,-0.8091602921485901,1,2563.0,21829.515625,27.450000762939453,1,0,3817,1,0905000000000000af8727007d000000,1,0xBAC3
138,7,5,14856,2625309,0.0,0.0,-17.0,0.0,0.0,0.0,121717,0,0,0,-0.986572265625,0.00390625,0.03759765625,0.9872961640357971,-3.358778715133667,-0.21374045312404633,-0.8702290058135986,1,2568.0,21821.345703125,27.360000610351562,1,0,3814,1,0a050000000000000ecc27007e000000,0,0xF969
139,7,6,14960,2655409,0.0,0.0,-17.0,0.0,0.0,0.0,121747,0,0,0,-0.984375,-0.001953125,0.04052734375,0.9852108359336853,-3.221374034881592,-0.19083969295024872,-0.9618320465087891,1,2568.0,21821.345703125,27.270000457763672,1,0,3798,1,0c05000000000000cb54280080000000,1,0xAF64
140,7,7,15064,2685456,0.0,0.0,-17.0,0.0,0.0,0.0,121817,0,0,0,-0.972412109375,-0.009033203125,0.04638671875,0.9735597968101501,-3.221374034881592,-0.22900763154029846,-0.8091602921485901,1,2576.0,21808.306640625,27.18000030517578,1,0,3811,1,0d050000000000004c99280081000000,1,0x736D
141,7,8,15168,2715469,0.0,0.0,-17.0,0.0,0.0,0.0,121847,0,0,0,-0.97265625,-0.014404296875,0.048095703125,0.9739511609077454,-2.4732823371887207,-0.25954198837280273,-1.412213683128357,1,2575.0,21809.935546875,27.09000015258789,1,0,3801,1,10050000000000004e66290083000000,1,0x101D
142,7,9,15272,2745515,0.0,0.0,-17.0,0.0,0.0,0.0,121918,0,0,0,-0.98095703125,-0.012451171875,0.04638671875,0.982132077217102,-2.419847249984741,0.17557251453399658,-1.1908396482467651,1,2580.0,21801.798828125,27.0,1,0,3811,1,1105000000000000dac5290084000000,0,0x7C54
143,7,10,15376,2775615,0.0,0.0,-17.0,0.0,0.0,0.0,121948,0,0,0,-0.98046875,-0.0029296875,0.053466796875,0.9819298386573792,-2.3129770755767822,-0.442748099565506,-1.305343508720398,1,2580.0,21801.798828125,26.90999984741211,1,0,3785,1,130500000000000063332a0086000000,1,0x42C7
144,7,11,15480,2805658,0.0,0.0,-17.0,0.0,0.0,0.0,122018,0,0,0,-0.9765625,-0.00927734375,0.05419921875,0.9781093597412109,-3.3740458488464355,-0.17557251453399658,-1.0610686540603638,1,2580.0,21801.798828125,26.81999969482422,1,0,3814,1,15050000000000002ebc2a0088000000,1,0x7C88
145,7,12,15584,2835758,0.0,0.0,-17.0,0.0,0.0,0.0,122048,0,0,0,-0.970458984375,-0.017578125,0.0478515625,0.971796989440918,-3.2671756744384766,-0.05343511328101158,-0.9618320465087891,1,2584.0,21795.298828125,26.719999313354492,1,0,3798,1,1705000000000000f5442b008a000000,1,0x5968
146,7,13,15688,2865813,0.0,0.0,-17.0,0.0,0.0,0.0,122118,0,0,0,-0.98388671875,0.00244140625,0.0478515625,0.9850527048110962,-2.534351110458374,-0.32824426889419556,-1.305343508720398,1,2594.0,21779.080078125,26.6299991607666,1,0,3785,1,1705000000000001f5442b008a000000,0,0xD829
147,7,14,15792,2895913,0.0,0.0,-17.0,0.0,0.0,0.0,122148,0,0,0,-0.982666015625,0.00537109375,0.030029296875,0.9831393957138062,-2.6641221046447754,-0.19083969295024872,-1.14503812789917,1,2593.0,21780.701171875,26.540000915527344,1,0,3785,1,1a0500000000000025122c008c000000,1,0x98D2
148,7,15,15896,2925961,0.0,0.0,-17.0,0.0,0.0,0.0,122218,0,0,0,-0.980712890625,-0.000244140625,0.041259765625,0.9815804362297058,-2.29007625579834,-0.1450381726026535,-1.2213740348815918,1,2589.0,21787.181640625,26.440000534057617,1,0,3792,1,1c05000000000000ef9a2c008e000000,1,0x23E8
149,7,16,16000,2956061,0.0,0.0,-17.0,0.0,0.0,0.0,122248,0,0,0,-0.9794921875,0.002685546875,0.047119140625,0.9806285500526428,-2.4122138023376465,-0.3358778655529022,-1.2366411685943604,1,2593.0,21780.701171875,26.34000015258789,1,0,3788,1,1d0500000000000056df2c008f000000,0,0x3F43
150,7,17,16104,2986113,0.0,0.0,-17.0,0.0,0.0,0.0,122318,0,0,0,-0.96826171875,-0.016357421875,0.05419921875,0.9699153900146484,-3.29007625579834,-0.17557251453399658,-1.0076335668563843,1,2600.0,21769.37890625,26.25,1,0,3785,1,1e05000000000000be232d0090000000,1,0x1453
151,7,18,16208,3016213,0.0,0.0,-17.0,0.0,0.0,0.0,122348,0,0,0,-0.971923828125,-0.0234375,0.058837890625,0.9739851951599121,-3.1526718139648438,0.05343511328101158,-0.9389312863349915,1,2603.0,21764.533203125,26.149999618530273,1,0,3776,1,2105000000000000f3f02d0092000000,1,0x6FD3
152,8,0,16384,3046266,0.0,0.0,-17.0,0.0,0.0,0.0,122418,0,0,0,-0.98095703125,0.006103515625,0.044189453125,0.9819707870483398,-3.007633686065674,-0.21374045312404633,-0.9083969593048096,1,2603.0,21764.533203125,26.049999237060547,1,0,3785,1,2305000000000000d4792e0094000000,1,0x172A
153,8,1,16488,3076368,0.0,0.0,-17.0,0.0,0.0,0.0,122449,0,0,0,-0.979736328125,0.003662109375,0.0419921875,0.9806426763534546,-3.106870174407959,-0.038167938590049744,-1.0687023401260376,1,2608.0,21756.462890625,25.950000762939453,1,0,3785,1,240500000000000045be2e0095000000,1,0x7611
154,8,2,16592,3106435,0.0,0.0,-17.0,0.0,0.0,0.0,122519,0,0,0,-0.9814453125,-0.0166015625,0.050048828125,0.982860803604126,-2.7709922790527344,0.2671755850315094,-1.1679389476776123,1,2607.0,21758.078125,25.850000381469727,1,0,3776,1,2505000000000000b1022f0096000000,1,0x537C
155,8,3,16696,3136535,0.0,0.0,-17.0,0.0,0.0,0.0,122549,0,0,0,-0.9755859375,-0.01708984375,0.052490234375,0.9771464467048645,-2.8702290058135986,-0.290076345205307,-1.1374045610427856,1,2613.0,21748.412109375,25.760000228881836,1,0,3808,1,2805000000000000f7cf2f0098000000,1,0x0C7D
156,8,4,16800,3166578,0.0,0.0,-17.0,0.0,0.0,0.0,122619,0,0,0,-0.9755859375,-0.00341796875,0.0458984375,0.976671040058136,-2.4809160232543945,-0.2977099120616913,-1.3129770755767822,1,2608.0,21756.462890625,25.65999984741211,1,0,3804,1,2905000000000000bd2e300099000000,0,0x68B3
157,8,5,16904,3196578,0.0,0.0,-17.0,0.0,0.0,0.0,122649,0,0,0,-0.97509765625,-0.018798828125,0.05322265625,0.9767299890518188,-3.251908302307129,-0.21374045312404633,-0.9847328066825867,1,2618.0,21740.37109375,25.559999465942383,1,0,3792,1,2b05000000000000459d30009b000000,1,0xBB32
158,8,6,17008,3226630,0.0,0.0,-17.0,0.0,0.0,0.0,122719,0,0,0,-0.982177734375,0.0009765625,0.03857421875,0.9829354286193848,-3.0152671337127686,-0.2442748099565506,-1.0,1,2616.0,21743.583984375,25.459999084472656,1,0,3795,1,2d05000000000000222631009d000000,1,0x50EC
159,8,7,17112,3256730,0.0,0.0,-17.0,0.0,0.0,0.0,122749,0,0,0,-0.970458984375,-0.017822265625,0.05322265625,0.9720807075500488,-3.2748091220855713,-0.06870228797197342,-0.885496199131012,1,2620.0,21737.158203125,25.350000381469727,1,0,3785,1,2f0500000000000002af31009f000000,1,0xCD27
160,8,8,17216,3286796,0.0,0.0,-17.0,0.0,0.0,0.0,122819,0,0,0,-0.98291015625,0.008544921875,0.03369140625,0.9835245013237,-2.6335878372192383,-0.2671755850315094,-1.2061069011688232,1,2621.0,21735.552734375,25.25,1,0,3801,1,2f0500000000000102af31009f000000,0,0x0D50
161,8,9,17320,3316896,0.0,0.0,-17.0,0.0,0.0,0.0,122849,0,0,0,-0.972900390625,0.001953125,0.034423828125,0.9735111594200134,-3.007633686065674,-0.038167938590049744,-0.9694656729698181,1,2622.0,21733.9453125,25.149999618530273,1,0,3801,1,3205000000000000477c3200a1000000,1,0x458C
162,8,10,17424,3346956,0.0,0.0,-17.0,0.0,0.0,0.0,122919,0,0,0,-0.97119140625,-0.0146484375,0.053955078125,0.9727993011474609,-3.1908397674560547,-0.19083969295024872,-1.0229008197784424,1,2627.0,21725.9296875,25.049999237060547,1,0,3808,1,340500000000000020053300a3000000,1,0xAE75
163,8,11,17528,3377056,0.0,0.0,-17.0,0.0,0.0,0.0,122949,0,0,0,-0.97509765625,-0.024658203125,0.0546875,0.9769412279129028,-2.885496139526367,0.15267175436019897,-1.1908396482467651,1,2631.0,21719.521484375,24.940000534057617,1,0,3808,1,3505000000000000b4493300a4000000,0,0x5A73
164,8,12,17632,3407107,0.0,0.0,-17.0,0.0,0.0,0.0,123020,0,0,0,-0.966552734375,-0.011962890625,0.052490234375,0.9680508971214294,-3.328244209289551,-0.12977099418640137,-0.8931297659873962,1,2631.0,21719.521484375,24.84000015258789,1,0,3801,1,3605000000000000078e3300a5000000,1,0x5A29
165,8,13,17736,3437207,0.0,0.0,-17.0,0.0,0.0,0.0,123050,0,0,0,-0.966796875,-0.019287109375,0.052490234375,0.9684128165245056,-3.2748091220855713,-0.030534351244568825,-0.9770992398262024,1,2633.0,21716.322265625,24.739999771118164,1,0,3785,1,39050000000000006d5b3400a7000000,1,0x0102
166,8,14,17840,3467158,0.0,0.0,-17.0,0.0,0.0,0.0,123120,0,0,0,-0.9814453125,-0.012451171875,0.04833984375,0.9827139377593994,-2.3435113430023193,-0.25954198837280273,-1.3435114622116089,1,2636.0,21711.5234375,24.6299991607666,1,0,3814,1,3a05000000000000ada33400a8000000,0,0x3668
167,8,15,17944,3497262,0.0,0.0,-17.0,0.0,0.0,0.0,123150,0,0,0,-0.974609375,-0.0185546875,0.04931640625,0.9760326743125916,-3.2061069011688232,-0.015267175622284412,-1.1679389476776123,1,2637.0,21709.927734375,24.530000686645508,1,0,3779,1,3c05000000000000572c3500aa000000,1,0xE4FE
168,8,16,18048,3527304,0.0,0.0,-17.0,0.0,0.0,0.0,123220,0,0,0,-0.982421875,0.007568359375,0.041748046875,0.9833376407623291,-2.6183207035064697,-0.35877862572669983,-1.0916030406951904,1,2638.0,21708.328125,24.420000076293945,1,0,3785,1,3d05000000000000a9703500ab000000,1,0xC8D0
169,8,17,18152,3557404,0.0,0.0,-17.0,0.0,0.0,0.0,123250,0,0,0,-0.979248046875,-0.001220703125,0.041748046875,0.9801383018493652,-2.8702290058135986,-0.19083969295024872,-0.9847328066825867,1,2640.0,21705.134765625,24.31999969482422,1,0,3782,1,4005000000000000b13d3600ad000000,1,0x83F6
170,8,18,18256,3587448,0.0,0.0,-17.0,0.0,0.0,0.0,123320,0,0,0,-0.966552734375,-0.01220703125,0.048095703125,0.9678255915641785,-3.282442808151245,-0.580152690410614,-0.9847328066825867,1,2643.0,21700.349609375,24.209999084472656,1,0,3801,1,4005000000000001b13d3600ad000000,0,0x93DB
171,9,0,18432,3617548,0.0,0.0,-17.0,0.0,0.0,0.0,123350,0,0,0,-0.966552734375,-0.0205078125,0.052734375,0.9682074785232544,-3.038167953491211,-0.15267175436019897,-1.122137427330017,1,2642.0,21701.9453125,24.110000610351562,1,0,3788,1,4305000000000000b00a3700af000000,1,0xE5F9
172,9,1,18536,3647602,0.0,0.0,-17.0,0.0,0.0,0.0,123420,0,0,0,-0.9794921875,0.001953125,0.040771484375,0.9803423285484314,-2.7709922790527344,-0.2977099120616913,-1.0610686540603638,1,2647.0,21693.97265625,24.0,1,0,3798,1,450500000000000057933700b1000000,1,0x2DD6
173,9,2,18640,3677702,0.0,0.0,-17.0,0.0,0.0,0.0,123450,0,0,0,-0.98193359375,0.00048828125,0.0419921875,0.9828311800956726,-3.0,-0.030534351244568825,-1.0610686540603638,1,2647.0,21693.97265625,23.899999618530273,1,0,3785,1,47050000000000000d1c3800b3000000,1,0x5BE6
174,9,3,18744,3707793,0.0,0.0,-17.0,0.0,0.0,0.0,123520,0,0,0,-0.9736328125,-0.002685546875,0.048828125,0.9748601317405701,-2.5114502906799316,-0.2671755850315094,-1.3511450290679932,1,2653.0,21684.42578125,23.790000915527344,1,0,3795,1,47050000000000010d1c3800b3000000,0,0x517D
175,9,4,18848,3737893,0.0,0.0,-17.0,0.0,0.0,0.0,123550,0,0,0,-0.97509765625,0.000244140625,0.03662109375,0.9757851362228394,-2.5496182441711426,-0.290076345205307,-1.3282443284988403,1,2655.0,21681.248046875,23.690000534057617,1,0,3788,1,4a050000000000000be93800b5000000,1,0x3E8F
176,9,5,18952,3767975,0.0,0.0,-17.0,0.0,0.0,0.0,123621,0,0,0,-0.9697265625,-0.015380859375,0.0439453125,0.9708436131477356,-3.2595419883728027,-0.17557251453399658,-0.8167939186096191,1,2657.0,21678.072265625,23.579999923706055,1,0,3782,1,4c05000000000000c1713900b7000000,1,0x8B46
177,9,6,19056,3798075,0.0,0.0,-17.0,0.0,0.0,0.0,123651,0,0,0,-0.9765625,-0.0078125,0.0400390625,0.9774141907691956,-3.14503812789917,-0.23664122819900513,-0.8396946787834167,1,2655.0,21681.248046875,23.469999313354492,1,0,3801,1,4d0500000000000015b63900b8000000,0,0xD0D2
178,9,7,19160,3828163,0.0,0.0,-17.0,0.0,0.0,0.0,123721,0,0,0,-0.9765625,0.006103515625,0.049072265625,0.977813720703125,-2.8015267848968506,-0.06870228797197342,-0.9770992398262024,1,2658.0,21676.484375,23.3700008392334,1,0,3795,1,4e0500000000000076fa3900b9000000,1,0xA5D1
179,9,8,19264,3858263,0.0,0.0,-17.0,0.0,0.0,0.0,123751,0,0,0,-0.992431640625,-0.00537109375,0.03466796875,0.9930514693260193,-2.9847328662872314,-0.23664122819900513,-0.8244274854660034,1,2652.0,21686.017578125,23.260000228881836,1,0,3782,1,510500000000000098c73a00bb000000,1,0x72BA
180,9,9,19368,3888319,0.0,0.0,-17.0,0.0,0.0,0.0,123821,0,0,0,-0.969482421875,-0.01611328125,0.04541015625,0.9706791043281555,-2.8473281860351562,-0.18320611119270325,-1.2442748546600342,1,2660.0,21673.310546875,23.149999618530273,1,0,3779,1,53050000000000005e503b00bd000000,1,0x548D
181,9,10,19472,3918419,0.0,0.0,-17.0,0.0,0.0,0.0,123851,0,0,0,-0.982177734375,-0.01220703125,0.040283203125,0.9830792546272278,-2.572519063949585,-0.290076345205307,-1.5496183633804321,1,2659.0,21674.896484375,23.049999237060547,1,0,3769,1,5405000000000000bf943b00be000000,0,0x3B0C
182,9,11,19576,3948462,0.0,0.0,-17.0,0.0,0.0,0.0,123921,0,0,0,-0.979736328125,-0.005615234375,0.0458984375,0.9808269143104553,-2.8702290058135986,-0.25954198837280273,-0.9083969593048096,1,2656.0,21679.66015625,22.940000534057617,1,0,3792,1,550500000000000020d93b00bf000000,1,0xF81B
183,9,12,19680,3978562,0.0,0.0,-17.0,0.0,0.0,0.0,123951,0,0,0,-0.980224609375,-0.005859375,0.04052734375,0.9810795783996582,-3.0229008197784424,-0.4656488597393036,-0.9923664331436157,1,2659.0,21674.896484375,22.829999923706055,1,0,3785,1,580500000000000042a63c00c1000000,1,0x9627
184,9,13,19784,4008598,0.0,0.0,-17.0,0.0,0.0,0.0,124021,0,0,0,-0.977294921875,0.003173828125,0.046875,0.9784235954284668,-2.679389238357544,-0.32824426889419556,-1.2137404680252075,1,2664.0,21666.96875,22.719999313354492,1,0,3772,1,580500000000000142a63c00c1000000,0,0xC2F0
185,9,14,19888,4038602,0.0,0.0,-17.0,0.0,0.0,0.0,124051,0,0,0,-0.970458984375,-0.01318359375,0.042724609375,0.9714884757995605,-3.0458016395568848,-0.1221374049782753,-0.9312977194786072,1,2657.0,21678.072265625,22.6200008392334,1,0,3766,1,5b050000000000006d733d00c3000000,1,0x37B7
186,9,15,19992,4068673,0.0,0.0,-17.0,0.0,0.0,0.0,124121,0,0,0,-0.982666015625,-0.014404296875,0.038330078125,0.9835187792778015,-2.603053331375122,-0.09160305559635162,-1.3206106424331665,1,2663.0,21668.552734375,22.510000228881836,1,0,3760,1,5d0500000000000035fc3d00c5000000,1,0x0345
187,9,16,20096,4098773,0.0,0.0,-17.0,0.0,0.0,0.0,124152,0,0,0,-0.9853515625,-0.00537109375,0.032958984375,0.9859172701835632,-2.503816843032837,-0.19083969295024872,-1.2900763750076294,1,2667.0,21662.21484375,22.399999618530273,1,0,3792,1,5f0500000000000018853e00c7000000,1,0x9A4F
188,9,17,20200,4128927,0.0,0.0,-17.0,0.0,0.0,0.0,124222,0,0,0,-0.9833984375,-0.00634765625,0.03466796875,0.9840298295021057,-2.5190839767456055,-0.19083969295024872,-1.4503816366195679,1,2664.0,21666.96875,22.299999237060547,1,0,3820,1,5f0500000000000118853e00c7000000,0,0x26BF
189,9,18,20304,4159027,0.0,0.0,-17.0,0.0,0.0,0.0,124252,0,0,0,-0.9775390625,-0.004150390625,0.04296875,0.9784917831420898,-2.7709922790527344,-0.15267175436019897,-1.1755725145339966,0,2669.0,21659.052734375,22.190000534057617,1,0,3769,1,620500000000000039523f00c9000000,1,0x5421
190,10,0,20480,4189062,0.0,0.0,-17.0,0.0,0.0,0.0,124322,0,0,0,-0.970458984375,-0.011962890625,0.042724609375,0.9714726805686951,-2.786259651184082,-0.35877862572669983,-1.1297709941864014,1,2672.0,21654.306640625,22.079999923706055,1,0,3779,1,640500000000000000db3f00cb000000,1,0x7A15
191,10,1,20584,4219162,0.0,0.0,-17.0,0.0,0.0,0.0,124352,0,0,0,-0.972412109375,-0.011962890625,0.0361328125,0.9731566905975342,-2.7938930988311768,-0.28244274854660034,-1.1145038604736328,1,2676.0,21647.990234375,21.979999542236328,1,0,3792,1,65050000000000006f1f4000cc000000,0,0xCEF9
192,10,2,20688,4249210,0.0,0.0,-17.0,0.0,0.0,0.0,124422,0,0,0,-0.978271484375,-0.008544921875,0.03759765625,0.9790310263633728,-2.70992374420166,-0.022900763899087906,-1.0305343866348267,1,2680.0,21641.677734375,21.8700008392334,1,0,3769,1,6605000000000000df634000cd000000,1,0xA3DC
193,10,3,20792,4279310,0.0,0.0,-17.0,0.0,0.0,0.0,124452,0,0,0,-0.9716796875,-0.008544921875,0.045166015625,0.9727663397789001,-2.7328243255615234,-0.20610687136650085,-1.2977099418640137,0,2677.0,21646.41015625,21.760000228881836,1,0,3776,1,690500000000000015314100cf000000,1,0xACB0
194,10,4,20896,4309387,0.0,0.0,-17.0,0.0,0.0,0.0,124522,0,0,0,-0.974853515625,-0.007568359375,0.034912109375,0.9755077958106995,-2.7328243255615234,-0.1679389327764511,-1.038167953491211,1,2679.0,21643.25390625,21.65999984741211,1,0,3769,1,6b05000000000000f8b94100d1000000,1,0x3A11
195,10,5,21000,4339487,0.0,0.0,-17.0,0.0,0.0,0.0,124552,0,0,0,-0.9814453125,-0.002685546875,0.04443359375,0.9824542999267578,-2.7328243255615234,-0.3129771053791046,-1.1526718139648438,0,2679.0,21643.25390625,21.549999237060547,1,0,3785,1,6c0500000000000068fe4100d2000000,0,0xC911
196,10,6,21104,4369539,0.0,0.0,-17.0,0.0,0.0,0.0,124623,0,0,0,-0.977294921875,-0.0087890625,0.048828125,0.9785534143447876,-2.824427366256714,-0.16030533611774445,-1.0992366075515747,1,2683.0,21636.951171875,21.440000534057617,1,0,3795,1,6d05000000000000e0424200d3000000,1,0xCF01
197,10,7,21208,4399643,0.0,0.0,-17.0,0.0,0.0,0.0,124653,0,0,0,-0.977783203125,-0.008544921875,0.036376953125,0.9784969687461853,-2.6870229244232178,-0.32824426889419556,-1.0,1,2688.0,21629.078125,21.34000015258789,1,0,3769,1,70050000000000003a104300d5000000,1,0x5F20
198,10,8,21312,4429698,0.0,0.0,-17.0,0.0,0.0,0.0,124723,0,0,0,-0.969482421875,-0.007080078125,0.04638671875,0.9706173539161682,-2.8778626918792725,-0.22900763154029846,-1.2213740348815918,1,2690.0,21625.935546875,21.229999542236328,1,0,3788,1,70050000000000013a104300d5000000,0,0x86A1
199,10,9,21416,4459798,0.0,0.0,-17.0,0.0,0.0,0.0,124753,0,0,0,-0.980712890625,-0.00537109375,0.0419921875,0.9816262125968933,-2.786259651184082,-0.12977099418640137,-1.038167953491211,1,2694.0,21619.6484375,21.1299991607666,1,0,3760,1,730500000000000097dd4300d7000000,1,0x7ACF
200,10,10,21520,4489850,0.0,0.0,-17.0,0.0,0.0,0.0,124823,0,0,0,-0.973876953125,-0.010498046875,0.036865234375,0.9746310114860535,-2.786259651184082,-0.12977099418640137,-1.1374045610427856,1,2695.0,21618.080078125,21.020000457763672,1,0,3772,1,750500000000000085664400d9000000,1,0x7863
201,10,11,21624,4519950,0.0,0.0,-17.0,0.0,0.0,0.0,124853,0,0,0,-0.97119140625,-0.009521484375,0.0390625,0.9720233082771301,-2.679389238357544,-0.10687022656202316,-1.160305380821228,1,2700.0,21610.236328125,20.90999984741211,1,0,3766,1,770500000000000068ef4400db000000,1,0x17A4
202,10,12,21728,4550017,0.0,0.0,-17.0,0.0,0.0,0.0,124923,0,0,0,-0.97998046875,-0.01025390625,0.036376953125,0.9807090163230896,-2.8015267848968506,-0.09160305559635162,-1.1297709941864014,1,2702.0,21607.103515625,20.809999465942383,1,0,3772,1,770500000000000068ef4400db000000,0,0x8BCD
203,10,13,21832,4580117,0.0,0.0,-17.0,0.0,0.0,0.0,124953,0,0,0,-0.97412109375,-0.0107421875,0.041748046875,0.9750744700431824,-2.671755790710449,-0.07633587718009949,-1.0305343866348267,1,2702.0,21607.103515625,20.700000762939453,1,0,3763,1,7a0500000000000098c04500dd000000,1,0x474F
204,10,14,21936,4610222,0.0,0.0,-17.0,0.0,0.0,0.0,125023,0,0,0,-0.9765625,-0.008056640625,0.04443359375,0.9776060581207275,-2.7328243255615234,-0.25190839171409607,-1.1755725145339966,1,2712.0,21591.4609375,20.600000381469727,1,0,3772,1,7c0500000000000042494600df000000,1,0x323E
205,10,15,22040,4640322,0.0,0.0,-17.0,0.0,0.0,0.0,125053,0,0,0,-0.97900390625,-0.01025390625,0.04541015625,0.9801101088523865,-2.8015267848968506,-0.2671755850315094,-1.0763359069824219,1,2707.0,21599.27734375,20.489999771118164,1,0,3772,1,7d05000000000000928d4600e0000000,0,0x3FB2
206,10,16,22144,4670388,0.0,0.0,-17.0,0.0,0.0,0.0,125124,0,0,0,-0.97265625,-0.013427734375,0.04150390625,0.9736339449882507,-2.7633588314056396,-0.21374045312404633,-1.0610686540603638,1,2713.0,21589.8984375,20.389999389648438,1,0,3750,1,7e05000000000000ecd14600e1000000,1,0x1CC2
207,10,17,22248,4700489,0.0,0.0,-17.0,0.0,0.0,0.0,125154,0,0,0,-0.97705078125,-0.001220703125,0.04736328125,0.9781988263130188,-2.755725145339966,-0.19847328960895538,-1.0992366075515747,1,2717.0,21583.658203125,20.290000915527344,1,0,3820,1,8105000000000000e49e4700e3000000,1,0x4A73
208,10,18,22352,4730543,0.0,0.0,-17.0,0.0,0.0,0.0,125224,0,0,0,-0.97314453125,-0.006103515625,0.041748046875,0.9740587472915649,-2.748091697692871,-0.17557251453399658,-1.1145038604736328,0,2716.0,21585.216796875,20.18000030517578,1,0,3763,1,830500000000000097274800e5000000,1,0xAA87
209,11,0,22528,4760643,0.0,0.0,-17.0,0.0,0.0,0.0,125254,0,0,0,-0.9736328125,-0.00927734375,0.04150390625,0.9745611548423767,-2.85496187210083,-0.25190839171409607,-1.1832060813903809,1,2722.0,21575.869140625,20.079999923706055,1,0,3763,1,8405000000000000ed6b4800e6000000,0,0xA409
210,11,1,22632,4790696,0.0,0.0,-17.0,0.0,0.0,0.0,125324,0,0,0,-0.97998046875,-0.012451171875,0.04638671875,0.9811567068099976,-2.6564886569976807,-0.3358778655529022,-1.2137404680252075,1,2725.0,21571.197265625,19.979999542236328,1,0,3756,1,8605000000000000abf44800e8000000,1,0xB8EF
211,11,2,22736,4820696,0.0,0.0,-17.0,0.0,0.0,0.0,125354,0,0,0,-0.974853515625,-0.0087890625,0.049560546875,0.9761520624160767,-2.7328243255615234,-0.11450381577014923,-1.0229008197784424,0,2731.0,21561.873046875,19.8799991607666,1,0,3763,1,8805000000000000637d4900ea000000,1,0x0E42
212,11,3,22840,4850761,0.0,0.0,-17.0,0.0,0.0,0.0,125424,0,0,0,-0.973388671875,-0.00732421875,0.042236328125,0.9743320941925049,-2.748091697692871,-0.21374045312404633,-0.9847328066825867,1,2728.0,21566.533203125,19.780000686645508,1,0,3776,1,8805000000000001637d4900ea000000,0,0x4439
213,11,4,22944,4880765,0.0,0.0,-17.0,0.0,0.0,0.0,125454,0,0,0,-0.97314453125,-0.0087890625,0.040283203125,0.9740175604820251,-2.7022900581359863,-0.290076345205307,-1.2137404680252075,0,2731.0,21561.873046875,19.670000076293945,1,0,3760,1,8b05000000000000644a4a00ec000000,1,0x3667
214,11,5,23048,4910826,0.0,0.0,-17.0,0.0,0.0,0.0,125524,0,0,0,-0.974853515625,-0.004150390625,0.044677734375,0.9758855700492859,-2.648854970932007,-0.030534351244568825,-1.038167953491211,1,2736.0,21554.11328125,19.56999969482422,1,0,3763,1,8d0500000000000020d34a00ee000000,1,0xC098
215,11,6,23152,4940926,0.0,0.0,-17.0,0.0,0.0,0.0,125554,0,0,0,-0.97607421875,-0.00927734375,0.047119140625,0.9772549271583557,-2.70992374420166,-0.13740457594394684,-0.9389312863349915,1,2739.0,21549.46484375,19.469999313354492,1,0,3769,1,8f05000000000000d75b4b00f0000000,1,0x1509
216,11,7,23256,4970993,0.0,0.0,-17.0,0.0,0.0,0.0,125624,0,0,0,-0.980224609375,-0.0087890625,0.03564453125,0.9809118509292603,-2.496183156967163,-0.23664122819900513,-1.1908396482467651,0,2742.0,21544.81640625,19.3700008392334,1,0,3769,1,8f05000000000000d75b4b00f0000000,0,0xB2D6
217,11,8,23360,5001093,0.0,0.0,-17.0,0.0,0.0,0.0,125654,0,0,0,-0.974853515625,-0.00927734375,0.034423828125,0.9755052328109741,-2.7328243255615234,-0.35114502906799316,-1.0992366075515747,1,2743.0,21543.271484375,19.270000457763672,1,0,3756,1,920500000000000009294c00f2000000,1,0xEFF5
218,11,9,23464,5031159,0.0,0.0,-17.0,0.0,0.0,0.0,125725,0,0,0,-0.981201171875,-0.000732421875,0.038330078125,0.9819498062133789,-2.7709922790527344,-0.10687022656202316,-1.0992366075515747,1,2745.0,21540.177734375,19.170000076293945,1,0,3763,1,9405000000000000b8b14c00f4000000,1,0xC439
219,11,10,23568,5061259,0.0,0.0,-17.0,0.0,0.0,0.0,125755,0,0,0,-0.982421875,-0.00048828125,0.041015625,0.9832777976989746,-2.816793918609619,-0.1450381726026535,-1.1526718139648438,1,2746.0,21538.62890625,19.06999969482422,1,0,3766,1,9605000000000000753a4d00f6000000,1,0x89B7
220,11,11,23672,5091336,0.0,0.0,-17.0,0.0,0.0,0.0,125825,0,0,0,-0.9736328125,-0.010498046875,0.037109375,0.974396288394928,-2.648854970932007,-0.16030533611774445,-1.0763359069824219,1,2749.0,21533.994140625,18.969999313354492,1,0,3756,1,9605000000000000753a4d00f6000000,1,0x7E27
221,11,12,23776,5121436,0.0,0.0,-17.0,0.0,0.0,0.0,125855,0,0,0,-0.9794921875,0.003173828125,0.04248046875,0.9804180860519409,-2.427480936050415,-0.40458014607429504,-1.3740458488464355,1,2750.0,21532.44921875,18.8799991607666,1,0,3776,1,99050000000000009e074e00f8000000,1,0x65C4
222,11,13,23880,5151478,0.0,0.0,-17.0,0.0,0.0,0.0,125925,0,0,0,-0.97412109375,-0.00732421875,0.034912109375,0.9747740030288696,-2.9770991802215576,-0.20610687136650085,-0.9083969593048096,1,2752.0,21529.361328125,18.780000686645508,1,0,3772,1,9b0500000000000066904e00fa000000,1,0x2C0C
223,11,14,23984,5181484,0.0,0.0,-17.0,0.0,0.0,0.0,125955,0,0,0,-0.969970703125,-0.015380859375,0.05126953125,0.9714465141296387,-2.8015267848968506,-0.07633587718009949,-1.1526718139648438,1,2756.0,21523.193359375,18.68000030517578,1,0,3763,1,9c05000000000000cad44e00fb000000,0,0xA277
224,11,15,24088,5211572,0.0,0.0,-17.0,0.0,0.0,0.0,130025,0,0,0,-0.976806640625,-0.013427734375,0.047119140625,0.9780346155166626,-2.5877861976623535,-0.04580152779817581,-1.3740458488464355,1,2758.0,21520.109375,18.579999923706055,1,0,3785,1,9e050000000000008c5d4f00fd000000,1,0xB76D
225,11,16,24192,5241672,0.0,0.0,-17.0,0.0,0.0,0.0,130055,0,0,0,-0.979248046875,-0.011962890625,0.04443359375,0.9803286194801331,-2.358778715133667,-0.28244274854660034,-1.3358778953552246,1,2760.0,21517.02734375,18.489999771118164,1,0,3760,1,a0050000000000005be64f00ff000000,1,0xFC5F
226,11,17,24296,5271735,0.0,0.0,-17.0,0.0,0.0,0.0,130125,0,0,0,-0.978759765625,-0.0126953125,0.044677734375,0.9798611998558044,-2.534351110458374,-0.49618321657180786,-1.5419846773147583,1,2758.0,21520.109375,18.3799991607666,1,0,3766,1,a205000000000000466f500000010000,1,0x048C
227,11,18,24400,5301835,0.0,0.0,-17.0,0.0,0.0,0.0,130155,0,0,0,-0.976318359375,-0.006591796875,0.04150390625,0.9772223830223083,-2.251908302307129,-0.3206106722354889,-1.4351145029067993,1,2762.0,21513.94921875,18.290000915527344,1,0,3750,1,a3050000000000009ab3500001010000,1,0xBCE2
228,12,0,24576,5331895,0.0,0.0,-17.0,0.0,0.0,0.0,130225,0,0,0,-0.975830078125,0.0,0.04638671875,0.9769319891929626,-2.4885497093200684,-0.2748091518878937,-1.0916030406951904,1,2758.0,21520.109375,18.190000534057617,1,0,3744,1,a505000000000000743c510003010000,1,0x3879
229,12,1,24680,5361995,0.0,0.0,-17.0,0.0,0.0,0.0,130256,0,0,0,-0.97607421875,-0.0068359375,0.041015625,0.9769595265388489,-2.748091697692871,-0.30534350872039795,-0.9389312863349915,1,2760.0,21517.02734375,18.100000381469727,1,0,3776,1,a70500000000000046c5510005010000,1,0xC09A
230,12,2,24784,5392149,0.0,0.0,-17.0,0.0,0.0,0.0,130326,0,0,0,-0.96728515625,-0.015869140625,0.033447265625,0.9679933190345764,-2.9465649127960205,-0.15267175436019897,-1.0610686540603638,1,2759.0,21518.568359375,18.0,1,0,3763,1,a70500000000000046c5510005010000,0,0x39C7
231,12,3,24888,5422249,0.0,0.0,-17.0,0.0,0.0,0.0,130356,0,0,0,-0.9736328125,-0.011474609375,0.035888671875,0.9743615984916687,-2.534351110458374,-0.221374049782753,-1.427480936050415,1,2763.0,21512.412109375,17.90999984741211,1,0,3750,1,aa050000000000009f92520007010000,1,0xB5D7
232,12,4,24992,5452293,0.0,0.0,-17.0,0.0,0.0,0.0,130426,0,0,0,-0.977294921875,-0.004150390625,0.041748046875,0.9781950116157532,-2.824427366256714,-0.2748091518878937,-0.9236640930175781,1,2762.0,21513.94921875,17.809999465942383,1,0,3763,1,ac050000000000007b1b530009010000,1,0xE5B7
233,12,5,25096,5482297,0.0,0.0,-17.0,0.0,0.0,0.0,130456,0,0,0,-0.973388671875,-0.012939453125,0.041015625,0.9743383526802063,-2.6641221046447754,-0.1679389327764511,-1.427480936050415,1,2763.0,21512.412109375,17.709999084472656,1,0,3744,1,ae0500000000000054a453000b010000,1,0xBB2B
234,12,6,25200,5512370,0.0,0.0,-17.0,0.0,0.0,0.0,130526,0,0,0,-0.97998046875,-0.011962890625,0.036865234375,0.9807465672492981,-2.435114622116089,-0.15267175436019897,-1.5114504098892212,1,2768.0,21504.7265625,17.6200008392334,1,0,3760,1,ae0500000000000054a453000b010000,0,0x82F4
235,12,7,25304,5542377,0.0,0.0,-17.0,0.0,0.0,0.0,130556,0,0,0,-0.97802734375,0.0,0.037841796875,0.9787591695785522,-2.5267176628112793,-0.25190839171409607,-1.3435114622116089,1,2765.0,21509.3359375,17.530000686645508,1,0,3769,1,b105000000000000a87154000d010000,1,0xA8CF
236,12,8,25408,5572444,0.0,0.0,-17.0,0.0,0.0,0.0,130626,0,0,0,-0.96484375,-0.01318359375,0.044189453125,0.9659451246261597,-2.7709922790527344,-0.25954198837280273,-1.198473334312439,1,2765.0,21509.3359375,17.440000534057617,1,0,3737,1,b30500000000000084fa54000f010000,1,0x829B
237,12,9,25512,5602544,0.0,0.0,-17.0,0.0,0.0,0.0,130656,0,0,0,-0.969482421875,-0.015869140625,0.037841796875,0.970350444316864,-2.541984796524048,-0.1679389327764511,-1.4351145029067993,1,2769.0,21503.19140625,17.350000381469727,1,0,3747,1,b405000000000000fa3e550010010000,0,0xCE1F
238,12,10,25616,5632600,0.0,0.0,-17.0,0.0,0.0,0.0,130726,0,0,0,-0.97998046875,0.00341796875,0.03369140625,0.9805654287338257,-2.671755790710449,-0.09923664480447769,-1.0076335668563843,1,2771.0,21500.12109375,17.25,1,0,3740,1,b605000000000000eec7550012010000,1,0x2AD5
239,12,11,25720,5662700,0.0,0.0,-17.0,0.0,0.0,0.0,130756,0,0,0,-0.979736328125,-0.006591796875,0.034423828125,0.9803630709648132,-3.0534350872039795,-0.28244274854660034,-0.8625954389572144,1,2769.0,21503.19140625,17.15999984741211,1,0,3760,1,b805000000000000dd50560014010000,1,0xE0CD
240,12,12,25824,5692735,0.0,0.0,-17.0,0.0,0.0,0.0,130827,0,0,0,-0.973388671875,-0.012939453125,0.041748046875,0.974369466304779,-3.0,-0.1221374049782753,-0.8931297659873962,1,2773.0,21497.048828125,17.06999969482422,1,0,3769,1,b805000000000001dd50560014010000,0,0xD4E7
241,12,13,25928,5722835,0.0,0.0,-17.0,0.0,0.0,0.0,130857,0,0,0,-0.971923828125,-0.020751953125,0.038818359375,0.9729200601577759,-2.70992374420166,-0.221374049782753,-1.1908396482467651,1,2774.0,21495.517578125,16.979999542236328,1,0,3769,1,bb05000000000000e821570016010000,1,0xE4BD
242,12,14,26032,5752786,0.0,0.0,-17.0,0.0,0.0,0.0,130927,0,0,0,-0.978271484375,-0.005859375,0.040283203125,0.9791180491447449,-2.282442808151245,-0.06106870248913765,-1.503816843032837,1,2777.0,21490.919921875,16.889999389648438,1,0,3750,1,bd05000000000000a5aa570018010000,1,0x7500
243,12,15,26136,5782886,0.0,0.0,-17.0,0.0,0.0,0.0,130957,0,0,0,-0.9736328125,0.00244140625,0.04638671875,0.9747402667999268,-2.351145029067993,-0.37404578924179077,-1.3740458488464355,1,2774.0,21495.517578125,16.790000915527344,1,0,3766,1,bf05000000000000343358001a010000,1,0x9527
244,12,16,26240,5812966,0.0,0.0,-17.0,0.0,0.0,0.0,131027,0,0,0,-0.97119140625,-0.010009765625,0.04296875,0.9721930027008057,-2.8320610523223877,0.022900763899087906,-1.0992366075515747,1,2772.0,21498.5859375,16.700000762939453,1,0,3750,1,bf05000000000000343358001a010000,0,0x9257
245,12,17,26344,5843066,0.0,0.0,-17.0,0.0,0.0,0.0,131057,0,0,0,-0.9755859375,-0.016845703125,0.0400390625,0.9765525460243225,-2.580152750015259,-0.19083969295024872,-1.3511450290679932,1,2776.0,21492.453125,16.610000610351562,1,0,3753,1,c205000000000000340059001c010000,1,0x85DD
246,12,18,26448,5873144,0.0,0.0,-17.0,0.0,0.0,0.0,131127,0,0,0,-0.968017578125,-0.01708984375,0.041015625,0.9690368175506592,-2.5954198837280273,0.04580152779817581,-1.1526718139648438,1,2774.0,21495.517578125,16.520000457763672,1,0,3744,1,c405000000000000d78859001e010000,1,0x31F3
247,13,0,26624,5903244,0.0,0.0,-17.0,0.0,0.0,0.0,131157,0,0,0,-0.959716796875,-0.013916015625,0.03955078125,0.9606322050094604,-2.6946563720703125,-0.09923664480447769,-1.198473334312439,1,2774.0,21495.517578125,16.43000030517578,1,0,3760,1,c60500000000000086115a0020010000,1,0x2801
248,13,1,26728,5933293,0.0,0.0,-17.0,0.0,0.0,0.0,131227,0,0,0,-0.970458984375,-0.020263671875,0.03955078125,0.9714759588241577,-2.7328243255615234,-0.12977099418640137,-1.160305380821228,1,2778.0,21489.38671875,16.34000015258789,1,0,3750,1,c60500000000000086115a0020010000,1,0x6B14
249,13,2,26832,5963393,0.0,0.0,-17.0,0.0,0.0,0.0,131257,0,0,0,-0.964599609375,-0.010986328125,0.04345703125,0.9656405448913574,-2.7251908779144287,-0.1221374049782753,-1.122137427330017,1,2773.0,21497.048828125,16.25,1,0,3750,1,c9050000000000009ade5a0022010000,1,0xF7FC
250,13,3,26936,5993442,0.0,0.0,-17.0,0.0,0.0,0.0,131327,0,0,0,-0.97119140625,-0.00732421875,0.041748046875,0.9721158742904663,-2.8396947383880615,-0.1221374049782753,-1.0458015203475952,1,2776.0,21492.453125,16.170000076293945,1,0,3750,1,cb050000000000004e675b0023010000,1,0xDB35
251,13,4,27040,6023542,0.0,0.0,-17.0,0.0,0.0,0.0,131357,0,0,0,-0.970947265625,-0.01806640625,0.05224609375,0.9725197553634644,-2.580152750015259,-0.15267175436019897,-1.1374045610427856,1,2774.0,21495.517578125,16.06999969482422,1,0,3740,1,cc05000000000000a9ab5b0024010000,0,0x1ABE
252,13,5,27144,6053593,0.0,0.0,-17.0,0.0,0.0,0.0,131428,0,0,0,-0.972900390625,-0.012939453125,0.045654296875,0.9740569591522217,-2.8702290058135986,-0.1221374049782753,-0.8625954389572144,1,2778.0,21489.38671875,15.979999542236328,1,0,3744,1,ce050000000000006a345c0026010000,1,0x881F
253,13,6,27248,6083693,0.0,0.0,-17.0,0.0,0.0,0.0,131458,0,0,0,-0.965087890625,-0.01513671875,0.03564453125,0.9658645391464233,-2.9770991802215576,-0.10687022656202316,-0.9083969593048096,1,2774.0,21495.517578125,15.899999618530273,1,0,3766,1,d00500000000000027bd5c0028010000,1,0xE7AB
254,13,7,27352,6113750,0.0,0.0,-17.0,0.0,0.0,0.0,131528,0,0,0,-0.972900390625,0.00341796875,0.037841796875,0.9736420512199402,-2.328244209289551,-0.42748090624809265,-1.2137404680252075,1,2779.0,21487.85546875,15.800000190734863,1,0,3740,1,d205000000000000eb455d0029010000,1,0x7F57
255,13,8,27456,6143753,0.0,0.0,-17.0,0.0,0.0,0.0,131558,0,0,0,-0.9736328125,-0.0126953125,0.03369140625,0.9742982983589172,-2.786259651184082,-0.1679389327764511,-0.9236640930175781,1,2775.0,21493.984375,15.720000267028809,1,0,3747,1,d3050000000000004b8a5d002a010000,0,0xF3FD
256,13,9,27560,6173817,0.0,0.0,-17.0,0.0,0.0,0.0,131628,0,0,0,-0.979736328125,-0.00439453125,0.033203125,0.9803086519241333,-2.717557191848755,-0.20610687136650085,-1.0839694738388062,1,2776.0,21492.453125,15.630000114440918,1,0,3750,1,d5050000000000000d135e002c010000,1,0x532E
257,13,10,27664,6203832,0.0,0.0,-17.0,0.0,0.0,0.0,131658,0,0,0,-0.97314453125,-0.017333984375,0.040283203125,0.9741321802139282,-2.572519063949585,-0.15267175436019897,-1.2213740348815918,1,2776.0,21492.453125,15.550000190734863,1,0,3737,1,d705000000000000d39b5e002e010000,1,0x24D1
258,13,11,27768,6233900,0.0,0.0,-17.0,0.0,0.0,0.0,131728,0,0,0,-0.973876953125,-0.003662109375,0.03662109375,0.9745721220970154,-2.5496182441711426,-0.28244274854660034,-1.1755725145339966,1,2770.0,21501.65625,15.449999809265137,1,0,3747,1,d705000000000000d39b5e002e010000,0,0x1903
259,13,12,27872,6263901,0.0,0.0,-17.0,0.0,0.0,0.0,131758,0,0,0,-0.973388671875,-0.011962890625,0.0390625,0.9742456078529358,-2.4732823371887207,-0.221374049782753,-1.2748091220855713,1,2776.0,21492.453125,15.369999885559082,1,0,3728,1,da05000000000000fe685f0030010000,1,0x5AF7
260,13,13,27976,6293964,0.0,0.0,-17.0,0.0,0.0,0.0,131828,0,0,0,-0.971435546875,-0.016357421875,0.036376953125,0.9722540378570557,-2.5954198837280273,-0.2671755850315094,-1.3740458488464355,1,2776.0,21492.453125,15.289999961853027,1,0,3737,1,dc05000000000000d4f15f0032010000,1,0x2AA5
261,13,14,28080,6324064,0.0,0.0,-17.0,0.0,0.0,0.0,131858,0,0,0,-0.973388671875,0.007080078125,0.0390625,0.9741978645324707,-2.4427480697631836,-0.3129771053791046,-1.2824426889419556,1,2773.0,21497.048828125,15.1899995803833,1,0,3740,1,de050000000000009f7a600034010000,1,0x38B6
262,13,15,28184,6354137,0.0,0.0,-17.0,0.0,0.0,0.0,131928,0,0,0,-0.975341796875,-0.009033203125,0.0361328125,0.9760526418685913,-2.824427366256714,-0.17557251453399658,-0.7938931584358215,1,2772.0,21498.5859375,15.109999656677246,1,0,3740,1,de050000000000009f7a600034010000,0,0x5F83
263,13,16,28288,6384145,0.0,0.0,-17.0,0.0,0.0,0.0,131958,0,0,0,-0.9677734375,-0.014404296875,0.045166015625,0.9689338803291321,-2.8015267848968506,-0.13740457594394684,-0.9083969593048096,1,2776.0,21492.453125,15.020000457763672,1,0,3740,1,e105000000000000e147610036010000,1,0x8A1F
264,13,17,28392,6414191,0.0,0.0,-17.0,0.0,0.0,0.0,132028,0,0,0,-0.974853515625,-0.015380859375,0.03466796875,0.9755910038948059,-2.671755790710449,-0.09923664480447769,-1.267175555229187,1,2776.0,21492.453125,14.930000305175781,1,0,3734,1,e305000000000000ccd0610037010000,1,0x5A38
265,13,18,28496,6444192,0.0,0.0,-17.0,0.0,0.0,0.0,132058,0,0,0,-0.97705078125,-0.006591796875,0.03564453125,0.9777230024337769,-2.564885377883911,-0.25190839171409607,-1.0916030406951904,0,2777.0,21490.919921875,14.84000015258789,1,0,3740,1,e4050000000000001e15620038010000,0,0xEF64
266,14,0,28672,6474248,0.0,0.0,-17.0,0.0,0.0,0.0,132128,0,0,0,-0.972412109375,-0.01123046875,0.03955078125,0.9732809066772461,-2.7633588314056396,-0.5954198241233826,-1.3435114622116089,1,2779.0,21487.85546875,14.760000228881836,1,0,3744,1,e605000000000000009e62003a010000,1,0xE498
267,14,1,28776,6504348,0.0,0.0,-17.0,0.0,0.0,0.0,132159,0,0,0,-0.9765625,-0.00634765625,0.044677734375,0.9776045680046082,-2.6335878372192383,-0.35877862572669983,-1.1297709941864014,1,2782.0,21483.265625,14.670000076293945,1,0,3744,1,e805000000000000db2663003c010000,1,0x2FD2
268,14,2,28880,6534424,0.0,0.0,-17.0,0.0,0.0,0.0,132229,0,0,0,-0.97216796875,-0.0068359375,0.0390625,0.9729764461517334,-2.5954198837280273,-0.2748091518878937,-1.2137404680252075,0,2783.0,21481.734375,14.579999923706055,1,0,3744,1,ea05000000000000b7af63003d010000,1,0x7A22
269,14,3,28984,6564426,0.0,0.0,-17.0,0.0,0.0,0.0,132259,0,0,0,-0.975830078125,-0.02197265625,0.031005859375,0.9765697717666626,-2.717557191848755,-0.25190839171409607,-1.1679389476776123,1,2785.0,21478.67578125,14.489999771118164,1,0,3734,1,eb0500000000000029f463003e010000,0,0x4606
270,14,4,29088,6594477,0.0,0.0,-17.0,0.0,0.0,0.0,132329,0,0,0,-0.9697265625,-0.037353515625,0.044677734375,0.9714736342430115,-2.5954198837280273,-0.25954198837280273,-1.229007601737976,1,2730.0,21563.42578125,14.40999984741211,1,0,3744,1,ed05000000000000087d640040010000,1,0xA64A
271,14,5,29192,6624484,0.0,0.0,-17.0,0.0,0.0,0.0,132359,0,0,0,-0.94287109375,-0.03125,0.053466796875,0.9449027180671692,-6.473282337188721,0.6183205842971802,-3.3435113430023193,1,1632.0,23641.884765625,14.329999923706055,1,0,3734,1,ef05000000000000e605650042010000,1,0x902B
272,14,6,29296,6654544,0.0,0.0,-17.0,0.0,0.0,0.0,132429,0,0,0,-0.975830078125,-0.021240234375,0.04150390625,0.9769431948661804,-2.816793918609619,-0.05343511328101158,-1.1145038604736328,1,1073.0,25191.73046875,14.229999542236328,1,0,3756,1,ef05000000000000e605650042010000,0,0x8064
273,14,7,29400,6684644,0.0,0.0,-17.0,0.0,0.0,0.0,132459,0,0,0,-0.9833984375,-0.02294921875,0.03662109375,0.9843476414680481,-2.458015203475952,-0.15267175436019897,-1.1908396482467651,0,777.0,26303.203125,14.149999618530273,1,0,3731,1,f20500000000000040d3650044010000,1,0x942F
274,14,8,29504,6714686,0.0,0.0,-17.0,0.0,0.0,0.0,132529,0,0,0,-0.97265625,-0.0234375,0.037109375,0.9736460447311401,-2.5877861976623535,-0.21374045312404633,-1.2519084215164185,1,604.0,27124.306640625,14.069999694824219,1,0,3744,1,f405000000000000235c660046010000,1,0x1480
275,14,9,29608,6744691,0.0,0.0,-17.0,0.0,0.0,0.0,132559,0,0,0,-0.97314453125,-0.029296875,0.0302734375,0.9740560054779053,-2.648854970932007,0.2977099120616913,-0.7404580116271973,1,488.0,27789.435546875,13.979999542236328,1,0,3740,1,f60500000000000012e5660048010000,1,0xFE3D
276,14,10,29712,6774740,0.0,0.0,-17.0,0.0,0.0,0.0,132629,0,0,0,-0.970947265625,-0.02294921875,0.0390625,0.972003698348999,-2.5572519302368164,-0.09923664480447769,-1.198473334312439,1,507.0000305175781,27672.28125,13.899999618530273,1,0,3744,1,f705000000000000ba29670049010000,0,0x1848
277,14,11,29816,6804840,0.0,0.0,-17.0,0.0,0.0,0.0,132659,0,0,0,-0.9765625,-0.021484375,0.039306640625,0.9775893092155457,-2.671755790710449,-0.13740457594394684,-1.2061069011688232,1,505.0000305175781,27684.443359375,13.8100004196167,1,0,3747,1,f9050000000000007db267004b010000,1,0x5E34
278,14,12,29920,6834886,0.0,0.0,-17.0,0.0,0.0,0.0,132729,0,0,0,-0.981689453125,-0.015625,0.044921875,0.9828409552574158,-2.580152750015259,-0.19083969295024872,-1.1374045610427856,1,503.0000305175781,27696.646484375,13.729999542236328,1,0,3731,1,fb05000000000000063f68004c010000,1,0x7FBC
279,14,13,30024,6864986,0.0,0.0,-17.0,0.0,0.0,0.0,132759,0,0,0,-0.973876953125,-0.019775390625,0.03955078125,0.9748803377151489,-2.679389238357544,-0.22900763154029846,-1.2137404680252075,1,505.0000305175781,27684.443359375,13.65999984741211,1,0,3731,1,fc050000000000005f8368004d010000,0,0x3A16
280,14,14,30128,6895025,0.0,0.0,-17.0,0.0,0.0,0.0,132829,0,0,0,-0.972900390625,-0.017822265625,0.034912109375,0.9736897349357605,-2.389312982559204,-0.5190839767456055,-1.2061069011688232,1,508.0,27666.21484375,13.569999694824219,1,0,3740,1,fe05000000000000090c69004f010000,1,0x9DD3
281,14,15,30232,6925025,0.0,0.0,-17.0,0.0,0.0,0.0,132900,0,0,0,-0.977294921875,-0.010009765625,0.0234375,0.977627158164978,-2.427480936050415,-0.3129771053791046,-0.9541984796524048,1,515.0,27624.017578125,13.489999771118164,1,0,3728,1,0006000000000000ae94690051010000,1,0xADE3
282,14,16,30336,6955107,0.0,0.0,-17.0,0.0,0.0,0.0,132930,0,0,0,-0.970947265625,-0.03564453125,0.057861328125,0.9733226895332336,-2.786259651184082,-0.11450381577014923,-1.2366411685943604,1,515.0,27624.017578125,13.40999984741211,1,0,3737,1,0206000000000000621d6a0052010000,1,0xCF8E
283,14,17,30440,6985207,0.0,0.0,-17.0,0.0,0.0,0.0,133000,0,0,0,-0.97412109375,-0.039794921875,0.047119140625,0.9760715961456299,-2.580152750015259,-0.25190839171409607,-1.2137404680252075,1,522.0,27582.28125,13.329999923706055,1,0,3734,1,0306000000000000be616a0053010000,0,0xE704
284,14,18,30544,7015266,0.0,0.0,-17.0,0.0,0.0,0.0,133030,0,0,0,-0.982177734375,-0.01708984375,0.03515625,0.982955276966095,-2.221374034881592,-0.45038166642189026,-1.038167953491211,1,521.0,27588.21484375,13.25,1,0,3750,1,050600000000000063ea6a0055010000,1,0xF24B
285,15,0,30720,7045268,0.0,0.0,-17.0,0.0,0.0,0.0,133100,0,0,0,-0.973876953125,-0.02001953125,0.041259765625,0.9749561548233032,-2.7328243255615234,-0.04580152779817581,-1.3511450290679932,1,525.0,27564.529296875,13.170000076293945,1,0,3731,1,070600000000000013736b0057010000,1,0xF3FA
286,15,1,30824,7075365,0.0,0.0,-17.0,0.0,0.0,0.0,133130,0,0,0,-0.977783203125,-0.01904296875,0.037353515625,0.978681743144989,-2.419847249984741,-0.5114504098892212,-1.0152671337127686,1,533.0,27517.599609375,13.100000381469727,1,0,3731,1,070600000000000013736b0057010000,0,0x08DC
287,15,2,30928,7105366,0.0,0.0,-17.0,0.0,0.0,0.0,133200,0,0,0,-0.9716796875,-0.036865234375,0.04638671875,0.9734845757484436,-2.3664121627807617,-0.2442748099565506,-1.1755725145339966,1,532.0,27523.43359375,13.020000457763672,1,0,3712,1,0a0600000000000025406c0059010000,1,0x4B82
288,15,3,31032,7135467,0.0,0.0,-17.0,0.0,0.0,0.0,133230,0,0,0,-0.97509765625,-0.018798828125,0.0380859375,0.9760222434997559,-2.4732823371887207,-0.3358778655529022,-1.2442748546600342,1,536.0,27500.1484375,12.949999809265137,1,0,3734,1,0c06000000000000d5c86c005b010000,1,0x821C
289,15,4,31136,7165570,0.0,0.0,-17.0,0.0,0.0,0.0,133300,0,0,0,-0.97021484375,-0.029296875,0.05029296875,0.971959114074707,-2.6183207035064697,-0.06106870248913765,-1.2824426889419556,1,543.0,27459.732421875,12.880000114440918,1,0,3728,1,0e0600000000000099516d005d010000,1,0xFFA5
290,15,5,31240,7195605,0.0,0.0,-17.0,0.0,0.0,0.0,133330,0,0,0,-0.9677734375,-0.03076171875,0.044189453125,0.9692700505256653,-2.6335878372192383,-0.4122137427330017,-1.2213740348815918,1,544.0,27453.9921875,12.800000190734863,1,0,3734,1,0e0600000000000099516d005d010000,0,0x8BFA
291,15,6,31344,7225705,0.0,0.0,-17.0,0.0,0.0,0.0,133400,0,0,0,-0.975830078125,-0.01904296875,0.03271484375,0.9765639901161194,-2.351145029067993,-0.4885496199131012,-1.0687023401260376,1,548.0,27431.12109375,12.739999771118164,1,0,3721,1,1106000000000000be1e6e005f010000,1,0x590A
292,15,7,31448,7255777,0.0,0.0,-17.0,0.0,0.0,0.0,133430,0,0,0,-0.97509765625,-0.033935546875,0.048828125,0.9769090414047241,-2.572519063949585,-0.21374045312404633,-1.2137404680252075,1,549.0,27425.423828125,12.65999984741211,1,0,3728,1,130600000000000080a76e0060010000,1,0xA96C
293,15,8,31552,7285877,0.0,0.0,-17.0,0.0,0.0,0.0,133501,0,0,0,-0.9736328125,-0.029296875,0.038818359375,0.9748466610908508,-2.4503817558288574,-0.30534350872039795,-1.0610686540603638,1,548.0,27431.12109375,12.59000015258789,1,0,3731,1,1406000000000000e2eb6e0061010000,0,0xBE65
294,15,9,31656,7315955,0.0,0.0,-17.0,0.0,0.0,0.0,133531,0,0,0,-0.964111328125,-0.02880859375,0.039306640625,0.9653422236442566,-2.541984796524048,-0.1679389327764511,-0.9541984796524048,1,555.0,27391.41796875,12.529999732971191,1,0,3715,1,1606000000000000a0746f0063010000,1,0x81A4
295,15,10,31760,7346055,0.0,0.0,-17.0,0.0,0.0,0.0,133601,0,0,0,-0.979736328125,-0.029296875,0.044921875,0.9812031388282776,-2.435114622116089,-0.37404578924179077,-1.0687023401260376,1,557.0,27380.146484375,12.460000038146973,1,0,3718,1,18060000000000007afd6f0065010000,1,0x36A9
296,15,11,31864,7376136,0.0,0.0,-17.0,0.0,0.0,0.0,133631,0,0,0,-0.9755859375,-0.02294921875,0.04443359375,0.9768669009208679,-2.8778626918792725,0.04580152779817581,-1.2061069011688232,1,554.0,27397.0625,12.390000343322754,1,0,3724,1,1a060000000000003886700066010000,1,0x6DDC
297,15,12,31968,7406140,0.0,0.0,-17.0,0.0,0.0,0.0,133701,0,0,0,-0.979248046875,-0.034912109375,0.0458984375,0.9809445738792419,-2.8702290058135986,-0.20610687136650085,-1.106870174407959,1,558.0,27374.5234375,12.319999694824219,1,0,3740,1,1b0600000000000094ca700067010000,0,0x4E41
298,15,13,32072,7436217,0.0,0.0,-17.0,0.0,0.0,0.0,133731,0,0,0,-0.970458984375,-0.0283203125,0.0537109375,0.9723566770553589,-2.610687017440796,0.015267175622284412,-1.0534350872039795,1,555.0,27391.41796875,12.260000228881836,1,0,3728,1,1d060000000000006253710069010000,1,0xF9E0
299,15,14,32176,7466317,0.0,0.0,-17.0,0.0,0.0,0.0,133801,0,0,0,-0.967041015625,-0.0205078125,0.03466796875,0.9678795337677002,-2.5877861976623535,-0.1679389327764511,-1.1679389476776123,1,558.0,27374.5234375,12.199999809265137,1,0,3740,1,1f060000000000003adc71006b010000,1,0x77AC
300,15,15,32280,7496400,0.0,0.0,-17.0,0.0,0.0,0.0,133831,0,0,0,-0.9697265625,-0.01416015625,0.02783203125,0.9702292084693909,-2.641221284866333,-0.07633587718009949,-1.4198473691940308,1,562.0,27352.1171875,12.130000114440918,1,0,3721,1,1f060000000000003adc71006b010000,0,0xF7C0
301,15,16,32384,7526500,0.0,0.0,-17.0,0.0,0.0,0.0,133901,0,0,0,-0.97314453125,-0.025146484375,0.05078125,0.9747929573059082,-2.786259651184082,0.038167938590049744,-1.1755725145339966,1,561.0,27357.708984375,12.069999694824219,1,0,3718,1,22060000000000006ea972006d010000,1,0xA6BC
302,15,17,32488,7556549,0.0,0.0,-17.0,0.0,0.0,0.0,133931,0,0,0,-0.9912109375,-0.024169921875,0.03076171875,0.991982638835907,-2.7022900581359863,0.0,-1.2213740348815918,1,559.0,27368.912109375,12.010000228881836,1,0,3718,1,2406000000000000483273006e010000,1,0x057F
303,15,18,32592,7586649,0.0,0.0,-17.0,0.0,0.0,0.0,134002,0,0,0,-0.974609375,-0.037841796875,0.04638671875,0.9764462113380432,-2.5267176628112793,-0.22900763154029846,-1.106870174407959,1,565.0,27335.396484375,11.9399995803833,1,0,3731,1,260600000000000020bb730070010000,1,0x145B
304,16,0,32768,7616692,0.0,0.0,-17.0,0.0,0.0,0.0,134032,0,0,0,-0.988525390625,-0.01904296875,0.031494140625,0.9892102479934692,-2.4045801162719727,-0.10687022656202316,-1.0916030406951904,1,561.0,27357.708984375,11.890000343322754,1,0,3724,1,270600000000000091ff730071010000,0,0x3A5C
305,16,1,32872,7646792,0.0,0.0,-17.0,0.0,0.0,0.0,134102,0,0,0,-0.981689453125,-0.017578125,0.031494140625,0.9823517799377441,-2.5496182441711426,-0.1679389327764511,-1.305343508720398,1,563.0,27346.537109375,11.819999694824219,1,0,3740,1,29060000000000006d88740073010000,1,0x4D24
306,16,2,32976,7676845,0.0,0.0,-17.0,0.0,0.0,0.0,134132,0,0,0,-0.970703125,-0.016845703125,0.03369140625,0.971433699131012,-2.351145029067993,-0.442748099565506,-1.14503812789917,1,562.0,27352.1171875,11.760000228881836,1,0,3731,1,2b060000000000004511750074010000,1,0xC1D4
307,16,3,33080,7706945,0.0,0.0,-17.0,0.0,0.0,0.0,134202,0,0,0,-0.9794921875,-0.029296875,0.029541015625,0.9803754091262817,-2.641221284866333,0.06870228797197342,-1.2900763750076294,1,567.0,27324.2890625,11.699999809265137,1,0,3744,1,2c06000000000000e255750075010000,0,0xC923
308,16,4,33184,7736993,0.0,0.0,-17.0,0.0,0.0,0.0,134232,0,0,0,-0.970947265625,-0.026123046875,0.04296875,0.9722486138343811,-2.5190839767456055,-0.17557251453399658,-1.0458015203475952,1,564.0,27340.9609375,11.640000343322754,1,0,3728,1,2e060000000000009fde750077010000,1,0x978D
309,16,5,33288,7767093,0.0,0.0,-17.0,0.0,0.0,0.0,134302,0,0,0,-0.9677734375,-0.018798828125,0.03125,0.9684603214263916,-2.3435113430023193,-0.015267175622284412,-1.1526718139648438,1,567.0,27324.2890625,11.579999923706055,1,0,3718,1,30060000000000007867760079010000,1,0x537E
310,16,6,33392,7797159,0.0,0.0,-17.0,0.0,0.0,0.0,134332,0,0,0,-0.971923828125,-0.017578125,0.026123046875,0.9724336862564087,-2.3435113430023193,-0.35877862572669983,-1.0763359069824219,1,565.0,27335.396484375,11.520000457763672,1,0,3731,1,32060000000000005df076007a010000,1,0xC727
311,16,7,33496,7827261,0.0,0.0,-17.0,0.0,0.0,0.0,134402,0,0,0,-0.9873046875,-0.02294921875,0.02099609375,0.9877945184707642,-2.4809160232543945,-0.09160305559635162,-1.0610686540603638,1,567.0,27324.2890625,11.460000038146973,1,0,3731,1,3306000000000000d03477007b010000,0,0x41AC
312,16,8,33600,7857323,0.0,0.0,-17.0,0.0,0.0,0.0,134432,0,0,0,-0.968017578125,-0.021240234375,0.0478515625,0.9694322943687439,-2.786259651184082,0.1450381726026535,-1.1832060813903809,1,571.0,27302.16796875,11.399999618530273,1,0,3731,1,3506000000000000babd77007d010000,1,0xF43D
313,16,9,33704,7887325,0.0,0.0,-17.0,0.0,0.0,0.0,134502,0,0,0,-0.9619140625,-0.0087890625,0.0439453125,0.962957501411438,-2.213740348815918,-0.35114502906799316,-0.9923664331436157,1,572.0,27296.65625,11.329999923706055,1,0,3718,1,3706000000000000964678007f010000,1,0xC1D2
314,16,10,33808,7917390,0.0,0.0,-17.0,0.0,0.0,0.0,134532,0,0,0,-0.97412109375,-0.03076171875,0.03369140625,0.9751888513565063,-2.396946668624878,-0.25190839171409607,-1.2442748546600342,1,570.0,27307.685546875,11.279999732971191,1,0,3705,1,3706000000000000964678007f010000,0,0x9892
315,16,11,33912,7947490,0.0,0.0,-17.0,0.0,0.0,0.0,134603,0,0,0,-0.976318359375,-0.035888671875,0.034912109375,0.9776013493537903,-2.3053436279296875,-0.21374045312404633,-1.0763359069824219,1,572.0,27296.65625,11.220000267028809,1,0,3712,1,3a06000000000000c617790081010000,1,0x2D53
316,16,12,34016,7977535,0.0,0.0,-17.0,0.0,0.0,0.0,134633,0,0,0,-0.982421875,-0.0126953125,0.034423828125,0.983106791973114,-2.4045801162719727,-0.3358778655529022,-1.122137427330017,1,572.0,27296.65625,11.15999984741211,1,0,3731,1,3c060000000000006ca0790082010000,1,0xD6C8
317,16,13,34120,8007635,0.0,0.0,-17.0,0.0,0.0,0.0,134703,0,0,0,-0.976318359375,-0.0244140625,0.02880859375,0.977048397064209,-2.7022900581359863,-0.022900763899087906,-1.2824426889419556,1,576.0,27274.693359375,11.100000381469727,1,0,3705,1,3e0600000000000017297a0084010000,1,0x0412
318,16,14,34224,8037702,0.0,0.0,-17.0,0.0,0.0,0.0,134733,0,0,0,-0.982666015625,-0.013916015625,0.034912109375,0.9833844900131226,-2.29007625579834,-0.4122137427330017,-0.8931297659873962,1,573.0,27291.154296875,11.029999732971191,1,0,3152,1,3f06000000000000676d7a0085010000,0,0xA036
319,16,15,34328,8067802,0.0,0.0,-17.0,0.0,0.0,0.0,134803,0,0,0,-0.9658203125,-0.0244140625,0.038330078125,0.9668889045715332,-2.8473281860351562,0.04580152779817581,-1.2137404680252075,1,573.0,27291.154296875,10.979999542236328,1,0,3702,1,410600000000000008f67a0087010000,1,0x876B
320,16,16,34432,8097846,0.0,0.0,-17.0,0.0,0.0,0.0,134833,0,0,0,-0.983642578125,-0.031005859375,0.045166015625,0.9851670265197754,-2.5496182441711426,-0.3664122223854065,-1.2061069011688232,1,573.0,27291.154296875,10.920000076293945,1,0,3718,1,4306000000000000e87e7b0088010000,1,0x7099
321,16,17,34536,8127946,0.0,0.0,-17.0,0.0,0.0,0.0,134903,0,0,0,-0.9892578125,-0.031494140625,0.040771484375,0.9905984401702881,-2.4122138023376465,-0.4198473393917084,-1.0687023401260376,1,575.0,27280.173828125,10.859999656677246,1,0,3718,1,44060000000000001dc37b0089010000,0,0x3AC3
322,16,18,34640,8157987,0.0,0.0,-17.0,0.0,0.0,0.0,134933,0,0,0,-0.972412109375,-0.02685546875,0.048095703125,0.9739711284637451,-2.8778626918792725,0.030534351244568825,-1.3511450290679932,1,577.0,27269.220703125,10.800000190734863,1,0,3718,1,4606000000000000b94b7c008b010000,1,0xD33B
323,17,0,34816,8188087,0.0,0.0,-17.0,0.0,0.0,0.0,135003,0,0,0,-0.9755859375,-0.041259765625,0.037109375,0.9771629571914673,-2.6335878372192383,-0.15267175436019897,-1.0152671337127686,1,576.0,27274.693359375,10.739999771118164,1,0,3705,1,480600000000000068d47c008d010000,1,0xE2B0
324,17,1,34920,8218144,0.0,0.0,-17.0,0.0,0.0,0.0,135033,0,0,0,-0.982177734375,-0.014404296875,0.036865234375,0.9829748868942261,-2.2977099418640137,-0.3358778655529022,-1.267175555229187,1,578.0,27263.7578125,10.680000305175781,1,0,3718,1,4a060000000000001e5d7d008e010000,1,0x9B06
325,17,2,35024,8248244,0.0,0.0,-17.0,0.0,0.0,0.0,135104,0,0,0,-0.9833984375,-0.015869140625,0.02685546875,0.9838930368423462,-2.419847249984741,-0.23664122819900513,-1.2061069011688232,1,577.0,27269.220703125,10.619999885559082,1,0,3696,1,4b060000000000007ba17d008f010000,0,0x6E10
326,17,3,35128,8278299,0.0,0.0,-17.0,0.0,0.0,0.0,135134,0,0,0,-0.968994140625,-0.026611328125,0.044677734375,0.9703885316848755,-2.534351110458374,-0.2671755850315094,-1.160305380821228,1,576.0,27274.693359375,10.5600004196167,1,0,3708,1,4d06000000000000512a7e0091010000,1,0x03E0
327,17,4,35232,8308399,0.0,0.0,-17.0,0.0,0.0,0.0,135204,0,0,0,-0.984375,-0.0107421875,0.036376953125,0.9851055145263672,-2.351145029067993,-0.23664122819900513,-1.2137404680252075,1,580.0,27252.8515625,10.5,1,0,3705,1,4f0600000000000009b37e0093010000,1,0xA6E6
328,17,5,35336,8338440,0.0,0.0,-17.0,0.0,0.0,0.0,135234,0,0,0,-0.9599609375,-0.02880859375,0.037353515625,0.9611192345619202,-2.572519063949585,-0.12977099418640137,-1.3206106424331665,1,579.0,27258.30078125,10.430000305175781,1,0,3705,1,5106000000000000c33b7f0095010000,1,0x4B51
329,17,6,35440,8368540,0.0,0.0,-17.0,0.0,0.0,0.0,135304,0,0,0,-0.982666015625,-0.02001953125,0.031005859375,0.9833588600158691,-2.3358778953552246,-0.49618321657180786,-1.0992366075515747,1,578.0,27263.7578125,10.380000114440918,1,0,3692,1,52060000000000001f807f0096010000,1,0x90EF
330,17,7,35544,8398592,0.0,0.0,-17.0,0.0,0.0,0.0,135334,0,0,0,-0.975830078125,-0.033447265625,0.035888671875,0.977062463760376,-2.3816792964935303,-0.2671755850315094,-1.0992366075515747,1,582.0,27241.9765625,10.3100004196167,1,0,3731,1,5406000000000000c208800097010000,1,0xD94D
331,17,8,35648,8428692,0.0,0.0,-17.0,0.0,0.0,0.0,135404,0,0,0,-0.98095703125,-0.01953125,0.02587890625,0.9814926981925964,-2.4427480697631836,-0.23664122819900513,-1.1526718139648438,1,580.0,27252.8515625,10.260000228881836,1,0,3718,1,56060000000000008091800099010000,1,0x2486
332,17,9,35752,8458752,0.0,0.0,-17.0,0.0,0.0,0.0,135434,0,0,0,-0.982421875,-0.0166015625,0.02978515625,0.9830135107040405,-2.4809160232543945,-0.22900763154029846,-1.229007601737976,1,577.0,27269.220703125,10.199999809265137,1,0,3587,1,5706000000000000e5d580009a010000,0,0x93C9
333,17,10,35856,8488852,0.0,0.0,-17.0,0.0,0.0,0.0,135504,0,0,0,-0.972900390625,-0.023193359375,0.041748046875,0.9740718603134155,-2.7251908779144287,0.06870228797197342,-1.1297709941864014,1,582.0,27241.9765625,10.130000114440918,1,0,3702,1,5906000000000000b25e81009c010000,1,0xBD8B
334,17,11,35960,8518913,0.0,0.0,-17.0,0.0,0.0,0.0,135534,0,0,0,-0.970703125,-0.028564453125,0.04736328125,0.9722776412963867,-2.6641221046447754,-0.19083969295024872,-1.1374045610427856,1,582.0,27241.9765625,10.079999923706055,1,0,3718,1,5b0600000000000083e781009d010000,1,0x3F3E
335,17,12,36064,8549013,0.0,0.0,-17.0,0.0,0.0,0.0,135604,0,0,0,-0.9765625,-0.019287109375,0.038818359375,0.9775239825248718,-2.503816843032837,-0.4122137427330017,-1.1145038604736328,1,584.0,27231.1328125,10.010000228881836,1,0,3715,1,5d06000000000000517082009f010000,1,0xE106
336,17,13,36168,8579071,0.0,0.0,-17.0,0.0,0.0,0.0,135635,0,0,0,-0.973876953125,-0.033203125,0.048828125,0.9756653904914856,-2.7251908779144287,0.1679389327764511,-1.1832060813903809,1,584.0,27231.1328125,9.949999809265137,1,0,3708,1,5e06000000000000bdb48200a0010000,1,0xDB69
337,17,14,36272,8609076,0.0,0.0,-17.0,0.0,0.0,0.0,135705,0,0,0,-0.9677734375,-0.0302734375,0.050537109375,0.9695647954940796,-2.3816792964935303,-0.221374049782753,-1.1908396482467651,1,583.0,27236.548828125,9.890000343322754,1,0,3718,1,60060000000000008d3d8300a2010000,1,0x87E0
338,17,15,36376,8639232,0.0,0.0,-17.0,0.0,0.0,0.0,135735,0,0,0,-0.97314453125,-0.029541015625,0.051513671875,0.9749546647071838,-2.6259541511535645,-0.1221374049782753,-1.198473334312439,1,582.0,27241.9765625,9.829999923706055,1,0,3708,1,620600000000000068c68300a3010000,1,0x47F3
339,17,16,36480,8669332,0.0,0.0,-17.0,0.0,0.0,0.0,135805,0,0,0,-0.969970703125,-0.029541015625,0.040283203125,0.9712561964988708,-2.5572519302368164,-0.30534350872039795,-1.0610686540603638,1,586.0,27220.31640625,9.760000228881836,1,0,3721,1,6306000000000000d40a8400a4010000,0,0xECD3
340,17,17,36584,8699409,0.0,0.0,-17.0,0.0,0.0,0.0,135835,0,0,0,-0.971923828125,-0.033447265625,0.044921875,0.9735361337661743,-2.6335878372192383,-0.022900763899087906,-1.2061069011688232,1,584.0,27231.1328125,9.710000038146973,1,0,3718,1,6506000000000000a8938400a6010000,1,0x2460
341,17,18,36688,8729412,0.0,0.0,-17.0,0.0,0.0,0.0,135905,0,0,0,-0.97119140625,-0.02197265625,0.0380859375,0.972186267375946,-2.3358778953552246,-0.25190839171409607,-1.14503812789917,1,586.0,27220.31640625,9.640000343322754,1,0,3702,1,67060000000000007f1c8500a8010000,1,0x2B95
342,18,0,36864,8759479,0.0,0.0,-17.0,0.0,0.0,0.0,135935,0,0,0,-0.975830078125,-0.017333984375,0.03857421875,0.9767460227012634,-2.3740458488464355,-0.38167938590049744,-1.0916030406951904,1,586.0,27220.31640625,9.579999923706055,1,0,3708,1,690600000000000056a58500aa010000,1,0x4DE8
343,18,1,36968,8789580,0.0,0.0,-17.0,0.0,0.0,0.0,140005,0,0,0,-0.97412109375,-0.0166015625,0.029296875,0.9747029542922974,-2.6564886569976807,-0.1679389327764511,-1.2137404680252075,1,590.0,27198.775390625,9.529999732971191,1,0,3708,1,6a06000000000000c4e98500ab010000,0,0xB2B2
344,18,2,37072,8819655,0.0,0.0,-17.0,0.0,0.0,0.0,140035,0,0,0,-0.97509765625,-0.018798828125,0.0361328125,0.9759479761123657,-2.6564886569976807,-0.030534351244568825,-1.305343508720398,1,587.0,27214.919921875,9.460000038146973,1,0,3689,1,6c060000000000009c728600ac010000,1,0x79F6
345,18,3,37176,8849656,0.0,0.0,-17.0,0.0,0.0,0.0,140105,0,0,0,-0.96826171875,-0.030029296875,0.041259765625,0.9696055054664612,-2.389312982559204,-0.25954198837280273,-0.9618320465087891,1,590.0,27198.775390625,9.399999618530273,1,0,3692,1,6e0600000000000080fb8600ae010000,1,0x1945
346,18,4,37280,8879758,0.0,0.0,-17.0,0.0,0.0,0.0,140135,0,0,0,-0.9736328125,-0.014404296875,0.032958984375,0.9742969870567322,-2.396946668624878,-0.290076345205307,-1.1526718139648438,1,588.0,27209.533203125,9.329999923706055,1,0,3715,1,6f06000000000000f33f8700af010000,0,0x1B02
347,18,5,37384,8909858,0.0,0.0,-17.0,0.0,0.0,0.0,140206,0,0,0,-0.979248046875,-0.01611328125,0.032958984375,0.9799350500106812,-2.2366411685943604,-0.3206106722354889,-1.0534350872039795,1,587.0,27214.919921875,9.279999732971191,1,0,3689,1,7106000000000000d0c88700b1010000,1,0x54F5
348,18,6,37488,8939896,0.0,0.0,-17.0,0.0,0.0,0.0,140236,0,0,0,-0.9765625,-0.02734375,0.0380859375,0.9776873588562012,-2.4809160232543945,-0.21374045312404633,-1.2061069011688232,1,590.0,27198.775390625,9.210000038146973,1,0,3702,1,7306000000000000d6518800b2010000,1,0xCA7F
349,18,7,37592,8969996,0.0,0.0,-17.0,0.0,0.0,0.0,140306,0,0,0,-0.980712890625,-0.025390625,0.0380859375,0.9817805290222168,-2.496183156967163,-0.23664122819900513,-1.229007601737976,1,589.0,27204.150390625,9.149999618530273,1,0,3689,1,7506000000000000a3da8800b4010000,1,0xDAFA
350,18,8,37696,9000049,0.0,0.0,-17.0,0.0,0.0,0.0,140336,0,0,0,-0.97802734375,-0.027587890625,0.048095703125,0.9795977473258972,-2.679389238357544,-0.05343511328101158,-1.229007601737976,1,591.0,27193.412109375,9.079999923706055,1,0,3702,1,7606000000000000181f8900b5010000,0,0x4D2E
351,18,9,37800,9030054,0.0,0.0,-17.0,0.0,0.0,0.0,140406,0,0,0,-0.97119140625,-0.03564453125,0.045654296875,0.9729170799255371,-2.641221284866333,-0.09923664480447769,-1.1832060813903809,1,587.0,27214.919921875,9.020000457763672,1,0,3689,1,78060000000000000ba88900b7010000,1,0x5DE2
352,18,10,37904,9060093,0.0,0.0,-17.0,0.0,0.0,0.0,140436,0,0,0,-0.9765625,-0.0234375,0.040771484375,0.9776942133903503,-2.8320610523223877,0.022900763899087906,-1.3587785959243774,1,593.0,27182.69921875,8.960000038146973,1,0,3705,1,7a06000000000000b6348a00b8010000,1,0xC8DC
353,18,11,38008,9090096,0.0,0.0,-17.0,0.0,0.0,0.0,140506,0,0,0,-0.97119140625,-0.02880859375,0.039306640625,0.9724133610725403,-2.4885497093200684,-0.4351145029067993,-1.14503812789917,1,597.0,27161.3671875,8.899999618530273,1,0,3696,1,7b060000000000000d798a00b9010000,0,0xCBB3
354,18,12,38112,9120145,0.0,0.0,-17.0,0.0,0.0,0.0,140536,0,0,0,-0.971923828125,-0.03515625,0.04638671875,0.9736650586128235,-2.5496182441711426,-0.20610687136650085,-1.3206106424331665,1,591.0,27193.412109375,8.829999923706055,1,0,3683,1,7d06000000000000b2018b00ba010000,1,0xDF15
355,18,13,38216,9150245,0.0,0.0,-17.0,0.0,0.0,0.0,140606,0,0,0,-0.972412109375,-0.037109375,0.048583984375,0.9743319749832153,-2.641221284866333,0.015267175622284412,-1.2519084215164185,1,594.0,27177.357421875,8.770000457763672,1,0,3689,1,7f060000000000005d8a8b00bc010000,1,0x716E
356,18,14,38320,9180289,0.0,0.0,-17.0,0.0,0.0,0.0,140636,0,0,0,-0.974853515625,-0.024658203125,0.043701171875,0.976144015789032,-2.4122138023376465,-0.3129771053791046,-1.106870174407959,1,595.0,27172.01953125,8.699999809265137,1,0,3686,1,81060000000000000b138c00be010000,1,0xCB5D
357,18,15,38424,9210389,0.0,0.0,-17.0,0.0,0.0,0.0,140706,0,0,0,-0.97509765625,-0.026123046875,0.043701171875,0.9764259457588196,-2.564885377883911,-0.221374049782753,-1.267175555229187,1,598.0,27156.05078125,8.630000114440918,1,0,3676,1,820600000000000067578c00bf010000,1,0x9FBC
358,18,16,38528,9240442,0.0,0.0,-17.0,0.0,0.0,0.0,140736,0,0,0,-0.97314453125,-0.0224609375,0.034423828125,0.9740121960639954,-2.5190839767456055,-0.12977099418640137,-1.0687023401260376,1,600.0,27145.439453125,8.569999694824219,1,0,3702,1,840600000000000015e08c00c0010000,1,0xE640
359,18,17,38632,9270344,0.0,0.0,-17.0,0.0,0.0,0.0,140807,0,0,0,-0.978515625,-0.021728515625,0.03125,0.9792556166648865,-2.534351110458374,-0.17557251453399658,-1.1908396482467651,0,599.0,27150.7421875,8.489999771118164,1,0,3705,1,8606000000000000bb688d00c2010000,1,0x28BC
360,18,18,38736,9301541,0.0,0.0,-17.0,0.0,0.0,0.0,140837,0,0,0,-0.97119140625,-0.02783203125,0.037353515625,0.9723079204559326,-2.5954198837280273,-0.28244274854660034,-1.1908396482467651,1,606.0,27113.78515625,8.4399995803833,1,0,3696,1,870600000000000014ad8d00c3010000,0,0x6B1D
361,19,0,38912,9331541,0.0,0.0,0.0,0.0,0.0,0.0,0,0,0,0,-0.976806640625,-0.02587890625,0.031494140625,0.9776567816734314,-2.5267176628112793,-0.30534350872039795,-1.0763359069824219,1,605.0,27119.04296875,8.34000015258789,1,0,3689,1,8906000000000000bc358e00c5010000,1,0x76E4
362,19,1,39016,9368819,0.0,0.0,-17.0,0.0,0.0,0.0,140945,0,0,0,-0.971435546875,-0.024169921875,0.039794921875,0.9725506901741028,-2.4122138023376465,-0.25954198837280273,-1.1526718139648438,1,608.0,27103.287109375,8.300000190734863,1,0,3696,1,8b0600000000000077be8e00c6010000,0,0x2613
363,19,2,39120,9398767,0.0,0.0,0.0,0.0,0.0,0.0,0,0,0,0,-0.982666015625,-0.02392578125,0.037841796875,0.9836853742599487,-2.465648889541626,-0.05343511328101158,-1.2366411685943604,1,609.0,27098.048828125,8.199999809265137,1,0,3686,1,8d0600000000000036478f00c8010000,1,0x88BF
364,19,3,39224,9429882,0.0,0.0,-17.0,0.0,0.0,0.0,141046,0,0,0,-0.978271484375,-0.023681640625,0.039794921875,0.9793668985366821,-2.465648889541626,-0.20610687136650085,-1.1679389476776123,1,611.0,27087.59375,8.140000343322754,1,0,3686,1,8f06000000000000e9cf8f00ca010000,1,0x3547
365,19,4,39328,9459849,0.0,0.0,0.0,0.0,0.0,0.0,0,0,0,0,-0.96875,-0.02001953125,0.030517578125,0.969437301158905,-2.580152750015259,-0.23664122819900513,-1.0610686540603638,1,611.0,27087.59375,8.069999694824219,1,0,3721,1,900600000000000044149000cb010000,1,0xE7F7
366,19,5,39432,9489949,0.0,0.0,-17.0,0.0,0.0,0.0,141146,0,0,0,-0.970703125,-0.0263671875,0.037353515625,0.9717793464660645,-2.3740458488464355,-0.1450381726026535,-1.1374045610427856,0,612.0,27082.37890625,8.010000228881836,1,0,3667,1,92060000000000000d9d9000cc010000,1,0x2AD5
367,19,6,39536,9520020,0.0,0.0,0.0,0.0,0.0,0.0,0,0,0,0,-0.976806640625,-0.024169921875,0.028564453125,0.9775230288505554,-2.396946668624878,-0.015267175622284412,-1.1679389476776123,1,616.0,27061.578125,7.929999828338623,1,0,3689,1,9406000000000000f83e9100ce010000,1,0xEE75
368,19,7,39640,9550120,0.0,0.0,-17.0,0.0,0.0,0.0,141246,0,0,0,-0.97412109375,-0.02685546875,0.0419921875,0.9753955602645874,-2.3816792964935303,-0.21374045312404633,-1.2213740348815918,1,618.0,27051.220703125,7.869999885559082,1,0,3696,1,960600000000000099ae9100d0010000,1,0x6387
369,19,8,39744,9580180,0.0,0.0,0.0,0.0,0.0,0.0,0,0,0,0,-0.96875,-0.027099609375,0.041748046875,0.97002774477005,-2.580152750015259,-0.10687022656202316,-1.2137404680252075,1,620.0,27040.888671875,7.789999961853027,1,0,3696,1,970600000000000001f39100d1010000,0,0xDF74
370,19,9,39848,9610280,0.0,0.0,-17.0,0.0,0.0,0.0,141346,0,0,0,-0.97900390625,-0.023193359375,0.030029296875,0.9797388911247253,-2.6259541511535645,-0.08396946638822556,-1.2137404680252075,1,619.0,27046.052734375,7.730000019073486,1,0,3676,1,9906000000000000c77b9200d3010000,1,0xB06B
371,19,10,39952,9640335,0.0,0.0,0.0,0.0,0.0,0.0,0,0,0,0,-0.9765625,-0.02197265625,0.032958984375,0.9773655533790588,-2.534351110458374,-0.12977099418640137,-1.1908396482467651,1,625.0,27015.1796875,7.650000095367432,1,0,3686,1,9a060000000000012dc09200d4010000,0,0x1826
372,19,11,40056,9670339,0.0,0.0,-17.0,0.0,0.0,0.0,141446,0,0,0,-0.97412109375,-0.01904296875,0.0341796875,0.9749065637588501,-2.465648889541626,-0.2977099120616913,-1.038167953491211,1,623.0,27025.443359375,7.579999923706055,1,0,3696,1,9d060000000000005e8d9300d6010000,1,0xB7ED
373,19,12,40160,9700395,0.0,0.0,-17.0,0.0,0.0,0.0,141517,0,0,0,-0.971923828125,-0.024169921875,0.04443359375,0.9732391834259033,-2.320610761642456,-0.04580152779817581,-1.2748091220855713,1,625.0,27015.1796875,7.510000228881836,1,0,3676,1,9e06000000000000c7d19300d7010000,1,0xC5BD
374,19,13,40264,9730463,0.0,0.0,-17.0,0.0,0.0,0.0,141547,0,0,0,-0.974609375,-0.026611328125,0.03662109375,0.9756601452827454,-2.3740458488464355,-0.25190839171409607,-1.0916030406951904,1,627.0,27004.943359375,7.440000057220459,1,0,3667,1,a0060000000000008f5a9400d9010000,1,0xD6B2
375,19,14,40368,9760505,0.0,0.0,-17.0,0.0,0.0,0.0,141617,0,0,0,-0.9697265625,-0.02294921875,0.04248046875,0.9709278345108032,-2.4122138023376465,-0.11450381577014923,-1.122137427330017,1,633.0,26974.388671875,7.369999885559082,1,0,3689,1,a106000000000000f69e9400da010000,1,0x9397
376,19,15,40472,9790517,0.0,0.0,-17.0,0.0,0.0,0.0,141647,0,0,0,-0.974365234375,-0.025390625,0.044677734375,0.9757194519042969,-2.5496182441711426,-0.06106870248913765,-1.1832060813903809,0,629.0,26994.73046875,7.300000190734863,1,0,3689,1,a306000000000000cb279500db010000,0,0x541B
377,19,16,40576,9820570,0.0,0.0,-17.0,0.0,0.0,0.0,141717,0,0,0,-0.97119140625,-0.025634765625,0.033935546875,0.9721221923828125,-2.4427480697631836,-0.23664122819900513,-1.1297709941864014,1,630.0,26989.634765625,7.230000019073486,1,0,3705,1,a5060000000000009db09500dd010000,1,0x6B8D
378,19,17,40680,9850670,0.0,0.0,-17.0,0.0,0.0,0.0,141747,0,0,0,-0.977783203125,-0.020751953125,0.04052734375,0.9788427352905273,-2.6259541511535645,0.04580152779817581,-1.1679389476776123,1,632.0,26979.46484375,7.170000076293945,1,0,3686,1,a7060000000000006d399600df010000,1,0xC8BC
379,19,18,40784,9880722,0.0,0.0,-17.0,0.0,0.0,0.0,141817,0,0,0,-0.96923828125,-0.026611328125,0.041015625,0.970470666885376,-2.4809160232543945,-0.221374049782753,-1.229007601737976,1,636.0,26959.197265625,7.090000152587891,1,0,3686,1,a806000000000000d97d9600e0010000,1,0x11C3
380,20,0,40960,9910822,0.0,0.0,-17.0,0.0,0.0,0.0,141847,0,0,0,-0.968017578125,-0.036865234375,0.051025390625,0.9700621962547302,-2.8091602325439453,0.038167938590049744,-1.0229008197784424,1,635.0,26964.255859375,7.019999980926514,1,0,3692,1,aa06000000000000b3069700e1010000,0,0x8830
381,20,1,41064,9940910,0.0,0.0,-17.0,0.0,0.0,0.0,141917,0,0,0,-0.977783203125,-0.029541015625,0.04736328125,0.9793753027915955,-2.6641221046447754,-0.04580152779817581,-1.2366411685943604,1,641.0,26934.01171875,6.960000038146973,1,0,3692,1,ac0600000000000059a89700e3010000,1,0xEAEE
382,20,2,41168,9971010,0.0,0.0,-17.0,0.0,0.0,0.0,141947,0,0,0,-0.9697265625,-0.03466796875,0.04541015625,0.9714080095291138,-2.534351110458374,-0.06870228797197342,-1.3587785959243774,1,640.0,26939.03515625,6.889999866485596,1,0,3702,1,ae060000000000006a189800e5010000,1,0x93F4
383,20,3,41272,10000994,0.0,0.0,-17.0,0.0,0.0,0.0,142017,0,0,0,-0.9736328125,-0.0205078125,0.0390625,0.9746319055557251,-2.755725145339966,-0.015267175622284412,-1.2366411685943604,1,645.0,26913.974609375,6.809999942779541,1,0,3686,1,af06000000000000ea5c9800e6010000,0,0xA455
384,20,4,41376,10031094,0.0,0.0,-17.0,0.0,0.0,0.0,142047,0,0,0,-0.973876953125,-0.029052734375,0.0322265625,0.9748430252075195,-2.7709922790527344,0.15267175436019897,-1.1145038604736328,1,639.0,26944.06640625,6.75,1,0,3689,1,b106000000000000bbe59800e8010000,1,0x6990
385,20,5,41480,10061159,0.0,0.0,-17.0,0.0,0.0,0.0,142118,0,0,0,-0.979736328125,-0.01171875,0.03271484375,0.9803524017333984,-2.320610761642456,-0.3358778655529022,-1.1679389476776123,1,645.0,26913.974609375,6.679999828338623,1,0,3667,1,b2060000000000012d2a9900e9010000,0,0x5D90
386,20,6,41584,10091259,0.0,0.0,-17.0,0.0,0.0,0.0,142148,0,0,0,-0.97021484375,-0.01171875,0.033203125,0.9708535671234131,-2.3129770755767822,-0.35114502906799316,-1.0916030406951904,1,643.0,26923.978515625,6.610000133514404,1,0,3676,1,b50600000000000081f79900eb010000,1,0x746C
387,20,7,41688,10121320,0.0,0.0,-17.0,0.0,0.0,0.0,142218,0,0,0,-0.964599609375,-0.0263671875,0.037841796875,0.9657016396522522,-2.358778715133667,-0.4885496199131012,-1.0992366075515747,1,648.0,26899.015625,6.539999961853027,1,0,3689,1,b606000000000000f83b9a00ec010000,0,0xD0C1
388,20,8,41792,10151322,0.0,0.0,-17.0,0.0,0.0,0.0,142248,0,0,0,-0.974365234375,-0.019287109375,0.03466796875,0.9751725196838379,-2.4503817558288574,-0.2671755850315094,-1.0076335668563843,1,648.0,26899.015625,6.480000019073486,1,0,3676,1,b806000000000000fcc49a00ee010000,1,0x10F7
389,20,9,41896,10181372,0.0,0.0,-17.0,0.0,0.0,0.0,142318,0,0,0,-0.974609375,-0.017822265625,0.033203125,0.9753376245498657,-2.2366411685943604,-0.442748099565506,-1.2137404680252075,1,650.0,26889.072265625,6.400000095367432,1,0,3692,1,b9060000000000005f099b00ef010000,1,0x1030
390,20,10,42000,10211472,0.0,0.0,-17.0,0.0,0.0,0.0,142348,0,0,0,-0.9755859375,-0.029052734375,0.04052734375,0.9768595099449158,-2.419847249984741,-0.17557251453399658,-1.14503812789917,1,645.0,26913.974609375,6.349999904632568,1,0,3686,1,bb06000000000000df959b00f0010000,0,0x0CF3
391,20,11,42104,10241525,0.0,0.0,-17.0,0.0,0.0,0.0,142418,0,0,0,-0.974853515625,-0.027099609375,0.039794921875,0.9760416746139526,-2.610687017440796,0.07633587718009949,-1.2366411685943604,1,648.0,26899.015625,6.269999980926514,1,0,3667,1,bd06000000000000781e9c00f2010000,1,0xBA45
392,20,12,42208,10271625,0.0,0.0,-17.0,0.0,0.0,0.0,142448,0,0,0,-0.976806640625,-0.01953125,0.036376953125,0.9776788949966431,-2.541984796524048,-0.022900763899087906,-1.1755725145339966,1,647.0,26903.99609375,6.210000038146973,1,0,3689,1,bf060000000000001da79c00f4010000,1,0x1E0C
393,20,13,42312,10301668,0.0,0.0,-17.0,0.0,0.0,0.0,142518,0,0,0,-0.97509765625,-0.03466796875,0.045654296875,0.9767812490463257,-2.5572519302368164,-0.11450381577014923,-1.2061069011688232,1,650.0,26889.072265625,6.139999866485596,1,0,3683,1,c0060000000000006eeb9c00f5010000,1,0x3B32
394,20,14,42416,10331768,0.0,0.0,-17.0,0.0,0.0,0.0,142548,0,0,0,-0.9755859375,-0.02587890625,0.03515625,0.9765621423721313,-2.8091602325439453,-0.015267175622284412,-1.2900763750076294,1,649.0,26894.04296875,6.079999923706055,1,0,3660,1,c20600000000000010749d00f6010000,1,0x7541
395,20,15,42520,10361826,0.0,0.0,-17.0,0.0,0.0,0.0,142618,0,0,0,-0.971435546875,-0.029296875,0.038330078125,0.9726327657699585,-2.641221284866333,-0.022900763899087906,-1.427480936050415,1,649.0,26894.04296875,6.010000228881836,1,0,3680,1,c3060000000000016eb89d00f7010000,0,0x730B
396,20,16,42624,10391926,0.0,0.0,-17.0,0.0,0.0,0.0,142648,0,0,0,-0.968994140625,-0.018310546875,0.034423828125,0.969778299331665,-2.503816843032837,-0.08396946638822556,-1.229007601737976,1,648.0,26899.015625,5.949999809265137,1,0,3667,1,c6060000000000007b859e00f9010000,1,0xBA0B
397,20,17,42728,10421967,0.0,0.0,-17.0,0.0,0.0,0.0,142719,0,0,0,-0.9677734375,-0.03369140625,0.044921875,0.9694011211395264,-2.603053331375122,-0.06106870248913765,-1.160305380821228,1,653.0,26874.203125,5.869999885559082,1,0,3676,1,c706000000000000d6c99e00fa010000,0,0x7AC1
398,20,18,42832,10452068,0.0,0.0,-17.0,0.0,0.0,0.0,142749,0,0,0,-0.97412109375,-0.028564453125,0.04052734375,0.9753821492195129,-2.717557191848755,-0.022900763899087906,-1.2519084215164185,1,645.0,26913.974609375,5.820000171661377,1,0,3676,1,c90600000000000095529f00fc010000,1,0xE810
399,21,0,43008,10482138,0.0,0.0,-17.0,0.0,0.0,0.0,142819,0,0,0,-0.97021484375,-0.032470703125,0.044677734375,0.9717856049537659,-2.641221284866333,-0.22900763154029846,-1.2977099418640137,1,648.0,26899.015625,5.75,1,0,3664,1,ca06000000000000ea969f00fd010000,1,0x1D3A
400,21,1,43112,10512238,0.0,0.0,-17.0,0.0,0.0,0.0,142849,0,0,0,-0.971923828125,-0.02978515625,0.0419921875,0.9732863903045654,-2.4809160232543945,-0.16030533611774445,-1.1526718139648438,1,648.0,26899.015625,5.679999828338623,1,0,3676,1,cd060000000000000464a000ff010000,1,0xBB82
401,21,2,43216,10542246,0.0,0.0,-17.0,0.0,0.0,0.0,142919,0,0,0,-0.973388671875,-0.03759765625,0.047607421875,0.9752771854400635,-2.5954198837280273,-0.17557251453399658,-1.2595419883728027,1,651.0,26884.109375,5.619999885559082,1,0,3667,1,ce0600000000000061a8a00000020000,0,0x769D
402,21,3,43320,10572346,0.0,0.0,-17.0,0.0,0.0,0.0,142949,0,0,0,-0.972412109375,-0.03662109375,0.04638671875,0.9742063879966736,-2.5190839767456055,-0.06870228797197342,-1.1832060813903809,1,656.0,26859.390625,5.559999942779541,1,0,3670,1,d0060000000000002731a10002020000,1,0xC687
403,21,4,43424,10602381,0.0,0.0,-17.0,0.0,0.0,0.0,143019,0,0,0,-0.974609375,-0.026611328125,0.04345703125,0.9759406447410583,-2.5954198837280273,-0.20610687136650085,-1.2213740348815918,1,653.0,26874.203125,5.489999771118164,1,0,3664,1,d1060000000000008a75a10003020000,1,0xD092
404,21,5,43528,10632481,0.0,0.0,-17.0,0.0,0.0,0.0,143049,0,0,0,-0.971923828125,-0.03369140625,0.048583984375,0.9737204313278198,-2.6335878372192383,-0.25190839171409607,-1.1297709941864014,1,658.0,26849.546875,5.429999828338623,1,0,3667,1,d3060000000000004cfea10004020000,0,0x6E36
405,21,6,43632,10662551,0.0,0.0,-17.0,0.0,0.0,0.0,143119,0,0,0,-0.98046875,-0.016357421875,0.031982421875,0.981126606464386,-2.0610687732696533,-0.4122137427330017,-1.1145038604736328,1,654.0,26869.263671875,5.360000133514404,1,0,3664,1,d5060000000000000787a20006020000,1,0x7F5A
406,21,7,43736,10692557,0.0,0.0,-17.0,0.0,0.0,0.0,143149,0,0,0,-0.982666015625,-0.013671875,0.025390625,0.9830890893936157,-2.328244209289551,-0.3358778655529022,-1.1755725145339966,1,657.0,26854.466796875,5.300000190734863,1,0,3683,1,d706000000000000c90fa30008020000,1,0xBB28
407,21,8,43840,10722612,0.0,0.0,-17.0,0.0,0.0,0.0,143219,0,0,0,-0.972412109375,-0.025390625,0.041015625,0.9736078381538391,-2.7404580116271973,0.16030533611774445,-1.122137427330017,1,659.0,26844.634765625,5.239999771118164,1,0,3664,1,d8060000000000003754a30009020000,1,0x06AE
408,21,9,43944,10752712,0.0,0.0,-17.0,0.0,0.0,0.0,143249,0,0,0,-0.96484375,-0.02734375,0.04248046875,0.9661654829978943,-2.2977099418640137,-0.4351145029067993,-1.122137427330017,1,656.0,26859.390625,5.179999828338623,1,0,3676,1,da06000000000000fddca3000a020000,0,0xBC25
409,21,10,44048,10782761,0.0,0.0,-17.0,0.0,0.0,0.0,143320,0,0,0,-0.971435546875,-0.0322265625,0.05078125,0.9732955694198608,-2.717557191848755,-0.18320611119270325,-1.3129770755767822,1,658.0,26849.546875,5.110000133514404,1,0,3667,1,db060000000000016721a4000b020000,0,0xAFAC
410,21,11,44152,10812863,0.0,0.0,-17.0,0.0,0.0,0.0,143350,0,0,0,-0.973876953125,-0.030517578125,0.0458984375,0.9754354357719421,-2.580152750015259,0.13740457594394684,-1.1908396482467651,1,656.0,26859.390625,5.050000190734863,1,0,3667,1,de06000000000000aeeea4000d020000,1,0x0D57
411,21,12,44256,10842911,0.0,0.0,-17.0,0.0,0.0,0.0,143420,0,0,0,-0.971923828125,-0.031982421875,0.043701171875,0.9734313488006592,-2.3816792964935303,-0.3358778655529022,-1.267175555229187,1,657.0,26854.466796875,4.989999771118164,1,0,3676,1,df060000000000001633a5000e020000,0,0x8981
412,21,13,44360,10873011,0.0,0.0,-17.0,0.0,0.0,0.0,143450,0,0,0,-0.975341796875,-0.02490234375,0.036376953125,0.9763375520706177,-2.3740458488464355,-0.47328245639801025,-1.1145038604736328,1,659.0,26844.634765625,4.920000076293945,1,0,3660,1,e106000000000000e6bba50010020000,1,0x220F
413,21,14,44464,10903059,0.0,0.0,-17.0,0.0,0.0,0.0,143520,0,0,0,-0.968994140625,-0.02783203125,0.04296875,0.9703456163406372,-2.29007625579834,-0.40458014607429504,-1.038167953491211,1,660.0,26839.728515625,4.860000133514404,1,0,3676,1,e2060000000000004a00a60011020000,1,0x413D
414,21,15,44568,10933159,0.0,0.0,-17.0,0.0,0.0,0.0,143550,0,0,0,-0.976806640625,-0.022705078125,0.0263671875,0.9774261713027954,-2.3435113430023193,-0.42748090624809265,-1.2137404680252075,1,661.0,26834.826171875,4.800000190734863,1,0,3651,1,e50600000000000092cda60013020000,1,0x3539
415,21,16,44672,10963203,0.0,0.0,-17.0,0.0,0.0,0.0,143620,0,0,0,-0.9697265625,-0.021240234375,0.04443359375,0.9709763526916504,-2.70992374420166,0.13740457594394684,-1.1755725145339966,1,664.0,26820.158203125,4.730000019073486,1,0,3667,1,e606000000000000fe11a70014020000,0,0x9A2F
416,21,17,44776,10993211,0.0,0.0,-17.0,0.0,0.0,0.0,143650,0,0,0,-0.979736328125,-0.034912109375,0.046630859375,0.98146653175354,-2.5190839767456055,-0.10687022656202316,-1.0534350872039795,1,664.0,26820.158203125,4.679999828338623,1,0,3657,1,e806000000000000d99aa70016020000,1,0x47DA
417,21,18,44880,11023282,0.0,0.0,-17.0,0.0,0.0,0.0,143720,0,0,0,-0.973388671875,-0.02001953125,0.033447265625,0.9741688966751099,-2.5572519302368164,-0.23664122819900513,-1.3358778953552246,1,662.0,26829.9296875,4.610000133514404,1,0,3644,1,e90600000000000046dfa70017020000,1,0xE82E
418,22,0,45056,11053286,0.0,0.0,-17.0,0.0,0.0,0.0,143750,0,0,0,-0.9755859375,-0.031982421875,0.0341796875,0.9767082929611206,-2.4427480697631836,-0.16030533611774445,-1.1755725145339966,1,663.0,26825.041015625,4.559999942779541,1,0,3664,1,eb060000000000003568a80018020000,0,0xA017
419,22,1,45160,11083332,0.0,0.0,-17.0,0.0,0.0,0.0,143820,0,0,0,-0.9716796875,-0.028076171875,0.043212890625,0.9730452299118042,-2.4809160232543945,-0.15267175436019897,-1.1145038604736328,1,666.0,26810.408203125,4.489999771118164,1,0,3664,1,ed06000000000000b90ca9001a020000,1,0x9AA7
420,22,2,45264,11113432,0.0,0.0,-17.0,0.0,0.0,0.0,143850,0,0,0,-0.974609375,-0.02392578125,0.036376953125,0.9755814671516418,-2.3740458488464355,-0.1221374049782753,-1.1832060813903809,1,668.0,26800.685546875,4.429999828338623,1,0,3660,1,ef06000000000000007aa9001c020000,1,0x11A1
421,22,3,45368,11143481,0.0,0.0,-17.0,0.0,0.0,0.0,143920,0,0,0,-0.972412109375,-0.02294921875,0.03369140625,0.9732661843299866,-2.5114502906799316,-0.30534350872039795,-1.389312982559204,1,663.0,26825.041015625,4.369999885559082,1,0,3654,1,f106000000000000df02aa001e020000,1,0x4D1E
422,22,4,45472,11173581,0.0,0.0,-17.0,0.0,0.0,0.0,143951,0,0,0,-0.971435546875,-0.025146484375,0.03466796875,0.9723791480064392,-2.351145029067993,-0.13740457594394684,-1.0458015203475952,1,667.0,26805.544921875,4.309999942779541,1,0,3664,1,f2060000000000005147aa001f020000,0,0x5E04
423,22,5,45576,11203638,0.0,0.0,-17.0,0.0,0.0,0.0,144021,0,0,0,-0.9765625,-0.01953125,0.0380859375,0.9775000214576721,-2.358778715133667,-0.2442748099565506,-1.0763359069824219,1,668.0,26800.685546875,4.25,1,0,3657,1,f306000000000001c18baa0020020000,0,0x549A
424,22,6,45680,11233645,0.0,0.0,-17.0,0.0,0.0,0.0,144051,0,0,0,-0.96728515625,-0.021484375,0.0400390625,0.9683518409729004,-2.2977099418640137,-0.1450381726026535,-1.2595419883728027,1,674.0,26771.65234375,4.199999809265137,1,0,3664,1,f6060000000000003059ab0022020000,1,0x93D0
425,22,7,45784,11263706,0.0,0.0,-17.0,0.0,0.0,0.0,144121,0,0,0,-0.971923828125,-0.024658203125,0.03076171875,0.972723126411438,-2.351145029067993,-0.23664122819900513,-1.0916030406951904,1,674.0,26771.65234375,4.130000114440918,1,0,3664,1,f706000000000000a59dab0023020000,0,0x9671
426,22,8,45888,11293806,0.0,0.0,-17.0,0.0,0.0,0.0,144151,0,0,0,-0.9755859375,-0.02587890625,0.034912109375,0.9765533804893494,-2.4427480697631836,-0.05343511328101158,-1.2595419883728027,1,671.0,26786.142578125,4.070000171661377,1,0,3664,1,f9060000000000009126ac0025020000,1,0x13FC
427,22,9,45992,11323868,0.0,0.0,-17.0,0.0,0.0,0.0,144221,0,0,0,-0.97216796875,-0.02392578125,0.033203125,0.9730290174484253,-2.3129770755767822,-0.290076345205307,-1.0839694738388062,0,674.0,26771.65234375,4.010000228881836,1,0,3644,1,fa06000000000000cf6eac0026020000,1,0xD3D5
428,22,10,46096,11353968,0.0,0.0,-17.0,0.0,0.0,0.0,144251,0,0,0,-0.970703125,-0.029541015625,0.03369140625,0.9717367887496948,-2.580152750015259,-0.15267175436019897,-1.1374045610427856,1,677.0,26757.21484375,3.950000047683716,1,0,3644,1,fd06000000000000c03bad0028020000,1,0xED92
429,22,11,46200,11384113,0.0,0.0,-17.0,0.0,0.0,0.0,144321,0,0,0,-0.97412109375,-0.01904296875,0.038330078125,0.9750608801841736,-2.465648889541626,-0.221374049782753,-1.198473334312439,1,678.0,26752.41015625,3.880000114440918,1,0,3651,1,fe060000000000001480ad0029020000,0,0xD136
430,22,12,46304,11414213,0.0,0.0,-17.0,0.0,0.0,0.0,144351,0,0,0,-0.96875,-0.02734375,0.03564453125,0.9697911143302917,-2.389312982559204,-0.2671755850315094,-1.2061069011688232,0,677.0,26757.21484375,3.8299999237060547,1,0,3651,1,0007000000000000b608ae002b020000,1,0xEEE4
431,22,13,46408,11444269,0.0,0.0,-17.0,0.0,0.0,0.0,144421,0,0,0,-0.97705078125,-0.030517578125,0.034912109375,0.978150486946106,-2.4809160232543945,-0.07633587718009949,-1.1145038604736328,1,677.0,26757.21484375,3.7699999809265137,1,0,3638,1,0107000000000000094dae002c020000,1,0x7755
432,22,14,46512,11474273,0.0,0.0,-17.0,0.0,0.0,0.0,144451,0,0,0,-0.9716796875,-0.02392578125,0.044189453125,0.9729781746864319,-2.389312982559204,-0.3206106722354889,-1.1679389476776123,1,680.0,26742.82421875,3.700000047683716,1,0,3638,1,0307000000000000b2d5ae002d020000,0,0x50B9
433,22,15,46616,11504325,0.0,0.0,-17.0,0.0,0.0,0.0,144522,0,0,0,-0.969970703125,-0.02099609375,0.031494140625,0.970708966255188,-2.427480936050415,-0.2748091518878937,-1.267175555229187,1,682.0,26733.265625,3.640000104904175,1,0,3648,1,05070000000000006675af002f020000,1,0xEB9A
434,22,16,46720,11534366,0.0,0.0,-17.0,0.0,0.0,0.0,144552,0,0,0,-0.96826171875,-0.02001953125,0.034912109375,0.9690977334976196,-2.503816843032837,-0.2748091518878937,-1.1526718139648438,1,686.0,26714.20703125,3.5799999237060547,1,0,3660,1,0707000000000000fee6af0031020000,1,0xA564
435,22,17,46824,11564413,0.0,0.0,-17.0,0.0,0.0,0.0,144622,0,0,0,-0.966796875,-0.02978515625,0.03271484375,0.9678086638450623,-2.320610761642456,-0.2671755850315094,-1.198473334312439,1,684.0,26723.724609375,3.5199999809265137,1,0,3651,1,0907000000000000d46fb00033020000,1,0xEED6
436,22,18,46928,11594413,0.0,0.0,-17.0,0.0,0.0,0.0,144652,0,0,0,-0.9638671875,-0.021728515625,0.03271484375,0.9646669626235962,-2.4885497093200684,-0.3206106722354889,-1.1755725145339966,1,687.0,26709.455078125,3.4600000381469727,1,0,3660,1,0a070000000000001cb4b00034020000,0,0x9FB3
437,23,0,47104,11624510,0.0,0.0,-17.0,0.0,0.0,0.0,144722,0,0,0,-0.966552734375,-0.0234375,0.0400390625,0.9676655530929565,-2.503816843032837,-0.35114502906799316,-1.1679389476776123,0,689.0,26699.97265625,3.4100000858306885,1,0,3648,1,0b0700000000000164f8b00035020000,0,0x1DB3
438,23,1,47208,11654646,0.0,0.0,-17.0,0.0,0.0,0.0,144752,0,0,0,-0.97705078125,-0.026123046875,0.04052734375,0.9782397747039795,-2.351145029067993,-0.3664122223854065,-1.1145038604736328,1,688.0,26704.712890625,3.3499999046325684,1,0,3657,1,0e0700000000000084c5b10037020000,1,0xCA04
439,23,2,47312,11684700,0.0,0.0,-17.0,0.0,0.0,0.0,144822,0,0,0,-0.970947265625,-0.025390625,0.0390625,0.9720643758773804,-2.351145029067993,-0.30534350872039795,-1.2977099418640137,0,688.0,26704.712890625,3.2899999618530273,1,0,3667,1,0f07000000000000df09b20038020000,0,0x9EF0
440,23,3,47416,11714704,0.0,0.0,-17.0,0.0,0.0,0.0,144852,0,0,0,-0.9775390625,-0.0234375,0.037109375,0.9785239100456238,-2.419847249984741,-0.25954198837280273,-1.198473334312439,0,692.0,26685.7890625,3.2300000190734863,1,0,3644,1,1107000000000000a792b2003a020000,1,0x50D7
441,23,4,47520,11744456,0.0,0.0,-17.0,0.0,0.0,0.0,144923,0,0,0,-0.974365234375,-0.025634765625,0.033935546875,0.975292980670929,-2.435114622116089,-0.1450381726026535,-1.1908396482467651,0,693.0,26681.0703125,3.1600000858306885,1,0,3651,1,12070000000000000dd7b2003b020000,1,0x0C59
442,23,5,47624,11775599,0.0,0.0,-17.0,0.0,0.0,0.0,144953,0,0,0,-0.97607421875,-0.02490234375,0.039306640625,0.9771826863288879,-2.4732823371887207,-0.19847328960895538,-1.3129770755767822,1,700.0,26648.205078125,3.109999895095825,1,0,3651,1,15070000000000001fa4b3003d020000,1,0xAC4E
443,23,6,47728,11805681,0.0,0.0,-17.0,0.0,0.0,0.0,145023,0,0,0,-0.966064453125,-0.01171875,0.03173828125,0.9666566848754883,-2.1603052616119385,-0.2671755850315094,-0.9160305261611938,1,697.0,26662.255859375,3.059999942779541,1,0,3644,1,160700000000000084e8b3003e020000,0,0xEEC8
444,23,7,47832,11835781,0.0,0.0,-17.0,0.0,0.0,0.0,145053,0,0,0,-0.9716796875,-0.015625,0.03076171875,0.9722920656204224,-2.1297709941864014,-0.4198473393917084,-1.198473334312439,1,700.0,26648.205078125,3.0,1,0,3625,1,18070000000000004571b40040020000,1,0x5EEE
445,23,8,47936,11865835,0.0,0.0,-17.0,0.0,0.0,0.0,145123,0,0,0,-0.96240234375,-0.03173828125,0.04296875,0.9638837575912476,-2.3816792964935303,-0.13740457594394684,-1.0610686540603638,1,703.0,26634.201171875,2.940000057220459,1,0,3644,1,1907000000000000a3b5b40041020000,1,0x2F5A
446,23,9,48040,11895935,0.0,0.0,-17.0,0.0,0.0,0.0,145153,0,0,0,-0.977783203125,-0.02734375,0.034912109375,0.9787883162498474,-2.137404680252075,-0.6488549709320068,-1.2061069011688232,1,701.0,26643.533203125,2.890000104904175,1,0,3648,1,1c07000000000000c582b50043020000,1,0xBB9A
447,23,10,48144,11925988,0.0,0.0,-17.0,0.0,0.0,0.0,145223,0,0,0,-0.968994140625,-0.037109375,0.040283203125,0.9705408215522766,-2.5954198837280273,0.1221374049782753,-1.1908396482467651,1,699.0,26652.884765625,2.8299999237060547,1,0,3638,1,1d0700000000000044deb50044020000,1,0xDECD
448,23,11,48248,11955990,0.0,0.0,-17.0,0.0,0.0,0.0,145253,0,0,0,-0.97802734375,-0.02001953125,0.0185546875,0.97840815782547,-2.251908302307129,-0.4656488597393036,-1.0916030406951904,1,702.0,26638.865234375,2.7699999809265137,1,0,3651,1,1f070000000000000150b60046020000,1,0xFB7B
449,23,12,48352,11986049,0.0,0.0,-17.0,0.0,0.0,0.0,145324,0,0,0,-0.9794921875,-0.01806640625,0.02587890625,0.9800005555152893,-2.3664121627807617,-0.4656488597393036,-1.2137404680252075,1,701.0,26643.533203125,2.7200000286102295,1,0,3648,1,2107000000000000fed8b60048020000,1,0x4C7E
450,23,13,48456,12016149,0.0,0.0,-17.0,0.0,0.0,0.0,145354,0,0,0,-0.977783203125,-0.030517578125,0.033203125,0.978822648525238,-2.5190839767456055,0.04580152779817581,-1.3740458488464355,1,708.0,26610.970703125,2.6600000858306885,1,0,3638,1,22070000000000003c1db70049020000,0,0x9361
451,23,14,48560,12046210,0.0,0.0,-17.0,0.0,0.0,0.0,145424,0,0,0,-0.9755859375,-0.031982421875,0.046630859375,0.9772232174873352,-2.5877861976623535,-0.05343511328101158,-1.2824426889419556,1,707.0,26615.60546875,2.5999999046325684,1,0,3644,1,2307000000000001b161b7004a020000,0,0x2FA4
452,23,15,48664,12076210,0.0,0.0,-17.0,0.0,0.0,0.0,145454,0,0,0,-0.97119140625,-0.01513671875,0.032958984375,0.9718683958053589,-2.427480936050415,-0.05343511328101158,-1.2137404680252075,1,711.0,26597.09375,2.559999942779541,1,0,3648,1,2607000000000000e12eb8004c020000,1,0x8B1C
453,23,16,48768,12106251,0.0,0.0,-17.0,0.0,0.0,0.0,145524,0,0,0,-0.974365234375,-0.030029296875,0.037353515625,0.9755432605743408,-2.2290077209472656,-0.5038167834281921,-1.1679389476776123,0,703.0,26634.201171875,2.5,1,0,3641,1,2807000000000000bcb7b8004e020000,1,0x6EDF
454,23,17,48872,12136351,0.0,0.0,-17.0,0.0,0.0,0.0,145554,0,0,0,-0.980224609375,-0.02001953125,0.025390625,0.9807577133178711,-2.2748091220855713,-0.25190839171409607,-1.160305380821228,1,707.0,26615.60546875,2.440000057220459,1,0,3648,1,290700000000000024fcb8004f020000,0,0x82DF
455,23,18,48976,12166398,0.0,0.0,-17.0,0.0,0.0,0.0,145624,0,0,0,-0.974853515625,-0.017333984375,0.035888671875,0.9756678938865662,-2.3129770755767822,-0.20610687136650085,-1.2519084215164185,1,708.0,26610.970703125,2.390000104904175,1,0,3651,1,2a070000000000008d40b90050020000,1,0xE8DD
456,24,0,49152,12196498,0.0,0.0,-17.0,0.0,0.0,0.0,145654,0,0,0,-0.9697265625,-0.02392578125,0.042724609375,0.9709621071815491,-2.5572519302368164,0.1679389327764511,-1.3816794157028198,1,708.0,26610.970703125,2.3299999237060547,1,0,3635,1,2d07000000000000f20dba0052020000,1,0x882D
457,24,1,49256,12226556,0.0,0.0,-17.0,0.0,0.0,0.0,145724,0,0,0,-0.971923828125,-0.019775390625,0.031005859375,0.972619354724884,-2.282442808151245,-0.42748090624809265,-1.0763359069824219,1,711.0,26597.09375,2.2799999713897705,1,0,3628,1,2e070000000000006252ba0053020000,0,0x762A
458,24,2,49360,12256656,0.0,0.0,-17.0,0.0,0.0,0.0,145754,0,0,0,-0.969970703125,-0.015380859375,0.02587890625,0.97043776512146,-2.351145029067993,-0.48091602325439453,-1.229007601737976,1,711.0,26597.09375,2.2300000190734863,1,0,3648,1,300700000000000044dbba0055020000,1,0x013A
459,24,3,49464,12286720,0.0,0.0,-17.0,0.0,0.0,0.0,145824,0,0,0,-0.974365234375,-0.02197265625,0.0361328125,0.9752824902534485,-2.213740348815918,-0.35877862572669983,-0.9541984796524048,1,709.0,26606.341796875,2.1700000762939453,1,0,3644,1,3107000000000000b71fbb0056020000,1,0xAFBB
460,24,4,49568,12316820,0.0,0.0,-17.0,0.0,0.0,0.0,145855,0,0,0,-0.976806640625,-0.019775390625,0.02587890625,0.9773494601249695,-2.137404680252075,-0.5419847369194031,-1.0992366075515747,1,718.0,26564.900390625,2.119999885559082,1,0,3616,1,34070000000000001aedbb0058020000,1,0xB0C7
461,24,5,49672,12346902,0.0,0.0,-17.0,0.0,0.0,0.0,145925,0,0,0,-0.97021484375,-0.029541015625,0.044921875,0.9717034101486206,-2.4732823371887207,-0.04580152779817581,-1.3511450290679932,1,716.0,26574.07421875,2.069999933242798,1,0,3635,1,34070000000000011aedbb0058020000,0,0x0C7C
462,24,6,49776,12377002,0.0,0.0,-17.0,0.0,0.0,0.0,145955,0,0,0,-0.968994140625,-0.0322265625,0.04638671875,0.9706389307975769,-2.496183156967163,-0.13740457594394684,-1.160305380821228,1,709.0,26606.341796875,2.009999990463257,1,0,3648,1,37070000000000006fbabc005a020000,1,0x099A
463,24,7,49880,12407049,0.0,0.0,-17.0,0.0,0.0,0.0,150025,0,0,0,-0.968994140625,-0.0341796875,0.0341796875,0.9701990485191345,-2.458015203475952,-0.22900763154029846,-1.2519084215164185,1,712.0,26592.48046875,1.9700000286102295,1,0,3638,1,39070000000000005a43bd005c020000,1,0x9064
464,24,8,49984,12437149,0.0,0.0,-17.0,0.0,0.0,0.0,150055,0,0,0,-0.9658203125,-0.031005859375,0.047607421875,0.9674898982048035,-2.3816792964935303,-0.221374049782753,-1.2213740348815918,1,714.0,26583.265625,1.909999966621399,1,0,3648,1,3a07000000000000988bbd005d020000,0,0x5B80
465,24,9,50088,12467204,0.0,0.0,-17.0,0.0,0.0,0.0,150125,0,0,0,-0.976318359375,-0.017578125,0.02880859375,0.9769014716148376,-2.1679389476776123,-0.4351145029067993,-0.9847328066825867,1,711.0,26597.09375,1.850000023841858,1,0,3628,1,3b07000000000000efcfbd005e020000,1,0x096B
466,24,10,50192,12497304,0.0,0.0,-17.0,0.0,0.0,0.0,150155,0,0,0,-0.976806640625,-0.018310546875,0.028076171875,0.9773815870285034,-2.14503812789917,-0.4580152630805969,-1.0992366075515747,1,715.0,26578.666015625,1.809999942779541,1,0,3616,1,3e07000000000000f79cbe0060020000,1,0x32D6
467,24,11,50296,12527349,0.0,0.0,-17.0,0.0,0.0,0.0,150225,0,0,0,-0.9736328125,-0.015380859375,0.0283203125,0.9741660356521606,-2.244274854660034,-0.40458014607429504,-1.1908396482467651,1,712.0,26592.48046875,1.75,1,0,3628,1,4007000000000000a625bf0062020000,1,0xE875
468,24,12,50400,12557449,0.0,0.0,-17.0,0.0,0.0,0.0,150255,0,0,0,-0.971923828125,-0.01708984375,0.02734375,0.97245854139328,-2.3358778953552246,-0.09160305559635162,-1.1526718139648438,1,714.0,26583.265625,1.7000000476837158,1,0,3628,1,4107000000000000036abf0063020000,1,0xC005
469,24,13,50504,12587496,0.0,0.0,-17.0,0.0,0.0,0.0,150325,0,0,0,-0.974609375,-0.0166015625,0.03076171875,0.9752360582351685,-2.328244209289551,-0.022900763899087906,-1.1908396482467651,1,713.0,26587.87109375,1.649999976158142,1,0,3619,1,42070000000000005aaebf0064020000,1,0xFC4D
470,24,14,50608,12617596,0.0,0.0,-17.0,0.0,0.0,0.0,150355,0,0,0,-0.97509765625,-0.015380859375,0.0322265625,0.9757512807846069,-2.435114622116089,0.05343511328101158,-1.3282443284988403,1,714.0,26583.265625,1.600000023841858,1,0,3619,1,45070000000000006f7bc00066020000,1,0x98B7
471,24,15,50712,12647646,0.0,0.0,-17.0,0.0,0.0,0.0,150426,0,0,0,-0.971923828125,-0.017333984375,0.029541015625,0.9725271463394165,-2.419847249984741,-0.32824426889419556,-1.2519084215164185,1,716.0,26574.07421875,1.559999942779541,1,0,3616,1,46070000000000008bdac00067020000,0,0xEC5D
472,24,16,50816,12677652,0.0,0.0,-17.0,0.0,0.0,0.0,150456,0,0,0,-0.97998046875,-0.030029296875,0.050537109375,0.9817420840263367,-2.7328243255615234,-0.11450381577014923,-1.1908396482467651,1,714.0,26583.265625,1.5,1,0,3612,1,48070000000000007348c10069020000,1,0x80C1
473,24,17,50920,12707704,0.0,0.0,-17.0,0.0,0.0,0.0,150526,0,0,0,-0.971923828125,-0.018798828125,0.0234375,0.9723880887031555,-2.2595419883728027,-0.37404578924179077,-1.038167953491211,1,715.0,26578.666015625,1.4500000476837158,1,0,3625,1,4a0700000000000029d1c1006b020000,1,0x403F
474,24,18,51024,12737804,0.0,0.0,-17.0,0.0,0.0,0.0,150556,0,0,0,-0.969970703125,-0.021240234375,0.036376953125,0.9708849787712097,-2.503816843032837,-0.3435114622116089,-1.2213740348815918,1,713.0,26587.87109375,1.399999976158142,1,0,3612,1,4c07000000000000e559c2006d020000,1,0x64DB
475,25,0,51200,12767869,0.0,0.0,-17.0,0.0,0.0,0.0,150626,0,0,0,-0.972412109375,-0.024169921875,0.037353515625,0.9734293818473816,-2.427480936050415,-0.3435114622116089,-1.0916030406951904,0,720.0,26555.751953125,1.350000023841858,1,0,3612,1,4c07000000000001e559c2006d020000,0,0x8C90
476,25,1,51304,12797969,0.0,0.0,-17.0,0.0,0.0,0.0,150656,0,0,0,-0.974365234375,-0.025390625,0.03759765625,0.9754208922386169,-2.4503817558288574,-0.2671755850315094,-1.1374045610427856,1,718.0,26564.900390625,1.2999999523162842,1,0,3625,1,4f07000000000000f926c3006f020000,1,0x457F
477,25,2,51408,12827948,0.0,0.0,-17.0,0.0,0.0,0.0,150726,0,0,0,-0.974853515625,-0.0234375,0.04052734375,0.9759770035743713,-2.435114622116089,-0.12977099418640137,-1.1374045610427856,1,717.0,26569.486328125,1.25,1,0,3616,1,5107000000000000beafc30071020000,1,0x038D
478,25,3,51512,12858048,0.0,0.0,-17.0,0.0,0.0,0.0,150756,0,0,0,-0.97900390625,-0.021484375,0.035400390625,0.9798792600631714,-2.435114622116089,-0.19847328960895538,-1.2442748546600342,1,722.0,26546.62109375,1.2000000476837158,1,0,3628,1,520700000000000022f4c30072020000,0,0xFC5C
479,25,4,51616,12888102,0.0,0.0,-17.0,0.0,0.0,0.0,150826,0,0,0,-0.96875,-0.018310546875,0.0341796875,0.9695256948471069,-2.4809160232543945,-0.290076345205307,-1.198473334312439,1,722.0,26546.62109375,1.149999976158142,1,0,3625,1,53070000000000008538c40073020000,1,0x5230
480,25,5,51720,12918111,0.0,0.0,-17.0,0.0,0.0,0.0,150856,0,0,0,-0.976806640625,-0.02197265625,0.041015625,0.9779142737388611,-2.389312982559204,-0.22900763154029846,-1.1908396482467651,0,723.0,26542.060546875,1.100000023841858,1,0,3628,1,5607000000000000b605c50075020000,1,0x7600
481,25,6,51824,12948170,0.0,0.0,-17.0,0.0,0.0,0.0,150926,0,0,0,-0.974853515625,-0.0283203125,0.037841796875,0.9759986996650696,-2.419847249984741,-0.04580152779817581,-1.3587785959243774,0,726.0,26528.419921875,1.0499999523162842,1,0,3628,1,58070000000000007b8ec50077020000,1,0x7068
482,25,7,51928,12978172,0.0,0.0,-17.0,0.0,0.0,0.0,150956,0,0,0,-0.972900390625,-0.02783203125,0.037353515625,0.974014937877655,-2.4045801162719727,-0.35877862572669983,-1.2213740348815918,1,723.0,26542.060546875,1.0099999904632568,1,0,3628,1,5907000000000000d9d2c50078020000,0,0x0252
483,25,8,52032,13008214,0.0,0.0,-17.0,0.0,0.0,0.0,151026,0,0,0,-0.98046875,-0.021484375,0.03515625,0.9813340306282043,-2.3664121627807617,-0.18320611119270325,-1.2137404680252075,1,722.0,26546.62109375,0.949999988079071,1,0,3596,1,5a070000000000004117c60079020000,1,0x7E46
484,25,9,52136,13038314,0.0,0.0,-17.0,0.0,0.0,0.0,151056,0,0,0,-0.975830078125,-0.022705078125,0.03515625,0.9767270684242249,-2.328244209289551,-0.2442748099565506,-1.14503812789917,0,728.0,26519.349609375,0.8999999761581421,1,0,3622,1,5d0700000000000073e4c6007b020000,1,0x6B5D
485,25,10,52240,13068379,0.0,0.0,-17.0,0.0,0.0,0.0,151127,0,0,0,-0.972412109375,-0.026123046875,0.035888671875,0.9734247326850891,-2.3816792964935303,-0.30534350872039795,-1.160305380821228,0,727.0,26523.880859375,0.8600000143051147,1,0,3616,1,5e07000000000000ac43c7007c020000,0,0xE4B2
486,25,11,52344,13098379,0.0,0.0,-17.0,0.0,0.0,0.0,151157,0,0,0,-0.976806640625,-0.023681640625,0.037841796875,0.9778261780738831,-2.4732823371887207,-0.15267175436019897,-1.1374045610427856,1,730.0,26510.298828125,0.800000011920929,1,0,3609,1,6007000000000000a3b1c7007e020000,1,0xF537
487,25,12,52448,13128467,0.0,0.0,-17.0,0.0,0.0,0.0,151227,0,0,0,-0.973388671875,-0.024658203125,0.036865234375,0.9743985533714294,-2.541984796524048,-0.37404578924179077,-1.0,0,733.0,26496.763671875,0.75,1,0,3612,1,61070000000000000bf6c7007f020000,1,0xF390
488,25,13,52552,13158567,0.0,0.0,-17.0,0.0,0.0,0.0,151257,0,0,0,-0.9736328125,-0.017333984375,0.037841796875,0.9745221138000488,-2.458015203475952,-0.12977099418640137,-1.1145038604736328,1,734.0,26492.259765625,0.7099999785423279,1,0,3600,1,64070000000000004bc3c80081020000,1,0xA1B5
489,25,14,52656,13188631,0.0,0.0,-17.0,0.0,0.0,0.0,151327,0,0,0,-0.978759765625,-0.024169921875,0.037353515625,0.9797704815864563,-2.358778715133667,-0.21374045312404633,-1.2824426889419556,1,734.0,26492.259765625,0.6600000262260437,1,0,3616,1,64070000000000014bc3c80081020000,0,0x58D3
490,25,15,52760,13218631,0.0,0.0,-17.0,0.0,0.0,0.0,151357,0,0,0,-0.97705078125,-0.02197265625,0.034423828125,0.9779039025306702,-2.419847249984741,-0.3129771053791046,-1.14503812789917,0,731.0,26505.78125,0.6200000047683716,1,0,3628,1,67070000000000008c90c90083020000,1,0x9A20
491,25,16,52864,13248690,0.0,0.0,-17.0,0.0,0.0,0.0,151427,0,0,0,-0.9765625,-0.022216796875,0.036865234375,0.9775105714797974,-2.358778715133667,-0.06870228797197342,-1.0763359069824219,1,734.0,26492.259765625,0.5600000023841858,1,0,3619,1,69070000000000006119ca0085020000,1,0x1370
492,25,17,52968,13278694,0.0,0.0,-17.0,0.0,0.0,0.0,151457,0,0,0,-0.978271484375,-0.026123046875,0.03173828125,0.979134738445282,-2.4045801162719727,-0.3435114622116089,-1.2366411685943604,0,740.0,26465.349609375,0.5099999904632568,1,0,3625,1,6a07000000000000d35dca0086020000,0,0x23D2
493,25,18,53072,13308749,0.0,0.0,-17.0,0.0,0.0,0.0,151527,0,0,0,-0.9716796875,-0.02685546875,0.03515625,0.9726862907409668,-2.3358778953552246,-0.17557251453399658,-1.2519084215164185,1,736.0,26483.26953125,0.4699999988079071,1,0,3619,1,6b0700000000000045a2ca0087020000,1,0x8759
494,26,0,53248,13338753,0.0,0.0,-17.0,0.0,0.0,0.0,151557,0,0,0,-0.97509765625,-0.022216796875,0.043701171875,0.9763292670249939,-2.4045801162719727,-0.19847328960895538,-1.1755725145339966,1,739.0,26469.82421875,0.41999998688697815,1,0,3616,1,6e070000000000009d6fcb0089020000,1,0x1A93
495,26,1,53352,13368780,0.0,0.0,-17.0,0.0,0.0,0.0,151627,0,0,0,-0.974609375,-0.02783203125,0.034912109375,0.9756315350532532,-2.3358778953552246,-0.28244274854660034,-1.0610686540603638,1,743.0,26451.962890625,0.3700000047683716,1,0,3622,1,700700000000000078f8cb008b020000,1,0xC7B7
496,26,2,53456,13398880,0.0,0.0,-17.0,0.0,0.0,0.0,151657,0,0,0,-0.972412109375,-0.028564453125,0.043701171875,0.9738126397132874,-2.3664121627807617,-0.15267175436019897,-1.0839694738388062,1,741.0,26460.8828125,0.3199999928474426,1,0,3616,1,7107000000000000ea3ccc008c020000,0,0x789D
497,26,3,53560,13428970,0.0,0.0,-17.0,0.0,0.0,0.0,151727,0,0,0,-0.971435546875,-0.027099609375,0.0390625,0.9725981950759888,-2.3053436279296875,-0.3664122223854065,-1.1297709941864014,1,748.0,26429.744140625,0.27000001072883606,1,0,3612,1,72070000000000005d81cc008d020000,1,0x71E4
498,26,4,53664,13459070,0.0,0.0,-17.0,0.0,0.0,0.0,151757,0,0,0,-0.978759765625,-0.02392578125,0.031494140625,0.9795585870742798,-2.4503817558288574,-0.2671755850315094,-1.4198473691940308,1,747.0,26434.177734375,0.23000000417232513,1,0,3638,1,7507000000000000bf4ecd008f020000,1,0xFA9E
499,26,5,53768,13489131,0.0,0.0,-17.0,0.0,0.0,0.0,151828,0,0,0,-0.968994140625,-0.023681640625,0.03173828125,0.969802975654602,-2.3358778953552246,-0.3664122223854065,-1.229007601737976,0,744.0,26447.5078125,0.18000000715255737,1,0,3625,1,76070000000000002aaccd0090020000,0,0x2860
500,26,6,53872,13519131,0.0,0.0,-17.0,0.0,0.0,0.0,151858,0,0,0,-0.978271484375,-0.0244140625,0.03173828125,0.9790906310081482,-2.3740458488464355,-0.25190839171409607,-1.2442748546600342,0,745.0,26443.05859375,0.12999999523162842,1,0,3596,1,7807000000000000221cce0092020000,1,0x2524
501,26,7,53976,13549191,0.0,0.0,-17.0,0.0,0.0,0.0,151928,0,0,0,-0.97314453125,-0.02685546875,0.031005859375,0.9740086793899536,-2.3358778953552246,-0.2442748099565506,-1.1145038604736328,0,748.0,26429.744140625,0.09000000357627869,1,0,3606,1,7a07000000000000d2a8ce0094020000,1,0xD169
502,26,8,54080,13579291,0.0,0.0,-17.0,0.0,0.0,0.0,151958,0,0,0,-0.974609375,-0.026123046875,0.036376953125,0.9756377935409546,-2.3129770755767822,-0.30534350872039795,-1.160305380821228,1,748.0,26429.744140625,0.03999999910593033,1,0,3590,1,7c070000000000007a31cf0096020000,1,0x650F
503,26,9,54184,13609394,0.0,0.0,-17.0,0.0,0.0,0.0,152028,0,0,0,-0.96923828125,-0.024169921875,0.0322265625,0.9700750112533569,-2.3435113430023193,-0.2442748099565506,-1.2442748546600342,1,755.0,26398.83984375,-0.009999999776482582,1,0,3612,1,7c070000000000007a31cf0096020000,0,0x5880
504,26,10,54288,13639397,0.0,0.0,-17.0,0.0,0.0,0.0,152058,0,0,0,-0.9736328125,-0.028076171875,0.042724609375,0.9749740958213806,-2.435114622116089,-0.18320611119270325,-1.2442748546600342,1,755.0,26398.83984375,-0.05000000074505806,1,0,3596,1,7f0700000000000076fecf0098020000,1,0x93FC
505,26,11,54392,13669376,0.0,0.0,-17.0,0.0,0.0,0.0,152128,0,0,0,-0.9765625,-0.021240234375,0.034423828125,0.9773998260498047,-2.351145029067993,-0.2977099120616913,-1.14503812789917,1,757.0,26390.0546875,-0.10000000149011612,1,0,3609,1,81070000000000004c87d0009a020000,1,0xAA57
506,26,12,54496,13699413,0.0,0.0,-17.0,0.0,0.0,0.0,152158,0,0,0,-0.9716796875,-0.029296875,0.0380859375,0.9728670120239258,-2.320610761642456,-0.2748091518878937,-1.0152671337127686,0,753.0,26407.646484375,-0.14000000059604645,1,0,3612,1,820700000000000081cbd0009b020000,0,0xEB44
507,26,13,54600,13729482,0.0,0.0,-17.0,0.0,0.0,0.0,152228,0,0,0,-0.972412109375,-0.025634765625,0.029296875,0.9731910228729248,-2.435114622116089,-0.3664122223854065,-1.2061069011688232,0,759.0,26381.28515625,-0.1899999976158142,1,0,3596,1,8307000000000000d60fd1009c020000,1,0x1109
508,26,14,54704,13759582,0.0,0.0,-17.0,0.0,0.0,0.0,152258,0,0,0,-0.98046875,-0.0234375,0.02734375,0.9811299443244934,-2.351145029067993,-0.19083969295024872,-1.1832060813903809,1,761.0,26372.537109375,-0.23999999463558197,1,0,3616,1,8607000000000000d7dcd1009e020000,1,0xB964
509,26,15,54808,13789656,0.0,0.0,-17.0,0.0,0.0,0.0,152328,0,0,0,-0.974853515625,-0.014404296875,0.031005859375,0.9754528403282166,-2.328244209289551,-0.23664122819900513,-1.2442748546600342,1,758.0,26385.66796875,-0.2800000011920929,1,0,3606,1,88070000000000008a65d200a0020000,1,0x00B0
510,26,16,54912,13819756,0.0,0.0,-17.0,0.0,0.0,0.0,152358,0,0,0,-0.9697265625,-0.03369140625,0.045654296875,0.97138512134552,-2.679389238357544,0.15267175436019897,-1.2595419883728027,1,759.0,26381.28515625,-0.33000001311302185,1,0,3593,1,8907000000000000e2a9d200a1020000,0,0x4DAD
511,26,17,55016,13849826,0.0,0.0,-17.0,0.0,0.0,0.0,152428,0,0,0,-0.977294921875,-0.017578125,0.027587890625,0.9778422117233276,-2.213740348815918,-0.572519063949585,-1.122137427330017,1,764.0,26359.447265625,-0.3700000047683716,1,0,3612,1,8a0700000000000041eed200a2020000,1,0xF82E
512,26,18,55120,13879926,0.0,0.0,-17.0,0.0,0.0,0.0,152459,0,0,0,-0.9755859375,-0.013671875,0.03125,0.9761820435523987,-2.358778715133667,-0.2748091518878937,-1.1908396482467651,1,765.0,26355.091796875,-0.41999998688697815,1,0,3612,1,8d070000000000005dbbd300a4020000,1,0x2B1B
513,27,0,55296,13909901,0.0,0.0,-17.0,0.0,0.0,0.0,152529,0,0,0,-0.976318359375,-0.03271484375,0.045654296875,0.9779325723648071,-2.29007625579834,-0.35877862572669983,-0.9923664331436157,1,768.0,26342.05859375,-0.46000000834465027,1,0,3584,1,8d070000000000015dbbd300a4020000,0,0x9042
514,27,1,55400,13940001,0.0,0.0,-17.0,0.0,0.0,0.0,152559,0,0,0,-0.96533203125,-0.0244140625,0.029541015625,0.9660924673080444,-2.3053436279296875,-0.5877862572669983,-1.1832060813903809,1,767.0,26346.3984375,-0.5,1,0,3584,1,90070000000000007488d400a6020000,1,0x5034
515,27,2,55504,13970072,0.0,0.0,-17.0,0.0,0.0,0.0,152629,0,0,0,-0.967529296875,-0.023681640625,0.03125,0.9683234691619873,-2.251908302307129,-0.2977099120616913,-1.2061069011688232,0,764.0,26359.447265625,-0.550000011920929,1,0,3584,1,92070000000000002b11d500a8020000,1,0xE45E
516,27,3,55608,14000172,0.0,0.0,-17.0,0.0,0.0,0.0,152659,0,0,0,-0.973876953125,-0.031982421875,0.037109375,0.9751083254814148,-2.2671756744384766,-0.5954198241233826,-1.198473334312439,1,764.0,26359.447265625,-0.5899999737739563,1,0,3606,1,9407000000000000e999d500aa020000,1,0x7034
517,27,4,55712,14030210,0.0,0.0,-17.0,0.0,0.0,0.0,152729,0,0,0,-0.970947265625,-0.03125,0.042236328125,0.9723677635192871,-2.564885377883911,0.09923664480447769,-1.4045801162719727,1,769.0,26337.72265625,-0.6299999952316284,1,0,3596,1,9407000000000000e999d500aa020000,0,0x8DFF
518,27,5,55816,14060310,0.0,0.0,-17.0,0.0,0.0,0.0,152759,0,0,0,-0.974609375,-0.024169921875,0.036376953125,0.9755874872207642,-2.5572519302368164,0.0,-1.2748091220855713,1,767.0,26346.3984375,-0.6800000071525574,1,0,3606,1,97070000000000001667d600ac020000,1,0x49B0
519,27,6,55920,14090355,0.0,0.0,-17.0,0.0,0.0,0.0,152829,0,0,0,-0.968017578125,-0.031494140625,0.050048828125,0.9698220491409302,-2.2977099418640137,-0.2977099120616913,-1.3358778953552246,1,766.0,26350.7421875,-0.7200000286102295,1,0,3612,1,9907000000000000e1efd600ae020000,1,0x64EA
520,27,7,56024,14120455,0.0,0.0,-17.0,0.0,0.0,0.0,152859,0,0,0,-0.973876953125,-0.034912109375,0.043212890625,0.9754601716995239,-2.3358778953552246,-0.45038166642189026,-1.1297709941864014,1,768.0,26342.05859375,-0.7599999904632568,1,0,3612,1,9a070000000000004a34d700af020000,0,0x1D99
521,27,8,56128,14150501,0.0,0.0,-17.0,0.0,0.0,0.0,152929,0,0,0,-0.975830078125,-0.0244140625,0.025390625,0.9764655828475952,-2.2061069011688232,-0.4122137427330017,-1.0763359069824219,1,768.0,26342.05859375,-0.800000011920929,1,0,3600,1,9b07000000000000ad78d700b0020000,1,0xCD5D
522,27,9,56232,14180503,0.0,0.0,-17.0,0.0,0.0,0.0,152959,0,0,0,-0.977294921875,-0.03369140625,0.034423828125,0.9784812331199646,-2.4885497093200684,-0.007633587811142206,-1.2824426889419556,1,766.0,26350.7421875,-0.8399999737739563,1,0,3600,1,9e07000000000000e145d800b2020000,1,0x69FD
523,27,10,56336,14210547,0.0,0.0,-17.0,0.0,0.0,0.0,153029,0,0,0,-0.973388671875,-0.013671875,0.026123046875,0.9738351106643677,-2.221374034881592,-0.5190839767456055,-1.0458015203475952,1,770.0,26333.39453125,-0.8799999952316284,1,0,3606,1,a007000000000000a9ced800b4020000,1,0x3E2E
524,27,11,56440,14240554,0.0,0.0,-17.0,0.0,0.0,0.0,153059,0,0,0,-0.97509765625,-0.01708984375,0.040771484375,0.9760993123054504,-2.5190839767456055,-0.007633587811142206,-1.3435114622116089,1,770.0,26333.39453125,-0.9200000166893005,1,0,3609,1,a1070000000000001513d900b5020000,0,0x5E47
525,27,12,56544,14270606,0.0,0.0,-17.0,0.0,0.0,0.0,153129,0,0,0,-0.9736328125,-0.015625,0.02734375,0.9741420149803162,-2.244274854660034,-0.4351145029067993,-1.0,1,771.0,26329.06640625,-0.9700000286102295,1,0,3612,1,a2070000000000008657d900b6020000,1,0xCC9A
526,27,13,56648,14300706,0.0,0.0,-17.0,0.0,0.0,0.0,153200,0,0,0,-0.973876953125,-0.02685546875,0.043212890625,0.9752050638198853,-2.5190839767456055,0.05343511328101158,-1.2213740348815918,1,770.0,26333.39453125,-1.0099999904632568,1,0,3584,1,a507000000000000ce24da00b8020000,1,0xBD27
527,27,14,56752,14330759,0.0,0.0,-17.0,0.0,0.0,0.0,153230,0,0,0,-0.9775390625,-0.02001953125,0.03076171875,0.9782278537750244,-2.2748091220855713,-0.22900763154029846,-1.1526718139648438,1,773.0,26320.42578125,-1.0499999523162842,1,0,3603,1,a507000000000001ce24da00b8020000,0,0x2049
528,27,15,56856,14360859,0.0,0.0,-17.0,0.0,0.0,0.0,153300,0,0,0,-0.96826171875,-0.021728515625,0.0419921875,0.9694154262542725,-2.572519063949585,-0.038167938590049744,-1.2519084215164185,1,772.0,26324.7421875,-1.090000033378601,1,0,3596,1,a80700000000000011f2da00ba020000,1,0xE5AA
529,27,16,56960,14390909,0.0,0.0,-17.0,0.0,0.0,0.0,153330,0,0,0,-0.9736328125,-0.024658203125,0.033447265625,0.9745191931724548,-2.4885497093200684,0.0,-1.4045801162719727,1,777.0,26303.203125,-1.1299999952316284,1,0,3600,1,aa07000000000000e97adb00bc020000,1,0x78CF
530,27,17,57064,14421009,0.0,0.0,-17.0,0.0,0.0,0.0,153400,0,0,0,-0.969482421875,-0.034912109375,0.045166015625,0.9711616635322571,-2.4809160232543945,-0.1679389327764511,-1.1526718139648438,1,774.0,26316.11328125,-1.159999966621399,1,0,3587,1,ac07000000000000c703dc00be020000,1,0x2196
531,27,18,57168,14451074,0.0,0.0,-17.0,0.0,0.0,0.0,153430,0,0,0,-0.966796875,-0.046875,0.05126953125,0.9692894220352173,-2.427480936050415,-0.09923664480447769,-1.3282443284988403,1,775.0,26311.806640625,-1.2100000381469727,1,0,3600,1,ac07000000000000c703dc00be020000,0,0x0F23
532,28,0,57344,14481174,0.0,0.0,-17.0,0.0,0.0,0.0,153500,0,0,0,-0.97314453125,-0.02978515625,0.044921875,0.9746360182762146,-2.4045801162719727,-0.19083969295024872,-1.1526718139648438,1,781.0,26286.048828125,-1.2400000095367432,1,0,3574,1,af070000000000001ed1dc00c0020000,1,0x1046
533,28,1,57448,14511237,0.0,0.0,-17.0,0.0,0.0,0.0,153530,0,0,0,-0.97705078125,-0.03759765625,0.038818359375,0.9785441756248474,-2.6183207035064697,-0.015267175622284412,-1.229007601737976,1,780.0,26290.330078125,-1.2899999618530273,1,0,3561,1,b107000000000000005add00c2020000,1,0xAE5A
534,28,2,57552,14541337,0.0,0.0,-17.0,0.0,0.0,0.0,153600,0,0,0,-0.968994140625,-0.014892578125,0.032470703125,0.9696524143218994,-2.3053436279296875,-0.19847328960895538,-1.160305380821228,1,28769.0,8963.197265625,-1.3799999952316284,1,0,3574,1,b2070000000000006d9edd00c3020000,0,0xEFFB
535,28,3,57656,14571381,0.0,0.0,-17.0,0.0,0.0,0.0,153630,0,0,0,-0.974365234375,-0.021240234375,0.04541015625,0.9756540656089783,-2.4732823371887207,-0.32824426889419556,-1.2366411685943604,0,95563.0,9.93115234375,-1.4800000190734863,1,0,3580,1,b307000000000000dfe2dd00c4020000,1,0x8B45
536,28,4,57760,14601481,0.0,0.0,-17.0,0.0,0.0,0.0,153701,0,0,0,-0.927734375,0.1826171875,0.08935546875,0.9497497081756592,-16.068702697753906,8.030534744262695,-1.2519084215164185,1,95563.0,9.93115234375,-1.5800000429153442,1,0,3574,1,b6070000ff0d05004ab0de00c6020000,1,0x4AFB
537,28,5,57864,14631539,0.0,0.0,-17.0,0.0,0.0,0.0,153731,0,0,0,-0.945068359375,-0.0380859375,0.058349609375,0.9476335644721985,-4.022900581359863,-6.931297779083252,-1.7404580116271973,1,95566.0,9.669586181640625,-1.5199999809265137,1,0,3580,1,b8070000000000003639df00c8020000,1,0x0660
538,28,6,57968,14661542,0.0,0.0,-17.0,0.0,0.0,0.0,153801,0,0,0,-0.973388671875,-0.047119140625,-0.0029296875,0.9745328426361084,5.43511438369751,2.4045801162719727,-3.106870174407959,1,95571.0,9.23358154296875,-0.6399999856948853,1,0,3596,1,b9070000ff1f0c00ae7ddf00c9020000,0,0x0CFA
539,28,7,58072,14691600,0.0,0.0,-17.0,0.0,0.0,0.0,153831,0,0,0,-0.94677734375,-0.101318359375,0.0048828125,0.9521956443786621,-34.58015441894531,5.687022686004639,-5.511450290679932,1,95573.0,9.0592041015625,-0.18000000715255737,1,0,3587,1,bb070000ff0602003e0ae000cb020000,1,0xDC7C
540,28,8,58176,14721700,0.0,0.0,-17.0,0.0,0.0,0.0,153901,0,0,0,-0.970947265625,-0.030029296875,0.0458984375,0.9724952578544617,-2.610687017440796,-0.3893129825592041,-1.2366411685943604,1,95579.0,8.536041259765625,0.23999999463558197,1,0,3584,1,bd070000ff000000e992e000cd020000,1,0x2E6A
541,28,9,58280,14751745,0.0,0.0,-17.0,0.0,0.0,0.0,153931,0,0,0,-0.954345703125,0.047607421875,0.079345703125,0.9588211178779602,-14.5496187210083,-1.160305380821228,-25.114503860473633,1,95586.0,7.9256591796875,1.0499999523162842,1,0,3593,1,bd070000ff000001e992e000cd020000,0,0xDC30
542,28,10,58384,38946,0.0,0.0,-17.0,0.0,0.0,0.0,154018,0,0,0,-0.966796875,-0.01025390625,0.084228515625,0.9705131649971008,-2.419847249984741,-0.290076345205307,-1.1526718139648438,1,95594.0,7.2254638671875,2.549999952316284,1,0,3561,1,c0070000ff030100b692000000000000,1,0xC412
543,28,11,58488,68990,0.0,0.0,-17.0,0.0,0.0,0.0,154049,0,0,0,-0.9736328125,-0.00927734375,0.0751953125,0.9765762686729431,-2.5190839767456055,-0.20610687136650085,-1.1526718139648438,1,95603.0,6.440704345703125,3.5799999237060547,1,0,3584,1,c2070000ff0602003200010002000000,1,0xFC25
544,28,12,58592,99073,0.0,0.0,-17.0,0.0,0.0,0.0,154132,0,0,0,-0.865966796875,-0.520751953125,-0.05712890625,1.0120991468429565,-3.648854970932007,1.3664121627807617,-6.717557430267334,1,95606.0,6.17913818359375,5.949999809265137,1,0,3584,1,c2070000ff0602003200010002000000,1,0xFEE8
545,28,13,58696,129131,0.0,0.0,-17.0,0.0,0.0,0.0,154216,0,0,0,-0.73193359375,0.440673828125,-0.582763671875,1.0341826677322388,-0.16030533611774445,-0.05343511328101158,-3.4809160232543945,1,95625.0,4.522430419921875,8.430000305175781,1,0,3548,1,c2070000ff0602003200010002000000,1,0xB7C5
546,28,14,58800,159153,0.0,0.0,-17.0,0.0,0.0,0.0,154259,0,0,0,-0.787841796875,-0.580322265625,-0.1142578125,0.985151469707489,-5.259541988372803,-0.4122137427330017,-0.7404580116271973,1,95623.0,4.696807861328125,10.479999542236328,1,0,3558,1,c2070000ff0602023200010002000000,0,0x85FE
547,28,15,58904,189178,0.0,0.0,-17.0,0.0,0.0,0.0,154342,0,0,0,-0.460693359375,-0.894775390625,-0.2666015625,1.0411232709884644,7.916030406951904,11.0,14.58015251159668,1,95638.0,3.38623046875,11.859999656677246,1,0,3584,1,c2070000ff0602023200010002000000,0,0x1BE9
548,28,16,59008,219274,0.0,0.0,-17.0,0.0,0.0,0.0,154415,0,0,0,-0.782470703125,-0.18994140625,-0.778564453125,1.1200449466705322,45.832061767578125,-21.068702697753906,13.396946907043457,1,95638.0,3.38623046875,12.670000076293945,1,0,3584,1,cd070000ff0602006d13030003000000,1,0x80D5
549,28,17,59112,38708,0.0,0.0,0.0,0.0,0.0,0.0,0,0,0,0,-0.980712890625,-0.077392578125,0.043701171875,0.9847320318222046,-3.14503812789917,-0.4656488597393036,-1.2137404680252075,1,95748.0,-6.2052001953125,25.290000915527344,1,0,4038,1,cf070000ff120700ce91000000000000,1,0xF6BF
550,28,18,59216,38728,0.0,0.0,0.0,0.0,0.0,0.0,0,0,0,0,-0.971923828125,-0.07666015625,0.0712890625,0.9775453209877014,-2.8396947383880615,-0.13740457594394684,-1.0305343866348267,0,95748.0,-6.2052001953125,25.510000228881836,1,0,4067,1,d2070000ff0602005066000000000000,1,0x3C7D
551,29,0,59392,68828,0.0,0.0,-17.0,0.0,0.0,0.0,204,0,0,0,-0.9697265625,-0.072021484375,0.0615234375,0.9743417501449585,-2.9770991802215576,-0.38167938590049744,-0.9847328066825867,1,95746.0,-6.03082275390625,25.65999984741211,1,0,4054,1,d4070000ff0502001eef000002000000,1,0xF1BE
552,29,1,59496,38709,0.0,0.0,0.0,0.0,0.0,0.0,0,0,0,0,-0.976806640625,-0.048828125,0.0673828125,0.9803447723388672,-3.038167953491211,-0.25190839171409607,-1.0458015203475952,1,95745.0,-5.943634033203125,25.90999984741211,1,0,4051,1,d7070000ff190a00e870000000000000,1,0xE13B
553,29,2,59600,68809,0.0,0.0,-17.0,0.0,0.0,0.0,329,0,0,0,-0.9765625,-0.050537109375,0.0771484375,0.9809078574180603,-2.9083969593048096,-0.23664122819900513,-1.3435114622116089,1,95747.0,-6.118011474609375,26.059999465942383,1,0,4060,1,d9070000ff140800bcf9000002000000,1,0xA47B
554,29,3,59704,98859,0.0,0.0,0.0,0.0,0.0,0.0,0,0,0,0,-0.976806640625,-0.050537109375,0.0849609375,0.9817960858345032,-2.8473281860351562,-0.12977099418640137,-1.229007601737976,0,95739.0,-5.420440673828125,26.200000762939453,1,0,4057,1,da070000ff0a04001c3e010003000000,1,0xD375
555,29,4,59808,128959,0.0,0.0,-17.0,0.0,0.0,0.0,429,0,0,0,-0.970458984375,-0.047119140625,0.069580078125,0.9740904569625854,-2.9465649127960205,-0.06106870248913765,-1.3816794157028198,1,95744.0,-5.8564453125,26.34000015258789,1,0,4060,1,dc070000ff0e0500e5c6010004000000,1,0xD8FD
556,29,5,59912,159012,0.0,0.0,0.0,0.0,0.0,0.0,0,0,0,0,-0.977783203125,-0.052490234375,0.073974609375,0.9819813966751099,-3.0610687732696533,-0.221374049782753,-1.1374045610427856,1,95741.0,-5.5948486328125,26.469999313354492,1,0,4054,1,de070000ff0602009c66020006000000,1,0xFBAE
557,29,6,60016,189112,0.0,0.0,-17.0,0.0,0.0,0.0,530,0,0,0,-0.9775390625,-0.049072265625,0.081298828125,0.9821406006813049,-2.9007632732391357,-0.30534350872039795,-1.0458015203475952,1,95733.0,-4.89727783203125,26.610000610351562,1,0,4051,1,e0070000ff1f0c008bd8020008000000,1,0x569F
558,29,7,60120,219164,0.0,0.0,-17.0,0.0,0.0,0.0,600,0,0,0,-0.97265625,-0.042724609375,0.077880859375,0.9767041802406311,-3.0,-0.09160305559635162,-0.8778625726699829,1,95741.0,-5.5948486328125,26.729999542236328,1,0,4051,1,e1070000ff0c0500ee1c030009000000,0,0xF691
559,29,8,60224,249264,0.0,0.0,-17.0,0.0,0.0,0.0,630,0,0,0,-0.975341796875,-0.0390625,0.07568359375,0.9790533781051636,-3.030534267425537,-0.038167938590049744,-1.14503812789917,1,95737.0,-5.246063232421875,26.84000015258789,1,0,4035,1,e3070000ff090300caa503000b000000,1,0xAB63
560,29,9,60328,279324,0.0,0.0,-17.0,0.0,0.0,0.0,700,0,0,0,-0.970458984375,-0.0498046875,0.085205078125,0.9754645228385925,-3.1297709941864014,0.015267175622284412,-1.0152671337127686,1,95738.0,-5.333251953125,26.93000030517578,1,0,4054,1,e4070000ff0b040134ea03000c000000,0,0x8A85
561,29,10,60432,309424,0.0,0.0,-17.0,0.0,0.0,0.0,730,0,0,0,-0.975341796875,-0.051025390625,0.07275390625,0.9793816208839417,-2.9847328662872314,-0.25190839171409607,-1.0992366075515747,0,95734.0,-4.984466552734375,27.030000686645508,1,0,4044,1,e7070000ff0703007db704000e000000,1,0x54CB
562,29,11,60536,339477,0.0,0.0,-17.0,0.0,0.0,0.0,800,0,0,0,-0.976318359375,-0.055908203125,0.080078125,0.9811909794807434,-2.9160306453704834,-0.06870228797197342,-1.1832060813903809,1,95742.0,-5.682037353515625,27.1200008392334,1,0,4041,1,e8070000ff0b0400fcfb04000f000000,1,0xDD8C
563,29,12,60640,369577,0.0,0.0,-17.0,0.0,0.0,0.0,830,0,0,0,-0.977294921875,-0.051025390625,0.07568359375,0.9815482497215271,-3.0152671337127686,0.0,-1.0763359069824219,1,95739.0,-5.420440673828125,27.219999313354492,1,0,4044,1,ea070000ff0c0500d784050011000000,1,0x3720
564,29,13,60744,399622,0.0,0.0,-17.0,0.0,0.0,0.0,900,0,0,0,-0.971923828125,-0.052001953125,0.065673828125,0.9755271077156067,-3.0916030406951904,-0.08396946638822556,-1.1145038604736328,1,95745.0,-5.943634033203125,27.309999465942383,1,0,4060,1,eb070000ff1f0c004bc9050012000000,1,0xB71C
565,29,14,60848,429628,0.0,0.0,-17.0,0.0,0.0,0.0,930,0,0,0,-0.97412109375,-0.05322265625,0.07470703125,0.9784302115440369,-3.1297709941864014,-0.1221374049782753,-1.038167953491211,0,95737.0,-5.246063232421875,27.389999389648438,1,0,4051,1,ed070000ff0f06002b52060013000000,0,0xFE8A
566,29,15,60952,459668,0.0,0.0,-17.0,0.0,0.0,0.0,1000,0,0,0,-0.9765625,-0.0498046875,0.07958984375,0.9810654520988464,-3.1221373081207275,-0.40458014607429504,-1.1679389476776123,1,95736.0,-5.15887451171875,27.469999313354492,1,0,4060,1,ef070000ff0a04000edb060015000000,1,0xAB9C
567,29,16,61056,489674,0.0,0.0,-17.0,0.0,0.0,0.0,1030,0,0,0,-0.970458984375,-0.048583984375,0.0810546875,0.9750491976737976,-2.9465649127960205,-0.07633587718009949,-0.9236640930175781,1,95738.0,-5.333251953125,27.56999969482422,1,0,4051,1,f1070000ff080300f363070017000000,1,0x67DA
568,29,17,61160,519741,0.0,0.0,-17.0,0.0,0.0,0.0,1100,0,0,0,-0.97607421875,-0.05224609375,0.075439453125,0.9803783297538757,-3.0916030406951904,-0.23664122819900513,-1.038167953491211,1,95743.0,-5.76922607421875,27.65999984741211,1,0,4054,1,f2070000ff0b040066a8070018000000,1,0x7997
569,29,18,61264,549841,0.0,0.0,-17.0,0.0,0.0,0.0,1131,0,0,0,-0.974853515625,-0.06787109375,0.069580078125,0.9796873331069946,-3.076335906982422,-0.3358778655529022,-1.0610686540603638,1,95745.0,-5.943634033203125,27.760000228881836,1,0,4032,1,f4070000ff0d05005231080019000000,1,0xDFFE
570,30,0,61440,579926,0.0,0.0,-17.0,0.0,0.0,0.0,1201,0,0,0,-0.978515625,-0.058837890625,0.07568359375,0.9832002520561218,-3.0458016395568848,-0.221374049782753,-1.1145038604736328,1,95743.0,-5.76922607421875,27.850000381469727,1,0,4041,1,f5070000ff090301ca7508001a000000,0,0x6BB3
571,30,1,61544,610033,0.0,0.0,-17.0,0.0,0.0,0.0,1231,0,0,0,-0.9755859375,-0.04248046875,0.079345703125,0.979728639125824,-2.9389312267303467,-0.2748091518878937,-1.305343508720398,1,95737.0,-5.246063232421875,27.920000076293945,1,0,4035,1,f8070000ff180900364309001c000000,1,0xABBD
572,30,2,61648,640085,0.0,0.0,-17.0,0.0,0.0,0.0,1301,0,0,0,-0.976318359375,-0.06201171875,0.068603515625,0.9806882739067078,-2.931297779083252,-0.19083969295024872,-0.9465649127960205,1,95742.0,-5.682037353515625,27.979999542236328,1,0,4041,1,f9070000ff0a0400b58709001d000000,0,0xE8DF
573,30,3,61752,670185,0.0,0.0,-17.0,0.0,0.0,0.0,1331,0,0,0,-0.97900390625,-0.0693359375,0.072021484375,0.9840950965881348,-3.114503860473633,-0.13740457594394684,-1.0229008197784424,1,95739.0,-5.420440673828125,28.059999465942383,1,0,4035,1,fb070000ff0703003e140a001f000000,1,0xFF2C
574,30,4,61856,700265,0.0,0.0,-17.0,0.0,0.0,0.0,1401,0,0,0,-0.977294921875,-0.061279296875,0.076416015625,0.9821913838386536,-3.0458016395568848,0.2748091518878937,-0.9083969593048096,1,95740.0,-5.507659912109375,28.1200008392334,1,0,4044,1,fc070000ff1006008e580a0020000000,1,0x6BFA
575,30,5,61960,730270,0.0,0.0,-17.0,0.0,0.0,0.0,1431,0,0,0,-0.96875,-0.070068359375,0.078369140625,0.9744371771812439,-2.9007632732391357,-0.09923664480447769,-1.6030534505844116,1,95741.0,-5.5948486328125,28.15999984741211,1,0,4032,1,fe070000ff09030035e10a0021000000,0,0x9E31
576,30,6,62064,760356,0.0,0.0,-17.0,0.0,0.0,0.0,1501,0,0,0,-0.9814453125,-0.0634765625,0.07080078125,0.9860410094261169,-3.137404680252075,-0.19083969295024872,-1.1832060813903809,0,95736.0,-5.15887451171875,28.219999313354492,1,0,4032,1,00080000ff070300e4690b0023000000,1,0x18BC
577,30,7,62168,790365,0.0,0.0,-17.0,0.0,0.0,0.0,1531,0,0,0,-0.9765625,-0.06591796875,0.07080078125,0.981342077255249,-3.137404680252075,-0.3129771053791046,-0.9541984796524048,1,95738.0,-5.333251953125,28.280000686645508,1,0,4035,1,02080000ff090300a1f20b0025000000,1,0x78BA
578,30,8,62272,820450,0.0,0.0,-17.0,0.0,0.0,0.0,1601,0,0,0,-0.9775390625,-0.069580078125,0.068603515625,0.9824105501174927,-3.1603052616119385,-0.5877862572669983,-1.2824426889419556,1,95733.0,-4.89727783203125,28.350000381469727,1,0,4028,1,03080000ff0f0600fc360c0026000000,1,0x0569
579,30,9,62376,850455,0.0,0.0,-17.0,0.0,0.0,0.0,1631,0,0,0,-0.972412109375,-0.053955078125,0.072021484375,0.9765672087669373,-3.007633686065674,-0.21374045312404633,-1.1679389476776123,1,95730.0,-4.635711669921875,28.43000030517578,1,0,4035,1,05080000ff0b0400aabf0c0027000000,0,0xC377
580,30,10,62480,880521,0.0,0.0,-17.0,0.0,0.0,0.0,1701,0,0,0,-0.982421875,-0.0615234375,0.07470703125,0.987177312374115,-2.9541983604431152,-0.007633587811142206,-1.1374045610427856,1,95730.0,-4.635711669921875,28.5,1,0,4038,1,07080000ff0e05007b630d0029000000,1,0xA2F9
581,30,11,62584,910621,0.0,0.0,-17.0,0.0,0.0,0.0,1732,0,0,0,-0.976806640625,-0.06201171875,0.074951171875,0.9816386103630066,-3.0229008197784424,0.1450381726026535,-1.0152671337127686,1,95733.0,-4.89727783203125,28.559999465942383,1,0,4051,1,09080000ff0e050026d10d002b000000,1,0x220C
582,30,12,62688,940680,0.0,0.0,-17.0,0.0,0.0,0.0,1802,0,0,0,-0.970458984375,-0.06591796875,0.06982421875,0.9751980304718018,-3.038167953491211,-0.12977099418640137,-1.229007601737976,1,95733.0,-4.89727783203125,28.600000381469727,1,0,4051,1,0b080000ff0a0400f3590e002d000000,1,0x76FC
583,30,13,62792,970680,0.0,0.0,-17.0,0.0,0.0,0.0,1832,0,0,0,-0.973388671875,-0.063720703125,0.06787109375,0.9778304100036621,-2.969465732574463,-0.22900763154029846,-1.122137427330017,1,95733.0,-4.89727783203125,28.649999618530273,1,0,4035,1,0c080000ff0f0600369e0e002e000000,1,0x8BC6
584,30,14,62896,1000737,0.0,0.0,-17.0,0.0,0.0,0.0,1902,0,0,0,-0.9765625,-0.0615234375,0.07275390625,0.9811995625495911,-3.1297709941864014,-0.23664122819900513,-1.1679389476776123,1,95737.0,-5.246063232421875,28.68000030517578,1,0,4054,1,0d080000ff1b0a0194e20e002f000000,0,0xC4E2
585,30,15,63000,1030837,0.0,0.0,-17.0,0.0,0.0,0.0,1932,0,0,0,-0.978759765625,-0.05810546875,0.078125,0.9835906028747559,-3.0,-0.08396946638822556,-0.9618320465087891,1,95732.0,-4.810089111328125,28.739999771118164,1,0,4035,1,10080000ff0e0500b2af0f0031000000,1,0x84FB
586,30,16,63104,1060917,0.0,0.0,-17.0,0.0,0.0,0.0,2002,0,0,0,-0.972900390625,-0.05712890625,0.0673828125,0.9769029021263123,-3.0229008197784424,-0.19847328960895538,-1.1832060813903809,0,95733.0,-4.89727783203125,28.780000686645508,1,0,4051,1,11080000ff13070014f40f0032000000,0,0x28C1
587,30,17,63208,1091017,0.0,0.0,-17.0,0.0,0.0,0.0,2032,0,0,0,-0.976318359375,-0.060791015625,0.0732421875,0.9809472560882568,-3.1679389476776123,-0.6488549709320068,-1.229007601737976,1,95737.0,-5.246063232421875,28.84000015258789,1,0,4025,1,13080000ff0e0500f47c100034000000,1,0xFF61
588,30,18,63312,1121089,0.0,0.0,-17.0,0.0,0.0,0.0,2102,0,0,0,-0.974609375,-0.05859375,0.067138671875,0.9786747694015503,-3.0229008197784424,-0.2748091518878937,-1.038167953491211,1,95738.0,-5.333251953125,28.899999618530273,1,0,4028,1,14080000ff0d050043c1100035000000,1,0xD8A6
589,31,0,63488,1151189,0.0,0.0,-17.0,0.0,0.0,0.0,2132,0,0,0,-0.9775390625,-0.058837890625,0.071044921875,0.9818817973136902,-3.2290077209472656,-0.3206106722354889,-0.8778625726699829,0,95735.0,-5.071685791015625,28.959999084472656,1,0,4028,1,17080000ff060200778e110037000000,1,0x2712
590,31,1,63592,1181290,0.0,0.0,-17.0,0.0,0.0,0.0,2202,0,0,0,-0.97705078125,-0.06005859375,0.070556640625,0.9814344048500061,-3.038167953491211,-0.05343511328101158,-1.2366411685943604,1,95736.0,-5.15887451171875,28.979999542236328,1,0,4051,1,18080000ff070300d7d2110038000000,0,0xD5CF
591,31,2,63696,1211390,0.0,0.0,-17.0,0.0,0.0,0.0,2232,0,0,0,-0.9814453125,-0.062255859375,0.0703125,0.9859282374382019,-3.030534267425537,-0.10687022656202316,-1.0839694738388062,1,95736.0,-5.15887451171875,28.989999771118164,1,0,4041,1,1a080000ff0a0400ac5b12003a000000,1,0x3F5B
592,31,3,63800,1241424,0.0,0.0,-17.0,0.0,0.0,0.0,2303,0,0,0,-0.9775390625,-0.0673828125,0.06884765625,0.9822744131088257,-3.0992367267608643,-0.16030533611774445,-1.0763359069824219,1,95734.0,-4.984466552734375,29.010000228881836,1,0,4035,1,1b080000ff0602000fa012003b000000,1,0xF847
593,31,4,63904,1271524,0.0,0.0,-17.0,0.0,0.0,0.0,2333,0,0,0,-0.975830078125,-0.06005859375,0.07177734375,0.9803078174591064,-2.992366313934326,-0.3358778655529022,-1.3358778953552246,1,95736.0,-5.15887451171875,29.059999465942383,1,0,4035,1,1d080000ff050200e42813003c000000,0,0xE04D
594,31,5,64008,1301599,0.0,0.0,-17.0,0.0,0.0,0.0,2403,0,0,0,-0.97509765625,-0.06005859375,0.064208984375,0.979053258895874,-3.068702220916748,-0.1679389327764511,-1.106870174407959,1,95735.0,-5.071685791015625,29.100000381469727,1,0,4035,1,1f080000ff0c050008cc13003e000000,1,0x210D
595,31,6,64112,1331699,0.0,0.0,-17.0,0.0,0.0,0.0,2433,0,0,0,-0.968017578125,-0.067626953125,0.068603515625,0.9727990031242371,-3.0458016395568848,-0.07633587718009949,-1.0687023401260376,1,95730.0,-4.635711669921875,29.149999618530273,1,0,4028,1,21080000ff0d0500813a140040000000,1,0x5214
596,31,7,64216,1361733,0.0,0.0,-17.0,0.0,0.0,0.0,2503,0,0,0,-0.97314453125,-0.07177734375,0.068115234375,0.9781625270843506,-3.0992367267608643,-0.25954198837280273,-0.8244274854660034,1,95731.0,-4.722900390625,29.190000534057617,1,0,4048,1,23080000ff1408005ac3140042000000,1,0x093A
597,31,8,64320,1391735,0.0,0.0,-17.0,0.0,0.0,0.0,2533,0,0,0,-0.98046875,-0.05615234375,0.069091796875,0.9845027923583984,-3.0458016395568848,-0.19847328960895538,-1.122137427330017,1,95735.0,-5.071685791015625,29.200000762939453,1,0,4038,1,24080000ff100600c507150043000000,0,0x252F
598,31,9,64424,1421773,0.0,0.0,-17.0,0.0,0.0,0.0,2603,0,0,0,-0.9736328125,-0.005859375,0.093505859375,0.9781301021575928,-3.0,0.015267175622284412,-1.0992366075515747,1,95739.0,-5.420440673828125,29.100000381469727,1,0,4009,1,25080000ff070301324c150044000000,0,0xAE3B
599,31,10,64528,1451873,0.0,0.0,-17.0,0.0,0.0,0.0,2633,0,0,0,-0.97412109375,-0.00390625,0.09228515625,0.9784905314445496,-3.1221373081207275,-0.32824426889419556,-1.2137404680252075,1,95735.0,-5.071685791015625,29.1200008392334,1,0,4009,1,28080000ff0c05009619160046000000,1,0x3055
600,31,11,64632,1481935,0.0,0.0,-17.0,0.0,0.0,0.0,2703,0,0,0,-0.9755859375,-0.009765625,0.0908203125,0.9798528552055359,-2.9007632732391357,-0.23664122819900513,-1.0916030406951904,1,95730.0,-4.635711669921875,29.149999618530273,1,0,4016,1,29080000ff140800e35d160047000000,0,0xB4F7
601,31,12,64736,1511939,0.0,0.0,-17.0,0.0,0.0,0.0,2733,0,0,0,-0.97119140625,-0.00830078125,0.092041015625,0.9755783677101135,-3.1221373081207275,-0.09160305559635162,-1.0305343866348267,1,95736.0,-5.15887451171875,29.170000076293945,1,0,4006,1,2b080000ff291000c3e6160049000000,1,0x96D2
602,31,13,64840,1542034,0.0,0.0,-17.0,0.0,0.0,0.0,2803,0,0,0,-0.97607421875,-0.01220703125,0.086181640625,0.9799475073814392,-3.1221373081207275,-0.22900763154029846,-1.0610686540603638,1,95736.0,-5.15887451171875,29.190000534057617,1,0,4006,1,2c080000ff1d0b003b2b17004a000000,1,0x25F1
603,31,14,64944,1572039,0.0,0.0,-17.0,0.0,0.0,0.0,2833,0,0,0,-0.9736328125,-0.001708984375,0.09765625,0.9785195589065552,-3.0992367267608643,-0.1679389327764511,-1.14503812789917,1,95735.0,-5.071685791015625,29.209999084472656,1,0,4006,1,2f080000ff32130091f817004c000000,1,0x459E
604,31,15,65048,1602083,0.0,0.0,-17.0,0.0,0.0,0.0,2903,0,0,0,-0.97607421875,-0.0087890625,0.094482421875,0.9806758165359497,-2.969465732574463,-0.13740457594394684,-0.9847328066825867,0,95734.0,-4.984466552734375,29.229999542236328,1,0,4019,1,30080000ff2f1200fc3c18004d000000,0,0x8396
605,31,16,65152,1632124,0.0,0.0,-17.0,0.0,0.0,0.0,2933,0,0,0,-0.975341796875,-0.005615234375,0.08642578125,0.9791795611381531,-3.068702220916748,-0.2671755850315094,-1.0839694738388062,1,95733.0,-4.89727783203125,29.239999771118164,1,0,3996,1,32080000ff140800dec518004f000000,1,0x187E
606,31,17,65256,1662178,0.0,0.0,-17.0,0.0,0.0,0.0,3004,0,0,0,-0.97265625,-0.0078125,0.097900390625,0.9776020050048828,-3.007633686065674,-0.221374049782753,-1.14503812789917,1,95730.0,-4.635711669921875,29.260000228881836,1,0,4019,1,33080000ff160800590a190050000000,1,0xF6C2
607,31,18,65360,1692278,0.0,0.0,-17.0,0.0,0.0,0.0,3034,0,0,0,-0.974609375,-0.005859375,0.08740234375,0.9785381555557251,-3.0839693546295166,-0.007633587811142206,-1.0076335668563843,1,95731.0,-4.722900390625,29.280000686645508,1,0,4003,1,35080000ff2c11003b93190051000000,0,0x2964
608,32,0,65536,1722328,0.0,0.0,-17.0,0.0,0.0,0.0,3104,0,0,0,-0.97509765625,-0.00537109375,0.088134765625,0.9790873527526855,-3.0610687732696533,-0.221374049782753,-1.0916030406951904,1,95731.0,-4.722900390625,29.299999237060547,1,0,4006,1,37080000ff240e0067341a0053000000,1,0x87F6
609,32,1,65640,1752428,0.0,0.0,-17.0,0.0,0.0,0.0,3134,0,0,0,-0.973388671875,-0.001220703125,0.090576171875,0.9775944948196411,-3.0229008197784424,-0.09160305559635162,-0.9312977194786072,1,95732.0,-4.810089111328125,29.31999969482422,1,0,3996,1,39080000ff2c110015a51a0055000000,1,0xCCBD
610,32,2,65744,1782520,0.0,0.0,-17.0,0.0,0.0,0.0,3204,0,0,0,-0.966796875,-0.00439453125,0.094482421875,0.9714125990867615,-3.007633686065674,-0.04580152779817581,-0.9770992398262024,1,95734.0,-4.984466552734375,29.34000015258789,1,0,4006,1,3b080000ff160800a7311b0057000000,1,0x0087
611,32,3,65848,1812620,0.0,0.0,-17.0,0.0,0.0,0.0,3234,0,0,0,-0.9794921875,-0.0078125,0.09423828125,0.9840461611747742,-3.0229008197784424,-0.13740457594394684,-0.885496199131012,1,95736.0,-5.15887451171875,29.350000381469727,1,0,3990,1,3c080000ff1b0a00f9751b0058000000,1,0xC35B
612,32,4,65952,1842694,0.0,0.0,-17.0,0.0,0.0,0.0,3304,0,0,0,-0.976806640625,-0.0087890625,0.090576171875,0.9810364246368408,-3.076335906982422,-0.21374045312404633,-1.0534350872039795,1,95732.0,-4.810089111328125,29.360000610351562,1,0,4009,1,3d080000ff2910005dba1b0059000000,1,0xD1B3
613,32,5,66056,1872694,0.0,0.0,-17.0,0.0,0.0,0.0,3334,0,0,0,-0.971923828125,0.00634765625,0.086181640625,0.975757896900177,-3.14503812789917,-0.7099236845970154,-2.0,1,95735.0,-5.071685791015625,29.3700008392334,1,0,4016,1,40080000ff220d0057871c005b000000,1,0xF555
614,32,6,66160,1902748,0.0,0.0,-17.0,0.0,0.0,0.0,3404,0,0,0,-0.97314453125,-0.0068359375,0.088623046875,0.9771955013275146,-2.9541983604431152,-0.06106870248913765,-1.0992366075515747,1,95737.0,-5.246063232421875,29.3700008392334,1,0,4009,1,41080000ff0e0500aacb1c005c000000,0,0xAB28
615,32,7,66264,1932748,0.0,0.0,-17.0,0.0,0.0,0.0,3434,0,0,0,-0.97216796875,-0.00732421875,0.09228515625,0.9765657782554626,-3.068702220916748,-0.28244274854660034,-1.0763359069824219,1,95735.0,-5.071685791015625,29.3799991607666,1,0,4012,1,43080000ff0b040055541d005e000000,1,0xD32F
616,32,8,66368,1962830,0.0,0.0,-17.0,0.0,0.0,0.0,3504,0,0,0,-0.9765625,-0.005126953125,0.092529296875,0.9809496998786926,-3.007633686065674,-0.11450381577014923,-1.0610686540603638,1,95731.0,-4.722900390625,29.389999389648438,1,0,4012,1,44080000ff160800b0981d005f000000,1,0xE2E6
617,32,9,66472,1992882,0.0,0.0,-17.0,0.0,0.0,0.0,3534,0,0,0,-0.974853515625,-0.0126953125,0.09765625,0.9798149466514587,-3.0534350872039795,-0.2671755850315094,-1.0610686540603638,1,95737.0,-5.246063232421875,29.399999618530273,1,0,3996,1,47080000ff0f0600bd651e0061000000,1,0xEEF5
618,32,10,66576,2022954,0.0,0.0,-17.0,0.0,0.0,0.0,3605,0,0,0,-0.9697265625,-0.009521484375,0.091796875,0.9741082787513733,-3.14503812789917,-0.7022900581359863,-1.198473334312439,1,95737.0,-5.246063232421875,29.40999984741211,1,0,3996,1,48080000ff0c050018aa1e0062000000,0,0x7917
619,32,11,66680,2053054,0.0,0.0,-17.0,0.0,0.0,0.0,3635,0,0,0,-0.97314453125,-0.013671875,0.09423828125,0.9777924418449402,-3.0610687732696533,-0.19083969295024872,-1.2595419883728027,1,95730.0,-4.635711669921875,29.420000076293945,1,0,3990,1,4a080000ff180900da321f0064000000,1,0x8B6D
620,32,12,66784,2083131,0.0,0.0,-17.0,0.0,0.0,0.0,3705,0,0,0,-0.97412109375,-0.009765625,0.0986328125,0.9791504740715027,-3.0458016395568848,-0.17557251453399658,-0.8702290058135986,1,95736.0,-5.15887451171875,29.43000030517578,1,0,3987,1,4b080000ff1608003f771f0065000000,1,0x1F3D
621,32,13,66888,2113231,0.0,0.0,-17.0,0.0,0.0,0.0,3735,0,0,0,-0.71337890625,0.000244140625,0.686279296875,0.9898933172225952,-2.8473281860351562,2.2748091220855713,-0.9083969593048096,1,95735.0,-5.071685791015625,29.420000076293945,1,0,3974,1,4d080000ff160800faff1f0066000000,0,0x22AC
622,32,14,66992,2143296,0.0,0.0,-17.0,0.0,0.0,0.0,3805,0,0,0,-0.976806640625,-0.01025390625,0.0869140625,0.9807193279266357,-3.076335906982422,0.007633587811142206,-0.9007633328437805,1,95733.0,-4.89727783203125,29.389999389648438,1,0,3996,1,4e080000ff0602015d44200067000000,0,0xB006
623,32,15,67096,2173396,0.0,0.0,-17.0,0.0,0.0,0.0,3835,0,0,0,-0.974853515625,-0.004638671875,0.091796875,0.9791769981384277,-3.0992367267608643,-0.35114502906799316,-1.0763359069824219,1,95737.0,-5.246063232421875,29.3799991607666,1,0,3996,1,51080000ff0602007611210069000000,1,0x2CED
624,32,16,67200,2203454,0.0,0.0,-17.0,0.0,0.0,0.0,3905,0,0,0,-0.97802734375,-0.014404296875,0.079833984375,0.9813859462738037,-3.038167953491211,-0.12977099418640137,-1.0839694738388062,1,95735.0,-5.071685791015625,29.350000381469727,1,0,3996,1,53080000ff120700409a21006b000000,1,0x6C78
625,32,17,67304,2233554,0.0,0.0,-17.0,0.0,0.0,0.0,3935,0,0,0,-0.97265625,-0.01220703125,0.0888671875,0.976783812046051,-3.0152671337127686,0.08396946638822556,-1.0610686540603638,1,95736.0,-5.15887451171875,29.34000015258789,1,0,3996,1,54080000ff160800a4de21006c000000,0,0x5987
626,32,18,67408,2263629,0.0,0.0,-17.0,0.0,0.0,0.0,4005,0,0,0,-0.976806640625,-0.021240234375,0.0859375,0.9808096885681152,-3.213740348815918,-0.2442748099565506,-0.9236640930175781,1,95733.0,-4.89727783203125,29.350000381469727,1,0,4003,1,55080000ff020100042322006d000000,1,0xBB3B
627,33,0,67584,2293729,0.0,0.0,-17.0,0.0,0.0,0.0,4035,0,0,0,-0.970703125,-0.004150390625,0.10107421875,0.9759599566459656,-3.114503860473633,-0.2442748099565506,-0.9694656729698181,0,95731.0,-4.722900390625,29.360000610351562,1,0,4009,1,58080000ff0d05002af022006f000000,1,0x172B
628,33,1,67688,2323786,0.0,0.0,-17.0,0.0,0.0,0.0,4106,0,0,0,-0.974365234375,-0.005859375,0.102783203125,0.9797888994216919,-2.8015267848968506,-0.038167938590049744,-1.0839694738388062,0,95733.0,-4.89727783203125,29.3799991607666,1,0,4012,1,59080000ff0401009234230070000000,0,0x944C
629,33,2,67792,2353793,0.0,0.0,-17.0,0.0,0.0,0.0,4136,0,0,0,-0.976318359375,-0.00439453125,0.10693359375,0.9821668267250061,-3.0992367267608643,-0.08396946638822556,-1.1297709941864014,1,95733.0,-4.89727783203125,29.3799991607666,1,0,3977,1,5b080000ff0602005cbd230072000000,1,0x4E7B
630,33,3,67896,2383886,0.0,0.0,-17.0,0.0,0.0,0.0,4206,0,0,0,-0.977783203125,-0.000244140625,0.106201171875,0.9835337996482849,-3.14503812789917,-0.2748091518878937,-1.1755725145339966,1,95735.0,-5.071685791015625,29.389999389648438,1,0,3984,1,5c080000ff0f0600c201240073000000,1,0x7F25
631,33,4,68000,2413887,0.0,0.0,-17.0,0.0,0.0,0.0,4236,0,0,0,-0.978515625,-0.010009765625,0.114013671875,0.9851863384246826,-2.9847328662872314,-0.2671755850315094,-1.0458015203475952,1,95737.0,-5.246063232421875,29.40999984741211,1,0,3993,1,5f080000ff060200fdce240075000000,1,0x926D
632,33,5,68104,2443945,0.0,0.0,-17.0,0.0,0.0,0.0,4306,0,0,0,-0.975830078125,-0.006103515625,0.106689453125,0.9816640019416809,-3.007633686065674,0.08396946638822556,-0.9389312863349915,1,95734.0,-4.984466552734375,29.420000076293945,1,0,3964,1,60080000ff0703007313250076000000,0,0x869C
633,33,6,68208,2473949,0.0,0.0,-17.0,0.0,0.0,0.0,4336,0,0,0,-0.976806640625,-0.00244140625,0.10302734375,0.9822279810905457,-3.1908397674560547,-0.16030533611774445,-1.0610686540603638,1,95734.0,-4.984466552734375,29.440000534057617,1,0,4009,1,62080000ff0903004e9c250078000000,1,0x2889
634,33,7,68312,2504010,0.0,0.0,-17.0,0.0,0.0,0.0,4406,0,0,0,-0.965576171875,-0.0126953125,0.099609375,0.9707834720611572,-3.1603052616119385,-0.40458014607429504,-1.1297709941864014,1,95740.0,-5.507659912109375,29.450000762939453,1,0,3996,1,63080000ff120700b6e0250079000000,1,0x59C6
635,33,8,68416,2534110,0.0,0.0,-17.0,0.0,0.0,0.0,4436,0,0,0,-0.97314453125,-0.00927734375,0.110107421875,0.9793977737426758,-3.1603052616119385,-0.221374049782753,-1.0839694738388062,1,95729.0,-4.548492431640625,29.280000686645508,1,0,3996,1,65080000ff080300846926007a000000,0,0xDD86
636,33,9,68520,2564167,0.0,0.0,-17.0,0.0,0.0,0.0,4506,0,0,0,-0.972900390625,-0.00341796875,0.1083984375,0.9789264798164368,-2.969465732574463,-0.22900763154029846,-0.9770992398262024,0,95736.0,-5.15887451171875,29.15999984741211,1,0,3984,1,66080000ff040101f9ad26007b000000,0,0x5B69
637,33,10,68624,2594267,0.0,0.0,-17.0,0.0,0.0,0.0,4536,0,0,0,-0.97900390625,0.01123046875,0.103515625,0.9845253825187683,-2.923664093017578,-0.35877862572669983,-0.9312977194786072,1,95734.0,-4.984466552734375,29.139999389648438,1,0,4009,1,69080000ff040100437b27007d000000,1,0xA465
638,33,11,68728,2624333,0.0,0.0,-17.0,0.0,0.0,0.0,4606,0,0,0,-0.9755859375,0.010498046875,0.106689453125,0.9814584851264954,-3.076335906982422,-0.42748090624809265,-0.9923664331436157,1,95743.0,-5.76922607421875,29.18000030517578,1,0,3984,1,6b080000ff0401001c0428007f000000,1,0x24CE
639,33,12,68832,2654433,0.0,0.0,-17.0,0.0,0.0,0.0,4636,0,0,0,-0.97607421875,0.005615234375,0.098388671875,0.9810365438461304,-3.0,-0.2977099120616913,-1.0992366075515747,0,95728.0,-4.4613037109375,29.200000762939453,1,0,4009,1,6c080000ff0201009148280080000000,0,0xC72F
640,33,13,68936,2684544,0.0,0.0,-17.0,0.0,0.0,0.0,4707,0,0,0,-0.971435546875,0.011962890625,0.09521484375,0.976163923740387,-3.1679389476776123,-0.5038167834281921,-1.0839694738388062,1,95735.0,-5.071685791015625,29.219999313354492,1,0,3996,1,6d080000ff070300068d280081000000,1,0x9625
641,33,14,69040,2714644,0.0,0.0,-17.0,0.0,0.0,0.0,4737,0,0,0,-0.969970703125,0.003173828125,0.09423828125,0.974543035030365,-3.0992367267608643,-0.2977099120616913,-0.9389312863349915,0,95733.0,-4.89727783203125,29.260000228881836,1,0,3996,1,70080000ff040100605a290083000000,1,0xA48B
642,33,15,69144,2744682,0.0,0.0,-17.0,0.0,0.0,0.0,4807,0,0,0,-0.973876953125,0.00390625,0.1025390625,0.9792680144309998,-2.9541983604431152,-0.11450381577014923,-0.9236640930175781,0,95735.0,-5.071685791015625,29.290000915527344,1,0,3996,1,71080000ff080300d89e290084000000,0,0x239C
643,33,16,69248,2774686,0.0,0.0,-17.0,0.0,0.0,0.0,4837,0,0,0,-0.978759765625,0.010986328125,0.103759765625,0.9843055605888367,-3.0992367267608643,-0.1221374049782753,-1.2519084215164185,0,95731.0,-4.722900390625,29.309999465942383,1,0,3942,1,73080000ff080300bb272a0086000000,1,0x1651
644,33,17,69352,2804677,0.0,0.0,-17.0,0.0,0.0,0.0,4907,0,0,0,-0.97509765625,-0.002197265625,0.086669921875,0.9789443016052246,-3.0916030406951904,-0.1450381726026535,-0.9618320465087891,1,95732.0,-4.810089111328125,29.34000015258789,1,0,3993,1,74080000ff090300336c2a0087000000,1,0xD84B
645,33,18,69456,2834781,0.0,0.0,-17.0,0.0,0.0,0.0,4937,0,0,0,-0.9765625,0.00390625,0.09130859375,0.980829656124115,-3.030534267425537,-0.09160305559635162,-1.0610686540603638,1,95736.0,-5.15887451171875,29.350000381469727,1,0,3974,1,77080000ff040100a9392b0089000000,1,0x256F
646,34,0,69632,2864846,0.0,0.0,-17.0,0.0,0.0,0.0,5007,0,0,0,-0.968994140625,0.006103515625,0.099365234375,0.9740946292877197,-3.1679389476776123,-0.28244274854660034,-0.9847328066825867,0,95736.0,-5.15887451171875,29.3700008392334,1,0,3990,1,78080000ff040100049a2b008a000000,0,0x81E3
647,34,1,69736,2894946,0.0,0.0,-17.0,0.0,0.0,0.0,5037,0,0,0,-0.971923828125,0.006591796875,0.104248046875,0.9775208830833435,-3.137404680252075,-0.21374045312404633,-0.9541984796524048,1,95733.0,-4.89727783203125,29.389999389648438,1,0,3993,1,7a080000ff030100e60a2c008c000000,1,0x930A
648,34,2,69840,2925041,0.0,0.0,-17.0,0.0,0.0,0.0,5107,0,0,0,-0.972412109375,0.001708984375,0.0986328125,0.9774030447006226,-2.9465649127960205,-0.2671755850315094,-1.0229008197784424,1,95736.0,-5.15887451171875,29.399999618530273,1,0,3974,1,7b080000ff030100474f2c008d000000,1,0x47D9
649,34,3,69944,2955141,0.0,0.0,-17.0,0.0,0.0,0.0,5137,0,0,0,-0.970947265625,0.00439453125,0.100341796875,0.9761282801628113,-3.007633686065674,-0.09923664480447769,-1.1679389476776123,1,95738.0,-5.333251953125,29.420000076293945,1,0,3971,1,7d080000ff010000d0d72c008e000000,0,0x3655
650,34,4,70048,2985240,0.0,0.0,-17.0,0.0,0.0,0.0,5207,0,0,0,0.1923828125,-0.07958984375,-1.06103515625,1.0812684297561646,1.4503816366195679,8.389312744140625,-0.9083969593048096,1,95738.0,-5.333251953125,29.43000030517578,1,0,3987,1,7e080000ff050201271c2d008f000000,0,0xF4BB
651,34,5,70152,3015340,0.0,0.0,-17.0,0.0,0.0,0.0,5238,0,0,0,-0.094970703125,-0.00341796875,-0.9921875,0.996728241443634,3.1526718139648438,-22.39694595336914,0.3435114622116089,1,95737.0,-5.246063232421875,29.43000030517578,1,0,3990,1,81080000ff02010028e92d0091000000,1,0x427F
652,34,6,70256,3045357,0.0,0.0,-17.0,0.0,0.0,0.0,5308,0,0,0,1.018310546875,0.0185546875,-0.099365234375,1.023315191268921,-2.9541983604431152,-0.32824426889419556,-1.0458015203475952,1,95739.0,-5.420440673828125,29.40999984741211,1,0,3987,1,83080000ff0f0600c5702e0093000000,1,0x9F33
653,34,7,70360,3075457,0.0,0.0,-17.0,0.0,0.0,0.0,5338,0,0,0,1.01611328125,0.02392578125,-0.104736328125,1.0217770338058472,-2.8702290058135986,-0.11450381577014923,-1.1145038604736328,1,95743.0,-5.76922607421875,29.399999618530273,1,0,3987,1,84080000ff0201005db42e0094000000,0,0xAEA0
654,34,8,70464,3105542,0.0,0.0,-17.0,0.0,0.0,0.0,5408,0,0,0,1.015625,0.01953125,-0.103515625,1.0210734605789185,-3.0458016395568848,-0.038167938590049744,-1.1679389476776123,1,95745.0,-5.943634033203125,29.399999618530273,1,0,3987,1,85080000ff120700fdf72e0095000000,1,0xF2DD
655,34,9,70568,3135642,0.0,0.0,-17.0,0.0,0.0,0.0,5438,0,0,0,1.01416015625,0.024169921875,-0.09716796875,1.019091010093689,-2.969465732574463,0.09923664480447769,-1.0534350872039795,1,95739.0,-5.420440673828125,29.3799991607666,1,0,3958,1,88080000ff000000d1c22f0097000000,1,0x5B36
656,34,10,70672,3165744,0.0,0.0,-17.0,0.0,0.0,0.0,5508,0,0,0,1.017578125,0.0205078125,-0.094482421875,1.0221607685089111,-3.030534267425537,-0.3358778655529022,-1.14503812789917,1,95743.0,-5.76922607421875,29.3700008392334,1,0,3984,1,8a080000ff090300454a300099000000,1,0x00B5
657,34,11,70776,3195746,0.0,0.0,-17.0,0.0,0.0,0.0,5538,0,0,0,1.017333984375,0.021240234375,-0.111083984375,1.0236010551452637,-2.961832046508789,-0.16030533611774445,-0.8702290058135986,1,95745.0,-5.943634033203125,29.34000015258789,1,0,3996,1,8b080000ff060200268e30009a000000,0,0x062F
658,34,12,70880,3225794,0.0,0.0,-17.0,0.0,0.0,0.0,5608,0,0,0,1.013671875,0.0185546875,-0.09619140625,1.0183947086334229,-3.068702220916748,-0.3129771053791046,-1.122137427330017,1,95741.0,-5.5948486328125,29.31999969482422,1,0,3980,1,8c080000ff08030002d230009b000000,1,0x4276
659,34,13,70984,3255894,0.0,0.0,-17.0,0.0,0.0,0.0,5638,0,0,0,1.01953125,0.0263671875,-0.10009765625,1.0247725248336792,-3.0534350872039795,-0.35114502906799316,-1.0458015203475952,0,95739.0,-5.420440673828125,29.299999237060547,1,0,3984,1,8f080000ff0502009d9d31009d000000,1,0xCFED
660,34,14,71088,3285956,0.0,0.0,-17.0,0.0,0.0,0.0,5708,0,0,0,1.016845703125,0.017578125,-0.105224609375,1.0224266052246094,-3.106870174407959,-0.221374049782753,-0.8702290058135986,1,95742.0,-5.682037353515625,29.280000686645508,1,0,3993,1,90080000ff0201007de131009e000000,0,0xA63D
661,34,15,71192,3316056,0.0,0.0,-17.0,0.0,0.0,0.0,5738,0,0,0,1.015869140625,0.0224609375,-0.110107421875,1.0220656394958496,-2.9770991802215576,-0.28244274854660034,-1.0763359069824219,1,95748.0,-6.2052001953125,29.25,1,0,3990,1,92080000ff04010047693200a0000000,1,0xEED2
662,34,16,71296,3346107,0.0,0.0,-17.0,0.0,0.0,0.0,5808,0,0,0,1.0126953125,0.01708984375,-0.106201171875,1.0183920860290527,-2.9770991802215576,-0.3129771053791046,-1.0610686540603638,1,95742.0,-5.682037353515625,29.229999542236328,1,0,3987,1,93080000ff03010027ad3200a1000000,1,0xDBEE
663,34,17,71400,3376207,0.0,0.0,-17.0,0.0,0.0,0.0,5839,0,0,0,1.0224609375,0.015380859375,-0.103271484375,1.027778148651123,-2.992366313934326,-0.3358778655529022,-0.9847328066825867,0,95739.0,-5.420440673828125,29.229999542236328,1,0,3984,1,96080000ff040100dd783300a3000000,1,0x6659
664,34,18,71504,3406269,0.0,0.0,-17.0,0.0,0.0,0.0,5909,0,0,0,1.01806640625,0.018798828125,-0.1015625,1.0232924222946167,-3.076335906982422,-0.17557251453399658,-1.0763359069824219,1,95734.0,-4.984466552734375,29.219999313354492,1,0,3984,1,97080000ff0201006bd73300a4000000,0,0x41BE
665,35,0,71680,3436369,0.0,0.0,-17.0,0.0,0.0,0.0,5939,0,0,0,1.01416015625,0.020751953125,-0.110107421875,1.020330786705017,-3.137404680252075,-0.3664122223854065,-1.2061069011688232,1,95742.0,-5.682037353515625,29.209999084472656,1,0,3971,1,99080000ff010000e8433400a6000000,1,0xF33B
666,35,1,71784,3466435,0.0,0.0,-17.0,0.0,0.0,0.0,10009,0,0,0,1.016845703125,0.02197265625,-0.101806640625,1.0221655368804932,-3.0610687732696533,0.015267175622284412,-1.1145038604736328,1,95745.0,-5.943634033203125,29.200000762939453,1,0,3971,1,9a080000ff93390092873400a7000000,1,0x0679
667,35,2,71888,3496535,0.0,0.0,-17.0,0.0,0.0,0.0,10039,0,0,0,1.01318359375,0.025634765625,-0.101318359375,1.018559455871582,-3.0534350872039795,-0.22900763154029846,-0.9923664331436157,1,95742.0,-5.682037353515625,29.190000534057617,1,0,3974,1,9d080000ff0d0500fe523500a9000000,1,0x1F51
668,35,3,71992,3526519,0.0,0.0,-17.0,0.0,0.0,0.0,10109,0,0,0,1.017822265625,0.021484375,-0.104248046875,1.0233725309371948,-3.0534350872039795,-0.23664122819900513,-0.9465649127960205,0,95741.0,-5.5948486328125,29.18000030517578,1,0,3948,1,9d080000ff0d0501fe523500a9000000,0,0x64C0
669,35,4,72096,3556524,0.0,0.0,-17.0,0.0,0.0,0.0,10139,0,0,0,1.021728515625,0.02197265625,-0.10498046875,1.0273425579071045,-3.137404680252075,-0.3129771053791046,-1.1908396482467651,1,95740.0,-5.507659912109375,29.170000076293945,1,0,3984,1,a0080000ff090300b51e3600ab000000,1,0x1A48
670,35,5,72200,3586577,0.0,0.0,-17.0,0.0,0.0,0.0,10209,0,0,0,1.024658203125,0.018798828125,-0.102294921875,1.0299232006072998,-2.9007632732391357,-0.4351145029067993,-1.1832060813903809,1,95737.0,-5.246063232421875,29.15999984741211,1,0,3996,1,a2080000ff05020049a63600ad000000,1,0xE547
671,35,6,72304,3616677,0.0,0.0,-17.0,0.0,0.0,0.0,10239,0,0,0,1.0185546875,0.017333984375,-0.10546875,1.0241472721099854,-2.9465649127960205,-0.30534350872039795,-1.0687023401260376,1,95740.0,-5.507659912109375,29.15999984741211,1,0,3971,1,a4080000ff060200312e3700af000000,1,0x160D
672,35,7,72408,3646657,0.0,0.0,-17.0,0.0,0.0,0.0,10309,0,0,0,1.01611328125,0.0224609375,-0.109619140625,1.022255778312683,-2.9541983604431152,-0.19083969295024872,-1.0229008197784424,1,95742.0,-5.682037353515625,29.149999618530273,1,0,3977,1,a4080000ff060201312e3700af000000,0,0xFDA3
673,35,8,72512,3676660,0.0,0.0,-17.0,0.0,0.0,0.0,10339,0,0,0,1.017578125,0.018310546875,-0.10107421875,1.022749423980713,-3.007633686065674,-0.15267175436019897,-1.0305343866348267,0,95741.0,-5.5948486328125,29.149999618530273,1,0,3971,1,a7080000ff060200e9f93700b1000000,1,0xA3D8
674,35,9,72616,3706701,0.0,0.0,-17.0,0.0,0.0,0.0,10409,0,0,0,1.02001953125,0.0224609375,-0.102783203125,1.0254309177398682,-2.9007632732391357,-0.30534350872039795,-1.0916030406951904,1,95767.0,-7.861907958984375,29.139999389648438,1,0,3974,1,a9080000ff040100cc813800b3000000,1,0xF109
675,35,10,72720,3736801,0.0,0.0,-17.0,0.0,0.0,0.0,10439,0,0,0,1.01611328125,0.021728515625,-0.101318359375,1.0213831663131714,-3.1221373081207275,-0.2671755850315094,-1.0687023401260376,1,95739.0,-5.420440673828125,29.139999389648438,1,0,3984,1,aa080000ff040100bbc53800b4000000,0,0x9AA3
676,35,11,72824,3766856,0.0,0.0,-17.0,0.0,0.0,0.0,10509,0,0,0,1.013671875,0.0244140625,-0.100341796875,1.0189186334609985,-2.992366313934326,-0.221374049782753,-1.0458015203475952,1,95742.0,-5.682037353515625,29.1299991607666,1,0,3971,1,ab080000ff090300d6093900b5000000,1,0xC254
677,35,12,72928,3796956,0.0,0.0,-17.0,0.0,0.0,0.0,10540,0,0,0,1.01953125,0.0234375,-0.10302734375,1.0249916315078735,-2.9847328662872314,-0.12977099418640137,-1.038167953491211,0,95739.0,-5.420440673828125,29.1200008392334,1,0,3971,1,ae080000ff09030089d53900b7000000,1,0x7C5A
678,35,13,73032,3827004,0.0,0.0,-17.0,0.0,0.0,0.0,10610,0,0,0,1.01220703125,0.02099609375,-0.09716796875,1.0170769691467285,-3.0916030406951904,-0.2671755850315094,-1.1145038604736328,1,95745.0,-5.943634033203125,29.1200008392334,1,0,3977,1,b0080000ff010000475d3a00b9000000,1,0xD377
679,35,14,73136,3857104,0.0,0.0,-17.0,0.0,0.0,0.0,10640,0,0,0,1.014404296875,0.025146484375,-0.096435546875,1.0192880630493164,-3.007633686065674,-0.09160305559635162,-1.1679389476776123,1,95742.0,-5.682037353515625,29.110000610351562,1,0,3980,1,b1080000ff050200fba03a00ba000000,0,0x2DFB
680,35,15,73240,3887178,0.0,0.0,-17.0,0.0,0.0,0.0,10710,0,0,0,1.015380859375,0.021484375,-0.1044921875,1.0209693908691406,-3.0152671337127686,-0.1679389327764511,-0.9160305261611938,1,95745.0,-5.943634033203125,29.100000381469727,1,0,3971,1,b2080000ff010000b7e43a00bb000000,1,0xFFBE
681,35,16,73344,3917278,0.0,0.0,-17.0,0.0,0.0,0.0,10740,0,0,0,1.0166015625,0.022216796875,-0.09765625,1.021522879600525,-2.9770991802215576,-0.09923664480447769,-0.9923664331436157,1,95743.0,-5.76922607421875,29.100000381469727,1,0,3958,1,b5080000ff0b0400e6af3b00bd000000,1,0x826F
682,35,17,73448,3947289,0.0,0.0,-17.0,0.0,0.0,0.0,10810,0,0,0,1.019775390625,0.0263671875,-0.103759765625,1.0253794193267822,-3.0152671337127686,-0.06870228797197342,-0.9923664331436157,1,95742.0,-5.682037353515625,29.09000015258789,1,0,3961,1,b7080000ff0f06005c373c00bf000000,1,0xC000
683,35,18,73552,3977389,0.0,0.0,-17.0,0.0,0.0,0.0,10840,0,0,0,1.01904296875,0.018798828125,-0.10498046875,1.0246086120605469,-3.1679389476776123,-0.19847328960895538,-0.9847328066825867,1,95750.0,-6.379608154296875,29.09000015258789,1,0,3971,1,b8080000ff020100107b3c00c0000000,0,0x5599
684,36,0,73728,4007480,0.0,0.0,-17.0,0.0,0.0,0.0,10910,0,0,0,1.019287109375,0.0244140625,-0.10400390625,1.0248702764511108,-2.9847328662872314,-0.19847328960895538,-1.0229008197784424,1,95746.0,-6.03082275390625,29.040000915527344,1,0,3993,1,b9080000ff180900d4be3c00c1000000,1,0x8E93
685,36,1,73832,38881,0.0,0.0,-17.0,0.0,0.0,0.0,38,0,0,0,-0.97021484375,0.000244140625,0.085693359375,0.9739919304847717,-2.8702290058135986,-0.15267175436019897,-1.0916030406951904,0,95763.0,-7.51312255859375,26.8799991607666,1,0,3996,1,bd080000ff0401002c75000000000000,1,0x759F
686,36,2,73936,68887,0.0,0.0,-17.0,0.0,0.0,0.0,108,0,0,0,-0.97216796875,-0.004150390625,0.089599609375,0.9762970209121704,-2.8702290058135986,-0.21374045312404633,-1.2366411685943604,1,95761.0,-7.3387451171875,26.950000762939453,1,0,3996,1,bf080000ff040100d1fd000002000000,1,0x899C
687,36,3,74040,98951,0.0,0.0,-17.0,0.0,0.0,0.0,138,0,0,0,-0.97119140625,-0.0009765625,0.09033203125,0.9753838181495667,-3.1526718139648438,-0.04580152779817581,-1.3129770755767822,1,95760.0,-7.251556396484375,27.020000457763672,1,0,3996,1,c0080000ff0401002142010003000000,1,0xFD04
688,36,4,74144,129051,0.0,0.0,-17.0,0.0,0.0,0.0,208,0,0,0,-0.973876953125,0.002197265625,0.091064453125,0.9781277179718018,-3.137404680252075,-0.022900763899087906,-1.0076335668563843,1,95761.0,-7.3387451171875,27.110000610351562,1,0,3996,1,c2080000ff060200c7ca010004000000,1,0xF929
