elapsed_min,battery_v,battery_min_v,battery_max_v,coral_fault
0.01667,3.955,3.929,3.968,0
0.05,3.955,3.942,3.961,0
0.08333,3.955,3.942,3.974,0
0.11667,3.952,3.936,3.964,0
0.15,3.95,3.9,3.958,0
0.18333,3.952,3.932,3.961,0
0.21667,3.95,3.932,3.971,0
0.25,3.945,3.936,3.971,0
0.28333,3.955,3.932,3.971,0
0.31667,3.952,3.872,3.971,0
0.35,3.948,3.929,3.961,0
0.38333,3.952,3.936,3.968,0
0.41667,3.952,3.936,3.961,0
0.45,3.952,3.942,3.964,0
0.48333,3.9535,3.894,3.961,0
0.51667,3.948,3.923,3.971,0
0.55,3.95,3.929,3.964,0
0.58333,3.955,3.942,3.968,0
0.61667,3.955,3.936,3.961,0
0.65,3.952,3.894,3.964,0
0.68333,3.952,3.942,3.964,0
0.71667,3.955,3.936,3.961,0
0.75,3.9535,3.942,3.961,0
0.78333,3.952,3.942,3.961,0
0.81667,3.942,3.9,3.952,0
0.85,3.955,3.942,3.968,0
0.88333,3.955,3.942,3.971,0
0.91667,3.952,3.936,3.974,0
0.95,3.9535,3.942,3.958,0
0.98333,3.945,3.92,3.977,0
1.01667,3.9535,3.942,3.964,0
1.05,3.952,3.942,3.958,0
1.08333,3.952,3.932,3.968,0
1.11667,3.948,3.932,3.958,0
1.15,3.952,3.936,3.968,0
1.18333,3.955,3.904,3.964,0
1.21667,3.952,3.942,3.968,0
1.25,3.952,3.942,3.958,0
1.28333,3.955,3.936,3.958,0
1.31667,3.948,3.939,3.964,0
1.35,3.952,3.894,3.958,0
1.38333,3.9465,3.929,3.961,0
1.41667,3.955,3.929,3.977,0
1.45,3.955,3.929,3.971,0
1.48333,3.9535,3.926,3.964,0
1.51667,3.952,3.9,3.955,0
1.55,3.952,3.942,3.968,0
1.58333,3.952,3.939,3.958,0
1.61667,3.952,3.923,3.961,0
1.65,3.952,3.936,3.955,0
1.68333,3.942,3.891,3.958,0
1.71667,3.955,3.926,3.958,0
1.75,3.955,3.942,3.964,0
1.78333,3.948,3.939,3.955,0
1.81667,3.95,3.939,3.958,0
1.85,3.952,3.891,3.955,0
1.88333,3.952,3.942,3.958,0
1.91667,3.95,3.939,3.958,0
1.95,3.945,3.936,3.961,0
1.98333,3.942,3.932,3.971,0
2.01667,3.955,3.9,3.968,0
2.05,3.955,3.929,3.961,0
2.08333,3.952,3.942,3.961,0
2.11667,3.9535,3.942,3.958,0
2.15,3.95,3.92,3.958,0
2.18333,3.952,3.904,3.961,0
2.21667,3.948,3.904,3.958,0
2.25,3.9435,3.936,3.955,0
2.28333,3.948,3.929,3.964,0
2.31667,3.952,3.926,3.964,0
2.35,3.952,3.936,3.958,0
2.38333,3.948,3.894,3.964,0
2.41667,3.948,3.936,3.961,0
2.45,3.952,3.936,3.958,0
2.48333,3.952,3.932,3.961,0
2.51667,3.9465,3.936,3.961,0
2.55,3.9435,3.888,3.958,0
2.58333,3.948,3.932,3.964,0
2.61667,3.952,3.932,3.961,0
2.65,3.952,3.942,3.958,0
2.68333,3.952,3.929,3.958,0
2.71667,3.952,3.897,3.958,0
2.75,3.948,3.936,3.961,0
2.78333,3.945,3.936,3.958,0
2.81667,3.948,3.939,3.955,0
2.85,3.945,3.926,3.961,0
2.88333,3.95,3.878,3.968,0
2.91667,3.95,3.923,3.958,0
2.95,3.948,3.929,3.958,0
2.98333,3.948,3.936,3.958,0
3.01667,3.948,3.929,3.961,0
3.05,3.952,3.891,3.971,0
3.08333,3.952,3.945,3.958,0
3.11667,3.942,3.926,3.984,0
3.15,3.942,3.929,3.958,0
3.18333,3.945,3.923,3.964,0
3.21667,3.952,3.891,3.961,0
3.25,3.948,3.936,3.958,0
3.28333,3.945,3.942,3.958,0
3.31667,3.948,3.907,3.955,0
3.35,3.945,3.932,3.958,0
3.38333,3.945,3.932,3.955,0
3.41667,3.942,3.9,3.971,0
3.45,3.955,3.929,3.964,0
3.48333,3.955,3.929,3.968,0
3.51667,3.95,3.929,3.961,0
3.55,3.9465,3.936,3.958,0
3.58333,3.9465,3.904,3.958,0
3.61667,3.945,3.932,3.958,0
3.65,3.95,3.936,3.958,0
3.68333,3.945,3.929,3.961,0
3.71667,3.952,3.932,3.961,0
3.75,3.9535,3.894,3.958,0
3.78333,3.9485,3.923,3.958,0
3.81667,3.955,3.936,3.971,0
3.85,3.948,3.936,3.955,0
3.88333,3.952,3.932,3.958,0
3.91667,3.948,3.891,3.955,0
3.95,3.945,3.929,3.955,0
3.98333,3.942,3.929,3.955,0
4.01667,3.952,3.929,3.961,0
4.05,3.952,3.929,3.968,0
4.08333,3.945,3.897,3.961,0
4.11667,3.948,3.939,3.958,0
4.15,3.952,3.942,3.961,0
4.18333,3.9465,3.942,3.964,0
4.21667,3.945,3.916,3.958,0
4.25,3.942,3.9,3.958,0
4.28333,3.948,3.888,3.955,0
4.31667,3.9535,3.932,3.958,0
4.35,3.948,3.929,3.958,0
4.38333,3.952,3.936,3.958,0
4.41667,3.948,3.932,3.955,0
4.45,3.945,3.897,3.958,0
4.48333,3.948,3.932,3.961,0
4.51667,3.945,3.929,3.961,0
4.55,3.942,3.92,3.984,0
4.58333,3.942,3.936,3.961,0
4.61667,3.948,3.9,3.961,0
4.65,3.948,3.926,3.961,0
4.68333,3.945,3.932,3.961,0
4.71667,3.952,3.932,3.955,0
4.75,3.945,3.929,3.958,0
4.78333,3.952,3.904,3.955,0
4.81667,3.9435,3.932,3.952,0
4.85,3.942,3.929,3.958,0
4.88333,3.948,3.92,3.968,0
4.91667,3.952,3.932,3.958,0
4.95,3.9435,3.875,3.955,0
4.98333,3.945,3.939,3.958,0
5.01667,3.9465,3.932,3.955,0
5.05,3.945,3.939,3.958,0
5.08333,3.948,3.936,3.958,0
5.11667,3.942,3.884,3.955,0
5.15,3.945,3.926,3.958,0
5.18333,3.952,3.929,3.958,0
5.21667,3.945,3.894,3.958,0
5.25,3.945,3.936,3.955,0
5.28333,3.942,3.878,3.958,0
5.31667,3.9465,3.939,3.955,0
5.35,3.945,3.939,3.958,0
5.38333,3.945,3.923,3.977,0
5.41667,3.9435,3.929,3.968,0
5.45,3.948,3.92,3.968,0
5.48333,3.945,3.904,3.968,0
5.51667,3.9435,3.932,3.958,0
5.55,3.948,3.939,3.955,0
5.58333,3.945,3.936,3.958,0
5.61667,3.948,3.936,3.958,0
5.65,3.942,3.891,3.958,0
5.68333,3.942,3.929,3.955,0
5.71667,3.942,3.926,3.955,0
5.75,3.9435,3.916,3.961,0
5.78333,3.945,3.923,3.955,0
5.81667,3.945,3.894,3.955,0
5.85,3.952,3.932,3.955,0
5.88333,3.95,3.936,3.958,0
5.91667,3.945,3.929,3.955,0
5.95,3.942,3.926,3.955,0
5.98333,3.942,3.939,3.942,0
6.11667,3.945,3.936,3.958,0
6.15,3.945,3.894,3.958,0
6.18333,3.942,3.932,3.958,0
6.21667,3.945,3.926,3.955,0
6.25,3.942,3.929,3.955,0
6.28333,3.945,3.916,3.955,0
6.31667,3.9465,3.878,3.955,0
6.35,3.945,3.926,3.958,0
6.38333,3.945,3.929,3.955,0
6.41667,3.948,3.932,3.955,0
6.45,3.945,3.929,3.958,0
6.48333,3.9465,3.888,3.955,0
6.51667,3.942,3.913,3.958,0
6.55,3.942,3.929,3.955,0
6.58333,3.948,3.932,3.958,0
6.61667,3.952,3.92,3.961,0
6.65,3.945,3.936,3.958,0
6.68333,3.9465,3.904,3.958,0
6.71667,3.9435,3.936,3.955,0
6.75,3.9435,3.936,3.955,0
6.78333,3.945,3.939,3.955,0
6.81667,3.942,3.929,3.958,0
6.85,3.9435,3.888,3.955,0
6.88333,3.9485,3.926,3.958,0
6.91667,3.945,3.926,3.961,0
6.95,3.945,3.929,3.955,0
6.98333,3.945,3.929,3.958,0
7.01667,3.945,3.897,3.955,0
7.05,3.945,3.929,3.958,1
7.08333,3.942,3.926,3.961,1
7.11667,3.9405,3.923,3.958,1
7.15,3.95,3.929,3.968,1
7.18333,3.948,3.881,3.958,1
7.21667,3.945,3.916,3.955,1
7.25,3.942,3.936,3.955,0
7.28333,3.945,3.936,3.955,0
7.31667,3.945,3.936,3.955,0
7.35,3.945,3.878,3.955,0
7.38333,3.942,3.929,3.958,0
7.41667,3.945,3.916,3.958,0
7.45,3.952,3.929,3.964,0
7.48333,3.948,3.929,3.955,0
7.51667,3.945,3.936,3.958,0
7.55,3.942,3.904,3.952,0
7.58333,3.945,3.939,3.955,0
7.61667,3.945,3.929,3.958,0
7.65,3.942,3.929,3.955,0
7.68333,3.9405,3.923,3.977,0
7.71667,3.942,3.891,3.958,0
7.75,3.945,3.923,3.961,0
7.78333,3.945,3.916,3.961,0
7.81667,3.942,3.929,3.958,0
7.85,3.945,3.932,3.955,0
7.88333,3.942,3.894,3.955,0
7.91667,3.942,3.932,3.958,0
7.95,3.942,3.926,3.955,0
7.98333,3.939,3.929,3.955,0
8.01667,3.945,3.929,3.961,0
8.05,3.934,3.881,3.984,0
8.08333,3.942,3.932,3.955,0
8.11667,3.945,3.932,3.955,0
8.15,3.945,3.932,3.958,0
8.18333,3.942,3.932,3.955,0
8.21667,3.942,3.878,3.955,0
8.25,3.942,3.904,3.955,0
8.28333,3.948,3.929,3.955,0
8.31667,3.945,3.923,3.958,0
8.35,3.945,3.929,3.961,0
8.38333,3.942,3.878,3.955,0
8.41667,3.942,3.929,3.955,0
8.45,3.945,3.926,3.958,0
8.48333,3.9465,3.939,3.955,0
8.51667,3.936,3.926,3.952,0
8.55,3.942,3.891,3.955,0
8.58333,3.945,3.926,3.961,0
8.61667,3.9485,3.929,3.961,0
8.65,3.942,3.92,3.955,0
8.68333,3.9435,3.932,3.955,0
8.71667,3.945,3.936,3.958,0
8.75,3.942,3.894,3.955,0
8.78333,3.945,3.926,3.955,0
8.81667,3.939,3.92,3.958,0
8.85,3.9435,3.929,3.955,0
8.88333,3.945,3.916,3.961,0
8.91667,3.942,3.888,3.964,0
8.95,3.945,3.936,3.955,0
8.98333,3.945,3.932,3.955,0
9.01667,3.942,3.932,3.955,0
9.05,3.9435,3.929,3.958,0
9.08333,3.942,3.894,3.955,0
9.11667,3.939,3.907,3.948,0
9.15,3.948,3.929,3.958,0
9.18333,3.9435,3.779,3.955,0
9.21667,3.942,3.929,3.952,0
9.25,3.942,3.891,3.955,0
9.28333,3.942,3.891,3.955,0
9.31667,3.942,3.929,3.955,0
9.35,3.942,3.936,3.955,0
9.38333,3.942,3.923,3.955,0
9.41667,3.9405,3.929,3.952,0
9.45,3.9435,3.891,3.955,0
9.48333,3.9435,3.916,3.955,0
9.51667,3.942,3.932,3.955,0
9.55,3.942,3.929,3.955,0
9.58333,3.942,3.932,3.948,0
9.61667,3.9435,3.904,3.955,0
9.65,3.942,3.939,3.955,0
9.68333,3.934,3.92,3.952,0
9.71667,3.9435,3.929,3.958,0
9.75,3.942,3.923,3.955,0
9.78333,3.942,3.894,3.958,0
9.81667,3.942,3.907,3.955,0
9.85,3.942,3.932,3.955,0
9.88333,3.942,3.932,3.958,0
9.91667,3.9435,3.932,3.955,0
9.95,3.942,3.868,3.955,0
9.98333,3.942,3.92,3.955,0
10.01667,3.945,3.923,3.961,0
10.05,3.9465,3.904,3.958,0
10.08333,3.9465,3.926,3.955,0
10.11667,3.942,3.884,3.955,0
10.15,3.942,3.9,3.952,0
10.18333,3.945,3.929,3.955,0
10.21667,3.9435,3.929,3.955,0
10.25,3.9405,3.913,3.952,0
10.28333,3.9435,3.923,3.955,0
10.31667,3.945,3.888,3.958,0
10.35,3.945,3.923,3.958,0
10.38333,3.942,3.929,3.958,0
10.41667,3.945,3.932,3.958,0
10.45,3.945,3.936,3.961,0
10.48333,3.942,3.904,3.955,0
10.51667,3.942,3.923,3.958,0
10.55,3.936,3.904,3.958,0
10.58333,3.9435,3.907,3.955,0
10.61667,3.945,3.916,3.974,0
10.65,3.9405,3.878,3.958,0
10.68333,3.9465,3.929,3.958,0
10.71667,3.942,3.929,3.958,0
10.75,3.942,3.92,3.952,0
10.78333,3.942,3.929,3.952,0
10.81667,3.939,3.92,3.955,0
10.85,3.942,3.907,3.955,0
10.88333,3.9465,3.916,3.964,0
10.91667,3.942,3.916,3.955,0
10.95,3.942,3.929,3.958,0
10.98333,3.9435,3.92,3.958,0
11.01667,3.939,3.916,3.961,0
11.05,3.942,3.923,3.958,0
11.08333,3.945,3.916,3.955,0
11.11667,3.9405,3.926,3.955,0
11.15,3.942,3.916,3.961,0
11.18333,3.945,3.878,3.958,0
11.21667,3.942,3.929,3.964,0
11.25,3.942,3.929,3.958,0
11.28333,3.942,3.929,3.952,0
11.31667,3.9435,3.929,3.958,0
11.35,3.942,3.878,3.955,0
11.38333,3.942,3.923,3.955,0
11.41667,3.9405,3.926,3.958,0
11.45,3.945,3.916,3.958,0
11.48333,3.942,3.916,3.955,0
11.51667,3.9465,3.884,3.955,0
11.55,3.942,3.891,3.958,0
11.58333,3.942,3.932,3.968,0
11.61667,3.942,3.929,3.955,0
11.65,3.942,3.926,3.955,0
11.68333,3.936,3.916,3.958,0
11.71667,3.945,3.904,3.958,0
11.75,3.942,3.904,3.958,0
11.78333,3.945,3.926,3.958,0
11.81667,3.945,3.929,3.955,0
11.85,3.942,3.929,3.952,0
11.88333,3.942,3.897,3.958,0
11.91667,3.942,3.932,3.952,0
11.95,3.942,3.92,3.968,0
11.98333,3.942,3.9,3.958,0
12.01667,3.942,3.923,3.958,0
12.05,3.942,3.875,3.958,0
12.08333,3.9435,3.926,3.958,0
12.11667,3.945,3.926,3.955,0
12.15,3.942,3.929,3.968,0
12.18333,3.942,3.929,3.948,0
12.21667,3.942,3.9,3.955,0
12.25,3.936,3.923,3.952,0
12.28333,3.939,3.926,4.016,0
12.31667,3.952,3.926,3.955,0
12.35,3.942,3.92,3.955,0
12.38333,3.942,3.891,3.955,0
12.41667,3.945,3.923,3.958,0
12.45,3.942,3.929,3.955,0
12.48333,3.942,3.936,3.955,0
12.51667,3.9405,3.926,3.955,0
12.55,3.936,3.891,3.964,0
12.58333,3.942,3.923,3.961,0
12.61667,3.945,3.932,3.971,0
12.65,3.942,3.929,3.955,0
12.68333,3.942,3.936,3.958,0
12.71667,3.942,3.929,3.958,0
12.75,3.939,3.894,3.961,0
12.78333,3.9435,3.929,3.955,0
12.81667,3.9405,3.916,3.955,0
12.85,3.939,3.916,3.961,0
12.88333,3.942,3.907,3.955,0
12.91667,3.942,3.9,3.955,0
12.95,3.942,3.929,3.961,0
12.98333,3.9405,3.926,3.955,0
13.01667,3.942,3.926,3.955,0
13.05,3.942,3.926,3.955,0
13.08333,3.934,3.891,3.955,0
13.11667,3.934,3.913,3.952,0
13.15,3.945,3.926,3.958,0
13.18333,3.945,3.929,3.958,0
13.21667,3.942,3.939,3.948,0
13.25,3.942,3.894,3.958,0
13.28333,3.942,3.916,3.958,0
13.31667,3.942,3.932,3.952,0
13.35,3.942,3.923,3.955,0
13.38333,3.939,3.92,3.955,0
13.41667,3.942,3.836,3.958,0
13.45,3.948,3.923,3.958,0
13.48333,3.942,3.929,3.958,0
13.51667,3.942,3.926,3.955,0
13.55,3.942,3.923,3.952,0
13.58333,3.9405,3.865,3.955,0
13.61667,3.945,3.929,3.955,0
13.65,3.939,3.91,3.955,0
13.68333,3.939,3.929,3.952,0
13.71667,3.942,3.916,3.968,0
13.75,3.936,3.872,3.955,0
13.78333,3.942,3.92,3.958,0
13.81667,3.942,3.929,3.964,0
13.85,3.942,3.923,3.958,0
13.88333,3.9405,3.926,3.955,0
13.91667,3.942,3.926,3.955,0
13.95,3.936,3.856,3.955,0
13.98333,3.942,3.926,3.958,0
14.01667,3.942,3.916,3.964,0
14.05,3.9435,3.916,3.955,0
14.08333,3.942,3.929,3.955,0
14.11667,3.942,3.904,3.948,0
14.15,3.942,3.916,3.958,0
14.18333,3.939,3.926,3.955,0
14.21667,3.942,3.929,3.968,0
14.25,3.939,3.923,3.945,0
14.28333,3.942,3.904,3.952,0
14.31667,3.9435,3.926,3.961,0
14.35,3.942,3.929,3.958,0
14.38333,3.942,3.936,3.961,0
14.41667,3.942,3.926,3.955,0
14.45,3.942,3.904,3.955,0
14.48333,3.942,3.926,3.955,0
14.51667,3.942,3.916,3.955,0
14.55,3.9375,3.849,3.948,0
14.58333,3.948,3.926,3.958,0
14.61667,3.9405,3.916,3.958,0
14.65,3.932,3.891,3.952,0
14.68333,3.942,3.926,3.955,0
14.71667,3.942,3.926,3.952,0
14.75,3.936,3.926,3.952,0
14.78333,3.942,3.929,3.955,0
14.81667,3.936,3.888,3.952,0
14.85,3.9405,3.904,3.955,0
14.88333,3.9435,3.926,3.955,0
14.91667,3.942,3.923,3.961,0
14.95,3.942,3.92,3.961,0
14.98333,3.936,3.891,3.952,0
15.01667,3.939,3.929,3.948,0
15.05,3.942,3.926,3.955,0
15.08333,3.939,3.916,3.958,0
15.11667,3.932,3.916,3.945,0
15.15,3.942,3.868,3.955,0
15.18333,3.942,3.923,3.952,0
15.21667,3.939,3.92,3.964,0
15.25,3.9405,3.929,3.955,0
15.28333,3.942,3.929,3.955,0
15.31667,3.942,3.891,3.955,0
15.35,3.942,3.926,3.955,0
15.38333,3.9375,3.923,3.948,0
15.41667,3.9435,3.904,3.955,0
15.45,3.9435,3.923,3.958,0
15.48333,3.942,3.881,3.961,0
15.51667,3.939,3.904,3.948,0
15.55,3.942,3.926,3.955,0
15.58333,3.939,3.926,3.955,0
15.61667,3.936,3.884,3.964,0
15.65,3.942,3.91,3.955,0
15.68333,3.936,3.91,3.945,0
15.71667,3.942,3.916,3.958,0
15.75,3.939,3.916,3.948,0
15.78333,3.936,3.878,3.952,0
15.81667,3.939,3.929,3.952,0
15.85,3.939,3.923,3.955,0
15.88333,3.942,3.916,3.955,0
15.91667,3.942,3.92,3.948,0
15.95,3.936,3.868,3.958,0
15.98333,3.932,3.913,3.948,0
16.01667,3.939,3.916,3.955,0
16.05,3.936,3.897,3.958,0
16.08333,3.942,3.926,3.952,0
16.11667,3.936,3.878,3.955,0
16.15,3.9405,3.926,3.952,0
16.18333,3.942,3.92,3.961,0
16.21667,3.942,3.929,3.958,0
16.25,3.936,3.916,3.958,0
16.28333,3.936,3.91,3.948,0
16.31667,3.939,3.888,3.952,0
16.35,3.942,3.916,3.961,0
16.38333,3.936,3.926,3.952,0
16.41667,3.9405,3.92,3.955,0
16.45,3.942,3.926,3.958,0
16.48333,3.942,3.907,3.952,0
16.51667,3.939,3.904,3.948,0
16.55,3.936,3.92,3.955,0
16.58333,3.942,3.913,3.958,0
16.61667,3.9405,3.916,3.955,0
16.65,3.929,3.888,3.945,0
16.68333,3.942,3.923,3.958,0
16.71667,3.9375,3.891,3.948,0
16.75,3.9405,3.907,3.952,0
16.78333,3.942,3.92,3.955,0
16.81667,3.9375,3.916,3.955,0
16.85,3.939,3.92,3.945,0
16.88333,3.942,3.92,3.958,0
16.91667,3.936,3.891,3.952,0
16.95,3.9405,3.923,3.958,0
16.98333,3.9375,3.926,3.952,0
17.01667,3.942,3.916,3.952,0
17.05,3.9405,3.929,3.955,0
17.08333,3.942,3.891,3.952,0
17.11667,3.934,3.91,3.961,0
17.15,3.939,3.916,4.035,0
17.18333,3.942,3.92,3.955,0
17.21667,3.942,3.897,3.955,0
17.25,3.939,3.891,3.948,0
17.28333,3.942,3.926,3.952,0
17.31667,3.942,3.929,3.955,0
17.35,3.942,3.929,3.952,0
17.38333,3.929,3.916,3.948,0
17.41667,3.929,3.868,3.942,0
17.45,3.942,3.891,3.958,0
17.48333,3.939,3.9,3.955,0
17.51667,3.942,3.926,3.955,0
17.55,3.9375,3.916,3.952,0
17.58333,3.936,3.884,3.948,0
17.61667,3.939,3.916,3.955,0
17.65,3.942,3.923,3.952,0
17.68333,3.936,3.92,3.942,0
17.71667,3.9405,3.916,3.955,0
17.75,3.932,3.881,3.961,0
17.78333,3.939,3.926,3.955,0
17.81667,3.936,3.926,3.958,0
17.85,3.939,3.923,3.952,0
17.88333,3.942,3.926,3.955,0
17.91667,3.936,3.907,3.952,0
17.95,3.9305,3.884,3.948,0
17.98333,3.9375,3.897,3.961,0
18.01667,3.9375,3.923,3.955,0
18.05,3.942,3.913,3.952,0
18.08333,3.936,3.926,3.945,0
18.11667,3.936,3.878,3.952,0
18.15,3.936,3.923,3.955,0
18.18333,3.9405,3.926,3.955,0
18.21667,3.9405,3.929,3.955,0
18.25,3.936,3.913,3.945,0
18.28333,3.934,3.881,3.955,0
18.31667,3.9405,3.916,3.958,0
18.35,3.942,3.91,3.955,0
18.38333,3.939,3.926,3.952,0
18.41667,3.936,3.916,3.948,0
18.45,3.932,3.878,3.955,0
18.48333,3.936,3.926,3.952,0
18.51667,3.936,3.916,3.958,0
18.55,3.934,3.91,3.942,0
18.58333,3.9405,3.881,3.952,0
18.61667,3.939,3.628,3.955,0
18.65,3.936,3.878,3.955,0
18.68333,3.942,3.929,3.948,0
18.71667,3.939,3.929,3.952,0
18.75,3.9375,3.923,3.958,0
18.78333,3.939,3.926,3.955,0
18.81667,3.929,3.891,3.945,0
18.85,3.936,3.91,3.952,0
18.88333,3.942,3.916,3.958,0
18.91667,3.942,3.916,3.955,0
18.95,3.939,3.929,3.955,0
18.98333,3.934,3.888,3.961,0
19.01667,3.936,3.923,3.945,0
19.05,3.936,3.926,3.952,0
19.08333,3.936,3.907,3.955,0
19.11667,3.932,3.904,3.955,0
19.15,3.934,3.865,3.961,0
19.18333,3.9375,3.916,3.958,0
19.21667,3.929,3.916,3.955,0
19.25,3.939,3.916,3.955,0
19.28333,3.934,3.923,3.945,0
19.31667,3.936,3.881,3.968,0
19.35,3.936,3.929,3.955,0
19.38333,3.932,3.916,3.952,0
19.41667,3.929,3.92,3.961,0
19.45,3.9375,3.916,3.952,0
19.48333,3.9305,3.884,3.952,0
19.51667,3.934,3.926,3.952,0
19.55,3.939,3.929,3.952,0
19.58333,3.939,3.926,3.952,0
19.61667,3.932,3.926,3.945,0
19.65,3.936,3.891,3.952,0
19.68333,3.932,3.878,3.942,0
19.71667,3.936,3.92,3.952,0
19.75,3.936,3.923,3.945,0
19.78333,3.936,3.929,3.952,0
19.81667,3.9375,3.929,3.945,0
19.85,3.936,3.881,3.952,0
19.88333,3.929,3.907,3.964,0
19.91667,3.942,3.923,3.98,1
19.95,3.9375,3.916,3.952,1
19.98333,3.936,3.926,3.952,1
20.01667,3.939,3.891,3.952,0
20.05,3.9325,3.916,3.968,0
20.08333,3.939,3.923,3.948,0
20.11667,3.9405,3.923,3.948,0
20.15,3.932,3.923,3.942,0
20.18333,3.934,3.9,3.952,0
20.21667,3.9375,3.916,3.952,0
20.25,3.939,3.913,3.952,0
20.28333,3.936,3.929,3.952,0
20.31667,3.932,3.916,3.948,0
20.35,3.934,3.884,3.955,0
20.38333,3.939,3.916,3.945,0
20.41667,3.932,3.92,3.945,0
20.45,3.9275,3.92,3.948,0
20.48333,3.9375,3.916,3.952,0
20.51667,3.9405,3.913,3.952,0
20.55,3.936,3.894,3.955,0
20.58333,3.932,3.916,3.945,0
20.61667,3.9375,3.929,3.952,0
20.65,3.9325,3.92,3.945,0
20.68333,3.936,3.923,3.955,0
20.71667,3.929,3.884,3.948,0
20.75,3.929,3.916,3.945,0
20.78333,3.934,3.916,3.952,0
20.81667,3.939,3.913,3.952,0
20.85,3.936,3.916,3.952,0
20.88333,3.936,3.907,3.955,0
20.91667,3.932,3.904,3.948,0
20.95,3.932,3.926,3.945,0
20.98333,3.936,3.916,3.948,0
21.01667,3.936,3.916,3.948,0
21.05,3.932,3.878,3.945,0
21.08333,3.942,3.923,3.955,0
21.11667,3.936,3.913,3.942,0
21.15,3.936,3.926,3.955,0
21.18333,3.939,3.907,3.952,0
21.21667,3.936,3.891,3.952,0
21.25,3.936,3.891,3.955,0
21.28333,3.936,3.913,3.952,0
21.31667,3.9305,3.916,3.948,0
21.35,3.934,3.913,3.945,0
21.38333,3.934,3.904,3.945,0
21.41667,3.929,3.862,3.955,0
21.45,3.936,3.923,3.955,0
21.48333,3.936,3.923,3.948,0
21.51667,3.936,3.91,3.948,0
21.55,3.932,3.923,3.952,0
21.58333,3.9305,3.904,3.945,0
21.61667,3.929,3.904,3.942,0
21.65,3.932,3.907,3.955,0
21.68333,3.936,3.916,3.948,0
21.71667,3.936,3.913,3.955,0
21.75,3.936,3.878,3.948,0
21.78333,3.9305,3.91,3.948,0
21.81667,3.9325,3.916,3.952,0
21.85,3.932,3.916,3.942,0
21.88333,3.936,3.916,3.942,0
21.91667,3.929,3.907,3.952,0
21.95,3.939,3.923,3.955,0
21.98333,3.942,3.916,4.182,0
22.01667,3.936,3.929,3.952,0
22.05,3.936,3.916,3.948,0
22.08333,3.929,3.881,3.945,0
22.11667,3.936,3.916,3.955,0
22.15,3.936,3.92,3.952,0
22.18333,3.9275,3.913,3.942,0
22.21667,3.939,3.91,3.955,0
22.25,3.936,3.884,3.948,0
22.28333,3.929,3.916,3.942,0
22.31667,3.932,3.916,3.942,0
22.35,3.936,3.92,3.942,0
22.38333,3.936,3.923,3.955,0
22.41667,3.936,3.923,3.942,0
22.45,3.929,3.878,3.945,0
22.48333,3.929,3.91,3.948,0
22.51667,3.936,3.916,4.016,0
22.55,3.936,3.916,3.945,0
22.58333,3.929,3.916,3.948,0
22.61667,3.932,3.913,3.942,0
22.65,3.932,3.916,3.955,0
22.68333,3.932,3.904,3.942,0
22.71667,3.936,3.916,3.942,0
22.75,3.9275,3.907,3.942,0
22.78333,3.929,3.881,3.945,0
22.81667,3.929,3.897,3.948,0
22.85,3.932,3.923,3.942,0
22.88333,3.936,3.92,3.945,0
22.91667,3.929,3.916,3.945,0
22.95,3.9305,3.878,3.952,0
22.98333,3.932,3.92,3.942,0
23.01667,3.934,3.904,3.948,0
23.05,3.932,3.907,3.945,0
23.08333,3.939,3.916,3.955,0
23.11667,3.9245,3.878,3.948,0
23.15,3.936,3.916,3.955,0
23.18333,3.929,3.913,3.945,0
23.21667,3.929,3.884,3.945,0
23.25,3.9305,3.92,3.942,0
23.28333,3.932,3.916,3.958,0
23.31667,3.929,3.904,3.942,0
23.35,3.932,3.916,3.971,0
23.38333,3.934,3.904,3.955,0
23.41667,3.9375,3.862,4.019,0
23.45,3.934,3.923,3.952,0
23.48333,3.929,3.913,3.945,0
23.51667,3.932,3.916,3.952,0
23.55,3.9305,3.9,3.948,0
23.58333,3.929,3.904,3.939,0
23.61667,3.929,3.878,3.948,0
23.65,3.932,3.916,3.942,0
23.68333,3.9305,3.907,3.958,0
23.71667,3.932,3.92,3.945,0
23.75,3.929,3.916,3.945,0
23.78333,3.929,3.881,3.945,0
23.81667,3.9305,3.92,3.952,0
23.85,3.9305,3.868,3.942,0
23.88333,3.923,3.907,3.942,0
23.91667,3.9375,3.891,3.952,0
23.95,3.934,3.916,3.955,0
23.98333,3.929,3.913,3.942,0
24.01667,3.936,3.884,3.945,0
24.05,3.932,3.913,3.945,0
24.08333,3.932,3.92,3.942,0
24.11667,3.929,3.897,3.942,0
24.15,3.929,3.907,3.942,0
24.18333,3.9275,3.913,3.945,0
24.21667,3.936,3.916,3.952,0
24.25,3.934,3.904,3.961,0
24.28333,3.929,3.888,3.942,0
24.31667,3.932,3.92,3.945,0
24.35,3.932,3.916,3.945,0
24.38333,3.932,3.904,3.945,0
24.41667,3.936,3.913,3.942,0
24.45,3.923,3.884,3.936,0
24.48333,3.936,3.923,3.948,0
24.51667,3.9375,3.904,3.952,0
24.55,3.932,3.891,3.945,0
24.58333,3.936,3.916,3.945,0
24.61667,3.932,3.916,3.942,0
24.65,3.929,3.916,3.952,0
24.68333,3.929,3.913,3.942,0
24.71667,3.923,3.888,3.942,0
24.75,3.929,3.916,3.945,0
24.78333,3.936,3.913,3.964,0
24.81667,3.9275,3.91,3.942,0
24.85,3.936,3.92,3.942,0
24.88333,3.926,3.862,3.945,0
24.91667,3.932,3.916,3.942,0
24.95,3.9305,3.92,3.942,0
24.98333,3.929,3.916,3.942,0
25.01667,3.923,3.91,3.942,0
25.05,3.9275,3.891,3.948,0
25.08333,3.929,3.916,3.945,0
25.11667,3.932,3.916,3.955,0
25.15,3.936,3.923,3.945,0
25.18333,3.9305,3.92,3.942,0
25.21667,3.929,3.875,3.948,0
25.25,3.929,3.881,3.945,0
25.28333,3.929,3.916,3.942,0
25.31667,3.929,3.875,3.939,0
25.35,3.929,3.9,3.942,0
25.38333,3.932,3.904,3.948,0
25.41667,3.9305,3.916,3.942,0
25.45,3.926,3.875,3.945,0
25.48333,3.929,3.916,3.945,0
25.51667,3.9305,3.916,3.942,0
25.55,3.929,3.913,3.942,0
25.58333,3.926,3.878,3.942,0
25.61667,3.9275,3.859,3.952,0
25.65,3.936,3.916,3.945,0
25.68333,3.929,3.916,3.942,0
25.71667,3.929,3.92,3.945,0
25.75,3.929,3.916,3.948,0
25.78333,3.9305,3.859,3.952,0
25.81667,3.9275,3.916,3.945,0
25.85,3.929,3.868,3.942,0
25.88333,3.929,3.904,3.942,0
25.91667,3.929,3.904,3.945,0
25.95,3.936,3.913,3.948,0
25.98333,3.929,3.9,3.942,0
26.01667,3.929,3.865,3.945,0
26.05,3.929,3.91,3.942,0
26.08333,3.929,3.92,3.948,0
26.11667,3.926,3.862,3.942,0
26.15,3.929,3.907,3.942,0
26.18333,3.929,3.907,3.945,0
26.21667,3.932,3.91,3.952,0
26.25,3.9275,3.907,3.952,0
26.28333,3.929,3.875,3.945,0
26.31667,3.929,3.916,3.952,0
26.35,3.932,3.916,3.961,0
26.38333,3.929,3.92,3.942,0
26.41667,3.929,3.913,3.942,0
26.45,3.926,3.878,3.939,0
26.48333,3.9305,3.916,3.945,0
26.51667,3.9305,3.891,3.948,0
26.55,3.929,3.9,3.952,0
26.58333,3.929,3.91,3.939,0
26.61667,3.929,3.884,3.942,0
26.65,3.929,3.916,3.945,0
26.68333,3.929,3.91,3.939,0
26.71667,3.923,3.904,3.939,0
26.75,3.929,3.894,3.948,0
26.78333,3.929,3.865,3.942,0
26.81667,3.929,3.91,3.942,0
26.85,3.929,3.92,3.942,0
26.88333,3.929,3.916,3.952,0
26.91667,3.932,3.92,3.942,0
26.95,3.9275,3.891,3.942,0
26.98333,3.923,3.913,3.942,0
27.01667,3.929,3.916,3.939,0
27.05,3.932,3.891,3.948,0
27.08333,3.929,3.91,3.942,0
27.11667,3.9305,3.865,3.942,0
27.15,3.932,3.913,3.945,0
27.18333,3.932,3.91,3.952,0
27.21667,3.929,3.907,3.942,0
27.25,3.926,3.916,3.932,0
27.28333,3.923,3.852,3.948,0
27.31667,3.926,3.91,3.942,0
27.35,3.932,3.907,3.968,0
27.38333,3.929,3.907,3.971,0
27.41667,3.929,3.923,3.942,0
27.45,3.9305,3.916,3.939,0
27.48333,3.929,3.862,3.942,0
27.51667,3.929,3.916,3.942,0
27.55,3.929,3.916,3.942,0
27.58333,3.9275,3.907,3.945,0
27.61667,3.932,3.904,3.945,0
27.65,3.9275,3.865,3.952,0
27.68333,3.929,3.91,3.942,0
27.71667,3.929,3.916,3.939,0
27.75,3.9275,3.91,3.942,0
27.78333,3.929,3.916,3.942,0
27.81667,3.9305,3.878,3.942,0
27.85,3.923,3.916,3.945,0
27.88333,3.929,3.907,3.942,0
27.91667,3.929,3.923,4.012,0
27.95,3.929,3.897,3.961,0
27.98333,3.9275,3.888,3.942,0
28.01667,3.926,3.913,3.942,0
28.05,3.929,3.907,3.945,0
28.08333,3.929,3.92,3.939,0
28.11667,3.9275,3.916,3.942,0
28.15,3.926,3.875,3.936,0
28.18333,3.929,3.916,3.945,0
28.21667,3.934,3.91,3.945,0
28.25,3.9275,3.904,3.936,0
28.28333,3.9305,3.913,3.955,0
28.31667,3.929,3.916,3.942,0
28.35,3.929,3.891,3.942,0
28.38333,3.932,3.91,3.942,0
28.41667,3.923,3.913,3.942,0
28.45,3.929,3.91,3.945,0
28.48333,3.936,3.907,3.955,0
28.51667,3.926,3.852,3.948,0
28.55,3.926,3.904,3.939,0
28.58333,3.9305,3.913,3.942,0
28.61667,3.929,3.916,3.942,0
28.65,3.929,3.916,3.942,0
28.68333,3.926,3.872,3.948,0
28.71667,3.923,3.91,3.936,0
28.75,3.929,3.907,3.948,0
28.78333,3.929,3.904,3.948,0
28.81667,3.929,3.904,3.945,0
28.85,3.926,3.881,3.942,0
28.88333,3.929,3.91,3.936,0
28.91667,3.929,3.916,3.939,0
28.95,3.926,3.913,3.942,0
28.98333,3.923,3.91,3.939,0
29.01667,3.9215,3.836,3.945,0
29.05,3.929,3.904,3.942,0
29.08333,3.932,3.904,3.955,0
29.11667,3.929,3.904,3.939,0
29.15,3.926,3.91,3.945,0
29.18333,3.926,3.913,3.942,0
29.21667,3.9245,3.878,3.955,0
29.25,3.926,3.92,3.942,0
29.28333,3.9275,3.904,3.936,0
29.31667,3.9305,3.907,3.945,0
29.35,3.929,3.872,3.945,0
29.38333,3.926,3.913,3.932,0
29.41667,3.9275,3.916,3.942,0
29.45,3.926,3.881,3.936,0
29.48333,3.929,3.904,3.945,0
29.51667,3.929,3.916,3.942,0
29.55,3.923,3.904,3.942,0
29.58333,3.929,3.91,3.942,0
29.61667,3.929,3.904,3.942,0
29.65,3.926,3.891,3.945,0
29.68333,3.926,3.907,3.939,0
29.71667,3.926,3.913,3.936,0
29.75,3.926,3.916,3.939,0
29.78333,3.929,3.916,3.945,0
29.81667,3.926,3.894,3.936,0
29.85,3.9245,3.9,3.945,0
29.88333,3.9305,3.616,3.942,0
29.91667,3.9305,3.91,3.942,0
29.95,3.926,3.913,3.942,0
29.98333,3.9245,3.862,3.939,0
30.01667,3.926,3.907,3.942,0
30.05,3.929,3.916,3.939,0
30.08333,3.9275,3.916,3.971,0
30.11667,3.929,3.907,3.936,0
30.15,3.92,3.888,3.942,0
30.18333,3.929,3.913,3.968,0
30.21667,3.929,3.904,3.939,0
30.25,3.923,3.904,3.929,0
30.28333,3.926,3.916,3.939,0
30.31667,3.926,3.872,3.942,0
30.35,3.926,3.916,3.939,0
30.38333,3.929,3.91,3.942,0
30.41667,3.918,3.859,3.929,0
30.45,3.929,3.916,3.942,0
30.48333,3.929,3.913,3.977,0
30.51667,3.929,3.907,3.942,0
30.55,3.926,3.907,3.952,0
30.58333,3.926,3.878,3.942,0
30.61667,3.929,3.91,3.939,0
30.65,3.929,3.916,3.942,0
30.68333,3.923,3.916,3.932,0
30.71667,3.916,3.904,3.936,0
30.75,3.926,3.868,3.955,0
30.78333,3.9275,3.907,3.942,0
30.81667,3.926,3.904,3.939,0
30.85,3.9275,3.916,3.936,0
30.88333,3.926,3.913,3.939,0
30.91667,3.923,3.878,3.945,0
30.95,3.926,3.916,3.936,0
30.98333,3.926,3.904,3.942,0
31.01667,3.929,3.904,3.942,0
31.05,3.929,3.904,3.945,0
31.08333,3.9245,3.875,3.939,0
31.11667,3.926,3.878,3.936,0
31.15,3.926,3.91,3.936,0
31.18333,3.929,3.91,3.939,0
31.21667,3.926,3.916,3.945,0
31.25,3.923,3.907,3.936,0
31.28333,3.918,3.856,3.929,0
31.31667,3.926,3.904,3.948,0
31.35,3.929,3.907,3.942,0
31.38333,3.926,3.907,3.936,0
31.41667,3.929,3.913,3.939,0
31.45,3.926,3.875,3.945,0
31.48333,3.926,3.9,3.936,0
31.51667,3.9245,3.904,3.936,0
31.55,3.918,3.907,3.936,0
31.58333,3.9215,3.907,3.942,0
31.61667,3.9195,3.881,3.936,0
31.65,3.929,3.9,3.939,0
31.68333,3.926,3.91,3.942,0
31.71667,3.9275,3.913,3.942,0
31.75,3.929,3.913,3.936,0
31.78333,3.9245,3.862,3.942,0
31.81667,3.9275,3.904,3.942,0
31.85,3.92,3.907,3.942,0
31.88333,3.9245,3.904,3.942,0
31.91667,3.929,3.904,3.942,0
31.95,3.9215,3.894,3.942,0
31.98333,3.926,3.868,3.936,0
32.01667,3.9275,3.907,3.939,0
32.05,3.926,3.907,3.942,0
32.08333,3.923,3.904,3.942,0
32.11667,3.923,3.913,3.932,0
32.15,3.92,3.862,3.932,0
32.18333,3.929,3.91,3.942,0
32.21667,3.929,3.894,3.955,0
32.25,3.926,3.897,3.939,0
32.28333,3.9245,3.913,3.942,0
32.31667,3.926,3.862,3.932,0
32.35,3.923,3.907,3.936,0
32.38333,3.926,3.904,3.932,0
32.41667,3.92,3.897,3.929,0
32.45,3.9275,3.91,3.942,0
32.48333,3.92,3.888,3.936,0
32.51667,3.929,3.904,3.968,0
32.55,3.926,3.904,3.936,0
32.58333,3.923,3.916,3.939,0
32.61667,3.926,3.91,3.936,0
32.65,3.9215,3.894,3.942,0
32.68333,3.923,3.904,3.936,0
32.71667,3.916,3.904,3.932,0
32.75,3.9275,3.913,3.936,0
32.78333,3.926,3.91,3.939,0
32.81667,3.923,3.878,3.942,0
32.85,3.926,3.904,3.936,0
32.88333,3.92,3.904,3.939,0
32.91667,3.926,3.904,3.932,0
32.95,3.926,3.907,3.932,0
32.98333,3.92,3.862,3.932,0
33.01667,3.926,3.91,3.945,0
33.05,3.926,3.91,3.945,0
33.08333,3.926,3.904,3.936,0
33.11667,3.926,3.91,3.942,0
33.15,3.9245,3.897,3.936,0
33.18333,3.923,3.868,3.942,0
33.21667,3.9245,3.91,3.936,0
33.25,3.916,3.878,3.939,0
33.28333,3.92,3.904,3.936,0
33.31667,3.9245,3.904,3.942,0
33.35,3.92,3.91,3.936,0
33.38333,3.926,3.904,3.942,0
33.41667,3.926,3.891,3.932,0
33.45,3.926,3.884,3.952,0
33.48333,3.929,3.907,3.948,0
33.51667,3.926,3.916,3.936,0
33.55,3.916,3.881,3.929,0
33.58333,3.923,3.907,3.942,0
33.61667,3.9215,3.891,3.939,0
33.65,3.926,3.907,3.942,0
33.68333,3.923,3.9,3.936,0
33.71667,3.923,3.872,3.942,0
33.75,3.923,3.91,3.942,0
33.78333,3.926,3.904,3.936,0
33.81667,3.923,3.916,3.929,0
33.85,3.916,3.897,3.929,0
33.88333,3.923,3.907,3.939,0
33.91667,3.918,3.862,3.948,0
33.95,3.9195,3.904,3.932,0
33.98333,3.926,3.91,3.932,0
34.01667,3.918,3.91,3.929,0
34.05,3.923,3.897,3.932,0
34.08333,3.92,3.891,3.936,0
34.11667,3.923,3.91,3.936,0
34.15,3.92,3.91,3.936,0
34.18333,3.92,3.891,3.939,0
34.21667,3.926,3.9,3.958,0
34.25,3.923,3.891,3.936,0
34.28333,3.918,3.907,3.945,0
34.31667,3.923,3.904,3.932,0
34.35,3.918,3.907,3.929,0
34.38333,3.9215,3.91,3.936,0
34.41667,3.92,3.862,3.936,0
34.45,3.916,3.904,3.945,0
34.48333,3.926,3.904,3.939,0
34.51667,3.926,3.897,3.936,0
34.55,3.923,3.91,3.939,0
34.58333,3.92,3.868,3.936,0
34.61667,3.9245,3.91,3.932,0
34.65,3.923,3.913,3.932,0
34.68333,3.923,3.904,3.942,0
34.71667,3.92,3.878,3.929,0
34.75,3.923,3.907,3.929,0
34.78333,3.923,3.846,3.939,0
34.81667,3.916,3.904,3.929,0
34.85,3.926,3.907,3.942,0
34.88333,3.923,3.916,3.932,0
34.91667,3.92,3.894,3.932,0
34.95,3.923,3.868,3.936,0
34.98333,3.916,3.891,3.929,0
35.01667,3.92,3.9,3.936,0
35.05,3.9245,3.891,3.945,0
35.08333,3.9245,3.907,3.932,0
35.11667,3.92,3.865,3.942,0
35.15,3.923,3.913,3.936,0
35.18333,3.9245,3.91,3.929,0
35.21667,3.92,3.907,3.936,0
35.25,3.92,3.91,3.936,0
35.28333,3.916,3.875,3.936,0
35.31667,3.9245,3.897,3.939,0
35.35,3.9275,3.904,3.939,0
35.38333,3.923,3.904,3.932,0
35.41667,3.926,3.91,3.936,0
35.45,3.92,3.868,3.936,0
35.48333,3.9215,3.91,3.929,0
35.51667,3.926,3.913,3.936,0
35.55,3.9115,3.894,3.932,0
35.58333,3.9215,3.897,3.942,0
35.61667,3.918,3.852,3.942,0
35.65,3.923,3.891,4.012,0
35.68333,3.926,3.904,3.936,0
35.71667,3.921,3.91,3.932,0
35.75,3.923,3.913,3.936,0
35.78333,3.92,3.91,3.932,0
35.81667,3.9215,3.859,3.936,0
35.85,3.916,3.904,3.942,0
35.88333,3.923,3.904,3.936,0
35.91667,3.926,3.904,3.932,0
35.95,3.923,3.904,4,0
35.98333,3.92,3.852,3.936,0
36.01667,3.923,3.91,3.936,0
36.05,3.92,3.904,3.932,0
36.08333,3.923,3.91,3.939,0
36.11667,3.918,3.9,3.939,0
36.15,3.9115,3.888,3.926,0
36.18333,3.9275,3.9,3.936,0
36.21667,3.923,3.9,3.942,0
36.25,3.92,3.904,3.929,0
36.28333,3.9215,3.91,3.936,0
36.31667,3.92,3.856,3.932,0
36.35,3.923,3.9,3.936,0
36.38333,3.918,3.91,3.929,0
36.41667,3.916,3.891,3.929,0
36.45,3.9145,3.904,3.932,0
36.48333,3.92,3.865,3.939,0
36.51667,3.9215,3.894,3.939,0
36.55,3.9245,3.904,3.945,0
36.58333,3.916,3.907,3.929,0
36.61667,3.916,3.904,3.932,0
36.65,3.916,3.891,3.936,0
36.68333,3.916,3.904,3.936,0
36.71667,3.913,3.904,3.926,0
36.75,3.9245,3.891,3.936,0
36.78333,3.923,3.9,3.942,0
36.81667,3.923,3.865,3.936,0
36.85,3.916,3.897,3.929,0
36.88333,3.923,3.91,3.929,0
36.91667,3.92,3.904,3.939,0
36.95,3.926,3.904,3.932,0
36.98333,3.916,3.904,3.936,0
37.01667,3.916,3.875,3.932,0
37.05,3.923,3.904,3.936,0
37.08333,3.923,3.894,3.942,0
37.11667,3.916,3.891,3.932,0
37.15,3.92,3.904,3.929,0
37.18333,3.918,3.849,3.932,0
37.21667,3.9215,3.904,3.929,0
37.25,3.916,3.897,3.926,0
37.28333,3.916,3.897,3.926,0
37.31667,3.9245,3.894,3.939,0
37.35,3.9195,3.872,3.932,0
37.38333,3.926,3.897,3.936,0
37.41667,3.916,3.897,3.929,0
37.45,3.923,3.904,3.936,0
37.48333,3.918,3.904,3.932,0
37.51667,3.918,3.862,3.929,0
37.55,3.916,3.894,3.932,0
37.58333,3.916,3.904,3.929,0
37.61667,3.916,3.9,3.932,0
37.65,3.923,3.904,3.936,0
37.68333,3.9115,3.865,3.929,0
37.71667,3.916,3.904,3.929,0
37.75,3.92,3.904,3.929,0
37.78333,3.916,3.852,3.932,0
37.81667,3.916,3.904,3.932,0
37.85,3.92,3.91,3.932,0
37.88333,3.916,3.907,3.929,0
37.91667,3.9215,3.91,3.936,0
37.95,3.916,3.884,3.926,0
37.98333,3.92,3.904,3.932,0
38.01667,3.918,3.904,3.929,0
38.05,3.916,3.9,3.932,0
38.08333,3.916,3.897,3.936,1
38.11667,3.918,3.862,3.936,1
38.15,3.916,3.9,3.936,1
38.18333,3.92,3.91,3.929,0
38.21667,3.916,3.904,3.942,0
38.25,3.913,3.904,3.929,0
38.28333,3.916,3.872,3.932,0
38.31667,3.916,3.904,3.942,0
38.35,3.9145,3.904,3.936,0
38.38333,3.918,3.9,3.932,0
38.41667,3.9145,3.904,3.929,0
38.45,3.923,3.904,3.932,0
38.48333,3.918,3.878,3.932,0
38.51667,3.916,3.904,3.929,0
38.55,3.916,3.904,3.932,0
38.58333,3.92,3.904,3.929,0
38.61667,3.916,3.904,3.923,0
38.65,3.918,3.516,3.942,0
38.68333,3.918,3.91,4.009,0
38.71667,3.916,3.904,3.929,0
38.75,3.916,3.913,3.929,0
38.78333,3.918,3.907,3.932,0
38.81667,3.913,3.865,3.929,0
38.85,3.916,3.904,3.936,0
38.88333,3.92,3.897,3.936,0
38.91667,3.9145,3.894,3.929,0
38.95,3.916,3.891,3.936,0
38.98333,3.916,3.856,3.936,0
39.01667,3.916,3.904,3.936,0
39.05,3.916,3.904,3.936,0
39.08333,3.916,3.904,3.929,0
39.11667,3.918,3.907,3.929,0
39.15,3.92,3.872,3.929,0
39.18333,3.916,3.897,3.936,0
39.21667,3.916,3.9,3.942,0
39.25,3.916,3.9,3.942,0
39.28333,3.916,3.891,3.929,0
39.31667,3.913,3.878,3.929,0
39.35,3.916,3.904,3.929,0
39.38333,3.9145,3.904,3.929,0
39.41667,3.9115,3.868,3.926,0
39.45,3.916,3.904,3.926,0
39.48333,3.913,3.9,3.926,0
39.51667,3.913,3.894,3.929,0
39.55,3.92,3.862,3.929,0
39.58333,3.92,3.891,3.955,0
39.61667,3.916,3.904,3.929,0
39.65,3.916,3.91,3.929,0
39.68333,3.913,3.862,3.932,0
39.71667,3.916,3.888,3.929,0
39.75,3.918,3.91,3.932,0
39.78333,3.91,3.897,3.923,0
39.81667,3.916,3.862,3.929,0
39.85,3.916,3.769,3.936,0
39.88333,3.916,3.904,3.932,0
39.91667,3.916,3.897,3.939,0
39.95,3.916,3.891,3.926,0
39.98333,3.916,3.9,3.936,0
40.01667,3.916,3.856,3.929,0
40.05,3.913,3.9,3.926,0
40.08333,3.91,3.878,3.977,0
40.11667,3.916,3.897,3.936,0
40.15,3.923,3.76,3.942,0
40.18333,3.92,3.862,3.929,0
40.21667,3.916,3.907,3.929,0
40.25,3.916,3.904,3.926,0
40.28333,3.916,3.9,3.932,0
40.31667,3.916,3.9,3.929,0
40.35,3.91,3.859,3.929,0
40.38333,3.916,3.904,3.932,0
40.41667,3.923,3.904,3.932,0
40.45,3.916,3.894,3.929,0
40.48333,3.916,3.904,3.929,0
40.51667,3.916,3.872,3.926,0
40.55,3.9145,3.872,3.932,0
40.58333,3.916,3.904,3.936,0
40.61667,3.913,3.904,3.939,0
40.65,3.916,3.904,3.936,0
40.68333,3.916,3.369,3.936,0
40.71667,3.916,3.865,3.926,0
40.75,3.916,3.904,3.929,0
40.78333,3.9145,3.897,3.926,0
40.81667,3.916,3.9,3.923,0
40.85,3.916,3.904,3.929,0
40.88333,3.916,3.856,3.932,0
40.91667,3.907,3.894,3.926,0
40.95,3.916,3.891,3.929,0
40.98333,3.916,3.904,3.936,0
41.01667,3.918,3.888,3.936,0
41.05,3.91,3.872,3.926,0
41.08333,3.916,3.904,3.932,0
41.11667,3.916,3.897,3.923,0
41.15,3.916,3.894,3.926,0
41.18333,3.916,3.888,3.942,0
41.21667,3.904,3.862,3.932,0
41.25,3.916,3.9,3.932,0
41.28333,3.918,3.891,3.929,0
41.31667,3.916,3.904,3.929,0
41.35,3.913,3.904,3.929,0
41.38333,3.913,3.868,3.923,0
41.41667,3.92,3.904,3.929,0
41.45,3.916,3.9,3.929,0
41.48333,3.91,3.891,3.923,0
41.51667,3.916,3.891,3.929,0
41.55,3.9145,3.878,3.939,0
41.58333,3.916,3.904,3.929,0
41.61667,3.913,3.9,3.926,0
41.65,3.916,3.904,3.932,0
41.68333,3.9145,3.891,3.929,0
41.71667,3.916,3.868,3.932,0
41.75,3.9145,3.856,3.929,0
41.78333,3.91,3.891,3.932,0
41.81667,3.916,3.875,3.929,0
41.85,3.9145,3.888,3.936,0
41.88333,3.916,3.9,3.929,0
41.91667,3.91,3.859,3.926,0
41.95,3.916,3.894,3.936,0
41.98333,3.916,3.9,3.929,0
42.01667,3.9145,3.881,3.929,0
42.05,3.907,3.894,3.916,0
42.08333,3.916,3.894,3.932,0
42.11667,3.916,3.894,3.936,0
42.15,3.916,3.894,3.929,0
42.18333,3.913,3.875,3.926,0
42.21667,3.913,3.891,3.929,0
42.25,3.9145,3.897,3.929,0
42.28333,3.9145,3.891,3.929,0
42.31667,3.916,3.904,3.923,0
42.35,3.9085,3.881,3.929,0
42.38333,3.9145,3.904,3.945,0
42.41667,3.916,3.897,3.971,0
42.45,3.913,3.897,3.929,0
42.48333,3.916,3.904,3.926,0
42.51667,3.916,3.897,3.936,0
42.55,3.916,3.865,3.926,0
42.58333,3.916,3.894,3.932,0
42.61667,3.91,3.894,3.926,0
42.65,3.916,3.888,3.929,0
42.68333,3.91,3.891,3.926,0
42.71667,3.9115,3.862,3.926,0
42.75,3.916,3.9,3.929,0
42.78333,3.918,3.897,3.929,0
42.81667,3.9145,3.904,3.926,0
42.85,3.9145,3.9,3.923,0
42.88333,3.907,3.852,3.916,0
42.91667,3.9085,3.884,3.939,0
42.95,3.913,3.891,3.929,0
42.98333,3.916,3.891,3.929,0
43.01667,3.9115,3.891,3.923,0
43.05,3.916,3.852,3.923,0
43.08333,3.913,3.891,3.929,0
43.11667,3.9145,3.904,3.926,0
43.15,3.913,3.891,3.926,0
43.18333,3.907,3.894,3.926,0
43.21667,3.916,3.859,3.932,0
43.25,3.916,3.894,3.929,0
43.28333,3.913,3.888,3.929,0
43.31667,3.913,3.856,3.92,0
43.35,3.9145,3.9,3.929,0
43.38333,3.916,3.904,3.932,0
43.41667,3.913,3.9,3.923,0
43.45,3.91,3.897,3.929,0
43.48333,3.91,3.84,3.92,0
43.51667,3.916,3.891,3.929,0
43.55,3.916,3.878,3.932,0
43.58333,3.916,3.897,3.926,0
43.61667,3.91,3.897,3.923,0
43.65,3.91,3.849,3.929,0
43.68333,3.913,3.891,3.926,0
43.71667,3.9115,3.884,3.92,0
43.75,3.907,3.888,3.929,0
43.78333,3.9115,3.9,3.929,0
43.81667,3.913,3.849,3.929,0
43.85,3.913,3.894,3.929,0
43.88333,3.913,3.897,3.926,0
43.91667,3.91,3.904,3.929,0
43.95,3.9145,3.897,3.923,0
43.98333,3.91,3.875,3.929,0
44.01667,3.91,3.897,3.926,0
44.05,3.9055,3.891,3.929,0
44.08333,3.913,3.894,3.929,0
44.11667,3.91,3.888,3.955,0
44.15,3.9115,3.865,3.926,0
44.18333,3.91,3.852,3.923,0
44.21667,3.91,3.891,3.926,0
44.25,3.916,3.904,3.929,0
44.28333,3.916,3.872,3.936,0
44.31667,3.9055,3.891,3.929,0
44.35,3.9145,3.849,3.929,0
44.38333,3.916,3.884,3.936,0
44.41667,3.91,3.846,3.923,0
44.45,3.913,3.9,3.92,0
44.48333,3.91,3.897,3.939,0
44.51667,3.9145,3.897,3.926,0
44.55,3.9115,3.897,3.926,0
44.58333,3.9055,3.862,3.916,0
44.61667,3.904,3.894,3.926,0
44.65,3.91,3.897,3.926,0
44.68333,3.913,3.904,3.929,0
44.71667,3.907,3.897,3.929,0
44.75,3.91,3.852,3.92,0
44.78333,3.91,3.897,3.926,0
44.81667,3.913,3.9,3.929,0
44.85,3.913,3.897,3.923,0
44.88333,3.9085,3.891,3.932,0
44.91667,3.904,3.836,3.923,0
44.95,3.91,3.878,3.926,0
44.98333,3.91,3.891,3.929,0
45.01667,3.91,3.897,3.926,0
45.05,3.916,3.904,3.923,0
45.08333,3.91,3.9,3.923,0
45.11667,3.907,3.849,3.916,0
45.15,3.907,3.894,3.92,0
45.18333,3.907,3.897,3.92,0
45.21667,3.9145,3.891,3.929,0
45.25,3.913,3.894,3.929,0
45.28333,3.904,3.865,3.926,0
45.31667,3.91,3.891,3.929,0
45.35,3.9115,3.9,3.929,0
45.38333,3.91,3.897,3.92,0
45.41667,3.91,3.878,3.936,0
45.45,3.904,3.852,3.939,0
45.48333,3.913,3.891,3.923,0
45.51667,3.913,3.884,3.929,0
45.55,3.9115,3.888,3.936,0
45.58333,3.91,3.897,3.923,0
45.61667,3.907,3.872,3.916,0
45.65,3.9115,3.9,3.929,0
45.68333,3.91,3.894,3.926,0
45.71667,3.913,3.897,3.923,0
45.75,3.907,3.891,3.926,0
45.78333,3.916,3.76,3.926,0
45.81667,3.91,3.859,3.926,0
45.85,3.91,3.891,3.929,0
45.88333,3.91,3.9,3.916,0
45.91667,3.913,3.904,3.923,0
45.95,3.91,3.904,3.92,0
45.98333,3.91,3.862,3.92,0
46.01667,3.907,3.891,3.916,0
46.05,3.9115,3.894,3.923,0
46.08333,3.9115,3.894,3.923,0
46.11667,3.904,3.888,3.926,0
46.15,3.91,3.852,3.926,0
46.18333,3.91,3.904,3.926,0
46.21667,3.91,3.888,3.926,0
46.25,3.904,3.891,3.92,0
46.28333,3.904,3.894,3.916,0
46.31667,3.9,3.836,3.913,0
46.35,3.907,3.891,3.929,0
46.38333,3.913,3.891,3.929,0
46.41667,3.9085,3.888,3.916,0
46.45,3.91,3.894,3.929,0
46.48333,3.907,3.852,3.929,0
46.51667,3.91,3.9,3.926,0
46.55,3.9145,3.904,3.923,0
46.58333,3.9055,3.881,3.926,0
46.61667,3.904,3.872,3.916,0
46.65,3.9085,3.849,4.012,0
46.68333,3.91,3.881,3.923,0
46.71667,3.907,3.897,3.929,0
46.75,3.907,3.904,3.92,0
46.78333,3.91,3.904,3.923,0
46.81667,3.91,3.849,3.92,0
46.85,3.91,3.891,3.916,0
46.88333,3.904,3.875,3.916,0
46.91667,3.91,3.884,3.923,0
46.95,3.9085,3.884,3.923,0
46.98333,3.91,3.884,3.92,0
47.01667,3.904,3.836,3.92,0
47.05,3.907,3.897,3.936,0
47.08333,3.91,3.897,3.92,0
47.11667,3.91,3.894,3.926,0
47.15,3.904,3.894,3.923,0
47.18333,3.904,3.846,3.929,0
47.21667,3.91,3.891,3.92,0
47.25,3.91,3.884,3.916,0
47.28333,3.904,3.897,3.926,0
47.31667,3.91,3.9,3.923,0
47.35,3.904,3.852,3.92,0
47.38333,3.907,3.894,3.916,0
47.41667,3.9085,3.897,3.929,0
47.45,3.902,3.884,3.91,0
47.48333,3.9085,3.888,3.916,0
47.51667,3.9055,3.862,3.923,0
47.55,3.91,3.897,3.916,0
47.58333,3.91,3.897,3.923,0
47.61667,3.907,3.891,3.92,0
47.65,3.91,3.891,3.92,0
47.68333,3.907,3.862,3.92,0
47.71667,3.904,3.888,3.916,0
47.75,3.902,3.891,3.916,0
47.78333,3.9115,3.884,3.929,0
47.81667,3.9085,3.888,3.926,0
47.85,3.9085,3.862,3.916,0
47.88333,3.9085,3.891,3.926,0
47.91667,3.907,3.891,3.92,0
47.95,3.913,3.891,3.923,0
47.98333,3.91,3.894,3.916,0
48.01667,3.904,3.856,3.916,0
48.05,3.9085,3.862,3.923,0
48.08333,3.916,3.9,3.926,0
48.11667,3.907,3.888,3.929,0
48.15,3.907,3.897,3.916,0
48.18333,3.904,3.897,3.916,0
48.21667,3.904,3.846,3.916,0
48.25,3.91,3.904,3.923,0
48.28333,3.904,3.894,3.916,0
48.31667,3.9,3.884,3.92,0
48.35,3.91,3.891,3.929,0
48.38333,3.904,3.827,3.929,0
48.41667,3.907,3.881,3.916,0
48.45,3.907,3.894,3.916,0
48.48333,3.9055,3.888,3.916,0
48.51667,3.904,3.891,3.916,0
48.55,3.904,3.852,3.926,0
48.58333,3.904,3.878,3.923,0
48.61667,3.907,3.894,3.92,0
48.65,3.907,3.894,3.916,0
48.68333,3.904,3.891,3.942,0
48.71667,3.904,3.862,3.92,0
48.75,3.904,3.9,3.916,0
48.78333,3.904,3.888,3.913,0
48.81667,3.904,3.894,3.92,0
48.85,3.904,3.891,3.916,0
48.88333,3.9,3.862,3.916,0
48.91667,3.9115,3.891,3.929,0
48.95,3.91,3.878,3.929,0
48.98333,3.907,3.862,3.923,0
49.01667,3.907,3.891,3.92,0
49.05,3.9055,3.843,3.932,0
49.08333,3.9055,3.849,3.916,0
49.11667,3.904,3.891,3.916,0
49.15,3.904,3.891,3.916,0
49.18333,3.904,3.891,3.936,0
49.21667,3.907,3.878,3.92,0
49.25,3.907,3.849,3.916,0
49.28333,3.904,3.891,3.916,0
49.31667,3.907,3.894,3.916,0
49.35,3.907,3.897,3.92,0
49.38333,3.904,3.891,3.92,0
49.41667,3.904,3.84,3.926,0
49.45,3.9,3.878,3.92,0
49.48333,3.9085,3.881,3.929,0
49.51667,3.907,3.888,3.916,0
49.55,3.91,3.891,3.916,0
49.58333,3.9055,3.852,3.92,0
49.61667,3.904,3.897,3.923,0
49.65,3.9055,3.897,3.916,0
49.68333,3.904,3.881,3.926,0
49.71667,3.904,3.878,3.916,0
49.75,3.904,3.852,3.92,0
49.78333,3.91,3.878,3.926,0
49.81667,3.904,3.888,3.916,0
49.85,3.904,3.894,3.916,0
49.88333,3.9055,3.894,3.92,0
49.91667,3.904,3.843,3.916,0
49.95,3.904,3.891,3.916,0
49.98333,3.9055,3.884,3.92,0
50.01667,3.904,3.872,3.926,0
50.05,3.904,3.884,3.92,0
50.08333,3.904,3.852,3.92,0
50.11667,3.907,3.881,3.92,0
50.15,3.904,3.884,3.916,0
50.18333,3.904,3.875,3.916,0
50.21667,3.9055,3.891,3.916,0
50.25,3.904,3.884,3.916,0
50.28333,3.904,3.852,3.916,0
50.31667,3.904,3.891,3.926,0
50.35,3.9085,3.891,3.923,0
50.38333,3.9055,3.878,3.916,0
50.41667,3.904,3.891,3.92,0
50.45,3.904,3.843,3.913,0
50.48333,3.904,3.862,3.92,0
50.51667,3.904,3.891,3.916,0
50.55,3.904,3.884,3.916,0
50.58333,3.9,3.881,3.916,0
50.61667,3.904,3.862,3.913,0
50.65,3.904,3.884,3.916,0
50.68333,3.904,3.884,3.923,0
50.71667,3.904,3.891,3.916,0
50.75,3.904,3.891,3.91,0
50.78333,3.9,3.849,3.916,0
50.81667,3.904,3.891,3.916,0
50.85,3.9055,3.881,3.916,0
50.88333,3.9,3.881,3.916,0
50.91667,3.904,3.891,3.916,0
50.95,3.91,3.849,3.92,0
50.98333,3.904,3.881,3.916,0
51.01667,3.904,3.891,3.913,0
51.05,3.9055,3.888,3.939,0
51.08333,3.904,3.891,3.916,0
51.11667,3.9,3.888,3.91,0
51.15,3.894,3.852,3.91,0
51.18333,3.904,3.881,3.971,0
51.21667,3.904,3.881,3.916,0
51.25,3.9,3.881,3.916,0
51.28333,3.904,3.891,3.916,0
51.31667,3.902,3.836,3.92,0
51.35,3.904,3.891,3.916,0
51.38333,3.9,3.891,3.916,0
51.41667,3.9,3.891,3.916,0
51.45,3.897,3.878,3.913,0
51.48333,3.897,3.836,3.923,0
51.51667,3.904,3.891,3.916,0
51.55,3.904,3.872,3.916,0
51.58333,3.9,3.888,3.916,0
51.61667,3.904,3.894,3.916,0
51.65,3.9,3.836,3.916,0
51.68333,3.902,3.891,3.916,0
51.71667,3.9,3.878,3.916,0
51.75,3.904,3.859,3.916,0
51.78333,3.9055,3.888,3.916,0
51.81667,3.9005,3.824,3.913,0
51.85,3.9,3.884,3.916,0
51.88333,3.904,3.894,3.916,0
51.91667,3.902,3.891,3.916,0
51.95,3.904,3.888,3.916,0
51.98333,3.9,3.859,3.923,0
52.01667,3.902,3.872,3.92,0
52.05,3.904,3.731,3.92,0
52.08333,3.9,3.891,3.913,0
52.11667,3.904,3.872,3.916,0
52.15,3.897,3.84,3.907,0
52.18333,3.897,3.849,3.913,0
52.21667,3.9,3.884,3.916,0
52.25,3.9,3.884,3.923,0
52.28333,3.904,3.884,3.923,0
52.31667,3.894,3.881,3.907,0
52.35,3.904,3.846,3.916,0
52.38333,3.902,3.689,3.916,0
52.41667,3.9,3.881,3.913,0
52.45,3.904,3.888,3.913,0
52.48333,3.9,3.891,3.913,0
52.51667,3.904,3.836,3.916,0
52.55,3.904,3.891,3.923,0
52.58333,3.894,3.872,3.913,0
52.61667,3.9,3.878,3.92,0
52.65,3.904,3.884,3.91,0
52.68333,3.891,3.862,3.91,0
52.71667,3.904,3.888,3.916,0
52.75,3.8985,3.888,3.91,0
52.78333,3.904,3.884,3.916,0
52.81667,3.904,3.891,3.916,0
52.85,3.894,3.84,3.916,0
52.88333,3.9005,3.868,3.916,0
52.91667,3.902,3.884,3.913,0
52.95,3.904,3.878,3.916,0
52.98333,3.897,3.868,3.91,0
53.01667,3.897,3.849,3.91,0
53.05,3.9,3.891,3.916,0
53.08333,3.904,3.888,3.913,0
53.11667,3.902,3.891,3.929,0
53.15,3.897,3.878,3.913,0
53.18333,3.891,3.865,3.907,0
53.21667,3.9,3.369,3.913,0
53.25,3.8955,3.875,3.916,0
53.28333,3.904,3.884,3.916,0
53.31667,3.897,3.884,3.913,0
53.35,3.904,3.875,3.91,0
53.38333,3.894,3.849,3.904,0
53.41667,3.8955,3.881,3.913,0
53.45,3.891,3.875,3.916,0
53.48333,3.904,3.872,3.916,0
53.51667,3.9,3.884,3.929,0
53.55,3.904,3.859,3.916,0
53.58333,3.902,3.878,3.913,0
53.61667,3.904,3.881,3.916,0
53.65,3.904,3.891,3.91,0
53.68333,3.904,3.881,3.916,0
53.71667,3.9,3.859,3.916,0
53.75,3.8985,3.881,3.913,0
53.78333,3.904,3.884,3.916,0
53.81667,3.894,3.875,3.91,0
53.85,3.8955,3.881,3.916,0
53.88333,3.902,3.856,3.916,0
53.91667,3.904,3.852,3.916,0
53.95,3.9,3.884,3.91,0
53.98333,3.9,3.891,3.916,0
54.01667,3.894,3.865,3.904,0
54.05,3.897,3.884,3.91,0
54.08333,3.894,3.852,3.916,0
54.11667,3.8955,3.878,3.904,0
54.15,3.9,3.881,3.923,0
54.18333,3.9,3.878,3.923,0
54.21667,3.9,3.891,3.904,0
54.25,3.894,3.84,3.91,0
54.28333,3.897,3.878,3.904,0
54.31667,3.891,3.849,3.923,0
54.35,3.904,3.878,3.913,0
54.38333,3.9,3.881,3.916,0
54.41667,3.8985,3.849,3.91,0
54.45,3.897,3.884,3.913,0
54.48333,3.904,3.888,3.913,0
54.51667,3.904,3.881,3.91,0
54.55,3.8925,3.881,3.91,0
54.58333,3.894,3.827,3.916,0
54.61667,3.897,3.878,3.91,0
54.65,3.8985,3.878,3.916,0
54.68333,3.897,3.875,3.913,0
54.71667,3.897,3.888,3.916,0
54.75,3.9,3.849,3.91,0
54.78333,3.897,3.884,3.907,0
54.81667,3.902,3.884,3.913,1
54.85,3.9,3.884,3.916,1
54.88333,3.894,3.875,3.926,1
54.91667,3.897,3.865,3.916,1
54.95,3.897,3.872,3.907,1
54.98333,3.894,3.884,3.916,1
55.01667,3.8985,3.891,3.916,0
55.05,3.9,3.881,3.923,0
55.08333,3.9,3.884,3.907,0
55.11667,3.8985,3.824,3.913,0
55.15,3.894,3.878,3.916,0
55.18333,3.891,3.868,3.913,0
55.21667,3.897,3.865,3.91,0
55.25,3.897,3.888,3.916,0
55.28333,3.8955,3.836,3.916,0
55.31667,3.9,3.884,3.916,0
55.35,3.9,3.888,3.913,0
55.38333,3.897,3.881,3.904,0
55.41667,3.897,3.884,3.907,0
55.45,3.8925,3.836,3.907,0
55.48333,3.8985,3.888,3.952,0
55.51667,3.9,3.881,3.91,0
55.55,3.902,3.884,3.91,0
55.58333,3.894,3.888,3.916,0
55.61667,3.897,3.849,3.913,0
55.65,3.8955,3.881,3.913,0
55.68333,3.9,3.881,3.91,0
55.71667,3.897,3.888,3.916,0
55.75,3.891,3.878,3.907,0
55.78333,3.8955,3.878,3.916,0
55.81667,3.9,3.843,3.916,0
55.85,3.9,3.884,3.907,0
55.88333,3.894,3.872,3.916,0
55.91667,3.897,3.884,3.916,0
55.95,3.904,3.881,3.913,0
55.98333,3.897,3.843,3.91,0
56.01667,3.9,3.891,3.907,0
56.05,3.8985,3.884,3.91,0
56.08333,3.897,3.888,3.91,0
56.11667,3.897,3.878,3.913,0
56.15,3.8955,3.83,3.916,0
56.18333,3.897,3.884,3.907,0
56.21667,3.9,3.878,3.907,0
56.25,3.8955,3.862,3.91,1
56.28333,3.8955,3.868,3.923,1
56.31667,3.9005,3.859,3.916,1
56.35,3.8985,3.878,3.907,1
56.38333,3.897,3.878,3.907,0
56.41667,3.8925,3.881,3.91,0
56.45,3.897,3.875,3.91,0
56.48333,3.8925,3.84,3.916,0
56.51667,3.894,3.878,3.907,0
56.55,3.891,3.875,3.91,0
56.58333,3.9,3.878,3.907,0
56.61667,3.897,3.878,3.907,0
56.65,3.891,3.84,3.916,0
56.68333,3.902,3.881,3.913,0
56.71667,3.894,3.878,3.913,0
56.75,3.897,3.884,3.916,0
56.78333,3.897,3.884,3.91,0
56.81667,3.891,3.849,3.91,0
56.85,3.891,3.827,3.913,0
56.88333,3.897,3.852,3.916,0
56.91667,3.897,3.875,3.92,0
56.95,3.897,3.888,3.916,0
56.98333,3.894,3.884,3.916,0
57.01667,3.897,3.852,3.91,0
57.05,3.897,3.881,3.91,0
57.08333,3.897,3.878,3.916,0
57.11667,3.8895,3.875,3.916,0
57.15,3.897,3.878,3.904,0
57.18333,3.891,3.836,3.907,0
57.21667,3.8925,3.872,3.916,0
57.25,3.897,3.884,3.91,0
57.28333,3.897,3.881,3.904,0
57.31667,3.8955,3.888,3.904,0
57.35,3.891,3.83,3.91,0
57.38333,3.894,3.878,3.904,0
57.41667,3.891,3.875,3.916,0
57.45,3.894,3.478,3.907,0
57.48333,3.9,3.875,3.91,0
57.51667,3.891,3.836,3.907,0
57.55,3.894,3.881,3.907,0
57.58333,3.8955,3.878,3.91,0
57.61667,3.894,3.884,3.916,0
57.65,3.891,3.833,3.904,0
57.68333,3.891,3.881,3.913,0
57.71667,3.891,3.852,3.91,0
57.75,3.897,3.868,3.907,0
57.78333,3.897,3.872,3.907,0
57.81667,3.891,3.865,3.904,0
57.85,3.897,3.878,3.907,0
57.88333,3.894,3.878,3.91,0
57.91667,3.894,3.84,3.916,0
57.95,3.894,3.881,3.916,0
57.98333,3.891,3.878,3.904,0
58.01667,3.891,3.878,3.916,0
58.05,3.8955,3.872,3.913,0
58.08333,3.894,3.865,3.913,0
58.11667,3.8925,3.878,3.907,0
58.15,3.894,3.884,3.904,0
58.18333,3.8925,3.878,3.913,0
58.21667,3.894,3.881,3.907,0
58.25,3.894,3.846,3.904,0
58.28333,3.894,3.862,3.913,0
58.31667,3.894,3.878,3.904,0
58.35,3.9,3.878,3.913,0
58.38333,3.897,3.878,3.913,0
58.41667,3.894,3.846,3.907,0
58.45,3.891,3.878,3.904,0
58.48333,3.894,3.878,3.904,0
58.51667,3.897,3.881,3.91,0
58.55,3.891,3.875,3.904,0
58.58333,3.891,3.865,3.904,0
58.61667,3.894,3.827,3.916,0
58.65,3.9,3.888,3.904,0
58.68333,3.9,3.884,3.913,0
58.71667,3.891,3.875,3.91,0
58.75,3.891,3.865,3.907,0
58.78333,3.894,3.84,3.904,0
58.81667,3.891,3.878,3.9,0
58.85,3.891,3.868,3.904,0
58.88333,3.891,3.878,3.904,0
58.91667,3.894,3.875,3.913,0
58.95,3.897,3.843,3.958,0
58.98333,3.8925,3.872,3.907,0
59.01667,3.8955,3.878,3.91,0
59.05,3.891,3.878,3.904,0
59.08333,3.891,3.875,3.913,0
59.11667,3.891,3.849,3.907,0
59.15,3.888,3.875,3.907,0
59.18333,3.897,3.872,3.904,0
59.21667,3.8955,3.881,3.904,0
59.25,3.8895,3.878,3.904,0
59.28333,3.891,3.881,3.897,0
59.31667,3.891,3.83,3.904,0
59.35,3.894,3.881,3.904,0
59.38333,3.8925,3.878,3.904,0
59.41667,3.891,3.875,3.91,0
59.45,3.891,3.872,3.945,0
59.48333,3.897,3.833,3.92,0
59.51667,3.891,3.868,3.91,0
59.55,3.9,3.878,3.91,0
59.58333,3.894,3.881,3.907,0
59.61667,3.894,3.878,3.907,0
59.65,3.894,3.833,3.907,0
59.68333,3.894,3.878,3.91,0
59.71667,3.891,3.878,3.9,0
59.75,3.8925,3.878,3.907,0
59.78333,3.894,3.878,3.913,0
59.81667,3.891,3.824,3.904,0
59.85,3.894,3.884,3.907,0
59.88333,3.8925,3.878,3.91,0
59.91667,3.897,3.868,3.916,0
59.95,3.8955,3.878,3.913,0
59.98333,3.884,3.846,3.9,0
60.01667,3.897,3.881,3.913,0
60.05,3.897,3.875,3.91,0
60.08333,3.894,3.878,3.916,0
60.11667,3.894,3.884,3.916,0
60.15,3.888,3.843,3.907,0
60.18333,3.894,3.878,3.904,0
60.21667,3.888,3.878,3.9,0
60.25,3.891,3.868,3.9,0
60.28333,3.886,3.872,3.904,0
60.31667,3.894,3.878,3.91,0
60.35,3.894,3.856,3.904,0
60.38333,3.8925,3.875,3.91,0
60.41667,3.891,3.878,3.904,0
60.45,3.891,3.875,3.904,0
60.48333,3.891,3.878,3.904,0
60.51667,3.891,3.84,3.907,0
60.55,3.891,3.881,3.907,0
60.58333,3.8925,3.881,3.91,0
60.61667,3.894,3.872,3.904,0
60.65,3.894,3.872,3.91,0
60.68333,3.891,3.856,3.904,0
60.71667,3.891,3.875,3.913,0
60.75,3.891,3.878,3.91,0
60.78333,3.891,3.875,3.907,0
60.81667,3.891,3.868,3.904,0
60.85,3.883,3.846,3.904,0
60.88333,3.897,3.875,3.904,0
60.91667,3.897,3.878,3.907,0
60.95,3.8925,3.881,3.91,0
60.98333,3.891,3.881,3.904,0
61.01667,3.891,3.875,3.904,0
61.05,3.891,3.846,3.907,0
61.08333,3.891,3.881,3.904,0
61.11667,3.891,3.868,3.904,0
61.15,3.891,3.862,3.91,0
61.18333,3.897,3.862,3.913,0
61.21667,3.897,3.84,3.926,0
61.25,3.8955,3.884,3.907,0
61.28333,3.894,3.878,3.9,0
61.31667,3.891,3.878,3.9,0
61.35,3.891,3.878,3.904,0
61.38333,3.8895,3.846,3.916,0
61.41667,3.888,3.878,3.904,0
61.45,3.8955,3.875,3.91,0
61.48333,3.894,3.865,3.907,0
61.51667,3.891,3.881,3.904,0
61.55,3.891,3.849,3.916,0
61.58333,3.894,3.878,3.904,0
61.61667,3.8985,3.875,3.907,0
61.65,3.894,3.884,3.904,0
61.68333,3.888,3.868,3.916,0
61.71667,3.888,3.846,3.904,0
61.75,3.891,3.859,3.9,0
61.78333,3.891,3.862,3.907,0
61.81667,3.891,3.878,3.91,0
61.85,3.894,3.878,3.907,0
61.88333,3.888,3.849,3.9,0
61.91667,3.891,3.862,3.904,0
61.95,3.891,3.865,3.91,0
61.98333,3.888,3.862,3.91,0
62.01667,3.891,3.833,3.916,0
62.05,3.8955,3.878,3.91,0
62.08333,3.886,3.836,3.904,0
62.11667,3.891,3.881,3.9,0
62.15,3.891,3.878,3.897,0
62.18333,3.891,3.878,3.904,0
62.21667,3.8955,3.878,3.913,0
62.25,3.888,3.84,3.904,0
62.28333,3.8925,3.872,3.913,0
62.31667,3.8955,3.868,3.904,0
62.35,3.891,3.868,3.904,0
62.38333,3.891,3.875,3.904,0
62.41667,3.8925,3.849,3.897,0
62.45,3.888,3.852,3.913,0
62.48333,3.891,3.878,3.91,0
62.51667,3.888,3.862,3.904,0
62.55,3.884,3.875,3.907,0
62.58333,3.891,3.859,3.904,0
62.61667,3.894,3.865,3.916,0
62.65,3.891,3.878,3.904,0
62.68333,3.891,3.875,3.904,0
62.71667,3.891,3.881,3.904,0
62.75,3.891,3.878,3.91,0
62.78333,3.888,3.859,3.9,0
62.81667,3.888,3.875,3.904,0
62.85,3.891,3.868,3.974,0
62.88333,3.897,3.878,3.907,0
62.91667,3.891,3.872,3.904,0
62.95,3.891,3.824,3.904,0
62.98333,3.891,3.884,3.916,0
63.01667,3.891,3.878,3.904,0
63.05,3.891,3.872,3.904,0
63.08333,3.884,3.868,3.904,0
63.11667,3.878,3.817,3.9,0
63.15,3.891,3.862,3.904,0
63.18333,3.8895,3.875,3.904,0
63.21667,3.888,3.878,3.907,0
63.25,3.891,3.881,3.907,0
63.28333,3.8895,3.849,3.904,0
63.31667,3.891,3.878,3.907,0
63.35,3.888,3.878,3.904,1
63.38333,3.884,3.872,3.907,1
63.41667,3.891,3.872,3.904,1
63.45,3.891,3.859,3.897,1
63.48333,3.888,3.846,3.897,1
63.51667,3.888,3.878,3.907,0
63.55,3.8895,3.878,3.904,0
63.58333,3.8895,3.878,3.904,0
63.61667,3.891,3.881,3.916,0
63.65,3.891,3.84,3.897,0
63.68333,3.8895,3.865,3.91,0
63.71667,3.8925,3.878,3.91,0
63.75,3.894,3.875,3.913,0
63.78333,3.891,3.875,3.897,0
63.81667,3.891,3.843,3.9,0
63.85,3.891,3.875,3.913,0
63.88333,3.8895,3.872,3.913,0
63.91667,3.891,3.875,3.904,0
63.95,3.891,3.875,3.904,0
63.98333,3.888,3.846,3.904,0
64.01667,3.894,3.868,3.91,0
64.05,3.891,3.859,3.904,0
64.08333,3.894,3.875,3.904,0
64.11667,3.891,3.878,3.916,0
64.15,3.891,3.856,3.904,0
64.18333,3.891,3.875,3.9,0
64.21667,3.884,3.875,3.904,0
64.25,3.886,3.856,3.9,0
64.28333,3.886,3.878,3.904,0
64.31667,3.891,3.862,3.904,0
64.35,3.884,3.865,3.907,0
64.38333,3.891,3.872,3.91,0
64.41667,3.891,3.878,3.904,0
64.45,3.888,3.875,3.9,0
64.48333,3.888,3.865,3.904,0
64.51667,3.884,3.859,3.904,0
64.55,3.891,3.875,3.897,0
64.58333,3.891,3.868,3.904,0
64.61667,3.8925,3.865,3.907,0
64.65,3.888,3.868,3.904,0
64.68333,3.894,3.849,3.904,0
64.71667,3.891,3.868,3.907,0
64.75,3.891,3.875,3.897,0
64.78333,3.891,3.872,3.907,0
64.81667,3.884,3.862,3.9,0
64.85,3.888,3.824,3.91,0
64.88333,3.8925,3.878,3.904,0
64.91667,3.891,3.862,3.904,0
64.95,3.891,3.875,3.9,0
64.98333,3.884,3.843,3.904,0
65.01667,3.8895,3.878,3.904,0
65.05,3.881,3.872,3.907,0
65.08333,3.884,3.872,3.897,0
65.11667,3.891,3.862,3.904,0
65.15,3.884,3.849,3.9,0
65.18333,3.8875,3.875,3.9,0
65.21667,3.891,3.878,3.9,0
65.25,3.888,3.878,3.9,0
65.28333,3.888,3.878,3.904,0
65.31667,3.884,3.814,3.904,0
65.35,3.888,3.868,3.907,0
65.38333,3.878,3.868,3.923,0
65.41667,3.888,3.868,3.904,0
65.45,3.891,3.878,3.9,0
65.48333,3.891,3.833,3.904,0
65.51667,3.891,3.862,3.904,0
65.55,3.884,3.875,3.904,0
65.58333,3.891,3.872,3.913,0
65.61667,3.891,3.878,3.904,0
65.65,3.886,3.833,3.897,0
65.68333,3.884,3.872,3.9,0
65.71667,3.891,3.875,3.907,0
65.75,3.891,3.26,3.904,0
65.78333,3.884,3.875,3.9,0
65.81667,3.891,3.84,3.9,0
65.85,3.891,3.875,3.907,0
65.88333,3.888,3.878,3.897,0
65.91667,3.891,3.875,3.9,0
65.95,3.8825,3.868,3.9,0
65.98333,3.884,3.872,3.9,0
66.01667,3.891,3.849,3.904,0
66.05,3.891,3.865,3.913,0
66.08333,3.884,3.868,3.9,0
66.11667,3.8895,3.849,3.904,0
66.15,3.8895,3.872,3.897,0
66.18333,3.884,3.846,3.9,0
66.21667,3.884,3.878,3.904,0
66.25,3.884,3.868,3.904,0
66.28333,3.888,3.878,3.91,0
66.31667,3.891,3.868,3.904,0
66.35,3.884,3.843,3.904,0
66.38333,3.891,3.872,3.9,0
66.41667,3.884,3.856,3.894,0
66.45,3.888,3.872,3.9,0
66.48333,3.8925,3.878,3.904,0
66.51667,3.8825,3.824,3.891,0
66.55,3.886,3.852,3.904,0
66.58333,3.888,3.872,3.907,0
66.61667,3.891,3.856,3.904,0
66.65,3.888,3.878,3.904,0
66.68333,3.888,3.84,3.897,0
66.71667,3.891,3.872,3.897,0
66.75,3.888,3.862,3.913,0
66.78333,3.881,3.859,3.9,0
66.81667,3.878,3.859,3.897,0
66.85,3.891,3.856,3.904,0
66.88333,3.891,3.862,3.907,0
66.91667,3.884,3.849,3.904,0
66.95,3.891,3.872,3.897,0
66.98333,3.884,3.878,3.904,0
67.01667,3.884,3.875,3.904,0
67.05,3.881,3.843,3.897,0
67.08333,3.878,3.862,3.891,0
67.11667,3.888,3.872,3.891,0
67.15,3.891,3.868,3.904,0
67.18333,3.888,3.862,3.897,0
67.21667,3.8825,3.836,3.894,0
67.25,3.888,3.865,3.897,0
67.28333,3.886,3.872,3.897,0
67.31667,3.888,3.875,3.9,0
67.35,3.884,3.862,3.894,0
67.38333,3.878,3.824,3.904,0
67.41667,3.891,3.862,3.904,0
67.45,3.886,3.865,3.907,0
67.48333,3.886,3.862,3.91,0
67.51667,3.888,3.868,3.904,0
67.55,3.884,3.833,3.904,0
67.58333,3.8825,3.878,3.904,0
67.61667,3.8825,3.875,3.894,0
67.65,3.886,3.878,3.894,0
67.68333,3.881,3.865,3.894,0
67.71667,3.891,3.689,3.948,0
67.75,3.894,3.875,3.904,0
67.78333,3.886,3.846,3.9,0
67.81667,3.888,3.862,3.9,0
67.85,3.884,3.875,3.897,0
67.88333,3.884,3.859,3.894,0
67.91667,3.8895,3.824,3.897,0
67.95,3.8825,3.856,3.9,0
67.98333,3.8895,3.862,3.904,0
68.01667,3.894,3.872,3.904,0
68.05,3.888,3.859,3.904,0
68.08333,3.888,3.849,3.897,0
68.11667,3.8825,3.862,3.9,0
68.15,3.884,3.868,3.9,0
68.18333,3.888,3.862,3.897,0
68.21667,3.881,3.862,3.904,0
68.25,3.878,3.849,3.916,0
68.28333,3.891,3.862,3.904,0
68.31667,3.886,3.875,3.894,0
68.35,3.888,3.865,3.897,0
68.38333,3.888,3.868,3.9,0
68.41667,3.884,3.83,3.894,0
68.45,3.884,3.859,3.9,0
68.48333,3.884,3.868,3.9,0
68.51667,3.8765,3.852,3.891,0
68.55,3.888,3.862,3.904,0
68.58333,3.891,3.83,3.9,0
68.61667,3.884,3.872,3.913,0
68.65,3.8895,3.875,3.9,0
68.68333,3.886,3.875,3.894,0
68.71667,3.888,3.875,3.897,0
68.75,3.884,3.833,3.9,0
68.78333,3.881,3.859,3.9,0
68.81667,3.888,3.859,3.894,0
68.85,3.884,3.862,3.904,0
68.88333,3.888,3.868,3.904,0
68.91667,3.884,3.849,3.9,0
68.95,3.884,3.846,3.891,0
68.98333,3.888,3.875,3.897,0
69.01667,3.888,3.872,3.9,0
69.05,3.888,3.872,3.897,0
69.08333,3.878,3.868,3.904,0
69.11667,3.8795,3.824,3.894,0
69.15,3.8895,3.862,3.904,0
69.18333,3.884,3.862,3.9,0
69.21667,3.881,3.862,3.9,0
69.25,3.884,3.875,3.897,0
69.28333,3.881,3.859,3.894,0
69.31667,3.886,3.865,3.904,0
69.35,3.886,3.875,3.894,0
69.38333,3.8795,3.856,3.904,0
69.41667,3.891,3.859,3.904,0
69.45,3.884,3.833,3.897,0
69.48333,3.878,3.875,3.897,0
69.51667,3.884,3.875,3.9,0
69.55,3.8825,3.872,3.904,0
69.58333,3.884,3.872,3.904,0
69.61667,3.881,3.833,3.894,0
69.65,3.8795,3.856,3.891,0
69.68333,3.878,3.862,3.897,0
69.71667,3.886,3.868,3.9,0
69.75,3.884,3.856,3.904,0
69.78333,3.881,3.849,3.897,0
69.81667,3.881,3.862,3.897,0
69.85,3.881,3.872,3.894,0
69.88333,3.8875,3.872,3.897,0
69.91667,3.888,3.872,3.904,0
69.95,3.875,3.833,3.884,0
69.98333,3.888,3.875,3.9,0
70.01667,3.891,3.868,3.894,0
70.05,3.886,3.856,3.894,0
70.08333,3.884,3.875,3.894,0
70.11667,3.881,3.836,3.9,0
70.15,3.884,3.852,3.929,0
70.18333,3.881,3.862,3.897,0
70.21667,3.884,3.868,3.894,0
70.25,3.881,3.862,3.9,0
70.28333,3.881,3.868,3.9,0
70.31667,3.881,3.843,3.9,0
70.35,3.884,3.875,3.894,0
70.38333,3.888,3.865,3.897,0
70.41667,3.884,3.865,3.904,0
70.45,3.884,3.875,3.894,0
70.48333,3.8825,3.836,3.894,0
70.51667,3.878,3.84,3.891,0
70.55,3.888,3.868,3.904,0
70.58333,3.888,3.868,3.897,0
70.61667,3.8825,3.859,3.897,0
70.65,3.888,3.833,3.897,0
70.68333,3.8825,3.872,3.9,0
70.71667,3.8825,3.862,3.891,0
70.75,3.881,3.872,3.891,0
70.78333,3.881,3.868,3.891,0
70.81667,3.878,3.824,3.891,0
70.85,3.884,3.811,3.897,0
70.88333,3.891,3.865,3.894,0
70.91667,3.881,3.859,3.9,0
70.95,3.888,3.872,3.91,0
70.98333,3.884,3.836,3.897,0
71.01667,3.8825,3.872,3.897,0
71.05,3.884,3.868,3.894,0
71.08333,3.878,3.849,3.894,0
71.11667,3.878,3.865,3.897,0
71.15,3.888,3.862,3.904,0
71.18333,3.881,3.836,3.897,0
71.21667,3.884,3.862,3.897,0
71.25,3.886,3.872,3.904,0
71.28333,3.884,3.862,3.894,0
71.31667,3.881,3.875,3.9,0
71.35,3.878,3.843,3.897,0
71.38333,3.878,3.862,3.891,0
71.41667,3.8895,3.856,3.9,0
71.45,3.881,3.865,3.9,0
71.48333,3.881,3.862,3.904,0
71.51667,3.878,3.83,3.894,0
71.55,3.8825,3.872,3.891,0
71.58333,3.8795,3.862,3.894,0
71.61667,3.886,3.868,3.894,0
71.65,3.878,3.865,3.891,0
71.68333,3.8715,3.84,3.894,0
71.71667,3.881,3.862,3.904,0
71.75,3.888,3.859,3.904,0
71.78333,3.881,3.872,3.891,0
71.81667,3.881,3.868,3.891,0
71.85,3.884,3.843,3.904,0
71.88333,3.8795,3.827,3.904,0
71.91667,3.881,3.868,3.891,0
71.95,3.878,3.862,3.897,0
71.98333,3.8795,3.862,3.9,0
72.01667,3.8825,3.868,3.897,0
72.05,3.881,3.833,3.897,0
72.08333,3.878,3.865,3.891,0
72.11667,3.881,3.862,3.891,0
72.15,3.884,3.862,3.891,0
72.18333,3.8825,3.862,3.9,0
72.21667,3.875,3.824,3.891,0
72.25,3.878,3.862,3.897,0
72.28333,3.878,3.859,3.891,0
72.31667,3.884,3.862,3.894,0
72.35,3.8765,3.862,3.888,0
72.38333,3.8795,3.833,3.9,0
72.41667,3.881,3.878,3.891,0
72.45,3.8795,3.865,3.894,0
72.48333,3.884,3.852,3.891,0
72.51667,3.878,3.862,3.897,0
72.55,3.8765,3.827,3.891,0
72.58333,3.8825,3.852,4.668,0
72.61667,3.8795,3.862,3.894,0
72.65,3.8825,3.862,3.897,0
72.68333,3.881,3.852,3.9,0
72.71667,3.878,3.833,3.891,0
72.75,3.8795,3.852,3.904,0
72.78333,3.881,3.862,3.891,0
72.81667,3.875,3.862,3.891,0
72.85,3.8795,3.862,3.894,0
72.88333,3.8825,3.827,3.897,0
72.91667,3.878,3.859,3.897,0
72.95,3.878,3.862,3.894,0
72.98333,3.878,3.868,3.891,0
73.01667,3.878,3.865,3.9,0
73.05,3.878,3.862,3.891,0
73.08333,3.8735,3.84,3.891,0
73.11667,3.8765,3.859,3.891,0
73.15,3.884,3.862,3.897,0
73.18333,3.884,3.852,3.897,0
73.21667,3.881,3.859,3.894,0
73.25,3.878,3.836,3.888,0
73.28333,3.881,3.868,3.891,0
73.31667,3.878,3.865,3.894,0
73.35,3.878,3.865,3.891,0
73.38333,3.8735,3.84,3.884,0
73.41667,3.878,3.82,3.891,0
73.45,3.881,3.852,3.92,0
73.48333,3.878,3.856,3.904,0
73.51667,3.881,3.865,3.891,0
73.55,3.881,3.865,3.894,0
73.58333,3.878,3.824,3.891,0
73.61667,3.886,3.859,3.897,0
73.65,3.878,3.859,3.891,0
73.68333,3.8765,3.859,3.9,0
73.71667,3.878,3.836,3.894,0
73.75,3.878,3.83,3.894,0
73.78333,3.878,3.862,3.891,0
73.81667,3.878,3.859,3.888,0
73.85,3.878,3.865,3.891,0
73.88333,3.878,3.865,3.894,0
73.91667,3.878,3.836,3.891,0
73.95,3.872,3.833,3.891,0
73.98333,3.878,3.852,3.894,0
74.01667,3.8795,3.856,3.894,0
74.05,3.878,3.856,3.891,0
74.08333,3.878,3.868,3.888,0
74.11667,3.878,3.83,3.884,0
74.15,3.878,3.859,3.894,0
74.18333,3.881,3.862,3.894,0
74.21667,3.884,3.862,3.894,0
74.25,3.881,3.868,3.897,0
74.28333,3.878,3.83,3.891,0
74.31667,3.878,3.865,3.891,0
74.35,3.8765,3.862,3.891,0
74.38333,3.878,3.862,3.891,0
74.41667,3.881,3.862,3.891,0
74.45,3.875,3.824,3.894,0
74.48333,3.8795,3.856,3.891,1
74.51667,3.878,3.859,3.9,1
74.55,3.878,3.865,3.897,0
74.58333,3.878,3.865,3.897,0
74.61667,3.872,3.824,3.9,0
74.65,3.8765,3.862,3.894,0
74.68333,3.878,3.859,3.891,0
74.71667,3.878,3.852,3.884,0
74.75,3.878,3.836,3.891,0
74.78333,3.8765,3.82,3.9,0
74.81667,3.881,3.859,3.894,0
74.85,3.878,3.859,3.891,0
74.88333,3.878,3.865,3.891,0
74.91667,3.878,3.859,3.888,0
74.95,3.878,3.82,3.891,0
74.98333,3.878,3.859,3.897,0
75.01667,3.872,3.859,3.891,0
75.05,3.881,3.852,3.891,0
75.08333,3.878,3.862,3.891,0
75.11667,3.875,3.852,3.884,0
75.15,3.878,3.824,3.891,0
75.18333,3.878,3.865,3.884,0
75.21667,3.878,3.865,3.891,0
75.25,3.878,3.859,3.894,0
75.28333,3.875,3.846,3.891,0
75.31667,3.878,3.824,3.891,0
75.35,3.878,3.862,3.9,0
75.38333,3.8765,3.856,3.891,0
75.41667,3.878,3.865,3.894,0
75.45,3.878,3.862,3.894,0
75.48333,3.875,3.827,3.888,0
75.51667,3.878,3.862,3.891,0
75.55,3.878,3.852,3.891,0
75.58333,3.875,3.856,3.884,0
75.61667,3.8765,3.856,3.891,0
75.65,3.8765,3.82,3.891,0
75.68333,3.878,3.859,3.894,0
75.71667,3.875,3.862,3.891,0
75.75,3.878,3.868,3.891,0
75.78333,3.881,3.856,3.897,0
75.81667,3.878,3.833,3.891,0
75.85,3.8765,3.849,3.884,0
75.88333,3.8765,3.849,3.891,0
75.91667,3.875,3.849,3.891,0
75.95,3.878,3.856,3.884,0
75.98333,3.875,3.846,3.891,0
76.01667,3.875,3.856,3.888,0
76.05,3.878,3.862,3.891,0
76.08333,3.8715,3.862,3.888,0
76.11667,3.8765,3.84,3.891,0
76.15,3.878,3.856,3.897,0
76.18333,3.878,3.833,3.891,0
76.21667,3.8765,3.849,3.897,0
76.25,3.8795,3.865,3.891,0
76.28333,3.875,3.862,3.891,0
76.31667,3.878,3.862,3.888,0
76.35,3.878,3.849,3.891,0
76.38333,3.875,3.862,3.888,0
76.41667,3.875,3.852,3.891,0
76.45,3.875,3.862,3.891,0
76.48333,3.875,3.862,3.891,0
76.51667,3.881,3.811,3.894,0
76.55,3.878,3.862,3.891,0
76.58333,3.875,3.856,3.894,0
76.61667,3.878,3.862,3.884,0
76.65,3.8765,3.856,3.891,0
76.68333,3.878,3.84,3.891,0
76.71667,3.8735,3.843,3.888,0
76.75,3.875,3.852,3.878,0
76.78333,3.878,3.862,3.9,0
76.81667,3.881,3.859,3.9,0
76.85,3.875,3.824,3.888,0
76.88333,3.878,3.836,3.891,0
76.91667,3.878,3.862,3.884,0
76.95,3.878,3.862,3.891,0
76.98333,3.875,3.862,3.891,0
77.01667,3.872,3.852,3.891,0
77.05,3.868,3.833,3.888,0
77.08333,3.8795,3.862,3.904,0
77.11667,3.875,3.852,3.891,0
77.15,3.875,3.862,3.891,0
77.18333,3.878,3.862,3.891,0
77.21667,3.875,3.824,3.888,0
77.25,3.875,3.862,3.888,0
77.28333,3.872,3.856,3.881,0
77.31667,3.872,3.856,3.884,0
77.35,3.878,3.856,3.891,0
77.38333,3.878,3.824,3.942,0
77.41667,3.8735,3.849,3.888,0
77.45,3.878,3.862,3.888,0
77.48333,3.878,3.862,3.894,0
77.51667,3.875,3.856,3.897,0
77.55,3.872,3.824,3.891,0
77.58333,3.868,3.862,3.884,0
77.61667,3.878,3.852,3.923,0
77.65,3.878,3.852,3.888,0
77.68333,3.8735,3.852,3.888,0
77.71667,3.8765,3.827,3.891,0
77.75,3.875,3.862,3.878,0
77.78333,3.875,3.862,3.888,0
77.81667,3.872,3.862,3.888,0
77.85,3.8715,3.849,3.894,0
77.88333,3.8735,3.84,3.884,0
77.91667,3.8735,3.84,3.888,0
77.95,3.878,3.852,3.891,0
77.98333,3.875,3.849,3.891,0
78.01667,3.8735,3.852,3.891,0
78.05,3.878,3.862,3.897,0
78.08333,3.872,3.817,3.884,0
78.11667,3.8735,3.862,3.888,0
78.15,3.875,3.852,3.884,0
78.18333,3.878,3.852,3.888,0
78.21667,3.875,3.849,3.888,0
78.25,3.872,3.824,3.891,0
78.28333,3.875,3.852,3.91,0
78.31667,3.878,3.859,3.884,0
78.35,3.878,3.862,3.884,0
78.38333,3.875,3.852,3.884,0
78.41667,3.8635,3.836,3.891,0
78.45,3.87,3.849,3.881,0
78.48333,3.872,3.852,3.891,0
78.51667,3.878,3.849,3.891,0
78.55,3.875,3.862,3.884,0
78.58333,3.8735,3.843,3.881,0
78.61667,3.872,3.856,3.891,0
78.65,3.868,3.856,3.888,0
78.68333,3.872,3.862,3.888,0
78.71667,3.875,3.862,3.881,0
78.75,3.868,3.833,3.888,0
78.78333,3.872,3.859,3.891,0
78.81667,3.875,3.856,3.891,0
78.85,3.872,3.862,3.884,0
78.88333,3.8715,3.856,3.881,0
78.91667,3.872,3.811,3.884,0
78.95,3.8735,3.862,3.884,0
78.98333,3.872,3.862,3.884,0
79.01667,3.872,3.852,3.891,0
79.05,3.87,3.849,3.891,0
79.08333,3.8765,3.849,3.894,0
79.11667,3.865,3.811,3.881,0
79.15,3.872,3.849,3.881,0
79.18333,3.868,3.849,3.888,0
79.21667,3.872,3.856,3.884,0
79.25,3.8765,3.852,3.888,0
79.28333,3.868,3.801,3.884,0
79.31667,3.875,3.836,3.881,0
79.35,3.8765,3.859,3.897,0
79.38333,3.8665,3.843,3.881,0
79.41667,3.875,3.859,3.884,0
79.45,3.875,3.824,3.888,0
79.48333,3.875,3.849,3.888,0
79.51667,3.875,3.865,3.894,0
79.55,3.865,3.843,3.894,0
79.58333,3.8735,3.852,3.888,0
79.61667,3.868,3.833,3.881,0
79.65,3.875,3.852,3.891,0
79.68333,3.872,3.856,3.888,0
79.71667,3.868,3.852,3.881,0
79.75,3.872,3.849,3.878,0
79.78333,3.8735,3.856,3.891,0
79.81667,3.87,3.82,3.891,0
79.85,3.862,3.849,3.884,0
79.88333,3.87,3.846,3.888,0
79.91667,3.875,3.84,3.891,0
79.95,3.875,3.849,3.884,0
79.98333,3.868,3.798,3.881,0
80.01667,3.8735,3.849,3.888,0
80.05,3.872,3.856,3.884,0
80.08333,3.875,3.849,3.891,0
80.11667,3.868,3.852,3.881,0
80.15,3.8715,3.833,3.891,0
80.18333,3.8735,3.852,3.888,0
80.21667,3.872,3.849,3.891,0
80.25,3.87,3.849,3.888,0
80.28333,3.87,3.859,3.891,0
80.31667,3.872,3.827,3.888,0
80.35,3.87,3.849,3.888,0
80.38333,3.875,3.862,3.891,0
80.41667,3.868,3.852,3.881,0
80.45,3.87,3.849,3.891,0
80.48333,3.875,3.817,3.884,0
80.51667,3.872,3.852,3.891,0
80.55,3.872,3.852,3.881,0
80.58333,3.875,3.859,3.891,0
80.61667,3.872,3.862,3.884,0
80.65,3.868,3.849,3.894,0
80.68333,3.862,3.852,3.891,0
80.71667,3.8635,3.843,3.884,0
80.75,3.87,3.398,3.888,0
80.78333,3.875,3.843,3.884,0
80.81667,3.868,3.849,3.888,0
80.85,3.862,3.817,3.891,0
80.88333,3.872,3.856,3.881,0
80.91667,3.868,3.856,3.888,0
80.95,3.872,3.859,3.884,0
80.98333,3.862,3.856,3.881,0
81.01667,3.8685,3.833,3.888,0
81.05,3.868,3.849,3.888,0
81.08333,3.872,3.792,3.888,0
81.11667,3.868,3.849,3.884,0
81.15,3.872,3.856,3.897,0
81.18333,3.868,3.833,3.884,0
81.21667,3.872,3.862,3.888,0
81.25,3.87,3.833,3.888,0
81.28333,3.865,3.849,3.904,0
81.31667,3.878,3.856,3.894,0
81.35,3.8715,3.852,3.884,0
81.38333,3.87,3.827,3.891,0
81.41667,3.868,3.856,3.884,0
81.45,3.872,3.856,3.884,0
81.48333,3.868,3.849,3.884,0
81.51667,3.868,3.856,3.884,0
81.55,3.862,3.814,3.884,0
81.58333,3.872,3.852,3.897,0
81.61667,3.87,3.859,3.888,0
81.65,3.87,3.84,3.891,0
81.68333,3.865,3.846,3.881,0
81.71667,3.868,3.82,3.878,0
81.75,3.872,3.859,3.881,0
81.78333,3.87,3.859,3.888,0
81.81667,3.865,3.849,3.878,0
81.85,3.865,3.846,3.881,0
81.88333,3.87,3.808,3.916,0
81.91667,3.872,3.849,3.891,0
81.95,3.8635,3.843,3.878,0
81.98333,3.868,3.852,3.884,0
82.01667,3.868,3.846,3.888,0
82.05,3.868,3.856,3.881,0
82.08333,3.8665,3.811,3.878,0
82.11667,3.868,3.849,3.9,0
82.15,3.868,3.852,3.891,0
82.18333,3.87,3.808,3.891,0
82.21667,3.862,3.84,3.875,0
82.25,3.868,3.82,3.878,0
82.28333,3.87,3.849,3.878,0
82.31667,3.868,3.856,3.878,0
82.35,3.868,3.849,3.888,0
82.38333,3.872,3.859,3.881,0
82.41667,3.862,3.82,3.878,0
82.45,3.868,3.859,3.884,0
82.48333,3.875,3.852,3.878,0
82.51667,3.8665,3.849,3.878,0
82.55,3.868,3.856,3.884,0
82.58333,3.868,3.84,3.878,0
82.61667,3.868,3.852,3.878,0
82.65,3.868,3.856,3.881,0
82.68333,3.865,3.849,3.878,0
82.71667,3.862,3.84,3.878,0
82.75,3.872,3.804,3.884,0
82.78333,3.872,3.846,3.881,0
82.81667,3.872,3.859,3.884,0
82.85,3.87,3.859,3.881,0
82.88333,3.87,3.849,3.884,0
82.91667,3.865,3.824,3.884,0
82.95,3.865,3.852,3.881,0
82.98333,3.862,3.849,3.878,0
83.01667,3.868,3.849,3.881,0
83.05,3.868,3.846,3.891,0
83.08333,3.862,3.811,3.891,0
83.11667,3.8665,3.852,3.888,0
83.15,3.868,3.852,3.881,0
83.18333,3.865,3.846,3.894,0
83.21667,3.865,3.852,3.878,0
83.25,3.862,3.84,3.888,0
83.28333,3.865,3.84,3.888,0
83.31667,3.865,3.846,3.884,0
83.35,3.8635,3.852,3.884,0
83.38333,3.865,3.849,3.881,0
83.41667,3.8635,3.856,3.888,0
83.45,3.8635,3.833,3.878,0
83.48333,3.868,3.849,3.878,0
83.51667,3.8635,3.833,3.884,0
83.55,3.862,3.843,3.878,0
83.58333,3.872,3.849,3.881,0
83.61667,3.862,3.82,3.888,0
83.65,3.868,3.852,3.884,0
83.68333,3.8665,3.852,3.878,0
83.71667,3.868,3.811,3.878,0
83.75,3.8665,3.859,3.888,0
83.78333,3.865,3.811,3.878,0
83.81667,3.865,3.849,3.878,0
83.85,3.862,3.849,3.894,0
83.88333,3.868,3.846,4.064,0
83.91667,3.865,3.846,3.891,0
83.95,3.862,3.811,3.884,0
83.98333,3.872,3.856,3.884,0
84.01667,3.865,3.846,3.894,0
84.05,3.868,3.856,3.881,0
84.08333,3.862,3.852,3.884,0
84.11667,3.862,3.798,3.878,0
84.15,3.865,3.849,3.891,0
84.18333,3.868,3.846,3.888,0
84.21667,3.865,3.843,3.878,0
84.25,3.8665,3.849,3.881,0
84.28333,3.862,3.817,3.881,0
84.31667,3.868,3.817,3.904,0
84.35,3.859,3.849,3.875,0
84.38333,3.862,3.84,3.881,0
84.41667,3.865,3.84,3.878,0
84.45,3.875,3.852,3.888,0
84.48333,3.862,3.699,3.878,0
84.51667,3.865,3.846,3.875,0
84.55,3.868,3.849,3.884,0
84.58333,3.862,3.852,3.881,0
84.61667,3.8635,3.852,3.881,0
84.65,3.862,3.83,3.878,0
84.68333,3.865,3.849,3.878,0
84.71667,3.8635,3.846,3.878,0
84.75,3.872,3.849,3.884,0
84.78333,3.868,3.84,3.878,0
84.81667,3.862,3.814,3.872,0
84.85,3.865,3.856,3.878,0
84.88333,3.8665,3.856,3.878,0
84.91667,3.8665,3.849,3.884,0
84.95,3.868,3.856,3.884,0
84.98333,3.862,3.833,3.875,0
85.01667,3.862,3.83,3.881,0
85.05,3.8635,3.849,3.888,0
85.08333,3.865,3.852,3.878,0
85.11667,3.865,3.859,3.875,0
85.15,3.8635,3.849,3.878,0
85.18333,3.862,3.808,3.875,0
85.21667,3.862,3.852,3.875,0
85.25,3.862,3.84,3.878,0
85.28333,3.8605,3.849,3.916,0
85.31667,3.862,3.836,3.888,0
85.35,3.8635,3.824,3.891,0
85.38333,3.862,3.836,3.875,0
85.41667,3.862,3.856,3.878,0
85.45,3.862,3.852,3.884,0
85.48333,3.868,3.856,3.891,0
85.51667,3.862,3.827,3.878,0
85.55,3.8575,3.843,3.872,0
85.58333,3.868,3.843,3.878,0
85.61667,3.868,3.843,3.884,0
85.65,3.862,3.849,3.878,0
85.68333,3.862,3.814,3.878,0
85.71667,3.862,3.856,3.878,0
85.75,3.865,3.849,3.878,0
85.78333,3.862,3.84,3.875,0
85.81667,3.8665,3.833,3.878,0
85.85,3.849,3.808,3.881,0
85.88333,3.868,3.849,3.881,0
85.91667,3.875,3.849,3.897,0
85.95,3.862,3.852,3.878,0
85.98333,3.862,3.849,3.878,0
86.01667,3.862,3.801,3.878,0
86.05,3.862,3.817,3.875,0
86.08333,3.862,3.849,3.884,0
86.11667,3.8575,3.836,3.875,0
86.15,3.862,3.84,3.884,0
86.18333,3.872,3.843,3.891,0
86.21667,3.862,3.824,3.878,0
86.25,3.865,3.859,3.878,0
86.28333,3.865,3.846,3.881,0
86.31667,3.8635,3.852,3.878,0
86.35,3.868,3.852,3.878,1
86.38333,3.862,3.824,3.875,1
86.41667,3.8575,3.846,3.884,1
86.45,3.8635,3.84,3.878,1
86.48333,3.8665,3.849,3.884,1
86.51667,3.859,3.849,3.875,0
86.55,3.8665,3.811,3.881,0
86.58333,3.862,3.846,3.878,0
86.61667,3.862,3.849,3.878,0
86.65,3.862,3.846,3.878,0
86.68333,3.862,3.843,3.875,0
86.71667,3.862,3.804,3.875,0
86.75,3.862,3.852,3.884,0
86.78333,3.862,3.849,3.884,0
86.81667,3.862,3.827,3.878,0
86.85,3.862,3.852,3.875,0
86.88333,3.862,3.824,3.875,0
86.91667,3.862,3.846,3.878,0
86.95,3.862,3.836,3.878,0
86.98333,3.856,3.833,3.875,0
87.01667,3.8665,3.833,3.884,0
87.05,3.862,3.84,3.891,0
87.08333,3.865,3.811,3.884,0
87.11667,3.862,3.852,3.878,0
87.15,3.862,3.824,3.875,0
87.18333,3.865,3.849,3.878,0
87.21667,3.862,3.859,3.878,0
87.25,3.8605,3.82,3.868,0
87.28333,3.862,3.849,3.875,0
87.31667,3.865,3.849,3.881,0
87.35,3.862,3.555,3.878,0
87.38333,3.862,3.849,3.875,0
87.41667,3.859,3.824,3.875,0
87.45,3.865,3.849,3.888,0
87.48333,3.862,3.833,3.875,0
87.51667,3.862,3.843,3.878,0
87.55,3.856,3.833,3.872,0
87.58333,3.8605,3.811,3.884,0
87.61667,3.862,3.84,3.878,0
87.65,3.859,3.846,3.875,0
87.68333,3.862,3.849,3.891,0
87.71667,3.862,3.846,3.897,0
87.75,3.862,3.817,3.881,0
87.78333,3.862,3.846,3.875,0
87.81667,3.862,3.843,3.868,0
87.85,3.856,3.843,3.878,0
87.88333,3.862,3.683,3.881,0
87.91667,3.862,3.849,3.875,0
87.95,3.862,3.824,3.872,0
87.98333,3.865,3.846,3.878,0
88.01667,3.87,3.849,3.881,0
88.05,3.862,3.843,3.875,0
88.08333,3.862,3.846,3.884,0
88.11667,3.849,3.811,3.878,0
88.15,3.8665,3.849,3.99,0
88.18333,3.865,3.84,3.884,0
88.21667,3.859,3.849,3.875,0
88.25,3.862,3.849,3.878,0
88.28333,3.862,3.811,3.878,0
88.31667,3.862,3.846,3.875,0
88.35,3.862,3.843,3.878,0
88.38333,3.859,3.84,3.875,0
88.41667,3.8575,3.849,3.872,0
88.45,3.862,3.798,3.881,0
88.48333,3.865,3.849,3.878,0
88.51667,3.865,3.833,3.875,0
88.55,3.862,3.849,3.875,0
88.58333,3.859,3.833,3.875,0
88.61667,3.862,3.804,3.875,0
88.65,3.862,3.814,3.878,0
88.68333,3.852,3.833,3.878,0
88.71667,3.862,3.843,3.878,0
88.75,3.862,3.846,3.878,0
88.78333,3.8575,3.84,3.875,0
88.81667,3.862,3.811,3.868,0
88.85,3.859,3.846,3.868,0
88.88333,3.862,3.843,3.875,0
88.91667,3.862,3.852,3.888,0
88.95,3.8555,3.833,3.868,0
88.98333,3.862,3.824,3.868,0
89.01667,3.862,3.852,3.878,0
89.05,3.8605,3.843,3.878,0
89.08333,3.856,3.843,3.875,0
89.11667,3.862,3.84,3.875,0
89.15,3.862,3.84,3.881,0
89.18333,3.862,3.843,3.875,0
89.21667,3.859,3.824,3.875,0
89.25,3.859,3.833,3.875,0
89.28333,3.862,3.849,3.875,0
89.31667,3.862,3.824,3.875,0
89.35,3.856,3.84,3.878,0
89.38333,3.859,3.849,3.878,0
89.41667,3.8635,3.849,3.875,0
89.45,3.862,3.849,3.878,0
89.48333,3.8605,3.811,3.884,0
89.51667,3.862,3.849,3.875,0
89.55,3.859,3.833,3.875,0
89.58333,3.862,3.836,3.878,0
89.61667,3.862,3.836,3.884,0
89.65,3.856,3.811,3.872,0
89.68333,3.862,3.852,3.875,0
89.71667,3.8605,3.846,3.875,0
89.75,3.862,3.849,3.872,0
89.78333,3.862,3.843,3.868,0
89.81667,3.854,3.833,3.868,0
89.85,3.849,3.804,3.878,0
89.88333,3.862,3.833,3.875,0
89.91667,3.862,3.836,3.878,0
89.95,3.862,3.843,3.872,0
89.98333,3.862,3.843,3.875,0
90.01667,3.8605,3.811,3.875,0
90.05,3.859,3.836,3.878,0
90.08333,3.862,3.846,3.884,0
90.11667,3.852,3.84,3.865,0
90.15,3.862,3.836,3.875,0
90.18333,3.852,3.811,3.878,0
90.21667,3.862,3.843,3.878,0
90.25,3.859,3.846,3.875,0
90.28333,3.859,3.846,3.872,0
90.31667,3.862,3.843,3.875,0
90.35,3.852,3.814,3.868,0
90.38333,3.852,3.846,3.862,0
90.41667,3.8575,3.843,3.875,0
90.45,3.862,3.811,3.878,0
90.48333,3.862,3.824,3.872,0
90.51667,3.8575,3.785,3.868,0
90.55,3.862,3.836,3.875,0
90.58333,3.862,3.849,3.881,0
90.61667,3.856,3.843,3.878,0
90.65,3.862,3.846,3.878,0
90.68333,3.852,3.824,3.862,0
90.71667,3.8605,3.817,3.865,0
90.75,3.852,3.827,3.875,0
90.78333,3.8605,3.817,3.875,0
90.81667,3.8605,3.846,3.872,0
90.85,3.8605,3.804,3.868,0
90.88333,3.859,3.83,3.884,0
90.91667,3.8605,3.849,3.868,0
90.95,3.856,3.849,3.868,0
90.98333,3.856,3.84,3.907,0
91.01667,3.859,3.82,3.872,0
91.05,3.862,3.814,3.875,0
91.08333,3.859,3.843,3.868,0
91.11667,3.856,3.843,3.868,0
91.15,3.852,3.84,3.878,0
91.18333,3.8575,3.84,3.872,0
91.21667,3.862,3.824,3.875,0
91.25,3.8505,3.83,3.868,0
91.28333,3.859,3.814,3.872,0
91.31667,3.862,3.843,3.872,0
91.35,3.862,3.833,3.875,0
91.38333,3.8605,3.824,3.875,0
91.41667,3.859,3.846,3.872,0
91.45,3.862,3.836,3.878,0
91.48333,3.862,3.849,3.872,0
91.51667,3.859,3.849,3.865,0
91.55,3.849,3.788,3.878,0
91.58333,3.862,3.798,3.875,0
91.61667,3.859,3.846,3.872,0
91.65,3.856,3.833,3.875,0
91.68333,3.859,3.84,3.875,0
91.71667,3.859,3.846,3.872,0
91.75,3.859,3.811,3.865,0
91.78333,3.862,3.836,3.878,0
91.81667,3.852,3.836,3.862,0
91.85,3.852,3.836,3.862,0
91.88333,3.8605,3.843,3.875,0
91.91667,3.859,3.811,3.878,0
91.95,3.852,3.84,3.868,0
91.98333,3.859,3.843,3.868,0
92.01667,3.856,3.843,3.868,0
92.05,3.854,3.849,3.875,0
92.08333,3.856,3.83,3.872,0
92.11667,3.849,3.833,3.865,0
92.15,3.849,3.817,3.875,0
92.18333,3.8605,3.84,3.884,0
92.21667,3.852,3.843,3.868,0
92.25,3.8575,3.82,3.872,0
92.28333,3.852,3.84,3.865,0
92.31667,3.859,3.84,3.875,0
92.35,3.856,3.833,3.875,0
92.38333,3.8605,3.84,3.865,0
92.41667,3.862,3.814,3.868,0
92.45,3.8575,3.824,3.872,0
92.48333,3.856,3.84,3.868,0
92.51667,3.859,3.849,3.875,0
92.55,3.862,3.84,3.872,0
92.58333,3.849,3.83,3.881,0
92.61667,3.852,3.808,3.872,0
92.65,3.859,3.833,3.878,1
92.68333,3.862,3.836,3.875,1
92.71667,3.856,3.84,3.872,0
92.75,3.8575,3.843,3.875,0
92.78333,3.859,3.801,3.878,0
92.81667,3.862,3.843,3.884,0
92.85,3.8505,3.846,3.881,0
92.88333,3.852,3.824,3.865,0
92.91667,3.8575,3.824,3.878,0
92.95,3.856,3.801,3.865,0
92.98333,3.856,3.836,3.872,0
93.01667,3.859,3.836,3.872,0
93.05,3.852,3.84,3.878,0
93.08333,3.856,3.843,3.875,0
93.11667,3.8575,3.811,3.868,0
93.15,3.852,3.836,3.878,0
93.18333,3.8505,3.833,3.872,0
93.21667,3.862,3.84,3.875,0
93.25,3.8605,3.836,3.913,0
93.28333,3.852,3.827,3.862,0
93.31667,3.852,3.843,3.878,0
93.35,3.856,3.846,3.868,0
93.38333,3.852,3.843,3.868,0
93.41667,3.859,3.849,3.868,0
93.45,3.849,3.824,3.868,0
93.48333,3.856,3.798,3.872,0
93.51667,3.8605,3.836,3.872,0
93.55,3.859,3.843,3.875,0
93.58333,3.856,3.843,3.862,0
93.61667,3.854,3.836,3.868,0
93.65,3.8505,3.811,3.865,0
93.68333,3.8605,3.843,3.865,0
93.71667,3.8575,3.817,3.872,0
93.75,3.849,3.824,3.868,0
93.78333,3.856,3.833,3.878,0
93.81667,3.849,3.824,3.881,0
93.85,3.852,3.827,3.862,0
93.88333,3.854,3.833,3.868,0
93.91667,3.856,3.836,3.875,0
93.95,3.852,3.843,3.868,0
93.98333,3.854,3.836,3.868,0
94.01667,3.849,3.804,3.875,0
94.05,3.849,3.83,3.875,0
94.08333,3.8575,3.84,3.868,0
94.11667,3.856,3.824,3.878,0
94.15,3.854,3.836,3.872,0
94.18333,3.852,3.798,3.872,0
94.21667,3.852,3.846,3.868,0
94.25,3.854,3.833,3.868,0
94.28333,3.852,3.836,3.875,0
94.31667,3.849,3.833,3.862,0
94.35,3.852,3.824,3.875,0
94.38333,3.859,3.84,3.878,0
94.41667,3.852,3.833,3.865,0
94.45,3.859,3.84,3.865,0
94.48333,3.852,3.833,3.878,0
94.51667,3.849,3.814,3.868,0
94.55,3.856,3.84,3.868,0
94.58333,3.852,3.827,3.872,0
94.61667,3.8475,3.833,3.865,0
94.65,3.859,3.824,3.872,0
94.68333,3.856,3.811,3.881,0
94.71667,3.856,3.843,3.868,0
94.75,3.852,3.833,3.862,0
94.78333,3.854,3.824,3.865,0
94.81667,3.856,3.84,3.865,0
94.85,3.856,3.849,3.865,0
94.88333,3.849,3.798,3.875,0
94.91667,3.8505,3.83,3.865,0
94.95,3.852,3.83,3.862,0
94.98333,3.856,3.83,3.875,0
95.01667,3.856,3.843,3.865,0
95.05,3.856,3.795,3.865,0
95.08333,3.859,3.843,3.875,0
95.11667,3.856,3.833,3.862,0
95.15,3.852,3.84,3.875,0
95.18333,3.849,3.836,3.862,0
95.21667,3.849,3.792,3.872,0
95.25,3.859,3.836,3.868,0
95.28333,3.852,3.82,3.865,0
95.31667,3.852,3.836,3.872,0
95.35,3.852,3.843,3.865,0
95.38333,3.852,3.801,3.878,0
95.41667,3.849,3.836,3.862,0
95.45,3.849,3.827,3.862,0
95.48333,3.852,3.833,3.865,0
95.51667,3.856,3.836,3.868,0
95.55,3.856,3.836,3.872,0
95.58333,3.854,3.811,3.868,0
95.61667,3.856,3.84,3.862,0
95.65,3.852,3.84,3.862,0
95.68333,3.8505,3.833,3.862,0
95.71667,3.854,3.836,3.868,0
95.75,3.8475,3.798,3.862,0
95.78333,3.854,3.833,3.872,0
95.81667,3.854,3.833,3.865,0
95.85,3.8575,3.843,3.865,0
95.88333,3.8505,3.833,3.862,0
95.91667,3.849,3.808,3.872,0
95.95,3.8505,3.833,3.862,0
95.98333,3.8505,3.836,3.862,0
96.01667,3.852,3.84,3.862,0
96.05,3.849,3.836,3.868,0
96.08333,3.856,3.811,3.872,0
96.11667,3.849,3.801,3.872,0
96.15,3.859,3.84,3.868,0
96.18333,3.849,3.83,3.862,0
96.21667,3.852,3.833,3.862,0
96.25,3.852,3.84,3.865,0
96.28333,3.852,3.801,3.862,0
96.31667,3.849,3.836,3.868,0
96.35,3.854,3.83,3.875,0
96.38333,3.852,3.83,3.868,0
96.41667,3.856,3.833,3.862,0
96.45,3.849,3.811,3.865,0
96.48333,3.852,3.833,3.865,0
96.51667,3.8555,3.824,3.865,0
96.55,3.849,3.836,3.862,0
96.58333,3.849,3.836,3.862,0
96.61667,3.849,3.798,3.862,0
96.65,3.852,3.83,3.868,0
96.68333,3.849,3.836,3.878,0
96.71667,3.849,3.843,3.862,0
96.75,3.852,3.846,3.862,0
96.78333,3.849,3.801,3.859,0
96.81667,3.852,3.836,3.865,0
96.85,3.852,3.82,3.865,0
96.88333,3.849,3.824,3.872,0
96.91667,3.849,3.827,3.878,0
96.95,3.849,3.824,3.929,0
96.98333,3.854,3.814,3.875,0
97.01667,3.849,3.833,3.862,0
97.05,3.849,3.833,3.862,0
97.08333,3.849,3.84,3.859,0
97.11667,3.849,3.82,3.859,0
97.15,3.8505,3.84,3.856,0
97.18333,3.843,3.827,3.852,0
97.21667,3.852,3.811,3.868,0
97.25,3.852,3.833,4.348,0
97.28333,3.849,3.833,3.865,0
97.31667,3.849,3.792,3.865,0
97.35,3.8505,3.833,3.862,0
97.38333,3.849,3.833,3.862,0
97.41667,3.852,3.836,3.862,0
97.45,3.8475,3.836,3.865,0
97.48333,3.849,3.798,3.865,0
97.51667,3.856,3.827,3.868,0
97.55,3.856,3.836,3.872,0
97.58333,3.8575,3.84,3.862,0
97.61667,3.849,3.84,3.865,0
97.65,3.849,3.798,3.865,0
97.68333,3.8505,3.833,3.862,0
97.71667,3.852,3.83,3.865,0
97.75,3.849,3.836,3.862,0
97.78333,3.8525,3.827,3.875,0
97.81667,3.849,3.795,3.862,0
97.85,3.849,3.824,3.868,0
97.88333,3.849,3.836,3.862,0
97.91667,3.852,3.833,3.865,0
97.95,3.849,3.827,3.865,0
97.98333,3.849,3.798,3.862,0
98.01667,3.849,3.811,3.856,0
98.05,3.849,3.827,3.862,0
98.08333,3.859,3.836,3.868,0
98.11667,3.849,3.836,3.904,0
98.15,3.852,3.798,3.862,0
98.18333,3.849,3.843,3.862,0
98.21667,3.849,3.83,3.865,0
98.25,3.849,3.833,3.862,0
98.28333,3.849,3.82,3.868,0
98.31667,3.849,3.82,3.884,0
98.35,3.849,3.798,3.868,0
98.38333,3.849,3.827,3.868,0
98.41667,3.846,3.833,3.862,0
98.45,3.849,3.83,3.862,0
98.48333,3.849,3.808,3.865,0
98.51667,3.849,3.795,3.865,0
98.55,3.849,3.833,3.862,0
98.58333,3.8415,3.824,3.859,0
98.61667,3.849,3.827,3.872,0
98.65,3.852,3.83,3.862,0
98.68333,3.849,3.804,3.916,0
98.71667,3.849,3.84,3.859,0
98.75,3.849,3.83,3.862,0
98.78333,3.852,3.833,3.862,0
98.81667,3.852,3.84,3.862,0
98.85,3.84,3.804,3.856,0
98.88333,3.846,3.827,3.862,0
98.91667,3.849,3.833,3.862,0
98.95,3.849,3.472,3.862,0
98.98333,3.8475,3.824,3.862,0
99.01667,3.852,3.811,3.862,0
99.05,3.849,3.83,3.865,0
99.08333,3.849,3.833,3.862,0
99.11667,3.849,3.833,3.862,0
99.15,3.849,3.836,3.862,0
99.18333,3.843,3.83,3.862,0
99.21667,3.849,3.808,3.865,0
99.25,3.8475,3.808,3.865,0
99.28333,3.849,3.833,3.862,0
99.31667,3.849,3.811,3.862,0
99.35,3.849,3.836,3.862,0
99.38333,3.846,3.801,3.865,0
99.41667,3.849,3.82,3.862,0
99.45,3.843,3.83,3.856,0
99.48333,3.849,3.824,3.862,0
99.51667,3.849,3.836,3.862,0
99.55,3.849,3.808,3.862,0
99.58333,3.849,3.833,3.862,0
99.61667,3.849,3.836,3.862,0
99.65,3.849,3.836,3.865,0
99.68333,3.849,3.836,3.862,0
99.71667,3.8415,3.804,3.862,0
99.75,3.849,3.824,3.862,0
99.78333,3.849,3.827,3.865,0
99.81667,3.849,3.83,3.865,0
99.85,3.849,3.824,3.862,0
99.88333,3.849,3.788,3.862,0
99.91667,3.849,3.836,3.865,0
99.95,3.849,3.836,3.862,0
99.98333,3.849,3.836,3.862,0
100.01667,3.846,3.82,3.856,0
100.05,3.849,3.811,3.862,0
100.08333,3.852,3.833,3.862,0
100.11667,3.8475,3.833,3.862,0
100.15,3.8445,3.833,3.868,0
100.18333,3.846,3.824,3.862,0
100.21667,3.849,3.817,3.862,0
100.25,3.849,3.801,3.862,0
100.28333,3.849,3.824,3.868,0
100.31667,3.8445,3.827,3.862,0
100.35,3.849,3.83,3.862,0
100.38333,3.8475,3.827,3.859,0
100.41667,3.846,3.798,3.862,0
100.45,3.8475,3.833,3.862,0
100.48333,3.846,3.824,3.856,0
100.51667,3.849,3.827,3.862,0
100.55,3.849,3.833,3.862,0
100.58333,3.8445,3.798,3.856,0
100.61667,3.843,3.827,3.862,0
100.65,3.849,3.833,3.862,0
100.68333,3.849,3.833,3.862,0
100.71667,3.846,3.833,3.856,0
100.75,3.849,3.811,3.862,0
100.78333,3.852,3.84,3.856,0
100.81667,3.8475,3.836,3.862,0
100.85,3.843,3.83,3.862,0
100.88333,3.8445,3.824,3.865,0
100.91667,3.849,3.811,3.859,0
100.95,3.843,3.824,3.868,0
100.98333,3.849,3.824,3.859,0
101.01667,3.846,3.84,3.862,0
101.05,3.843,3.833,3.862,0
101.08333,3.846,3.801,3.859,0
101.11667,3.8415,3.824,3.862,0
101.15,3.843,3.824,3.852,0
101.18333,3.846,3.827,3.865,0
101.21667,3.849,3.827,3.865,0
101.25,3.836,3.795,3.862,0
101.28333,3.849,3.833,3.862,0
101.31667,3.849,3.83,3.862,0
101.35,3.849,3.84,3.859,0
101.38333,3.8475,3.833,3.859,0
101.41667,3.843,3.833,3.862,0
101.45,3.84,3.811,3.852,0
101.48333,3.849,3.833,3.865,0
101.51667,3.849,3.801,3.865,0
101.55,3.849,3.833,3.862,0
101.58333,3.8445,3.827,3.862,0
101.61667,3.8475,3.792,3.862,0
101.65,3.846,3.836,3.859,0
101.68333,3.8475,3.833,3.859,0
101.71667,3.846,3.82,3.862,0
101.75,3.8505,3.824,3.862,0
101.78333,3.849,3.798,3.862,0
101.81667,3.8505,3.824,3.862,0
101.85,3.843,3.824,3.859,0
101.88333,3.849,3.83,3.865,0
101.91667,3.8475,3.833,3.859,0
101.95,3.846,3.811,3.856,0
101.98333,3.8445,3.827,3.856,0
102.01667,3.838,3.827,3.849,0
102.05,3.8475,3.814,3.862,0
102.08333,3.849,3.824,3.862,0
102.11667,3.846,3.808,3.856,0
102.15,3.849,3.824,3.862,0
102.18333,3.849,3.83,3.859,0
102.21667,3.846,3.833,3.856,0
102.25,3.849,3.83,3.862,0
102.28333,3.843,3.824,3.859,0
102.31667,3.8445,3.795,3.862,0
102.35,3.846,3.82,3.862,0
102.38333,3.849,3.827,3.859,0
102.41667,3.843,3.833,3.862,0
102.45,3.846,3.827,3.859,0
102.48333,3.849,3.785,3.862,0
102.51667,3.846,3.833,3.849,0
102.55,3.8445,3.824,3.852,0
102.58333,3.838,3.824,3.852,0
102.61667,3.849,3.824,3.862,0
102.65,3.846,3.782,3.859,0
102.68333,3.849,3.833,3.862,0
102.71667,3.8475,3.83,3.856,0
102.75,3.849,3.827,3.862,0
102.78333,3.843,3.83,3.859,0
102.81667,3.846,3.792,3.849,0
102.85,3.843,3.827,3.856,0
102.88333,3.843,3.817,3.862,0
102.91667,3.8445,3.82,3.897,0
102.95,3.846,3.824,3.862,0
102.98333,3.843,3.833,3.856,0
103.01667,3.843,3.772,3.859,0
103.05,3.846,3.82,3.859,0
103.08333,3.8475,3.827,3.878,0
103.11667,3.846,3.82,3.859,0
103.15,3.84,3.814,3.859,0
103.18333,3.846,3.804,3.865,0
103.21667,3.846,3.824,3.862,0
103.25,3.843,3.824,3.856,0
103.28333,3.8475,3.827,3.859,0
103.31667,3.8475,3.836,3.859,0
103.35,3.843,3.795,3.859,0
103.38333,3.8475,3.83,3.862,0
103.41667,3.843,3.824,3.852,0
103.45,3.836,3.827,3.856,0
103.48333,3.849,3.817,3.862,0
103.51667,3.846,3.798,3.856,0
103.55,3.8475,3.824,3.859,0
103.58333,3.846,3.827,3.856,0
103.61667,3.846,3.833,3.859,0
103.65,3.846,3.833,3.862,0
103.68333,3.846,3.772,3.875,0
103.71667,3.843,3.83,3.849,0
103.75,3.846,3.827,3.862,0
103.78333,3.8475,3.824,3.856,0
103.81667,3.846,3.83,3.862,0
103.85,3.8415,3.808,3.862,0
103.88333,3.846,3.779,3.852,0
103.91667,3.8475,3.833,3.852,0
103.95,3.843,3.83,3.849,0
103.98333,3.843,3.827,3.856,0
104.01667,3.8415,3.827,3.862,0
104.05,3.843,3.785,3.862,0
104.08333,3.846,3.817,3.856,0
104.11667,3.843,3.811,3.859,0
104.15,3.843,3.811,3.856,0
104.18333,3.846,3.833,3.852,0
104.21667,3.843,3.779,3.852,0
104.25,3.846,3.833,3.856,0
104.28333,3.84,3.824,3.856,0
104.31667,3.843,3.824,3.859,0
104.35,3.849,3.82,3.862,0
104.38333,3.843,3.817,4.224,0
104.41667,3.8445,3.795,3.856,0
104.45,3.8475,3.836,3.859,0
104.48333,3.8445,3.833,3.862,0
104.51667,3.843,3.824,3.859,0
104.55,3.8415,3.817,3.852,0
104.58333,3.833,3.782,3.856,0
104.61667,3.8475,3.814,3.859,0
104.65,3.843,3.824,3.859,0
104.68333,3.849,3.824,3.852,0
104.71667,3.843,3.83,3.856,0
104.75,3.846,3.798,3.862,0
104.78333,3.849,3.836,3.856,0
104.81667,3.8415,3.824,3.862,0
104.85,3.836,3.82,3.852,0
104.88333,3.846,3.827,3.862,0
104.91667,3.8415,3.788,3.862,0
104.95,3.846,3.82,3.852,0
104.98333,3.846,3.836,3.868,0
105.01667,3.843,3.833,3.849,0
105.05,3.843,3.824,3.856,0
105.08333,3.84,3.792,3.865,0
105.11667,3.846,3.82,3.862,0
105.15,3.8345,3.824,3.852,0
105.18333,3.838,3.817,3.884,0
105.21667,3.843,3.83,3.862,0
105.25,3.84,3.804,3.862,0
105.28333,3.843,3.827,3.852,0
105.31667,3.846,3.824,3.849,0
105.35,3.838,3.83,3.856,0
105.38333,3.843,3.83,3.849,0
105.41667,3.838,3.788,3.856,0
105.45,3.843,3.769,3.862,0
105.48333,3.843,3.827,3.878,0
105.51667,3.843,3.82,3.868,0
105.55,3.843,3.824,3.849,0
105.58333,3.84,3.814,3.856,0
105.61667,3.843,3.788,3.859,0
105.65,3.8415,3.824,3.852,0
105.68333,3.843,3.827,3.862,0
105.71667,3.838,3.817,3.849,0
105.75,3.843,3.827,3.862,0
105.78333,3.84,3.798,3.859,0
105.81667,3.8475,3.82,3.856,0
105.85,3.836,3.82,3.846,0
105.88333,3.843,3.824,3.852,0
105.91667,3.843,3.824,3.856,0
105.95,3.8445,3.788,3.859,0
105.98333,3.8445,3.824,3.862,0
106.01667,3.843,3.824,3.856,0
106.05,3.843,3.82,3.865,0
106.08333,3.843,3.824,3.856,0
106.11667,3.843,3.808,3.852,0
106.15,3.849,3.827,3.859,0
106.18333,3.8415,3.83,3.862,0
106.21667,3.843,3.833,3.859,0
106.25,3.843,3.824,3.849,0
106.28333,3.833,3.798,3.849,0
106.31667,3.843,3.804,3.859,0
106.35,3.843,3.814,3.852,0
106.38333,3.833,3.811,3.84,0
106.41667,3.833,3.766,3.843,0
106.45,3.833,3.817,3.849,0
106.48333,3.836,3.82,3.846,0
106.51667,3.8345,3.82,3.849,0
106.55,3.8315,3.817,3.849,0
106.58333,3.824,3.772,3.846,0
106.61667,3.838,3.817,3.849,0
106.65,3.836,3.804,3.862,0
106.68333,3.84,3.836,3.846,0
106.71667,3.8345,3.827,3.849,0
106.75,3.836,3.769,3.849,0
106.78333,3.838,3.824,3.849,0
106.81667,3.836,3.82,3.849,0
106.85,3.836,3.827,3.849,0
106.88333,3.833,3.804,3.852,0
106.91667,3.838,3.795,3.852,0
106.95,3.84,3.82,3.849,0
106.98333,3.836,3.824,3.852,0
107.01667,3.836,3.824,3.849,0
107.05,3.836,3.82,3.852,0
107.08333,3.836,3.785,3.852,0
107.11667,3.833,3.82,3.846,0
107.15,3.83,3.814,3.843,0
107.18333,3.836,3.798,3.852,0
107.21667,3.833,3.82,3.849,0
107.25,3.836,3.785,3.852,0
107.28333,3.836,3.827,3.852,0
107.31667,3.833,3.817,3.856,0
107.35,3.836,3.824,3.849,0
107.38333,3.836,3.824,3.852,0
107.41667,3.833,3.779,3.849,0
107.45,3.833,3.798,3.859,0
107.48333,3.8345,3.814,3.849,0
107.51667,3.8415,3.801,3.849,0
107.55,3.836,3.824,3.849,0
107.58333,3.836,3.814,3.849,0
107.61667,3.833,3.769,3.862,0
107.65,3.84,3.824,3.846,0
107.68333,3.836,3.814,3.849,0
107.71667,3.833,3.817,3.849,0
107.75,3.83,3.811,3.856,0
107.78333,3.8395,3.766,3.856,0
107.81667,3.84,3.82,3.862,0
107.85,3.8345,3.817,3.849,0
107.88333,3.84,3.824,3.856,0
107.91667,3.8345,3.824,3.846,0
107.95,3.833,3.792,3.852,0
107.98333,3.8345,3.824,3.849,0
108.01667,3.833,3.824,3.849,0
108.05,3.836,3.82,3.859,0
108.08333,3.84,3.817,3.856,0
108.11667,3.83,3.769,3.849,0
108.15,3.8345,3.824,3.852,0
108.18333,3.833,3.824,3.852,0
108.21667,3.84,3.824,3.852,0
108.25,3.838,3.824,3.852,0
108.28333,3.8315,3.808,3.843,0
108.31667,3.833,3.811,3.856,0
108.35,3.84,3.814,4.086,0
108.38333,3.84,3.811,3.852,0
108.41667,3.836,3.824,3.856,0
108.45,3.833,3.808,3.849,0
108.48333,3.8345,3.801,3.849,0
108.51667,3.838,3.824,3.859,0
108.55,3.833,3.82,3.849,0
108.58333,3.827,3.798,3.856,0
108.61667,3.843,3.801,3.878,0
108.65,3.8345,3.756,3.849,0
108.68333,3.8345,3.808,3.849,0
108.71667,3.833,3.82,3.862,0
108.75,3.836,3.827,3.852,0
108.78333,3.838,3.82,3.849,0
108.81667,3.833,3.788,3.849,0
108.85,3.833,3.83,3.846,0
108.88333,3.8315,3.817,3.849,0
108.91667,3.836,3.801,3.856,0
108.95,3.838,3.811,3.846,0
108.98333,3.8345,3.779,3.843,0
109.01667,3.836,3.814,3.862,0
109.05,3.84,3.827,3.849,0
109.08333,3.836,3.824,3.849,0
109.11667,3.833,3.82,3.852,0
109.15,3.827,3.795,3.859,0
109.18333,3.833,3.814,3.852,0
109.21667,3.84,3.808,3.849,0
109.25,3.84,3.814,3.849,0
109.28333,3.833,3.814,3.849,0
109.31667,3.836,3.785,3.846,0
109.35,3.8345,3.824,3.846,0
109.38333,3.833,3.824,3.846,0
109.41667,3.8345,3.808,3.856,0
109.45,3.83,3.814,3.852,0
109.48333,3.836,3.769,3.849,0
109.51667,3.838,3.817,3.856,0
109.55,3.833,3.811,3.849,0
109.58333,3.833,3.824,3.846,0
109.61667,3.833,3.817,3.843,0
109.65,3.8345,3.814,3.849,0
109.68333,3.833,3.782,3.849,0
109.71667,3.833,3.811,3.849,0
109.75,3.833,3.817,3.846,0
109.78333,3.84,3.817,3.849,0
109.81667,3.83,3.817,3.859,0
109.85,3.83,3.788,3.843,0
109.88333,3.833,3.824,3.852,0
109.91667,3.8315,3.82,3.865,0
109.95,3.836,3.824,3.852,0
109.98333,3.833,3.82,3.852,0
110.01667,3.833,3.76,3.849,0
110.05,3.843,3.808,3.852,0
110.08333,3.84,3.811,3.856,0
110.11667,3.833,3.824,3.846,0
110.15,3.8345,3.82,3.849,0
110.18333,3.833,3.785,3.852,0
110.21667,3.833,3.82,3.849,0
110.25,3.836,3.824,3.856,0
110.28333,3.833,3.817,3.846,0
110.31667,3.836,3.795,3.846,0
110.35,3.8345,3.779,3.875,0
110.38333,3.836,3.808,3.852,0
110.41667,3.8345,3.824,3.846,0
110.45,3.836,3.824,3.849,0
110.48333,3.833,3.824,3.849,0
110.51667,3.833,3.798,3.849,0
110.55,3.838,3.824,3.862,0
110.58333,3.833,3.82,3.849,0
110.61667,3.836,3.83,3.852,0
110.65,3.833,3.824,3.849,0
110.68333,3.833,3.817,3.849,0
110.71667,3.8315,3.782,3.852,0
110.75,3.833,3.824,3.849,0
110.78333,3.833,3.811,3.849,0
110.81667,3.833,3.804,3.849,1
110.85,3.836,3.804,3.846,1
110.88333,3.833,3.785,3.9,1
110.91667,3.833,3.824,3.843,0
110.95,3.833,3.817,3.843,0
110.98333,3.833,3.82,3.846,0
111.01667,3.836,3.824,3.849,0
111.05,3.827,3.769,3.843,0
111.08333,3.833,3.804,3.852,0
111.11667,3.838,3.817,4.124,0
111.15,3.833,3.811,3.849,0
111.18333,3.833,3.824,3.846,0
111.21667,3.83,3.788,3.846,0
111.25,3.833,3.824,3.849,0
111.28333,3.8345,3.814,3.849,0
111.31667,3.833,3.82,3.849,0
111.35,3.833,3.814,3.849,0
111.38333,3.836,3.804,3.852,0
111.41667,3.836,3.772,3.849,0
111.45,3.83,3.811,3.856,0
111.48333,3.833,3.82,3.849,0
111.51667,3.833,3.817,3.849,0
111.55,3.833,3.817,3.849,0
111.58333,3.833,3.776,3.849,1
111.61667,3.833,3.811,3.846,1
111.65,3.833,3.82,3.849,1
111.68333,3.836,3.817,3.945,1
111.71667,3.836,3.811,3.846,1
111.75,3.83,3.795,3.849,0
111.78333,3.833,3.814,3.849,0
111.81667,3.833,3.817,3.846,0
111.85,3.833,3.827,3.843,0
111.88333,3.833,3.817,3.84,0
111.91667,3.8255,3.782,3.836,0
111.95,3.833,3.817,3.849,0
111.98333,3.833,3.82,3.852,0
112.01667,3.833,3.811,3.849,0
112.05,3.836,3.811,3.856,0
112.08333,3.833,3.811,3.843,0
112.11667,3.833,3.795,3.846,0
112.15,3.833,3.824,3.846,0
112.18333,3.8315,3.817,3.852,0
112.21667,3.8315,3.817,3.84,0
112.25,3.84,3.801,3.852,0
112.28333,3.833,3.769,3.852,0
112.31667,3.833,3.824,3.849,0
112.35,3.833,3.824,3.852,0
112.38333,3.8345,3.811,3.849,0
112.41667,3.8315,3.798,3.846,0
112.45,3.8315,3.769,3.846,0
112.48333,3.836,3.824,3.846,0
112.51667,3.83,3.817,3.852,0
112.55,3.8345,3.811,3.849,0
112.58333,3.833,3.817,3.852,0
112.61667,3.8315,3.798,3.84,0
112.65,3.8345,3.824,3.846,0
112.68333,3.836,3.82,3.849,0
112.71667,3.836,3.817,3.843,0
112.75,3.8345,3.82,3.856,0
112.78333,3.824,3.769,3.846,0
112.81667,3.838,3.824,3.849,0
112.85,3.836,3.235,3.878,0
112.88333,3.833,3.817,3.843,0
112.91667,3.836,3.824,3.846,0
112.95,3.83,3.798,3.846,0
112.98333,3.83,3.817,3.849,0
113.01667,3.84,3.82,3.852,0
113.05,3.827,3.808,3.833,0
113.08333,3.83,3.811,3.849,0
113.11667,3.8315,3.792,3.849,0
113.15,3.836,3.801,3.849,0
113.18333,3.836,3.811,3.843,0
113.21667,3.833,3.817,3.846,0
113.25,3.833,3.811,3.849,0
113.28333,3.83,3.792,3.849,0
113.31667,3.8315,3.792,3.843,0
113.35,3.8285,3.814,3.843,0
113.38333,3.836,3.785,3.859,0
113.41667,3.833,3.811,3.849,0
113.45,3.836,3.811,3.859,0
113.48333,3.833,3.788,3.846,0
113.51667,3.833,3.82,3.849,0
113.55,3.833,3.824,3.843,0
113.58333,3.833,3.817,3.849,0
113.61667,3.836,3.817,3.868,0
113.65,3.83,3.776,3.846,0
113.68333,3.836,3.814,3.849,0
113.71667,3.833,3.811,3.859,0
113.75,3.833,3.817,3.849,0
113.78333,3.833,3.824,3.846,0
113.81667,3.83,3.763,3.846,0
113.85,3.833,3.814,3.849,0
113.88333,3.8345,3.82,3.849,0
113.91667,3.83,3.811,3.84,0
113.95,3.8285,3.808,3.852,0
113.98333,3.833,3.785,3.846,0
114.01667,3.833,3.798,3.849,0
114.05,3.833,3.808,3.843,0
114.08333,3.833,3.82,3.846,0
114.11667,3.836,3.817,3.849,0
114.15,3.8315,3.782,3.843,0
114.18333,3.833,3.811,3.849,0
114.21667,3.8285,3.817,3.843,0
114.25,3.833,3.808,3.849,0
114.28333,3.833,3.804,3.849,0
114.31667,3.833,3.766,3.846,0
114.35,3.824,3.817,3.846,0
114.38333,3.833,3.814,3.849,0
114.41667,3.833,3.814,3.846,0
114.45,3.833,3.824,3.846,0
114.48333,3.83,3.804,3.843,0
114.51667,3.824,3.785,3.843,0
114.55,3.833,3.804,3.846,0
114.58333,3.83,3.811,3.84,0
114.61667,3.83,3.82,3.846,0
114.65,3.833,3.817,3.843,0
114.68333,3.833,3.795,3.843,0
114.71667,3.8315,3.811,3.849,0
114.75,3.833,3.824,3.849,0
114.78333,3.82,3.804,3.856,0
114.81667,3.83,3.811,3.849,0
114.85,3.8315,3.779,3.849,0
114.88333,3.8345,3.82,3.849,0
114.91667,3.833,3.817,3.846,0
114.95,3.83,3.82,3.843,0
114.98333,3.833,3.814,3.849,0
115.01667,3.827,3.785,3.84,0
115.05,3.83,3.82,3.843,0
115.08333,3.824,3.811,3.846,0
115.11667,3.8345,3.814,3.846,0
115.15,3.83,3.801,3.843,0
115.18333,3.833,3.824,3.846,0
115.21667,3.8255,3.776,3.849,0
115.25,3.833,3.82,3.843,0
115.28333,3.833,3.82,3.849,0
115.31667,3.8285,3.814,3.836,0
115.35,3.824,3.801,3.846,0
115.38333,3.83,3.763,3.852,0
115.41667,3.833,3.82,3.849,0
115.45,3.833,3.814,3.849,0
115.48333,3.833,3.811,3.846,0
115.51667,3.833,3.817,3.875,0
115.55,3.836,3.766,3.849,0
115.58333,3.833,3.82,3.849,0
115.61667,3.83,3.811,3.849,0
115.65,3.827,3.811,3.852,0
115.68333,3.836,3.814,3.843,0
115.71667,3.83,3.76,3.843,0
115.75,3.83,3.817,3.84,0
115.78333,3.833,3.814,3.84,0
115.81667,3.8285,3.814,3.846,0
115.85,3.833,3.814,3.852,0
115.88333,3.8285,3.792,3.84,0
115.91667,3.8255,3.798,3.846,0
115.95,3.833,3.811,3.849,0
115.98333,3.833,3.667,3.849,0
116.01667,3.833,3.811,3.846,0
116.05,3.833,3.811,3.836,0
116.08333,3.83,3.798,3.846,0
116.11667,3.83,3.814,3.849,0
116.15,3.8345,3.82,3.843,0
116.18333,3.8255,3.785,3.84,0
116.21667,3.8255,3.808,3.862,0
116.25,3.833,3.808,3.849,0
116.28333,3.833,3.798,3.846,0
116.31667,3.833,3.817,3.843,0
116.35,3.833,3.82,3.846,0
116.38333,3.83,3.808,3.836,0
116.41667,3.833,3.721,3.849,0
116.45,3.83,3.811,3.846,0
116.48333,3.8255,3.811,3.84,0
116.51667,3.833,3.785,3.843,0
116.55,3.83,3.801,3.846,0
116.58333,3.8315,3.491,3.836,0
116.61667,3.827,3.811,3.846,0
116.65,3.83,3.808,3.84,0
116.68333,3.83,3.811,3.836,0
116.71667,3.827,3.814,3.843,0
116.75,3.824,3.776,3.836,0
116.78333,3.8255,3.779,3.852,0
116.81667,3.833,3.824,3.849,0
116.85,3.836,3.795,3.884,0
116.88333,3.8345,3.814,3.849,0
116.91667,3.833,3.82,3.846,0
116.95,3.8315,3.788,3.849,0
116.98333,3.83,3.804,3.849,0
117.01667,3.8315,3.82,3.852,0
117.05,3.824,3.801,3.859,0
117.08333,3.8285,3.808,3.849,0
117.11667,3.8285,3.769,3.846,0
117.15,3.827,3.804,3.843,0
117.18333,3.83,3.817,3.846,0
117.21667,3.824,3.811,3.846,0
117.25,3.833,3.82,3.849,0
117.28333,3.824,3.766,3.836,0
117.31667,3.83,3.801,3.846,0
117.35,3.824,3.811,3.852,0
117.38333,3.833,3.814,3.849,0
117.41667,3.836,3.811,3.849,0
117.45,3.824,3.779,3.84,0
117.48333,3.8285,3.811,3.836,0
117.51667,3.833,3.814,3.846,0
117.55,3.824,3.811,3.846,0
117.58333,3.827,3.817,3.843,0
117.61667,3.827,3.782,3.836,0
117.65,3.8285,3.811,3.849,0
117.68333,3.833,3.82,3.849,0
117.71667,3.83,3.798,3.852,0
117.75,3.83,3.811,3.843,0
117.78333,3.83,3.788,3.843,0
117.81667,3.83,3.785,3.836,0
117.85,3.824,3.811,3.84,0
117.88333,3.827,3.766,3.846,0
117.91667,3.82,3.785,3.852,0
117.95,3.827,3.804,3.849,0
117.98333,3.8255,3.785,3.846,0
118.01667,3.833,3.801,3.849,0
118.05,3.83,3.811,3.846,0
118.08333,3.83,3.808,3.849,0
118.11667,3.827,3.814,3.849,0
118.15,3.83,3.76,3.856,0
118.18333,3.822,3.804,3.846,0
118.21667,3.827,3.798,3.843,0
118.25,3.83,3.798,3.84,0
118.28333,3.824,3.801,3.849,0
118.31667,3.827,3.769,3.84,0
118.35,3.827,3.811,3.843,0
118.38333,3.83,3.817,3.84,0
118.41667,3.83,3.811,3.849,0
118.45,3.83,3.811,3.836,0
118.48333,3.8255,3.811,3.833,0
118.51667,3.833,3.776,3.849,0
118.55,3.8315,3.808,3.846,0
118.58333,3.83,3.798,3.843,0
118.61667,3.83,3.811,3.84,0
118.65,3.83,3.814,3.843,0
118.68333,3.83,3.769,3.843,0
118.71667,3.8315,3.817,3.843,0
118.75,3.827,3.808,3.836,0
118.78333,3.8285,3.811,3.846,0
118.81667,3.833,3.814,3.862,0
118.85,3.833,3.785,3.846,0
118.88333,3.83,3.817,3.836,0
118.91667,3.827,3.808,3.84,0
118.95,3.8285,3.811,3.846,0
118.98333,3.83,3.82,3.846,0
119.01667,3.824,3.766,3.84,0
119.05,3.824,3.811,3.852,0
119.08333,3.8315,3.817,3.852,0
119.11667,3.833,3.801,3.852,0
119.15,3.8255,3.798,3.843,0
119.18333,3.824,3.769,3.836,0
119.21667,3.827,3.808,3.849,0
119.25,3.83,3.82,3.849,0
119.28333,3.824,3.814,3.843,0
119.31667,3.827,3.814,3.849,0
119.35,3.827,3.788,3.849,0
119.38333,3.833,3.811,3.843,0
119.41667,3.83,3.811,3.849,0
119.45,3.83,3.824,3.84,0
119.48333,3.83,3.82,3.846,0
119.51667,3.824,3.801,3.836,0
119.55,3.824,3.779,3.84,0
119.58333,3.824,3.811,3.833,0
119.61667,3.824,3.744,3.836,0
119.65,3.833,3.808,3.849,0
119.68333,3.8345,3.798,3.849,0
119.71667,3.827,3.811,3.84,0
119.75,3.827,3.817,3.843,0
119.78333,3.824,3.788,3.833,0
119.81667,3.83,3.801,3.843,0
119.85,3.827,3.811,3.836,0
119.88333,3.82,3.808,3.843,0
119.91667,3.824,3.804,3.843,0
119.95,3.827,3.782,3.849,0
119.98333,3.83,3.792,3.9,0
120.01667,3.827,3.811,3.836,0
120.05,3.827,3.811,3.836,0
120.08333,3.83,3.811,3.846,0
120.11667,3.824,3.808,3.833,0
120.15,3.824,3.76,3.84,0
120.18333,3.82,3.808,3.843,0
120.21667,3.83,3.811,3.849,0
120.25,3.8285,3.552,3.849,0
120.28333,3.824,3.808,3.843,0
120.31667,3.824,3.776,3.836,0
120.35,3.827,3.817,3.84,0
120.38333,3.827,3.811,3.84,0
120.41667,3.827,3.811,3.843,0
120.45,3.83,3.801,3.84,0
120.48333,3.824,3.76,3.843,0
120.51667,3.833,3.811,3.843,0
120.55,3.83,3.801,3.843,0
120.58333,3.824,3.811,3.836,0
120.61667,3.824,3.814,3.836,0
120.65,3.8255,3.776,3.84,0
120.68333,3.8285,3.811,3.843,0
120.71667,3.827,3.792,3.84,0
120.75,3.817,3.804,3.843,0
120.78333,3.827,3.798,3.836,0
120.81667,3.833,3.782,3.843,0
120.85,3.83,3.817,3.849,0
120.88333,3.83,3.811,3.843,0
120.91667,3.83,3.814,3.84,0
120.95,3.83,3.808,3.84,0
120.98333,3.824,3.776,3.84,0
121.01667,3.8205,3.801,3.84,0
121.05,3.817,3.788,3.833,0
121.08333,3.8255,3.804,3.843,0
121.11667,3.824,3.808,3.843,0
121.15,3.827,3.804,3.846,0
121.18333,3.824,3.785,3.836,0
121.21667,3.827,3.808,3.852,0
121.25,3.8255,3.811,3.843,0
121.28333,3.827,3.811,3.843,0
121.31667,3.82,3.788,3.83,0
121.35,3.824,3.769,3.833,0
121.38333,3.8255,3.808,3.836,0
121.41667,3.83,3.801,3.843,0
121.45,3.827,3.814,3.849,0
121.48333,3.824,3.808,3.84,0
121.51667,3.827,3.788,3.836,0
121.55,3.827,3.792,3.836,0
121.58333,3.82,3.804,3.862,0
121.61667,3.8155,3.769,3.833,0
121.65,3.8255,3.798,3.926,0
121.68333,3.817,3.769,3.836,0
121.71667,3.824,3.811,3.84,0
121.75,3.824,3.814,3.846,0
121.78333,3.824,3.792,3.846,0
121.81667,3.824,3.811,3.843,0
121.85,3.824,3.779,3.833,0
121.88333,3.817,3.769,3.824,0
121.91667,3.82,3.808,3.849,0
121.95,3.824,3.801,3.843,0
121.98333,3.824,3.817,3.836,0
122.01667,3.824,3.811,3.84,0
122.05,3.824,3.769,3.84,0
122.08333,3.824,3.798,3.836,0
122.11667,3.824,3.811,3.836,0
122.15,3.8255,3.808,3.833,0
122.18333,3.824,3.801,3.836,0
122.21667,3.827,3.792,3.836,0
122.25,3.824,3.804,3.843,0
122.28333,3.82,3.75,3.833,0
122.31667,3.827,3.766,3.836,0
122.35,3.824,3.811,3.843,0
122.38333,3.824,3.811,3.836,0
122.41667,3.824,3.769,3.833,0
122.45,3.824,3.808,3.833,0
122.48333,3.824,3.798,3.833,0
122.51667,3.824,3.801,3.849,0
122.55,3.824,3.782,3.836,0
122.58333,3.824,3.814,3.836,0
122.61667,3.8185,3.772,3.83,0
122.65,3.827,3.811,3.849,0
122.68333,3.824,3.779,3.843,0
122.71667,3.817,3.801,3.827,0
122.75,3.82,3.811,3.843,0
122.78333,3.824,3.801,3.84,0
122.81667,3.824,3.792,3.836,0
122.85,3.824,3.808,3.849,0
122.88333,3.827,3.82,3.84,0
122.91667,3.824,3.811,3.84,0
122.95,3.824,3.766,3.833,0
122.98333,3.824,3.811,3.836,0
123.01667,3.824,3.801,3.843,0
123.05,3.824,3.804,3.84,0
123.08333,3.822,3.801,3.836,0
123.11667,3.817,3.776,3.833,0
123.15,3.824,3.811,3.836,0
123.18333,3.824,3.817,3.833,0
123.21667,3.824,3.811,3.833,0
123.25,3.824,3.811,3.833,0
123.28333,3.82,3.811,3.836,0
123.31667,3.811,3.769,3.83,0
123.35,3.824,3.798,3.843,0
123.38333,3.827,3.798,3.84,0
123.41667,3.817,3.788,3.836,0
123.45,3.824,3.801,3.833,0
123.48333,3.82,3.76,3.83,0
123.51667,3.82,3.808,3.843,0
123.55,3.824,3.814,3.836,0
123.58333,3.8185,3.76,3.83,0
123.61667,3.822,3.782,3.836,0
123.65,3.822,3.808,3.843,0
123.68333,3.824,3.801,3.84,0
123.71667,3.8255,3.808,3.843,0
123.75,3.82,3.776,3.83,0
123.78333,3.824,3.808,3.836,0
123.81667,3.822,3.801,3.84,0
123.85,3.824,3.808,3.836,0
123.88333,3.8185,3.798,3.836,0
123.91667,3.8205,3.779,3.836,0
123.95,3.827,3.811,3.833,0
123.98333,3.83,3.798,3.84,0
124.01667,3.827,3.801,3.843,0
124.05,3.827,3.814,3.836,0
124.08333,3.82,3.772,3.833,0
124.11667,3.824,3.798,3.84,0
124.15,3.822,3.811,3.833,0
124.18333,3.8185,3.76,3.83,0
124.21667,3.824,3.811,3.849,0
124.25,3.827,3.801,3.84,0
124.28333,3.827,3.811,3.84,0
124.31667,3.8255,3.811,3.836,0
124.35,3.824,3.788,3.836,0
124.38333,3.827,3.808,3.836,0
124.41667,3.8255,3.811,3.84,0
124.45,3.82,3.808,3.852,0
124.48333,3.824,3.779,3.84,0
124.51667,3.827,3.744,3.84,0
124.55,3.824,3.804,3.843,0
124.58333,3.824,3.814,3.833,0
124.61667,3.824,3.811,3.833,0
124.65,3.824,3.811,3.843,0
124.68333,3.8255,3.763,3.83,0
124.71667,3.824,3.785,3.833,0
124.75,3.82,3.808,3.846,0
124.78333,3.824,3.808,3.843,0
124.81667,3.824,3.808,3.849,0
124.85,3.817,3.811,3.833,0
124.88333,3.824,3.798,3.84,0
124.91667,3.8255,3.811,3.836,0
124.95,3.82,3.772,3.84,0
124.98333,3.8255,3.811,3.836,0
125.01667,3.82,3.801,3.833,0
125.05,3.824,3.798,3.84,0
125.08333,3.827,3.808,3.843,0
125.11667,3.82,3.779,3.843,0
125.15,3.827,3.808,3.833,0
125.18333,3.824,3.811,3.84,0
125.21667,3.824,3.811,3.833,0
125.25,3.824,3.814,3.833,0
125.28333,3.822,3.804,3.833,0
125.31667,3.82,3.756,3.833,0
125.35,3.824,3.801,3.843,0
125.38333,3.824,3.811,3.836,0
125.41667,3.827,3.811,3.833,0
125.45,3.824,3.804,3.84,0
125.48333,3.82,3.76,3.833,0
125.51667,3.824,3.814,3.836,0
125.55,3.824,3.801,3.836,0
125.58333,3.82,3.808,3.83,0
125.61667,3.822,3.801,3.849,0
125.65,3.82,3.772,3.833,0
125.68333,3.824,3.808,3.836,0
125.71667,3.824,3.808,3.836,0
125.75,3.82,3.763,3.84,0
125.78333,3.82,3.804,3.84,0
125.81667,3.824,3.811,3.833,0
125.85,3.824,3.798,3.833,0
125.88333,3.8185,3.798,3.833,0
125.91667,3.824,3.756,3.833,0
125.95,3.824,3.798,3.836,0
125.98333,3.824,3.801,3.833,0
126.01667,3.824,3.811,3.833,0
126.05,3.824,3.814,3.84,0
126.08333,3.824,3.804,3.83,0
126.11667,3.822,3.798,3.84,0
126.15,3.824,3.798,3.849,0
126.18333,3.817,3.801,3.836,0
126.21667,3.824,3.808,3.836,0
126.25,3.824,3.769,3.84,0
126.28333,3.824,3.772,3.836,0
126.31667,3.824,3.808,3.84,0
126.35,3.824,3.785,3.833,0
126.38333,3.822,3.788,3.846,0
126.41667,3.824,3.798,3.836,0
126.45,3.817,3.795,3.836,0
126.48333,3.824,3.772,3.846,0
126.51667,3.824,3.801,3.833,0
126.55,3.824,3.811,3.849,0
126.58333,3.82,3.782,3.84,0
126.61667,3.824,3.811,3.836,0
126.65,3.822,3.769,3.836,0
126.68333,3.824,3.808,3.833,0
126.71667,3.822,3.798,3.836,0
126.75,3.822,3.801,3.843,0
126.78333,3.824,3.785,3.84,0
126.81667,3.824,3.76,3.843,0
126.85,3.82,3.808,3.833,0
126.88333,3.824,3.798,3.84,0
126.91667,3.82,3.776,3.846,0
126.95,3.824,3.804,3.843,0
126.98333,3.82,3.808,3.833,0
127.01667,3.811,3.785,3.827,0
127.05,3.82,3.798,3.836,0
127.08333,3.82,3.808,3.833,0
127.11667,3.824,3.804,3.843,0
127.15,3.824,3.804,3.833,0
127.18333,3.824,3.785,3.836,0
127.21667,3.824,3.811,3.83,0
127.25,3.824,3.811,3.836,0
127.28333,3.82,3.811,3.833,0
127.31667,3.817,3.792,3.859,0
127.35,3.824,3.769,3.836,0
127.38333,3.824,3.801,3.836,0
127.41667,3.82,3.811,3.833,0
127.45,3.824,3.801,3.833,0
127.48333,3.824,3.795,3.833,0
127.51667,3.824,3.76,3.836,0
127.55,3.8185,3.808,3.83,0
127.58333,3.8155,3.798,3.827,0
127.61667,3.817,3.804,3.843,0
127.65,3.824,3.782,3.83,0
127.68333,3.824,3.795,3.83,0
127.71667,3.817,3.769,3.836,0
127.75,3.817,3.808,3.833,0
127.78333,3.82,3.811,3.833,0
127.81667,3.82,3.811,3.833,0
127.85,3.82,3.798,3.833,0
127.88333,3.817,3.76,3.843,0
127.91667,3.82,3.801,3.833,0
127.95,3.824,3.798,3.836,0
127.98333,3.824,3.798,3.836,0
128.01667,3.822,3.811,3.833,0
128.05,3.822,3.782,3.833,0
128.08333,3.824,3.808,3.833,0
128.11667,3.817,3.801,3.83,0
128.15,3.82,3.811,3.833,0
128.18333,3.817,3.804,3.84,0
128.21667,3.824,3.776,3.84,0
128.25,3.824,3.798,3.833,0
128.28333,3.82,3.808,3.833,0
128.31667,3.822,3.804,3.833,0
128.35,3.82,3.808,3.833,0
128.38333,3.82,3.766,3.83,0
128.41667,3.824,3.804,3.827,0
128.45,3.814,3.792,3.833,0
128.48333,3.824,3.801,3.843,0
128.51667,3.8255,3.808,3.833,0
128.55,3.82,3.795,3.836,0
128.58333,3.817,3.808,3.836,0
128.61667,3.82,3.804,3.84,0
128.65,3.824,3.811,3.833,0
128.68333,3.824,3.804,3.833,0
128.71667,3.82,3.782,3.836,0
128.75,3.811,3.798,3.827,0
128.78333,3.824,3.798,3.836,0
128.81667,3.824,3.795,3.836,0
128.85,3.8255,3.795,3.833,0
128.88333,3.82,3.788,3.83,0
128.91667,3.8185,3.801,3.833,0
128.95,3.8185,3.801,3.833,0
128.98333,3.824,3.798,3.833,0
129.01667,3.82,3.808,3.833,0
129.05,3.8155,3.795,3.833,0
129.08333,3.82,3.779,3.833,0
129.11667,3.824,3.804,3.833,0
129.15,3.817,3.801,3.824,0
129.18333,3.822,3.766,3.833,0
129.21667,3.82,3.808,3.83,0
129.25,3.8155,3.756,3.833,0
129.28333,3.817,3.769,3.833,0
129.31667,3.82,3.798,3.836,0
129.35,3.817,3.756,3.836,0
129.38333,3.824,3.792,3.833,0
129.41667,3.824,3.795,3.833,0
129.45,3.82,3.811,3.833,0
129.48333,3.82,3.804,3.836,0
129.51667,3.8125,3.75,3.836,0
129.55,3.8185,3.798,3.833,0
129.58333,3.82,3.782,3.836,0
129.61667,3.817,3.75,3.83,0
129.65,3.824,3.795,3.83,0
129.68333,3.824,3.795,3.833,0
129.71667,3.824,3.782,3.827,0
129.75,3.82,3.804,3.827,0
129.78333,3.817,3.808,3.836,0
129.81667,3.817,3.779,3.833,0
129.85,3.817,3.804,3.833,0
129.88333,3.817,3.808,3.833,0
129.91667,3.814,3.798,3.833,0
129.95,3.824,3.795,3.833,0
129.98333,3.817,3.75,3.84,0
130.01667,3.8185,3.801,3.833,0
130.05,3.82,3.798,3.83,0
130.08333,3.814,3.776,3.856,0
130.11667,3.8155,3.798,3.84,0
130.15,3.814,3.792,3.827,0
130.18333,3.814,3.782,3.833,0
130.21667,3.82,3.804,3.83,0
130.25,3.814,3.798,3.833,0
130.28333,3.817,3.795,3.83,0
130.31667,3.817,3.804,3.827,0
130.35,3.817,3.747,3.827,0
130.38333,3.817,3.801,3.833,0
130.41667,3.8185,3.766,3.824,0
130.45,3.814,3.795,3.836,0
130.48333,3.8095,3.792,3.83,0
130.51667,3.82,3.731,3.833,0
130.55,3.8185,3.801,3.83,0
130.58333,3.817,3.798,3.827,0
130.61667,3.814,3.785,3.827,0
130.65,3.817,3.808,3.827,0
130.68333,3.814,3.769,3.83,0
130.71667,3.814,3.804,3.833,0
130.75,3.811,3.785,3.82,0
130.78333,3.811,3.769,3.824,0
130.81667,3.82,3.798,4.064,0
130.85,3.817,3.804,3.83,0
130.88333,3.811,3.782,3.824,0
130.91667,3.814,3.798,3.836,0
130.95,3.817,3.753,3.833,0
130.98333,3.82,3.798,3.836,0
131.01667,3.814,3.801,3.824,0
131.05,3.804,3.76,3.824,0
131.08333,3.82,3.785,3.836,0
131.11667,3.814,3.798,3.833,0
131.15,3.817,3.801,3.83,0
131.18333,3.8155,3.798,3.833,0
131.21667,3.811,3.75,3.83,0
131.25,3.817,3.804,3.84,0
131.28333,3.817,3.808,3.833,0
131.31667,3.804,3.763,3.83,0
131.35,3.811,3.788,3.83,0
131.38333,3.824,3.779,3.833,0
131.41667,3.822,3.769,3.836,0
131.45,3.8185,3.804,3.827,0
131.48333,3.811,3.766,3.83,0
131.51667,3.8155,3.801,3.833,0
131.55,3.8185,3.804,3.833,0
131.58333,3.811,3.766,3.824,0
131.61667,3.811,3.801,3.827,0
131.65,3.8185,3.785,3.833,0
131.68333,3.824,3.798,3.836,0
131.71667,3.82,3.798,3.833,0
131.75,3.817,3.756,3.833,0
131.78333,3.817,3.792,3.824,0
131.81667,3.8155,3.795,3.833,0
131.85,3.811,3.798,3.824,0
131.88333,3.8125,3.785,3.83,0
131.91667,3.8095,3.756,3.833,0
131.95,3.814,3.795,3.827,0
131.98333,3.8125,3.795,3.836,0
132.01667,3.8185,3.76,3.833,0
132.05,3.814,3.798,3.84,0
132.08333,3.811,3.776,3.833,0
132.11667,3.817,3.763,3.827,0
132.15,3.817,3.795,3.83,0
132.18333,3.8125,3.769,3.83,0
132.21667,3.811,3.795,3.827,0
132.25,3.811,3.801,3.836,0
132.28333,3.8155,3.75,3.833,0
132.31667,3.817,3.808,3.84,0
132.35,3.814,3.801,3.833,0
132.38333,3.8095,3.776,3.824,0
132.41667,3.811,3.788,3.83,0
132.45,3.811,3.772,3.836,1
132.48333,3.8185,3.785,3.833,1
132.51667,3.811,3.801,3.827,0
132.55,3.824,3.804,3.83,0
132.58333,3.811,3.804,3.827,0
132.61667,3.811,3.763,3.833,0
132.65,3.8125,3.795,3.824,0
132.68333,3.808,3.795,3.827,0
132.71667,3.814,3.76,3.836,0
132.75,3.817,3.795,3.827,0
132.78333,3.811,3.798,3.824,0
132.81667,3.82,3.798,3.833,0
132.85,3.814,3.795,3.83,0
132.88333,3.817,3.75,3.833,0
132.91667,3.811,3.798,3.82,0
132.95,3.806,3.792,3.83,0
132.98333,3.811,3.763,3.824,0
133.01667,3.8155,3.798,3.833,0
133.05,3.814,3.798,3.827,0
133.08333,3.811,3.795,3.827,0
133.11667,3.814,3.801,3.827,0
133.15,3.8155,3.769,3.827,0
133.18333,3.817,3.798,3.83,0
133.21667,3.817,3.76,3.833,0
133.25,3.804,3.792,3.824,0
133.28333,3.814,3.801,3.833,0
133.31667,3.8125,3.76,3.833,0
133.35,3.811,3.798,3.82,0
133.38333,3.811,3.798,3.824,0
133.41667,3.811,3.769,3.824,0
133.45,3.811,3.801,3.827,0
133.48333,3.804,3.75,3.824,0
133.51667,3.811,3.792,3.827,0
133.55,3.811,3.763,3.824,0
133.58333,3.811,3.769,3.824,0
133.61667,3.8155,3.798,3.824,0
133.65,3.8155,3.795,3.824,0
133.68333,3.811,3.75,3.83,0
133.71667,3.814,3.801,3.833,0
133.75,3.811,3.75,3.833,0
133.78333,3.811,3.785,3.824,0
133.81667,3.8095,3.769,3.824,0
133.85,3.811,3.744,3.83,0
133.88333,3.817,3.798,3.833,0
133.91667,3.814,3.782,3.824,0
133.95,3.811,3.766,3.833,0
133.98333,3.8125,3.798,3.833,0
134.01667,3.814,3.801,3.824,0
134.05,3.814,3.766,3.824,0
134.08333,3.808,3.785,3.817,0
134.11667,3.811,3.795,3.824,0
134.15,3.811,3.782,3.836,0
134.18333,3.811,3.792,3.82,0
134.21667,3.811,3.756,3.83,0
134.25,3.8125,3.798,3.83,0
134.28333,3.814,3.782,3.827,0
134.31667,3.8095,3.785,3.827,0
134.35,3.811,3.792,3.827,0
134.38333,3.804,3.744,3.82,0
134.41667,3.817,3.798,3.846,0
134.45,3.814,3.795,3.83,0
134.48333,3.811,3.792,3.824,0
134.51667,3.811,3.792,3.824,0
134.55,3.811,3.75,3.83,0
134.58333,3.811,3.801,3.83,0
134.61667,3.811,3.75,3.83,0
134.65,3.808,3.788,3.824,0
134.68333,3.811,3.795,3.824,0
134.71667,3.806,3.756,4.422,0
134.75,3.817,3.792,3.827,0
134.78333,3.811,3.798,3.824,0
134.81667,3.811,3.801,3.827,0
134.85,3.811,3.763,3.824,0
134.88333,3.811,3.788,3.824,0
134.91667,3.811,3.792,3.824,0
134.95,3.804,3.785,3.827,0
134.98333,3.814,3.756,3.824,0
135.01667,3.811,3.782,3.83,0
135.05,3.8125,3.782,3.83,0
135.08333,3.811,3.785,3.82,0
135.11667,3.811,3.75,3.824,0
135.15,3.811,3.785,3.827,0
135.18333,3.811,3.779,3.82,0
135.21667,3.8025,3.763,3.817,0
135.25,3.811,3.769,3.824,0
135.28333,3.811,3.75,3.852,0
135.31667,3.814,3.785,3.836,0
135.35,3.811,3.798,3.83,0
135.38333,3.806,3.766,3.824,0
135.41667,3.811,3.792,3.833,0
135.45,3.811,3.788,3.824,0
135.48333,3.811,3.792,3.836,0
135.51667,3.8025,3.744,3.824,0
135.55,3.811,3.782,3.83,0
135.58333,3.811,3.788,3.824,0
135.61667,3.811,3.744,3.824,0
135.65,3.811,3.795,3.824,0
135.68333,3.811,3.798,3.83,0
135.71667,3.804,3.763,3.836,0
135.75,3.8095,3.785,3.827,0
135.78333,3.8025,3.75,3.83,0
135.81667,3.808,3.705,3.824,0
135.85,3.811,3.785,3.824,0
135.88333,3.811,3.747,3.824,0
135.91667,3.814,3.798,3.83,0
135.95,3.811,3.795,3.833,0
135.98333,3.806,3.769,3.83,0
136.01667,3.8095,3.792,3.836,0
136.05,3.808,3.779,3.833,0
136.08333,3.804,3.734,3.814,0
136.11667,3.811,3.792,3.82,0
136.15,3.811,3.792,3.824,0
136.18333,3.8155,3.795,3.824,0
136.21667,3.804,3.769,3.817,0
136.25,3.811,3.795,3.824,0
136.28333,3.808,3.74,3.82,0
136.31667,3.811,3.798,3.824,0
136.35,3.811,3.782,3.83,0
136.38333,3.806,3.74,3.83,0
136.41667,3.8095,3.795,3.824,0
136.45,3.8095,3.779,3.824,0
136.48333,3.8095,3.763,3.824,0
136.51667,3.8095,3.788,3.824,0
136.55,3.8095,3.756,3.827,0
136.58333,3.808,3.785,3.83,0
136.61667,3.808,3.785,3.827,0
136.65,3.8025,3.766,3.824,0
136.68333,3.811,3.785,3.836,0
136.71667,3.811,3.782,3.83,0
136.75,3.804,3.747,3.824,0
136.78333,3.804,3.792,3.82,0
136.81667,3.804,3.74,3.843,0
136.85,3.811,3.785,3.827,0
136.88333,3.804,3.785,3.814,0
136.91667,3.801,3.744,3.824,0
136.95,3.801,3.782,3.824,0
136.98333,3.811,3.792,3.83,0
137.01667,3.795,3.779,3.824,0
137.05,3.811,3.788,3.824,0
137.08333,3.806,3.753,3.833,0
137.11667,3.8095,3.785,3.824,0
137.15,3.8095,3.798,3.824,0
137.18333,3.801,3.744,3.82,0
137.21667,3.8025,3.785,3.827,0
137.25,3.8095,3.798,3.827,0
137.28333,3.7995,3.747,3.824,0
137.31667,3.808,3.795,3.827,0
137.35,3.808,3.76,3.824,0
137.38333,3.808,3.798,3.82,0
137.41667,3.811,3.792,3.824,0
137.45,3.808,3.766,3.824,0
137.48333,3.8095,3.788,3.82,0
137.51667,3.806,3.785,3.833,0
137.55,3.806,3.769,3.827,0
137.58333,3.808,3.785,3.82,0
137.61667,3.806,3.744,3.833,0
137.65,3.811,3.788,3.824,0
137.68333,3.801,3.792,3.82,0
137.71667,3.798,3.769,3.827,0
137.75,3.808,3.792,3.827,0
137.78333,3.804,3.782,3.82,0
137.81667,3.811,3.766,3.82,0
137.85,3.8125,3.795,3.833,0
137.88333,3.798,3.744,3.824,0
137.91667,3.804,3.792,3.824,0
137.95,3.808,3.798,3.817,0
137.98333,3.804,3.747,3.824,0
138.01667,3.811,3.785,3.827,0
138.05,3.804,3.792,3.824,0
138.08333,3.804,3.744,3.817,0
138.11667,3.811,3.779,3.827,0
138.15,3.801,3.744,3.827,0
138.18333,3.804,3.782,3.824,0
138.21667,3.806,3.782,3.824,0
138.25,3.804,3.744,3.824,0
138.28333,3.811,3.792,3.824,0
138.31667,3.806,3.788,3.824,0
138.35,3.792,3.747,3.824,0
138.38333,3.808,3.788,3.824,0
138.41667,3.804,3.756,3.817,0
138.45,3.811,3.772,3.849,0
138.48333,3.804,3.795,3.817,0
138.51667,3.801,3.744,3.824,0
138.55,3.808,3.788,3.824,0
138.58333,3.8025,3.756,3.824,0
138.61667,3.804,3.76,3.827,0
138.65,3.806,3.769,3.824,0
138.68333,3.811,3.76,3.824,0
138.71667,3.811,3.708,3.82,0
138.75,3.7995,3.792,3.811,0
138.78333,3.8025,3.74,3.82,0
138.81667,3.804,3.788,3.82,0
138.85,3.806,3.744,3.82,0
138.88333,3.811,3.788,3.824,0
138.91667,3.7995,3.785,3.82,0
138.95,3.806,3.744,3.82,0
138.98333,3.8025,3.724,3.82,0
139.01667,3.806,3.769,3.82,0
139.05,3.801,3.747,3.817,0
139.08333,3.801,3.785,3.836,0
139.11667,3.804,3.75,3.811,0
139.15,3.806,3.782,3.82,0
139.18333,3.801,3.782,3.833,0
139.21667,3.795,3.734,3.82,0
139.25,3.808,3.785,3.827,0
139.28333,3.804,3.769,3.82,0
139.31667,3.801,3.75,3.811,0
139.35,3.808,3.785,3.82,0
139.38333,3.806,3.763,3.824,0
139.41667,3.806,3.744,3.817,0
139.45,3.798,3.792,3.814,0
139.48333,3.801,3.744,3.817,0
139.51667,3.8025,3.785,3.82,0
139.55,3.7995,3.782,3.817,0
139.58333,3.7995,3.779,3.811,0
139.61667,3.804,3.785,3.824,0
139.65,3.8095,3.76,3.817,0
139.68333,3.7995,3.756,3.817,0
139.71667,3.804,3.795,3.824,0
139.75,3.808,3.769,3.817,0
139.78333,3.801,3.788,3.811,0
139.81667,3.801,3.625,3.824,0
139.85,3.801,3.744,3.814,0
139.88333,3.7995,3.782,3.827,0
139.91667,3.7995,3.763,3.814,0
139.95,3.811,3.785,3.824,0
139.98333,3.804,3.737,3.82,0
140.01667,3.801,3.769,3.824,0
140.05,3.7995,3.779,3.817,0
140.08333,3.804,3.779,3.82,0
140.11667,3.795,3.427,3.833,0
140.15,3.804,3.779,3.817,0
140.18333,3.8025,3.737,3.82,0
140.21667,3.798,3.785,3.817,0
140.25,3.806,3.782,3.824,0
140.28333,3.7995,3.76,3.82,0
140.31667,3.8025,3.782,3.82,0
140.35,3.801,3.785,3.814,0
140.38333,3.804,3.76,3.824,0
140.41667,3.804,3.782,3.817,0
140.45,3.7995,3.769,3.82,0
140.48333,3.801,3.779,3.82,0
140.51667,3.8025,3.792,3.833,0
140.55,3.801,3.747,3.82,0
140.58333,3.7995,3.785,3.824,0
140.61667,3.801,3.785,3.817,0
140.65,3.7995,3.744,3.824,0
140.68333,3.804,3.763,3.82,0
140.71667,3.801,3.737,3.82,0
140.75,3.801,3.792,3.814,0
140.78333,3.804,3.779,3.824,0
140.81667,3.798,3.744,3.82,0
140.85,3.804,3.788,3.82,0
140.88333,3.811,3.785,3.859,0
140.91667,3.798,3.766,3.811,0
140.95,3.808,3.769,3.824,0
140.98333,3.808,3.747,3.836,0
141.01667,3.798,3.769,3.814,0
141.05,3.801,3.785,3.817,0
141.08333,3.801,3.74,3.814,0
141.11667,3.801,3.792,3.814,0
141.15,3.804,3.785,3.811,0
141.18333,3.798,3.744,3.814,0
141.21667,3.798,3.769,3.849,0
141.25,3.801,3.721,3.827,0
141.28333,3.801,3.782,3.82,0
141.31667,3.804,3.782,3.817,0
141.35,3.801,3.776,3.82,0
141.38333,3.806,3.788,3.82,0
141.41667,3.801,3.785,3.827,0
141.45,3.795,3.756,3.811,0
141.48333,3.798,3.785,3.827,0
141.51667,3.801,3.76,3.824,0
141.55,3.801,3.772,3.82,0
141.58333,3.801,3.788,3.824,0
141.61667,3.798,3.747,3.824,0
141.65,3.806,3.785,3.817,0
141.68333,3.7995,3.769,3.814,0
141.71667,3.798,3.753,3.817,0
141.75,3.7995,3.782,3.811,0
141.78333,3.798,3.731,3.811,0
141.81667,3.798,3.779,3.811,0
141.85,3.806,3.772,3.827,0
141.88333,3.798,3.763,3.817,0
141.91667,3.798,3.792,3.817,0
141.95,3.806,3.782,3.82,0
141.98333,3.7995,3.718,3.824,0
142.01667,3.798,3.779,3.814,0
142.05,3.795,3.724,3.817,0
142.08333,3.798,3.776,3.82,0
142.11667,3.804,3.782,3.824,0
142.15,3.792,3.756,3.817,0
142.18333,3.798,3.772,3.814,0
142.21667,3.7995,3.763,3.817,0
142.25,3.801,3.744,3.811,0
142.28333,3.801,3.776,3.824,0
142.31667,3.798,3.753,3.82,0
142.35,3.798,3.779,3.811,0
142.38333,3.804,3.785,3.824,0
142.41667,3.798,3.756,3.82,0
142.45,3.804,3.785,3.808,0
142.65,3.7775,3.766,3.798,1
142.68333,3.776,3.705,3.795,1
142.71667,3.779,3.76,3.792,1
142.75,3.785,3.772,3.795,1
142.78333,3.785,3.766,3.798,1
142.81667,3.782,3.772,3.792,1
142.85,3.782,3.705,3.792,1
142.88333,3.776,3.718,3.788,1
142.91667,3.769,3.756,3.792,1
142.95,3.779,3.756,3.792,1
142.98333,3.782,3.747,3.801,1
143.01667,3.779,3.756,3.824,1
143.05,3.769,3.705,3.785,0
143.08333,3.776,3.763,3.785,0
143.11667,3.772,3.756,3.785,0
143.15,3.772,3.756,3.785,0
143.18333,3.774,3.763,3.785,0
143.21667,3.7675,3.686,3.785,0
143.25,3.769,3.753,3.801,0
143.28333,3.776,3.747,3.785,0
143.31667,3.769,3.753,3.888,0
143.35,3.772,3.766,3.785,0
143.38333,3.7705,3.689,3.785,0
143.41667,3.769,3.753,3.785,0
143.45,3.769,3.76,3.776,0
143.48333,3.772,3.75,3.801,0
143.51667,3.763,3.74,3.785,0
143.55,3.769,3.712,3.798,0
143.58333,3.776,3.584,3.785,0
143.61667,3.772,3.75,3.785,0
143.65,3.769,3.75,3.785,0
143.68333,3.769,3.753,3.785,0
143.71667,3.769,3.708,3.782,0
143.75,3.766,3.756,3.782,0
143.78333,3.763,3.75,3.782,0
143.81667,3.76,3.74,3.785,0
143.85,3.769,3.747,3.782,0
143.88333,3.769,3.747,3.779,0
143.91667,3.763,3.699,3.782,0
143.95,3.772,3.753,3.785,0
143.98333,3.7675,3.76,3.779,0
144.01667,3.766,3.747,3.782,0
144.05,3.7645,3.734,3.769,0
144.08333,3.76,3.686,3.782,0
144.11667,3.763,3.74,3.785,0
144.15,3.769,3.734,3.782,0
144.18333,3.769,3.734,3.785,0
144.21667,3.766,3.75,3.782,0
144.25,3.7675,3.683,3.792,0
144.28333,3.7675,3.756,3.792,0
144.31667,3.756,3.747,3.782,0
144.35,3.763,3.75,3.804,0
144.38333,3.76,3.731,3.769,0
144.41667,3.766,3.692,3.782,0
144.45,3.7675,3.734,3.779,0
144.48333,3.7615,3.75,3.769,0
144.51667,3.769,3.753,3.776,0
144.55,3.7645,3.75,3.769,0
144.58333,3.76,3.696,3.769,0
144.61667,3.766,3.747,3.776,0
144.65,3.763,3.75,3.766,0
144.68333,3.756,3.737,3.779,0
144.71667,3.766,3.744,3.779,0
144.75,3.76,3.744,3.779,0
144.78333,3.763,3.702,3.772,0
144.81667,3.763,3.74,3.772,0
144.85,3.76,3.747,3.772,0
144.88333,3.766,3.747,3.772,0
144.91667,3.76,3.75,3.772,0
144.95,3.756,3.692,3.769,0
144.98333,3.763,3.737,3.772,0
145.01667,3.763,3.74,3.776,0
145.05,3.763,3.734,3.776,0
145.08333,3.7615,3.75,3.776,0
145.11667,3.756,3.696,3.769,0
145.15,3.7615,3.75,3.772,0
145.18333,3.7615,3.728,3.769,0
145.21667,3.76,3.744,3.769,0
145.25,3.75,3.744,3.769,0
145.28333,3.76,3.699,3.782,0
145.31667,3.7675,3.718,3.782,0
145.35,3.763,3.715,3.772,0
145.38333,3.76,3.744,3.782,0
145.41667,3.76,3.747,3.772,0
145.45,3.7595,3.699,3.785,0
145.48333,3.763,3.744,3.772,0
145.51667,3.756,3.75,3.766,0
145.55,3.753,3.734,3.779,0
145.58333,3.763,3.715,3.772,0
145.61667,3.756,3.667,3.772,0
145.65,3.763,3.75,3.772,0
145.68333,3.756,3.74,3.776,0
145.71667,3.7615,3.744,3.776,0
145.75,3.76,3.75,3.811,0
145.78333,3.756,3.664,3.769,0
145.81667,3.7545,3.689,3.766,0
145.85,3.76,3.74,3.779,0
145.88333,3.7615,3.734,3.776,0
145.91667,3.76,3.731,3.782,0
145.95,3.758,3.737,3.769,0
145.98333,3.756,3.68,3.766,0
146.01667,3.7615,3.74,3.769,0
146.05,3.758,3.75,3.769,0
146.08333,3.756,3.747,3.766,0
146.11667,3.75,3.737,3.772,0
146.15,3.756,3.689,3.769,0
146.18333,3.7615,3.734,3.769,0
146.21667,3.76,3.74,3.776,0
146.25,3.756,3.747,3.769,0
146.28333,3.758,3.747,3.769,0
146.31667,3.753,3.673,3.766,0
146.35,3.756,3.747,3.769,0
146.38333,3.75,3.731,3.769,0
146.41667,3.7515,3.744,3.769,0
146.45,3.76,3.744,3.772,0
146.48333,3.7545,3.699,3.769,0
146.51667,3.75,3.747,3.769,0
146.55,3.756,3.75,3.766,0
146.58333,3.756,3.74,3.769,0
146.61667,3.756,3.747,3.769,0
146.65,3.756,3.696,3.792,0
146.68333,3.747,3.689,3.769,0
146.71667,3.758,3.731,3.769,0
146.75,3.76,3.724,3.808,0
146.78333,3.756,3.584,3.769,0
146.81667,3.758,3.75,3.769,0
146.85,3.75,3.683,3.769,0
146.88333,3.76,3.747,3.766,0
146.91667,3.756,3.74,3.766,0
146.95,3.7515,3.74,3.766,0
146.98333,3.75,3.737,3.772,0
147.01667,3.758,3.689,3.772,0
147.05,3.756,3.728,3.769,0
147.08333,3.7545,3.734,3.769,0
147.11667,3.756,3.737,3.769,0
147.15,3.756,3.744,3.769,0
147.18333,3.75,3.673,3.769,0
147.21667,3.75,3.737,3.766,0
147.25,3.75,3.737,3.779,0
147.28333,3.756,3.731,3.785,0
147.31667,3.756,3.734,3.772,0
147.35,3.753,3.676,3.772,0
147.38333,3.7515,3.74,3.769,0
147.41667,3.747,3.635,3.769,0
147.45,3.664,3.651,3.676,0
147.48333,3.667,3.651,3.676,0
147.51667,3.664,3.552,3.68,0
147.55,3.6585,3.638,3.696,0
147.58333,3.6795,3.648,3.696,0
147.61667,3.689,3.66,3.708,0
147.65,3.6745,3.635,3.686,0
147.68333,3.676,3.58,3.689,0
147.71667,3.6715,3.571,3.683,0
147.75,3.676,3.657,3.689,0
147.78333,3.673,3.66,3.686,0
147.81667,3.67,3.651,3.686,0
147.85,3.6745,3.644,3.689,0
147.88333,3.68,3.564,3.696,0
147.91667,3.683,3.638,3.692,0
147.95,3.676,3.664,3.689,0
147.98333,3.676,3.654,3.689,0
148.01667,3.676,3.66,3.689,0
148.05,3.68,3.574,3.689,0
148.08333,3.68,3.66,3.689,0
148.11667,3.664,3.651,3.689,0
148.15,3.6815,3.635,3.699,0
148.18333,3.686,3.654,3.702,0
148.21667,3.689,3.577,3.705,0
148.25,3.68,3.667,3.699,0
148.28333,3.68,3.664,3.689,0
148.31667,3.68,3.664,3.692,0
148.35,3.6815,3.667,3.692,0
148.38333,3.676,3.638,3.699,0
148.41667,3.676,3.577,3.705,0
148.45,3.6925,3.664,3.708,0
148.48333,3.689,3.654,3.705,0
148.51667,3.68,3.638,3.689,0
148.55,3.6815,3.676,3.696,0
148.58333,3.68,3.584,3.699,0
148.61667,3.6845,3.664,3.696,0
148.65,3.686,3.667,3.699,0
148.68333,3.6745,3.651,3.692,0
148.71667,3.676,3.657,3.699,0
148.75,3.6845,3.593,3.712,0
148.78333,3.689,3.651,3.705,0
148.81667,3.6905,3.676,3.763,0
148.85,3.75,3.747,3.76,0
148.88333,3.75,3.734,3.76,0
148.91667,3.75,3.676,3.76,0
148.95,3.75,3.718,3.763,0
148.98333,3.75,3.731,3.772,0
149.01667,3.75,3.74,3.766,0
149.05,3.7515,3.731,3.763,0
149.08333,3.75,3.683,3.763,0
149.11667,3.756,3.744,3.766,0
149.15,3.75,3.737,3.756,0
149.18333,3.75,3.712,3.772,0
149.21667,3.758,3.718,3.769,1
149.25,3.747,3.676,3.769,1
149.28333,3.756,3.74,3.763,0
149.31667,3.75,3.737,3.76,0
149.35,3.75,3.737,3.76,0
149.38333,3.75,3.734,3.766,0
149.41667,3.75,3.683,3.763,0
149.45,3.744,3.734,3.756,0
149.48333,3.75,3.724,3.756,0
149.51667,3.756,3.734,3.763,0
149.55,3.75,3.715,3.766,0
149.58333,3.75,3.734,3.766,0
149.61667,3.75,3.683,3.769,0
149.65,3.75,3.734,3.763,0
149.68333,3.75,3.74,3.769,0
149.71667,3.75,3.724,3.76,0
149.75,3.744,3.708,3.76,0
149.78333,3.75,3.664,3.766,0
149.81667,3.753,3.731,3.766,0
149.85,3.7485,3.728,3.769,0
149.88333,3.758,3.744,3.782,0
149.91667,3.75,3.731,3.782,0
149.95,3.747,3.673,3.763,0
149.98333,3.747,3.731,3.756,0
150.01667,3.744,3.731,3.763,0
150.05,3.75,3.731,3.766,0
150.08333,3.753,3.728,3.763,0
150.11667,3.75,3.683,3.769,0
150.15,3.747,3.731,3.76,0
150.18333,3.747,3.721,3.763,0
150.21667,3.7485,3.744,3.763,0
150.25,3.75,3.731,3.756,0
150.28333,3.7485,3.664,3.76,0
150.31667,3.742,3.724,3.776,0
150.35,3.75,3.718,3.763,0
150.38333,3.7545,3.731,3.763,0
150.41667,3.75,3.737,3.936,0
150.45,3.7455,3.683,3.76,0
150.48333,3.75,3.731,3.763,0
150.51667,3.75,3.724,3.766,0
150.55,3.75,3.734,3.763,0
150.58333,3.7455,3.737,3.76,0
150.61667,3.744,3.699,3.763,0
150.65,3.7545,3.612,3.766,0
150.68333,3.753,3.728,3.772,0
150.71667,3.75,3.708,3.756,0
150.75,3.747,3.734,3.766,0
150.78333,3.75,3.734,3.763,0
150.81667,3.75,3.689,3.763,0
150.85,3.75,3.737,3.76,0
150.88333,3.744,3.721,3.76,0
150.91667,3.744,3.728,3.756,0
150.95,3.75,3.721,3.763,0
150.98333,3.7455,3.667,3.769,0
151.01667,3.747,3.731,3.756,0
151.05,3.75,3.731,3.756,0
151.08333,3.747,3.731,3.76,0
151.11667,3.7485,3.74,3.763,0
151.15,3.7485,3.683,3.76,0
151.18333,3.744,3.718,3.76,0
151.21667,3.7455,3.731,3.763,0
151.25,3.747,3.734,3.763,0
151.28333,3.75,3.734,3.766,0
151.31667,3.744,3.731,3.76,0
151.35,3.747,3.686,3.756,0
151.38333,3.747,3.74,3.756,0
151.41667,3.7485,3.734,3.76,0
151.45,3.744,3.731,3.76,0
151.48333,3.744,3.731,3.763,0
151.51667,3.75,3.673,3.763,0
151.55,3.75,3.721,3.769,0
151.58333,3.7455,3.737,3.769,0
151.61667,3.75,3.737,3.76,0
151.65,3.75,3.74,3.763,0
151.68333,3.75,3.676,3.76,0
151.71667,3.747,3.731,3.763,0
151.75,3.744,3.724,3.756,0
151.78333,3.75,3.731,3.766,0
151.81667,3.75,3.731,3.769,0
151.85,3.75,3.68,3.763,0
151.88333,3.747,3.74,3.76,0
151.91667,3.7485,3.731,3.756,0
151.95,3.747,3.731,3.763,0
151.98333,3.7485,3.734,3.756,0
152.01667,3.744,3.676,3.776,0
152.05,3.74,3.67,3.766,0
152.08333,3.7455,3.523,3.772,0
152.11667,3.747,3.718,3.766,0
152.15,3.744,3.731,3.756,0
152.18333,3.75,3.731,3.756,0
152.21667,3.744,3.683,3.756,0
152.25,3.7485,3.74,3.76,0
152.28333,3.75,3.718,3.76,0
152.31667,3.744,3.731,3.76,0
152.35,3.744,3.712,3.776,0
152.38333,3.747,3.673,3.766,0
152.41667,3.756,3.718,3.785,0
152.45,3.75,3.734,3.769,0
152.48333,3.744,3.737,3.763,0
152.51667,3.747,3.74,3.756,0
152.55,3.747,3.676,3.756,0
152.58333,3.744,3.731,3.763,0
152.61667,3.744,3.718,3.756,0
152.65,3.75,3.731,3.769,0
152.68333,3.744,3.731,3.76,0
152.71667,3.744,3.673,3.756,0
152.75,3.747,3.737,3.756,0
152.78333,3.747,3.737,3.76,0
152.81667,3.744,3.728,3.756,0
152.85,3.744,3.734,3.756,0
152.88333,3.744,3.673,3.76,0
152.91667,3.744,3.673,3.76,0
152.95,3.7485,3.718,3.76,0
152.98333,3.747,3.728,3.766,0
153.01667,3.744,3.731,3.756,0
153.05,3.744,3.737,3.753,0
153.08333,3.742,3.683,3.756,0
153.11667,3.7455,3.734,3.75,0
153.15,3.75,3.731,3.769,0
153.18333,3.74,3.718,3.763,0
153.21667,3.747,3.731,3.756,0
153.25,3.7455,3.689,3.76,0
153.28333,3.744,3.718,3.76,0
153.31667,3.744,3.728,3.756,0
153.35,3.744,3.734,3.753,0
153.38333,3.7455,3.737,3.756,0
153.41667,3.747,3.676,3.756,0
153.45,3.74,3.724,3.75,0
153.48333,3.7455,3.718,3.763,0
153.51667,3.75,3.731,3.763,0
153.55,3.75,3.718,3.92,0
153.58333,3.7455,3.673,3.756,0
153.61667,3.744,3.737,3.763,0
153.65,3.744,3.731,3.756,0
153.68333,3.744,3.731,3.756,0
153.71667,3.747,3.724,3.766,0
153.75,3.734,3.667,3.76,0
153.78333,3.744,3.718,3.756,0
153.81667,3.75,3.728,3.763,0
153.85,3.744,3.724,3.763,0
153.88333,3.744,3.731,3.763,0
153.91667,3.744,3.734,3.756,0
153.95,3.744,3.689,3.75,0
153.98333,3.75,3.74,3.756,0
154.01667,3.74,3.724,3.766,0
154.05,3.744,3.728,3.756,0
154.08333,3.7435,3.667,3.76,0
154.11667,3.737,3.683,3.756,0
154.15,3.744,3.731,3.756,0
154.18333,3.744,3.734,3.75,0
154.21667,3.744,3.731,3.756,0
154.25,3.744,3.728,3.756,0
154.28333,3.744,3.667,3.75,0
154.31667,3.742,3.721,3.782,0
154.35,3.7455,3.721,3.763,0
154.38333,3.7455,3.705,3.76,0
154.41667,3.74,3.731,3.763,0
154.45,3.744,3.667,3.753,0
154.48333,3.744,3.728,3.756,0
154.51667,3.744,3.731,3.75,0
154.55,3.744,3.731,3.753,0
154.58333,3.744,3.728,3.756,0
154.61667,3.74,3.66,3.756,0
154.65,3.747,3.728,3.763,0
154.68333,3.744,3.724,3.76,0
154.71667,3.744,3.731,3.756,0
154.75,3.744,3.724,3.756,0
154.78333,3.744,3.708,3.756,0
154.81667,3.7385,3.68,3.753,0
154.85,3.744,3.731,3.756,0
154.88333,3.737,3.708,3.75,0
154.91667,3.75,3.705,3.76,0
154.95,3.747,3.708,3.76,0
154.98333,3.744,3.664,3.76,0
155.01667,3.744,3.731,3.756,0
155.05,3.744,3.734,3.756,0
155.08333,3.744,3.712,3.756,0
155.11667,3.744,3.718,3.756,0
155.15,3.74,3.676,3.76,0
155.18333,3.744,3.718,3.756,0
155.21667,3.747,3.728,3.76,0
155.25,3.7615,3.715,3.792,0
155.28333,3.744,3.737,3.756,0
155.31667,3.744,3.676,3.756,0
155.35,3.744,3.731,3.756,0
155.38333,3.744,3.731,3.76,0
155.41667,3.747,3.737,3.756,0
155.45,3.74,3.708,3.753,0
155.48333,3.7385,3.66,3.76,0
155.51667,3.7485,3.715,3.763,0
155.55,3.747,3.728,3.766,0
155.58333,3.747,3.731,3.76,0
155.61667,3.744,3.734,3.756,0
155.65,3.742,3.676,3.756,0
155.68333,3.744,3.731,3.75,0
155.71667,3.744,3.718,3.76,0
155.75,3.742,3.731,3.792,0
155.78333,3.75,3.721,3.76,0
155.81667,3.747,3.68,3.76,0
155.85,3.744,3.731,3.756,0
155.88333,3.744,3.737,3.75,0
155.91667,3.744,3.728,3.756,0
155.95,3.74,3.721,3.756,0
155.98333,3.744,3.731,3.75,0
156.01667,3.737,3.664,3.76,0
156.05,3.744,3.712,3.756,0
156.08333,3.75,3.718,3.76,0
156.11667,3.744,3.724,3.776,0
156.15,3.747,3.731,3.756,0
156.18333,3.74,3.676,3.75,0
156.21667,3.744,3.728,3.756,0
156.25,3.744,3.724,3.756,0
156.28333,3.7385,3.718,3.76,0
156.31667,3.737,3.721,4.409,0
156.35,3.742,3.67,3.76,0
156.38333,3.747,3.721,3.756,0
156.41667,3.747,3.731,3.756,0
156.45,3.744,3.731,3.753,0
156.48333,3.744,3.728,3.766,0
156.51667,3.744,3.664,3.75,0
156.55,3.744,3.731,3.753,0
156.58333,3.737,3.718,3.756,0
156.61667,3.744,3.731,3.875,0
156.65,3.747,3.718,3.769,0
156.68333,3.744,3.664,3.763,0
156.71667,3.744,3.731,3.756,0
156.75,3.744,3.731,3.756,0
156.78333,3.744,3.731,3.779,0
156.81667,3.74,3.724,3.756,0
156.85,3.74,3.664,3.769,0
156.88333,3.74,3.715,3.769,0
156.91667,3.747,3.724,3.763,0
156.95,3.7455,3.712,3.76,0
156.98333,3.74,3.724,3.788,0
157.01667,3.744,3.731,3.75,0
157.05,3.744,3.68,3.756,0
157.08333,3.744,3.724,3.76,0
157.11667,3.744,3.728,3.756,0
157.15,3.7385,3.718,3.75,0
157.18333,3.744,3.728,3.782,0
157.21667,3.744,3.686,3.756,0
157.25,3.747,3.712,3.763,0
157.28333,3.744,3.728,3.756,0
157.31667,3.744,3.731,3.75,0
157.35,3.74,3.731,3.75,0
157.38333,3.74,3.66,3.756,0
157.41667,3.7385,3.721,3.756,0
157.45,3.7355,3.715,3.747,0
157.48333,3.747,3.728,3.753,0
157.51667,3.744,3.731,3.756,0
157.55,3.74,3.667,3.75,0
157.58333,3.744,3.728,3.75,0
157.61667,3.74,3.724,3.75,0
157.65,3.744,3.731,3.75,0
157.68333,3.744,3.731,3.756,0
157.71667,3.7355,3.673,3.75,0
157.75,3.744,3.721,3.756,0
157.78333,3.7485,3.718,3.766,0
157.81667,3.7485,3.712,3.76,0
157.85,3.744,3.734,3.75,0
157.88333,3.744,3.734,3.75,0
157.91667,3.744,3.67,3.756,0
157.95,3.744,3.728,3.75,0
157.98333,3.742,3.731,3.76,0
158.01667,3.737,3.718,3.76,0
158.05,3.744,3.718,3.769,0
158.08333,3.744,3.686,3.756,0
158.11667,3.747,3.724,3.756,0
158.15,3.744,3.734,3.753,0
158.18333,3.744,3.728,3.756,0
158.21667,3.74,3.708,3.753,0
158.25,3.744,3.664,3.76,0
158.28333,3.74,3.718,3.75,0
158.31667,3.7385,3.728,3.747,0
158.35,3.744,3.721,3.763,0
158.38333,3.747,3.724,3.756,0
158.41667,3.742,3.66,3.75,0
158.45,3.744,3.721,3.756,0
158.48333,3.744,3.731,3.75,0
158.51667,3.744,3.731,3.756,0
158.55,3.74,3.721,3.75,0
158.58333,3.737,3.667,3.76,0
158.61667,3.744,3.724,3.756,0
158.65,3.744,3.728,3.75,0
158.68333,3.742,3.715,3.76,0
158.71667,3.744,3.731,3.756,0
158.75,3.744,3.673,3.753,0
158.78333,3.744,3.731,3.76,0
158.81667,3.744,3.734,3.75,0
158.85,3.747,3.718,3.75,0
158.88333,3.737,3.724,3.75,0
158.91667,3.744,3.724,3.766,0
158.95,3.74,3.667,3.756,0
158.98333,3.74,3.718,3.76,0
159.01667,3.744,3.731,3.753,0
159.05,3.744,3.734,3.75,0
159.08333,3.744,3.721,3.753,0
159.11667,3.74,3.676,3.753,0
159.15,3.737,3.728,3.753,0
159.18333,3.74,3.718,3.75,0
159.21667,3.744,3.728,3.756,0
159.25,3.744,3.731,3.756,0
159.28333,3.74,3.667,3.756,0
159.31667,3.744,3.731,3.756,0
159.35,3.744,3.724,3.75,0
159.38333,3.744,3.728,3.75,0
159.41667,3.744,3.731,3.75,0
159.45,3.737,3.66,3.75,0
159.48333,3.744,3.715,3.756,0
159.51667,3.747,3.721,3.76,0
159.55,3.744,3.721,3.756,0
159.58333,3.744,3.734,3.76,0
159.61667,3.742,3.676,3.75,0
159.65,3.744,3.686,3.75,0
159.68333,3.744,3.728,3.75,0
159.71667,3.7385,3.728,3.75,0
159.75,3.731,3.718,3.756,0
159.78333,3.747,3.718,3.756,0
159.81667,3.744,3.664,3.756,0
159.85,3.742,3.712,3.756,0
159.88333,3.744,3.731,3.756,0
159.91667,3.744,3.731,3.753,0
159.95,3.737,3.718,3.75,0
159.98333,3.737,3.667,3.747,0
160.01667,3.734,3.712,3.75,0
160.05,3.74,3.718,3.747,0
160.08333,3.744,3.728,3.76,0
160.11667,3.74,3.715,3.756,0
160.15,3.74,3.68,3.75,0
160.18333,3.74,3.728,3.75,0
160.21667,3.737,3.728,3.75,0
160.25,3.74,3.721,3.753,0
160.28333,3.744,3.718,3.75,0
160.31667,3.731,3.664,3.747,0
160.35,3.74,3.718,3.75,0
160.38333,3.747,3.718,3.756,0
160.41667,3.744,3.712,3.76,0
160.45,3.742,3.728,3.75,0
160.48333,3.74,3.625,3.756,0
160.51667,3.74,3.731,3.753,0
160.55,3.74,3.728,3.753,0
160.58333,3.744,3.692,3.756,0
160.61667,3.731,3.724,3.747,0
160.65,3.744,3.651,3.756,0
160.68333,3.74,3.715,3.756,0
160.71667,3.74,3.718,3.756,0
160.75,3.74,3.718,3.756,0
160.78333,3.74,3.731,3.75,0
160.81667,3.737,3.721,3.75,0
160.85,3.731,3.68,3.744,0
160.88333,3.74,3.715,3.756,0
160.91667,3.737,3.724,3.75,0
160.95,3.744,3.718,3.75,0
160.98333,3.744,3.721,3.76,0
161.01667,3.74,3.676,3.75,0
161.05,3.742,3.721,3.75,0
161.08333,3.74,3.731,3.75,0
161.11667,3.742,3.728,3.75,0
161.15,3.7385,3.721,3.756,0
161.18333,3.734,3.66,3.75,0
161.21667,3.737,3.712,3.747,0
161.25,3.744,3.728,3.753,0
161.28333,3.744,3.718,3.75,0
161.31667,3.742,3.734,3.75,0
161.35,3.74,3.664,3.75,0
161.38333,3.74,3.731,3.747,0
161.41667,3.7385,3.728,3.75,0
161.45,3.74,3.721,3.76,0
161.48333,3.734,3.715,3.747,0
161.51667,3.74,3.676,3.75,0
161.55,3.7385,3.715,3.75,0
161.58333,3.744,3.724,3.75,0
161.61667,3.74,3.731,3.756,0
161.65,3.742,3.731,3.756,0
161.68333,3.7355,3.664,3.75,0
161.71667,3.74,3.721,3.75,0
161.75,3.737,3.718,3.75,0
161.78333,3.734,3.708,3.747,0
161.81667,3.744,3.718,3.756,0
161.85,3.74,3.718,3.756,0
161.88333,3.737,3.644,3.75,0
161.91667,3.744,3.718,3.747,0
161.95,3.74,3.728,3.75,0
161.98333,3.74,3.731,3.75,0
162.01667,3.74,3.718,3.75,0
162.05,3.7325,3.654,3.75,0
162.08333,3.7385,3.718,3.747,0
162.11667,3.744,3.721,3.753,0
162.15,3.744,3.712,3.756,0
162.18333,3.7405,3.731,3.753,0
162.21667,3.734,3.673,3.747,0
162.25,3.7385,3.728,3.75,0
162.28333,3.74,3.708,3.753,0
162.31667,3.737,3.728,3.75,0
162.35,3.734,3.718,3.75,0
162.38333,3.731,3.648,3.75,0
162.41667,3.744,3.718,3.756,0
162.45,3.744,3.728,3.753,0
162.48333,3.737,3.731,3.75,0
162.51667,3.737,3.731,3.75,0
162.55,3.74,3.667,3.747,0
162.58333,3.737,3.734,3.75,0
162.61667,3.737,3.715,3.747,0
162.65,3.734,3.718,3.747,0
162.68333,3.744,3.708,3.756,0
162.71667,3.74,3.68,3.75,0
162.75,3.737,3.664,3.75,0
162.78333,3.742,3.731,3.75,0
162.81667,3.7385,3.728,3.747,0
162.85,3.737,3.718,3.75,0
162.88333,3.74,3.721,3.75,0
162.91667,3.731,3.67,3.747,0
162.95,3.734,3.718,3.747,0
162.98333,3.737,3.718,3.75,0
163.01667,3.744,3.712,3.75,0
163.05,3.737,3.724,3.75,0
163.08333,3.7385,3.676,3.75,0
163.11667,3.74,3.708,3.747,0
163.15,3.7355,3.728,3.747,0
163.18333,3.74,3.731,3.75,0
163.21667,3.731,3.721,3.74,0
163.25,3.731,3.676,3.756,0
163.28333,3.74,3.724,3.747,0
163.31667,3.74,3.718,3.75,0
163.35,3.731,3.731,3.747,0
163.38333,3.74,3.731,3.747,0
163.41667,3.7355,3.66,3.75,0
163.45,3.737,3.724,3.747,0
163.48333,3.731,3.712,3.747,0
163.51667,3.731,3.718,3.744,0
163.55,3.744,3.718,3.756,0
163.58333,3.74,3.667,3.769,0
163.61667,3.7295,3.718,3.75,0
163.65,3.737,3.731,3.766,0
163.68333,3.737,3.728,3.75,0
163.71667,3.734,3.718,3.744,0
163.75,3.737,3.66,3.75,0
163.78333,3.731,3.702,3.744,0
163.81667,3.7325,3.715,3.756,0
163.85,3.744,3.718,3.75,0
163.88333,3.737,3.644,3.747,0
163.91667,3.734,3.724,3.744,0
163.95,3.731,3.667,3.744,0
163.98333,3.737,3.724,3.744,0
164.01667,3.734,3.721,3.744,0
164.05,3.737,3.731,3.744,0
164.08333,3.734,3.705,3.744,0
164.11667,3.731,3.664,3.75,0
164.15,3.731,3.686,3.747,0
164.18333,3.737,3.712,3.756,0
164.21667,3.737,3.728,3.75,0
164.25,3.7385,3.731,3.753,0
164.28333,3.731,3.673,3.75,0
164.31667,3.7385,3.705,3.744,0
164.35,3.734,3.712,3.747,0
164.38333,3.731,3.718,3.74,0
164.41667,3.74,3.718,3.75,0
164.45,3.7405,3.673,4.227,0
164.48333,3.734,3.712,3.747,0
164.51667,3.74,3.718,3.763,0
164.55,3.734,3.718,3.744,0
164.58333,3.7355,3.724,3.747,0
164.61667,3.734,3.664,3.747,0
164.65,3.731,3.718,3.756,0
164.68333,3.7355,3.705,3.744,0
164.71667,3.744,3.718,3.75,0
164.75,3.74,3.718,3.76,0
164.78333,3.737,3.654,3.75,0
164.81667,3.74,3.728,3.75,0
164.85,3.737,3.724,3.744,0
164.88333,3.7355,3.728,3.744,0
164.91667,3.7385,3.718,3.756,0
164.95,3.724,3.664,3.753,0
164.98333,3.74,3.6,3.747,0
165.01667,3.74,3.715,3.75,0
165.05,3.734,3.715,3.756,0
165.08333,3.7355,3.728,3.753,0
165.11667,3.734,3.718,3.744,0
165.15,3.731,3.673,3.744,0
165.18333,3.737,3.718,3.744,0
165.21667,3.731,3.715,3.744,0
165.25,3.7325,3.718,3.744,0
165.28333,3.7385,3.718,3.75,0
165.31667,3.731,3.667,3.747,0
165.35,3.734,3.718,3.744,0
165.38333,3.737,3.718,3.75,0
165.41667,3.737,3.718,3.744,0
165.45,3.734,3.718,3.747,0
165.48333,3.737,3.657,3.744,0
165.51667,3.731,3.718,3.737,0
165.55,3.7325,3.708,3.75,0
165.58333,3.737,3.712,3.788,0
165.61667,3.7355,3.721,3.753,0
165.65,3.7325,3.67,3.744,0
165.68333,3.731,3.718,3.747,0
165.71667,3.734,3.724,3.744,0
165.75,3.734,3.721,3.747,0
165.78333,3.731,3.708,3.75,0
165.81667,3.7295,3.712,3.734,0
165.85,3.7355,3.676,3.747,0
165.88333,3.742,3.705,3.75,0
165.91667,3.734,3.708,3.747,0
165.95,3.737,3.728,3.744,0
165.98333,3.734,3.718,3.75,0
166.01667,3.731,3.667,3.744,0
166.05,3.7355,3.721,3.753,0
166.08333,3.731,3.712,3.756,0
166.11667,3.731,3.705,3.744,0
166.15,3.7385,3.705,4.08,0
166.18333,3.734,3.657,3.75,0
166.21667,3.731,3.718,3.744,0
166.25,3.737,3.721,3.744,0
166.28333,3.737,3.718,3.744,0
166.31667,3.7355,3.728,3.75,0
166.35,3.734,3.673,3.744,0
166.38333,3.7295,3.699,3.747,0
166.41667,3.7385,3.705,3.744,0
166.45,3.731,3.718,3.747,0
166.48333,3.7355,3.705,3.747,0
166.51667,3.734,3.651,3.74,0
166.55,3.734,3.724,3.744,0
166.58333,3.737,3.721,3.744,0
166.61667,3.737,3.724,3.747,0
166.65,3.731,3.718,3.744,0
166.68333,3.721,3.664,3.747,0
166.71667,3.731,3.715,3.753,0
166.75,3.737,3.705,3.756,0
166.78333,3.7325,3.718,3.747,0
166.81667,3.734,3.718,3.74,0
166.85,3.734,3.664,3.744,0
166.88333,3.731,3.696,3.747,0
166.91667,3.7325,3.715,3.747,0
166.95,3.731,3.715,3.744,0
166.98333,3.731,3.699,3.744,0
167.01667,3.7385,3.708,3.75,0
167.05,3.731,3.654,3.75,0
167.08333,3.7355,3.718,3.747,0
167.11667,3.7355,3.721,3.747,0
167.15,3.734,3.718,3.744,0
167.18333,3.731,3.715,3.74,0
167.21667,3.731,3.664,3.74,0
167.25,3.728,3.715,3.74,0
167.28333,3.7355,3.724,3.747,0
167.31667,3.737,3.712,3.753,0
167.35,3.734,3.724,3.747,0
167.38333,3.731,3.676,3.747,0
167.41667,3.731,3.718,3.744,0
167.45,3.734,3.721,3.744,0
167.48333,3.7325,3.708,3.744,0
167.51667,3.728,3.702,3.744,0
167.55,3.731,3.657,3.74,0
167.58333,3.7385,3.718,3.987,0
167.61667,3.737,3.689,3.904,0
167.65,3.731,3.718,3.744,0
167.68333,3.731,3.718,3.744,0
167.71667,3.734,3.664,3.747,0
167.75,3.731,3.718,3.744,0
167.78333,3.7325,3.718,3.744,0
167.81667,3.734,3.718,3.744,0
167.85,3.7325,3.721,3.744,0
167.88333,3.734,3.66,3.747,0
167.91667,3.731,3.718,3.744,0
167.95,3.731,3.718,3.75,0
167.98333,3.731,3.724,3.74,0
168.01667,3.724,3.715,3.744,0
168.05,3.7295,3.676,3.75,1
168.08333,3.731,3.664,3.744,1
168.11667,3.737,3.702,3.747,1
168.15,3.7325,3.724,3.744,0
168.18333,3.731,3.715,3.744,0
168.21667,3.731,3.718,3.744,0
168.25,3.731,3.67,3.744,0
168.28333,3.734,3.708,3.747,0
168.31667,3.728,3.715,3.744,0
168.35,3.7355,3.705,3.769,0
168.38333,3.734,3.705,3.74,0
168.41667,3.728,3.683,3.744,0
168.45,3.731,3.718,3.75,0
168.48333,3.734,3.721,3.744,0
168.51667,3.731,3.718,3.74,0
168.55,3.734,3.718,3.744,0
168.58333,3.728,3.66,3.747,0
168.61667,3.731,3.705,3.744,0
168.65,3.731,3.699,3.74,0
168.68333,3.7325,3.718,3.744,0
168.71667,3.731,3.721,3.737,0
168.75,3.728,3.664,3.74,0
168.78333,3.731,3.718,3.744,0
168.81667,3.731,3.718,3.744,0
168.85,3.731,3.721,3.744,0
168.88333,3.721,3.692,3.734,0
168.91667,3.7295,3.664,3.75,0
168.95,3.7325,3.718,3.75,0
168.98333,3.731,3.705,3.744,0
169.01667,3.731,3.715,3.744,0
169.05,3.731,3.715,3.74,0
169.08333,3.731,3.718,3.744,0
169.11667,3.731,3.654,3.74,0
169.15,3.7295,3.708,3.744,0
169.18333,3.724,3.715,3.737,0
169.21667,3.7325,3.708,3.744,0
169.25,3.737,3.699,3.763,0
169.28333,3.731,3.664,3.747,0
169.31667,3.731,3.712,3.737,0
169.35,3.7325,3.718,3.756,0
169.38333,3.734,3.718,3.744,0
169.41667,3.731,3.718,3.744,0
169.45,3.7295,3.657,3.737,0
169.48333,3.724,3.705,3.737,0
169.51667,3.7295,3.705,3.744,0
169.55,3.734,3.705,3.744,0
169.58333,3.731,3.715,3.74,0
169.61667,3.731,3.657,3.744,0
169.65,3.731,3.705,3.744,0
169.68333,3.731,3.712,3.744,0
169.71667,3.731,3.721,3.74,0
169.75,3.724,3.705,3.74,0
169.78333,3.7225,3.657,3.744,0
169.81667,3.737,3.705,3.76,0
169.85,3.737,3.705,3.747,0
169.88333,3.734,3.696,3.75,0
169.91667,3.731,3.718,3.744,0
169.95,3.728,3.664,3.74,0
169.98333,3.7295,3.664,3.74,0
170.01667,3.731,3.712,3.747,0
170.05,3.724,3.708,3.74,0
170.08333,3.737,3.712,3.747,0
170.11667,3.7325,3.705,3.798,0
170.15,3.721,3.638,3.737,0
170.18333,3.731,3.718,3.744,0
170.21667,3.731,3.718,3.766,0
170.25,3.731,3.715,3.744,0
170.28333,3.731,3.689,3.74,0
170.31667,3.724,3.657,3.734,0
170.35,3.731,3.702,3.737,0
170.38333,3.7355,3.708,3.75,0
170.41667,3.734,3.715,3.747,0
170.45,3.728,3.712,3.74,0
170.48333,3.728,3.66,3.737,0
170.51667,3.728,3.718,3.734,0
170.55,3.731,3.712,3.776,0
170.58333,3.731,3.708,3.744,0
170.61667,3.718,3.702,3.737,0
170.65,3.731,3.66,3.75,0
170.68333,3.7295,3.699,3.744,0
170.71667,3.731,3.718,3.737,0
170.75,3.731,3.708,3.744,0
170.78333,3.731,3.721,3.74,0
170.81667,3.721,3.664,3.74,0
170.85,3.731,3.708,3.756,0
170.88333,3.724,3.702,3.747,0
170.91667,3.726,3.705,3.737,0
170.95,3.7325,3.705,3.747,0
170.98333,3.724,3.699,3.744,0
171.01667,3.728,3.664,3.737,0
171.05,3.728,3.715,3.74,0
171.08333,3.731,3.718,3.737,0
171.11667,3.7295,3.718,3.74,0
171.15,3.7275,3.715,3.747,0
171.18333,3.724,3.657,3.756,0
171.21667,3.731,3.715,3.744,0
171.25,3.737,3.708,3.747,0
171.28333,3.731,3.705,3.74,0
171.31667,3.731,3.718,3.744,0
171.35,3.728,3.673,3.737,0
171.38333,3.731,3.718,3.74,0
171.41667,3.728,3.715,3.744,0
171.45,3.7225,3.705,3.756,0
171.48333,3.731,3.696,3.74,0
171.51667,3.731,3.664,3.744,0
171.55,3.731,3.708,3.74,0
171.58333,3.7295,3.715,3.74,0
171.61667,3.728,3.715,3.744,0
171.65,3.728,3.715,3.74,0
171.68333,3.731,3.667,3.737,0
171.71667,3.724,3.66,3.74,0
171.75,3.718,3.696,3.747,0
171.78333,3.731,3.708,3.763,0
171.81667,3.7295,3.532,3.744,0
171.85,3.731,3.699,3.74,0
171.88333,3.7225,3.664,3.734,0
171.91667,3.724,3.708,3.734,0
171.95,3.731,3.718,3.74,0
171.98333,3.728,3.705,3.74,0
172.01667,3.728,3.712,3.74,0
172.05,3.718,3.66,3.734,0
172.08333,3.731,3.558,3.766,0
172.11667,3.728,3.708,3.75,0
172.15,3.728,3.705,3.744,0
172.18333,3.726,3.708,3.737,0
172.21667,3.7225,3.651,3.734,0
172.25,3.7295,3.712,3.744,0
172.28333,3.724,3.715,3.74,0
172.31667,3.724,3.708,3.731,0
172.35,3.731,3.628,3.74,0
172.38333,3.7245,3.657,3.756,0
172.41667,3.728,3.699,3.744,0
172.45,3.728,3.715,3.734,0
172.48333,3.731,3.708,3.737,0
172.51667,3.728,3.718,3.74,0
172.55,3.728,3.644,3.737,0
172.58333,3.724,3.705,3.731,0
172.61667,3.718,3.692,3.734,0
172.65,3.731,3.708,3.744,0
172.68333,3.731,3.712,3.74,0
172.71667,3.724,3.654,3.734,0
172.75,3.728,3.654,3.737,0
172.78333,3.728,3.715,3.734,0
172.81667,3.724,3.708,3.737,0
172.85,3.726,3.708,3.74,0
172.88333,3.724,3.705,3.744,0
172.91667,3.721,3.648,3.734,0
172.95,3.731,3.708,3.74,0
172.98333,3.728,3.702,3.747,0
173.01667,3.724,3.715,3.744,0
173.05,3.728,3.705,3.737,0
173.08333,3.721,3.664,3.731,0
173.11667,3.728,3.712,3.737,0
173.15,3.724,3.696,3.74,0
173.18333,3.718,3.705,3.734,0
173.21667,3.7295,3.702,3.744,0
173.25,3.726,3.459,3.737,0
173.28333,3.731,3.705,3.76,0
173.31667,3.728,3.712,3.75,0
173.35,3.724,3.705,3.744,0
173.38333,3.7295,3.715,3.74,0
173.41667,3.724,3.657,3.74,0
173.45,3.718,3.705,3.756,0
173.48333,3.724,3.708,3.74,0
173.51667,3.7325,3.705,3.74,0
173.55,3.7225,3.692,3.74,0
173.58333,3.728,3.718,3.74,0
173.61667,3.718,3.657,3.74,0
173.65,3.726,3.718,3.734,0
173.68333,3.721,3.708,3.737,0
173.71667,3.721,3.696,3.74,0
173.75,3.7195,3.708,3.744,0
173.78333,3.7295,3.654,3.74,0
173.81667,3.7225,3.705,3.744,0
173.85,3.724,3.696,3.734,0
173.88333,3.724,3.712,3.737,0
173.91667,3.728,3.705,3.737,0
173.95,3.721,3.651,3.734,0
173.98333,3.726,3.708,3.734,0
174.01667,3.718,3.699,3.737,0
174.05,3.718,3.705,3.737,0
174.08333,3.726,3.708,3.744,0
174.11667,3.728,3.657,3.737,0
174.15,3.728,3.712,3.737,0
174.18333,3.724,3.708,3.737,0
174.21667,3.724,3.702,3.734,0
174.25,3.728,3.715,3.74,0
174.28333,3.7225,3.648,3.734,0
174.31667,3.718,3.699,3.737,0
174.35,3.724,3.699,3.734,0
174.38333,3.728,3.705,3.74,0
174.41667,3.721,3.705,3.74,0
174.45,3.724,3.654,3.744,0
174.48333,3.724,3.708,3.75,0
174.51667,3.726,3.689,3.737,0
174.55,3.724,3.712,3.74,0
174.58333,3.7195,3.699,3.731,0
174.61667,3.718,3.657,3.734,0
174.65,3.721,3.657,3.744,0
174.68333,3.731,3.699,3.737,0
174.71667,3.721,3.705,3.737,0
174.75,3.7225,3.715,3.734,0
174.78333,3.724,3.705,3.734,0
174.81667,3.724,3.654,3.737,0
174.85,3.724,3.708,3.74,0
174.88333,3.718,3.699,3.744,0
174.91667,3.728,3.692,3.744,0
174.95,3.724,3.702,3.74,0
174.98333,3.721,3.651,3.737,0
175.01667,3.724,3.712,3.734,0
175.05,3.721,3.705,3.731,0
175.08333,3.721,3.705,3.734,0
175.11667,3.728,3.712,3.737,0
175.15,3.7195,3.657,3.744,0
175.18333,3.718,3.702,3.731,0
175.21667,3.728,3.686,3.74,0
175.25,3.724,3.628,3.74,0
175.28333,3.718,3.702,3.731,0
175.31667,3.7195,3.648,3.731,0
175.35,3.721,3.702,3.731,0
175.38333,3.728,3.712,3.734,0
175.41667,3.721,3.712,3.737,0
175.45,3.718,3.68,3.731,0
175.48333,3.7195,3.088,3.74,0
175.51667,3.728,3.705,3.737,0
175.55,3.721,3.702,3.734,0
175.58333,3.7225,3.712,3.734,0
175.61667,3.718,3.705,3.74,0
175.65,3.721,3.641,3.74,0
175.68333,3.721,3.705,3.731,0
175.71667,3.718,3.705,3.731,0
175.75,3.718,3.699,3.734,0
175.78333,3.724,3.705,3.737,0
175.81667,3.718,3.705,3.731,0
175.85,3.721,3.648,3.737,0
175.88333,3.718,3.715,3.737,0
175.91667,3.718,3.699,3.728,0
175.95,3.718,3.708,3.734,0
175.98333,3.7225,3.705,3.734,0
176.01667,3.7135,3.654,3.724,0
176.05,3.7195,3.705,3.737,0
176.08333,3.7195,3.689,3.74,0
176.11667,3.728,3.699,3.737,0
176.15,3.7195,3.705,3.74,0
176.18333,3.718,3.657,3.728,0
176.21667,3.7225,3.712,3.75,0
176.25,3.718,3.712,3.737,0
176.28333,3.724,3.705,3.731,0
176.31667,3.715,3.708,3.744,0
176.35,3.718,3.667,3.734,0
176.38333,3.724,3.705,3.74,0
176.41667,3.718,3.705,3.731,0
176.45,3.724,3.692,3.734,0
176.48333,3.7225,3.705,3.737,0
176.51667,3.718,3.651,3.731,0
176.55,3.718,3.654,3.731,0
176.58333,3.718,3.696,3.731,0
176.61667,3.718,3.689,3.731,0
176.65,3.726,3.692,3.734,0
176.68333,3.724,3.705,3.74,0
176.71667,3.718,3.657,3.737,0
176.75,3.721,3.708,3.731,0
176.78333,3.721,3.699,3.731,0
176.81667,3.721,3.712,3.731,0
176.85,3.718,3.712,3.731,0
176.88333,3.708,3.638,3.731,0
176.91667,3.724,3.696,3.74,0
176.95,3.721,3.708,3.731,0
176.98333,3.721,3.696,3.734,0
177.01667,3.718,3.705,3.731,0
177.05,3.7195,3.651,3.728,0
177.08333,3.721,3.705,3.731,0
177.11667,3.718,3.705,3.737,0
177.15,3.7195,3.696,3.731,0
177.18333,3.715,3.699,3.724,0
177.21667,3.726,3.628,3.737,0
177.25,3.724,3.689,3.737,0
177.28333,3.718,3.702,3.734,0
177.31667,3.721,3.715,3.731,0
177.35,3.718,3.699,3.728,0
177.38333,3.718,3.651,3.734,0
177.41667,3.718,3.657,3.744,0
177.45,3.712,3.696,3.737,0
177.48333,3.724,3.705,3.734,0
177.51667,3.721,3.705,3.74,0
177.55,3.718,3.692,3.728,0
177.58333,3.7195,3.638,3.734,0
177.61667,3.721,3.708,3.731,0
177.65,3.718,3.705,3.737,0
177.68333,3.718,3.705,3.734,0
177.71667,3.718,3.702,3.731,0
177.75,3.71,3.648,3.724,0
177.78333,3.724,3.696,3.731,0
177.81667,3.7195,3.699,3.731,0
177.85,3.718,3.702,3.728,0
177.88333,3.718,3.705,3.728,0
177.91667,3.712,3.651,3.728,0
177.95,3.718,3.708,3.731,0
177.98333,3.718,3.705,3.731,0
178.01667,3.718,3.689,3.731,0
178.05,3.7165,3.686,3.731,0
178.08333,3.7195,3.638,3.74,0
178.11667,3.7195,3.689,3.734,0
178.15,3.718,3.705,3.724,0
178.18333,3.718,3.705,3.731,0
178.21667,3.7195,3.712,3.731,0
178.25,3.718,3.702,3.728,0
178.28333,3.718,3.638,3.731,0
178.31667,3.718,3.692,3.731,0
178.35,3.7195,3.705,3.731,0
178.38333,3.7225,3.689,3.731,0
178.41667,3.718,3.699,3.731,0
178.45,3.721,3.628,3.728,0
178.48333,3.718,3.708,3.731,0
178.51667,3.7225,3.712,3.731,0
178.55,3.718,3.705,3.731,0
178.58333,3.715,3.699,3.721,0
178.61667,3.7065,3.651,3.731,0
178.65,3.7195,3.705,3.731,0
178.68333,3.721,3.702,3.737,0
178.71667,3.718,3.702,3.731,0
178.75,3.721,3.705,3.731,0
178.78333,3.718,3.657,3.731,0
178.81667,3.718,3.705,3.731,0
178.85,3.718,3.708,3.728,0
178.88333,3.7165,3.699,3.728,0
178.91667,3.715,3.683,3.731,0
178.95,3.7225,3.648,3.737,0
178.98333,3.721,3.696,3.734,0
179.01667,3.721,3.705,3.74,0
179.05,3.718,3.712,3.728,0
179.08333,3.718,3.702,3.728,0
179.11667,3.718,3.644,3.728,0
179.15,3.715,3.702,3.731,0
179.18333,3.718,3.692,3.731,0
179.21667,3.718,3.702,3.731,0
179.25,3.7165,3.696,3.734,0
179.28333,3.718,3.699,3.75,0
179.31667,3.718,3.648,3.721,0
179.35,3.718,3.705,3.724,0
179.38333,3.715,3.705,3.728,0
179.41667,3.718,3.705,3.731,0
179.45,3.712,3.692,3.721,0
179.48333,3.715,3.644,3.731,0
179.51667,3.718,3.689,3.737,0
179.55,3.718,3.689,3.731,0
179.58333,3.718,3.702,3.728,0
179.61667,3.718,3.708,3.728,0
179.65,3.7165,3.638,3.731,0
179.68333,3.718,3.705,3.731,0
179.71667,3.718,3.705,3.728,0
179.75,3.708,3.692,3.721,0
179.78333,3.718,3.18,3.734,0
179.81667,3.718,3.651,3.737,0
179.85,3.715,3.699,3.731,0
179.88333,3.718,3.699,3.744,0
179.91667,3.715,3.692,3.728,0
179.95,3.718,3.702,3.724,0
179.98333,3.718,3.657,3.724,0
180.01667,3.718,3.689,3.728,0
180.05,3.7135,3.699,3.721,0
180.08333,3.721,3.689,3.731,0
180.11667,3.715,3.689,3.731,0
180.15,3.715,3.648,3.731,0
180.18333,3.718,3.648,3.728,0
180.21667,3.7165,3.705,3.724,0
180.25,3.718,3.699,3.731,0
180.28333,3.715,3.702,3.724,0
180.31667,3.712,3.692,3.728,0
180.35,3.712,3.638,3.731,0
180.38333,3.718,3.689,3.731,0
180.41667,3.718,3.696,3.731,0
180.45,3.7165,3.705,3.731,0
180.48333,3.718,3.705,3.724,0
180.51667,3.7135,3.641,3.728,0
180.55,3.715,3.702,3.728,0
180.58333,3.712,3.683,3.728,0
180.61667,3.715,3.702,3.734,0
180.65,3.718,3.689,3.731,0
180.68333,3.712,3.651,3.728,0
180.71667,3.718,3.689,3.721,0
180.75,3.715,3.705,3.724,0
180.78333,3.715,3.696,3.731,0
180.81667,3.7165,3.699,3.728,0
180.85,3.7135,3.651,3.731,0
180.88333,3.708,3.702,3.718,0
180.91667,3.712,3.689,3.724,0
180.95,3.718,3.692,3.728,0
180.98333,3.718,3.689,3.731,0
181.01667,3.708,3.654,3.731,0
181.05,3.718,3.699,3.724,0
181.08333,3.715,3.696,3.724,0
181.11667,3.715,3.696,3.724,0
181.15,3.718,3.696,3.728,0
181.18333,3.7065,3.638,3.75,0
181.21667,3.712,3.504,3.731,0
181.25,3.718,3.696,3.728,0
181.28333,3.718,3.692,3.731,0
181.31667,3.718,3.705,3.731,0
181.35,3.7135,3.702,3.721,0
181.38333,3.718,3.641,3.734,0
181.41667,3.7135,3.705,3.724,0
181.45,3.71,3.689,3.731,0
181.48333,3.7135,3.699,3.718,0
181.51667,3.7165,3.686,3.756,0
181.55,3.718,3.638,3.734,0
181.58333,3.715,3.692,3.728,0
181.61667,3.712,3.696,3.721,0
181.65,3.718,3.705,3.728,0
181.68333,3.715,3.699,3.721,0
181.71667,3.712,3.648,3.724,0
181.75,3.705,3.696,3.721,0
181.78333,3.715,3.686,3.728,0
181.81667,3.718,3.699,3.756,0
181.85,3.715,3.689,3.731,0
181.88333,3.712,3.638,3.728,0
181.91667,3.715,3.689,3.724,0
181.95,3.715,3.699,3.728,0
181.98333,3.718,3.705,3.728,0
182.01667,3.715,3.692,3.721,0
182.05,3.705,3.612,3.718,0
182.08333,3.7165,3.696,3.731,0
182.11667,3.7165,3.689,3.744,0
182.15,3.715,3.689,3.731,0
182.18333,3.715,3.705,3.724,0
182.21667,3.715,3.651,3.718,0
182.25,3.712,3.66,3.744,0
182.28333,3.7165,3.689,3.721,0
182.31667,3.705,3.699,3.718,0
182.35,3.708,3.689,3.731,0
182.38333,3.7135,3.209,3.734,0
182.41667,3.715,3.606,3.731,0
182.45,3.712,3.689,3.718,0
182.48333,3.715,3.702,3.721,0
182.51667,3.71,3.699,3.721,0
182.55,3.7135,3.705,3.721,0
182.58333,3.708,3.648,3.718,0
182.61667,3.712,3.689,3.731,0
182.65,3.71,3.696,3.728,0
182.68333,3.715,3.696,3.728,0
182.71667,3.7135,3.692,3.731,0
182.75,3.715,3.632,3.728,0
182.78333,3.7165,3.696,3.724,0
182.81667,3.712,3.705,3.721,0
182.85,3.708,3.692,3.718,0
182.88333,3.712,3.699,3.728,0
182.91667,3.696,3.638,3.721,0
182.95,3.718,3.67,3.734,0
182.98333,3.715,3.686,3.724,0
183.01667,3.712,3.686,3.718,0
