nvm_seq,flash_page,flash_slot,flash_offset,record_timestamp_ms,gps_lat_deg,gps_lon_deg,gps_alt_m,gps_speed_mps,gps_vel_down_mps,gps_heading_deg,gps_utc_time,gps_num_satellites,gps_fix_type,gps_valid,imu_accel_x_g,imu_accel_y_g,imu_accel_z_g,imu_accel_mag_g,imu_gyro_x_dps,imu_gyro_y_dps,imu_gyro_z_dps,imu_valid,baro_pressure_pa,baro_alt_m,baro_temp_c,baro_valid,i2c_bus_state,batt_voltage_mv,batt_valid,coral_block,coral_valid,record_crc16
0,0,0,0,30417,0.0,0.0,0.0,0.0,0.0,0.0,0,0,0,0,0.0,0.0,0.0,0.0,0.0,0.0,0.0,0,0.0,0.0,0.0,0,0,1657,1,00000000000000000000000000000000,0,0xD000
1,0,1,104,30406,0.0,0.0,0.0,0.0,0.0,0.0,0,0,0,0,0.0,0.0,0.0,0.0,0.0,0.0,0.0,0,0.0,0.0,0.0,0,0,1699,1,00000000000000000000000000000000,0,0x7DCD
2,0,2,208,60478,0.0,0.0,0.0,0.0,0.0,0.0,0,0,0,0,0.0,0.0,0.0,0.0,0.0,0.0,0.0,0,0.0,0.0,0.0,0,0,1648,1,00000000000000000000000000000000,0,0x6508
3,0,3,312,90550,0.0,0.0,0.0,0.0,0.0,0.0,0,0,0,0,0.0,0.0,0.0,0.0,0.0,0.0,0.0,0,0.0,0.0,0.0,0,0,1648,1,00000000000000000000000000000000,0,0x7F24
4,0,4,416,120622,0.0,0.0,0.0,0.0,0.0,0.0,0,0,0,0,0.0,0.0,0.0,0.0,0.0,0.0,0.0,0,0.0,0.0,0.0,0,0,1651,1,00000000000000000000000000000000,0,0x02AE
5,0,5,520,150698,0.0,0.0,0.0,0.0,0.0,0.0,0,0,0,0,0.0,0.0,0.0,0.0,0.0,0.0,0.0,0,0.0,0.0,0.0,0,0,1648,1,00000000000000000000000000000000,0,0x2844
6,0,6,624,30124,0.0,0.0,0.0,0.0,0.0,0.0,0,0,0,0,-0.95751953125,0.125732421875,0.157470703125,0.9784933924674988,-0.7175572514533997,0.6030534505844116,-0.732824444770813,1,95816.0,415.7454833984375,26.520000457763672,1,0,0,1,00000000000000000000000000000000,0,0x7354
7,0,7,728,67447,0.0,0.0,-17.0,0.0,0.0,0.0,133,0,0,0,-0.9501953125,0.129150390625,0.164306640625,0.972906768321991,-0.9007633328437805,0.4122137427330017,-1.0763359069824219,0,95815.0,415.8326721191406,26.559999465942383,1,0,0,1,00000000000000000000000000000000,0,0x35C3
8,0,8,832,38730,0.0,0.0,0.0,0.0,0.0,0.0,0,0,0,0,-0.96533203125,0.144287109375,0.067626953125,0.9783957004547119,-0.8778625726699829,0.7480915784835815,-1.0152671337127686,1,95812.0,416.0969543457031,26.579999923706055,1,0,0,1,00000000000000000000000000000000,0,0x10CE
9,0,9,936,68712,0.0,0.0,-17.0,0.0,0.0,0.0,245,0,0,0,-0.872802734375,0.080322265625,0.413330078125,0.9690603613853455,-1.305343508720398,-1.5572519302368164,-1.496183156967163,1,95813.0,416.009765625,26.559999465942383,1,0,0,1,00000000000000000000000000000000,0,0xE529
10,0,10,1040,98805,0.0,0.0,-17.0,0.0,0.0,0.0,316,0,0,0,-0.94921875,0.130859375,0.151123046875,0.970040500164032,-0.8702290058135986,-0.015267175622284412,-0.9007633328437805,1,95814.0,415.9225769042969,26.639999389648438,1,0,0,1,00000000000000000000000000000000,0,0x5DF5
11,0,11,1144,128851,0.0,0.0,-17.0,0.0,0.0,0.0,346,0,0,0,-0.954345703125,0.134765625,0.12841796875,0.9723315834999084,-0.9847328066825867,0.16030533611774445,-1.038167953491211,1,95814.0,415.9225769042969,26.719999313354492,1,0,0,1,00000000000000000000000000000000,0,0xC846
12,0,12,1248,158902,0.0,0.0,-17.0,0.0,0.0,0.0,416,0,0,0,-0.956298828125,0.138427734375,0.1259765625,0.9744433164596558,-0.9694656729698181,0.007633587811142206,-1.267175555229187,1,95816.0,415.7508239746094,26.770000457763672,1,0,0,1,00000000000000000000000000000000,0,0xDA67
13,0,13,1352,188948,0.0,0.0,-17.0,0.0,0.0,0.0,446,0,0,0,-0.952880859375,0.136474609375,0.1240234375,0.9705612063407898,-0.8320610523223877,0.25190839171409607,-1.0305343866348267,1,95812.0,416.0969543457031,26.760000228881836,1,0,0,1,00000000000000000000000000000000,0,0x4A02
14,0,14,1456,218989,0.0,0.0,-17.0,0.0,0.0,0.0,516,0,0,0,-0.9619140625,0.13916015625,0.120361328125,0.9793523550033569,-1.0839694738388062,-0.25190839171409607,-1.1679389476776123,1,95815.0,415.8380126953125,26.75,1,0,0,1,00000000000000000000000000000000,0,0x59A9
15,0,15,1560,249089,0.0,0.0,-17.0,0.0,0.0,0.0,546,0,0,0,-0.960205078125,0.1357421875,0.122314453125,0.9774357080459595,-0.9541984796524048,0.290076345205307,-1.1145038604736328,0,95814.0,415.9225769042969,26.719999313354492,1,0,0,1,00000000000000000000000000000000,0,0x56F1
16,0,16,1664,279177,0.0,0.0,-17.0,0.0,0.0,0.0,616,0,0,0,-0.955810546875,0.138671875,0.126953125,0.9741256237030029,-0.9541984796524048,0.19847328960895538,-1.0,1,95813.0,416.009765625,26.709999084472656,1,0,0,1,00000000000000000000000000000000,0,0xEA1E
17,0,17,1768,309277,0.0,0.0,-17.0,0.0,0.0,0.0,646,0,0,0,-0.970703125,0.140625,0.12109375,0.9882831573486328,-1.0152671337127686,0.22900763154029846,-1.0534350872039795,1,95815.0,415.8380126953125,26.700000762939453,1,0,0,1,00000000000000000000000000000000,0,0xBCE0
18,0,18,1872,38888,0.0,0.0,0.0,0.0,0.0,0.0,0,0,0,0,-0.95166015625,0.12939453125,0.160888671875,0.9737993478775024,-1.0687023401260376,0.05343511328101158,-1.2519084215164185,1,95819.0,415.4892272949219,26.700000762939453,1,0,0,1,00000000000000000000000000000000,0,0x6F8C
19,1,0,2048,68988,0.0,0.0,-17.0,0.0,0.0,0.0,107,0,0,0,-0.95361328125,0.13427734375,0.168212890625,0.9776012897491455,-0.885496199131012,0.18320611119270325,-1.0916030406951904,1,95821.0,415.3148498535156,26.700000762939453,1,0,0,1,00000000000000000000000000000000,0,0x22B6
20,1,1,2152,99045,0.0,0.0,0.0,0.0,0.0,0.0,0,0,0,0,-0.95166015625,0.135009765625,0.16455078125,0.9751726388931274,-0.9465649127960205,-0.06106870248913765,-1.0992366075515747,1,95819.0,415.4892272949219,26.68000030517578,1,0,0,1,00000000000000000000000000000000,0,0x9EF5
21,1,2,2256,129045,0.0,0.0,-17.0,0.0,0.0,0.0,208,0,0,0,-0.9697265625,0.130615234375,0.16357421875,0.9920617341995239,-0.5496183037757874,0.7480915784835815,-1.0916030406951904,1,95827.0,414.7916564941406,26.690000534057617,1,0,0,1,00000000000000000000000000000000,0,0x1822
22,1,3,2360,39232,0.0,0.0,-17.0,0.0,0.0,0.0,38,0,0,0,1.0107421875,-0.008056640625,-0.099365234375,1.0156465768814087,-0.6488549709320068,0.06870228797197342,-1.160305380821228,1,95841.0,413.5735778808594,26.309999465942383,1,0,1619,1,00000000000000000000000000000000,0,0xA235
23,1,4,2464,39280,0.0,0.0,-17.0,0.0,0.0,0.0,38,0,0,0,1.01806640625,-0.00390625,-0.099365234375,1.0229114294052124,-0.8778625726699829,0.13740457594394684,-1.0458015203475952,1,95840.0,413.65814208984375,26.260000228881836,1,0,3955,1,89090000ff0c05003993000000000000,1,0xB99D
24,1,5,2568,69283,0.0,0.0,-17.0,0.0,0.0,0.0,108,0,0,0,1.021240234375,0.00048828125,-0.0966796875,1.0258064270019531,-0.8549618124961853,0.022900763899087906,-1.1832060813903809,1,95841.0,413.5735778808594,26.309999465942383,1,0,3939,1,8b090000ff12070097ff000002000000,1,0xA376
25,1,6,2672,99350,0.0,0.0,-17.0,0.0,0.0,0.0,138,0,0,0,1.017822265625,-0.005615234375,-0.094970703125,1.0222587585449219,-0.8625954389572144,0.21374045312404633,-1.0763359069824219,0,95841.0,413.5735778808594,26.34000015258789,1,0,3958,1,8c090000ff0d0500e243010003000000,1,0xFAC5
26,1,7,2776,129352,0.0,0.0,-17.0,0.0,0.0,0.0,208,0,0,0,1.016357421875,-0.00927734375,-0.09912109375,1.0212215185165405,-0.8778625726699829,0.04580152779817581,-1.0687023401260376,1,95841.0,413.5735778808594,26.360000610351562,1,0,3955,1,8e090000ff07030082cc010004000000,1,0x27D0
27,1,8,2880,159396,0.0,0.0,-17.0,0.0,0.0,0.0,238,0,0,0,1.023193359375,-0.011474609375,-0.093017578125,1.0274766683578491,-0.8320610523223877,0.23664122819900513,-1.2977099418640137,1,95840.0,413.65814208984375,26.3799991607666,1,0,3952,1,8f090000ff060201d610020005000000,0,0x70DC
28,1,9,2984,189398,0.0,0.0,-17.0,0.0,0.0,0.0,308,0,0,0,1.016845703125,-0.007080078125,-0.095458984375,1.02134108543396,-0.8015267252922058,0.030534351244568825,-1.0610686540603638,1,95839.0,413.7453308105469,26.420000076293945,1,0,3926,1,92090000ff120700bddd020007000000,1,0x308B
29,1,10,3088,219452,0.0,0.0,-17.0,0.0,0.0,0.0,338,0,0,0,1.021240234375,-0.011474609375,-0.093017578125,1.0255317687988281,-0.7938931584358215,0.25954198837280273,-1.0152671337127686,1,95838.0,413.83251953125,26.459999084472656,1,0,3945,1,93090000ff1408000c22030008000000,0,0x800C
30,1,11,3192,249456,0.0,0.0,-17.0,0.0,0.0,0.0,408,0,0,0,1.016845703125,-0.009521484375,-0.08984375,1.0208513736724854,-0.847328245639801,0.1221374049782753,-1.0152671337127686,1,95836.0,414.0069274902344,26.5,1,0,3955,1,95090000ff130700b0aa03000a000000,1,0xBF89
31,1,12,3296,279511,0.0,0.0,-17.0,0.0,0.0,0.0,438,0,0,0,1.024169921875,-0.001220703125,-0.09619140625,1.0286779403686523,-0.885496199131012,0.21374045312404633,-0.9694656729698181,1,95836.0,414.0069274902344,26.5,1,0,3939,1,96090000ff14080002ef03000b000000,1,0x44CB
32,1,13,3400,38663,0.0,0.0,0.0,0.0,0.0,0.0,0,0,0,0,1.016357421875,-0.0087890625,-0.0986328125,1.021169900894165,-0.8931297659873962,0.19083969295024872,-0.9923664331436157,1,95837.0,413.9197082519531,26.530000686645508,1,0,3939,1,9a090000ff0b04003565000000000000,1,0xA74A
33,1,14,3504,38659,0.0,0.0,-17.0,0.0,0.0,0.0,712,0,0,0,1.0205078125,-0.00927734375,-0.099853515625,1.025423288345337,-0.9465649127960205,0.07633587718009949,-1.229007601737976,1,95840.0,413.65814208984375,26.579999923706055,1,0,3942,1,9f090000ff1608009051000000000000,1,0x61B4
34,1,15,3608,68660,0.0,0.0,-17.0,0.0,0.0,0.0,742,0,0,0,1.017822265625,-0.0107421875,-0.1005859375,1.0228368043899536,-1.0763359069824219,0.07633587718009949,-1.1145038604736328,1,95836.0,414.0069274902344,26.59000015258789,1,0,3936,1,a1090000ff0a04005bda000001000000,1,0x5153
35,1,16,3712,98702,0.0,0.0,-17.0,0.0,0.0,0.0,812,0,0,0,1.022705078125,-0.008056640625,-0.103759765625,1.0279866456985474,-1.0,0.17557251453399658,-1.3740458488464355,1,95839.0,413.7453308105469,26.600000381469727,1,0,3958,1,a3090000ff0d0500297c010003000000,1,0x3C72
36,1,17,3816,128802,0.0,0.0,-17.0,0.0,0.0,0.0,842,0,0,0,1.014404296875,-0.0048828125,-0.103515625,1.0196839570999146,-1.038167953491211,0.3206106722354889,-1.198473334312439,1,95843.0,413.3992004394531,26.649999618530273,1,0,3952,1,a5090000ff220d00cbeb010005000000,1,0xD50E
37,1,18,3920,158835,0.0,0.0,-17.0,0.0,0.0,0.0,912,0,0,0,1.021240234375,-0.010009765625,-0.1044921875,1.026620864868164,-0.8320610523223877,0.25190839171409607,-1.1297709941864014,0,95841.0,413.5735778808594,26.670000076293945,1,0,3961,1,a6090000ff0e05002830020006000000,0,0x66BD
38,2,0,4096,188935,0.0,0.0,-17.0,0.0,0.0,0.0,942,0,0,0,1.013427734375,-0.001953125,-0.102294921875,1.0185792446136475,-0.847328245639801,0.13740457594394684,-1.0534350872039795,1,95841.0,413.5735778808594,26.68000030517578,1,0,3958,1,a8090000ff040100efb8020008000000,1,0xDD0D
39,2,1,4200,219019,0.0,0.0,-17.0,0.0,0.0,0.0,1012,0,0,0,1.01806640625,-0.0087890625,-0.096923828125,1.022707462310791,-0.9618320465087891,0.10687022656202316,-1.2137404680252075,1,95837.0,413.9197082519531,26.68000030517578,1,0,3939,1,a9090000ff04010152fd020009000000,0,0x4126
40,2,2,4304,249119,0.0,0.0,-17.0,0.0,0.0,0.0,1042,0,0,0,1.014892578125,-0.005126953125,-0.10205078125,1.020023226737976,-0.8702290058135986,0.13740457594394684,-0.9541984796524048,1,95844.0,413.31201171875,26.700000762939453,1,0,3961,1,ac090000ff18090082ca03000b000000,1,0xAE60
41,2,3,4408,279196,0.0,0.0,-17.0,0.0,0.0,0.0,1112,0,0,0,1.0205078125,-0.005859375,-0.09228515625,1.024688720703125,-0.7862595319747925,0.2442748099565506,-1.1145038604736328,1,95842.0,413.48638916015625,26.700000762939453,1,0,3945,1,ad090000ff070300f10e04000c000000,0,0xC9A4
42,2,4,4512,309197,0.0,0.0,-17.0,0.0,0.0,0.0,1142,0,0,0,1.019775390625,-0.0048828125,-0.100830078125,1.0247596502304077,-0.9160305261611938,-0.22900763154029846,-1.305343508720398,1,95845.0,413.22479248046875,26.700000762939453,1,0,3942,1,af090000ff0b0400889704000e000000,1,0x8459
43,2,5,4616,339280,0.0,0.0,-17.0,0.0,0.0,0.0,1213,0,0,0,1.022216796875,-0.00634765625,-0.09716796875,1.0268442630767822,-0.9847328066825867,0.21374045312404633,-1.2213740348815918,1,95840.0,413.65814208984375,26.700000762939453,1,0,3945,1,b0090000ff0d0500eedb04000f000000,1,0xDD07
44,2,6,4720,369280,0.0,0.0,-17.0,0.0,0.0,0.0,1243,0,0,0,1.013671875,-0.010498046875,-0.103515625,1.0189976692199707,-0.8549618124961853,-0.06106870248913765,-1.267175555229187,1,95841.0,413.5735778808594,26.719999313354492,1,0,3961,1,b2090000ff0e0500a864050010000000,0,0x412E
45,2,7,4824,399324,0.0,0.0,-17.0,0.0,0.0,0.0,1313,0,0,0,1.018310546875,-0.011474609375,-0.09326171875,1.0226366519927979,-1.1679389476776123,0.11450381577014923,-1.0916030406951904,1,95842.0,413.48638916015625,26.729999542236328,1,0,3948,1,b4090000ff2f120069ed050012000000,1,0xF74E
46,2,8,4928,39278,0.0,0.0,-17.0,0.0,0.0,0.0,38,0,0,0,1.016845703125,-0.004150390625,-0.099853515625,1.0217450857162476,-1.0839694738388062,-0.12977099418640137,-1.0229008197784424,1,95850.0,412.788818359375,26.780000686645508,1,0,3929,1,b7090000ff0100003693000000000000,1,0x563B
47,2,9,5032,69278,0.0,0.0,-17.0,0.0,0.0,0.0,108,0,0,0,1.01513671875,-0.0078125,-0.10009765625,1.0200897455215454,-0.8549618124961853,0.22900763154029846,-1.1145038604736328,1,95845.0,413.22479248046875,26.780000686645508,1,0,3926,1,b9090000ff010000f5fd000002000000,1,0xDA48
48,2,10,5136,99317,0.0,0.0,-17.0,0.0,0.0,0.0,138,0,0,0,1.02197265625,-0.00830078125,-0.1025390625,1.0271373987197876,-0.8396946787834167,0.1450381726026535,-1.1145038604736328,1,95846.0,413.1376037597656,26.760000228881836,1,0,3942,1,ba090000ff0703006d45010003000000,0,0x1ACD
49,2,11,5240,129417,0.0,0.0,-17.0,0.0,0.0,0.0,208,0,0,0,1.02490234375,-0.018798828125,-0.0927734375,1.0292643308639526,-0.9923664331436157,-0.04580152779817581,-1.2519084215164185,1,95851.0,412.7016296386719,26.770000457763672,1,0,3904,1,bc090000ff0301004bcd010005000000,1,0x473A
50,2,12,5344,159477,0.0,0.0,-17.0,0.0,0.0,0.0,238,0,0,0,1.017822265625,-0.009765625,-0.08984375,1.0218265056610107,-0.9083969593048096,0.22900763154029846,-1.1908396482467651,1,95847.0,413.0504150390625,26.780000686645508,1,0,3923,1,bd090000ff0000012e11020006000000,0,0x2850
51,2,13,5448,189518,0.0,0.0,-17.0,0.0,0.0,0.0,308,0,0,0,1.02490234375,-0.007568359375,-0.097412109375,1.0295490026474,-0.7862595319747925,0.038167938590049744,-1.0229008197784424,1,95846.0,413.1376037597656,26.790000915527344,1,0,3932,1,c0090000ff020100c9dd020008000000,1,0x2C50
52,2,14,5552,219570,0.0,0.0,-17.0,0.0,0.0,0.0,338,0,0,0,1.02001953125,0.00146484375,-0.093505859375,1.0242974758148193,-0.9465649127960205,0.15267175436019897,-1.1145038604736328,1,95844.0,413.31201171875,26.790000915527344,1,0,3929,1,c1090000ff050200fc21030009000000,0,0x5BFC
53,2,15,5656,249670,0.0,0.0,-17.0,0.0,0.0,0.0,408,0,0,0,1.012939453125,0.005859375,-0.098388671875,1.0177233219146729,-0.732824444770813,0.038167938590049744,-1.0610686540603638,1,95843.0,413.3992004394531,26.780000686645508,1,0,3932,1,c3090000ff0d050086aa03000b000000,1,0x7C4F
54,2,16,5760,279722,0.0,0.0,-17.0,0.0,0.0,0.0,438,0,0,0,1.01318359375,-0.01171875,-0.098876953125,1.018064260482788,-0.9236640930175781,0.16030533611774445,-1.0916030406951904,0,95848.0,412.9632263183594,26.770000457763672,1,0,3916,1,c4090000ff090300ccee03000c000000,1,0x2289
55,2,17,5864,309822,0.0,0.0,-17.0,0.0,0.0,0.0,508,0,0,0,1.017822265625,0.0,-0.103515625,1.023072600364685,-0.8778625726699829,0.1221374049782753,-1.2748091220855713,1,95847.0,413.0504150390625,26.739999771118164,1,0,3929,1,c6090000ff040100667704000d000000,0,0x119E
56,2,18,5968,39273,0.0,0.0,-17.0,0.0,0.0,0.0,38,0,0,0,1.021728515625,0.00341796875,-0.096923828125,1.0263210535049438,-0.8702290058135986,0.1221374049782753,-1.1679389476776123,1,95850.0,412.788818359375,26.520000457763672,1,0,3913,1,c8090000ff0c05004975000000000000,1,0x6312
57,3,0,6144,69373,0.0,0.0,-17.0,0.0,0.0,0.0,108,0,0,0,1.01806640625,-0.0517578125,-0.08447265625,1.022875189781189,-0.7099236845970154,0.08396946638822556,-0.9541984796524048,1,95851.0,412.7016296386719,26.670000076293945,1,0,3904,1,ca090000ff080300e9fd000002000000,1,0x8847
58,3,1,6248,38702,0.0,0.0,-17.0,0.0,0.0,0.0,42,0,0,0,1.0205078125,-0.005126953125,-0.093994140625,1.0248401165008545,-0.7480915784835815,0.13740457594394684,-0.9923664331436157,1,95851.0,412.7016296386719,26.579999923706055,1,0,3942,1,cb090000ff0201008c62000000000000,0,0x8087
59,3,2,6352,68802,0.0,0.0,-17.0,0.0,0.0,0.0,112,0,0,0,1.017822265625,-0.001708984375,-0.097412109375,1.0224744081497192,-0.8702290058135986,0.1450381726026535,-1.1297709941864014,1,95851.0,412.7016296386719,26.56999969482422,1,0,3945,1,cd090000ff0c0500b9e9000002000000,1,0x23CA
60,3,3,6456,98884,0.0,0.0,-17.0,0.0,0.0,0.0,142,0,0,0,1.01318359375,-0.005615234375,-0.107666015625,1.0189034938812256,-0.7938931584358215,0.10687022656202316,-1.0305343866348267,1,95855.0,412.35284423828125,26.549999237060547,1,0,3926,1,ce090000ff050201372d010003000000,0,0xEA19
61,3,4,6560,128984,0.0,0.0,-17.0,0.0,0.0,0.0,212,0,0,0,1.023193359375,0.00390625,-0.095947265625,1.0276894569396973,-0.6717557311058044,0.22900763154029846,-1.0,1,95855.0,412.35284423828125,26.530000686645508,1,0,3923,1,d0090000ff02010055b4010004000000,0,0xD980
62,3,5,6664,159063,0.0,0.0,-17.0,0.0,0.0,0.0,242,0,0,0,1.013916015625,-0.002197265625,-0.096923828125,1.018540382385254,-0.7480915784835815,0.25190839171409607,-1.229007601737976,1,95853.0,412.5272521972656,26.520000457763672,1,0,3945,1,d2090000ff1207007d3b020006000000,1,0xBCAA
63,3,6,6768,189163,0.0,0.0,-17.0,0.0,0.0,0.0,312,0,0,0,1.019775390625,-0.00146484375,-0.102783203125,1.0249429941177368,-0.7709923386573792,0.3206106722354889,-1.0839694738388062,1,95858.0,412.0912780761719,26.510000228881836,1,0,3942,1,d4090000ff0401007ec3020008000000,1,0x3929
64,3,7,6872,219217,0.0,0.0,-17.0,0.0,0.0,0.0,342,0,0,0,1.017333984375,-0.003662109375,-0.109375,1.0232031345367432,-1.0076335668563843,0.1450381726026535,-1.198473334312439,1,95851.0,412.7016296386719,26.489999771118164,1,0,3939,1,d5090000ff0100009907030009000000,1,0x2AB1
65,3,8,6976,38777,0.0,0.0,-17.0,0.0,0.0,0.0,424,0,0,0,1.016357421875,-0.002685546875,-0.102783203125,1.0215448141098022,-0.8396946787834167,0.32824426889419556,-1.0534350872039795,0,95854.0,-0.155059814453125,26.469999313354492,1,0,3939,1,d8090000ff0d0500d772000000000000,1,0x5824
66,3,9,7080,38877,0.0,0.0,0.0,0.0,0.0,0.0,0,0,0,0,1.014892578125,-0.000732421875,-0.100830078125,1.019889235496521,-0.8625954389572144,0.2442748099565506,-1.0763359069824219,0,95862.0,0.10955810546875,26.149999618530273,1,0,3929,1,da090000ff070300ac97000000000000,1,0xAA72
67,3,10,7184,39273,0.0,0.0,-17.0,0.0,0.0,0.0,38,0,0,0,1.022216796875,-0.00146484375,-0.09619140625,1.026733636856079,-0.6870229244232178,0.2748091518878937,-1.2137404680252075,1,95874.0,-0.055267333984375,26.1200008392334,1,0,3923,1,dd090000ff0703005e76000000000000,1,0x9B52
68,3,11,7288,69275,0.0,0.0,-17.0,0.0,0.0,0.0,108,0,0,0,0.967529296875,-0.005126953125,-0.123046875,0.9753357172012329,-0.732824444770813,0.6717557311058044,-0.9465649127960205,1,95873.0,0.2413330078125,26.15999984741211,1,0,3916,1,df090000ff06020094fe000002000000,1,0x9850
69,3,12,7392,99341,0.0,0.0,-17.0,0.0,0.0,0.0,138,0,0,0,1.016845703125,-0.0048828125,-0.0869140625,1.0205650329589844,-0.9083969593048096,0.2748091518878937,-1.106870174407959,1,95874.0,0.1148681640625,26.209999084472656,1,0,3920,1,e0090000ff060200ef42010003000000,1,0xBBEF
70,3,13,7496,129441,0.0,0.0,-17.0,0.0,0.0,0.0,208,0,0,0,1.015380859375,-0.00390625,-0.092529296875,1.0195955038070679,-0.7938931584358215,0.28244274854660034,-1.0076335668563843,0,95880.0,-0.305694580078125,26.25,1,0,3894,1,e2090000ff0a0400aecb010004000000,1,0x96C2
71,3,14,7600,159508,0.0,0.0,-17.0,0.0,0.0,0.0,238,0,0,0,1.015869140625,-0.007568359375,-0.095458984375,1.0203722715377808,-0.732824444770813,0.20610687136650085,-1.038167953491211,1,95878.0,0.009552001953125,26.270000457763672,1,0,3897,1,e3090000ff0b04010f10020005000000,0,0x079F
72,3,15,7704,189608,0.0,0.0,-17.0,0.0,0.0,0.0,308,0,0,0,1.017333984375,-0.00341796875,-0.1005859375,1.022300124168396,-0.9007633328437805,0.22900763154029846,-1.2137404680252075,1,95877.0,0.018035888671875,26.299999237060547,1,0,3900,1,e6090000ff0803002bdd020007000000,1,0x9C03
73,3,16,7808,38734,0.0,0.0,-17.0,0.0,0.0,0.0,354,0,0,0,1.01513671875,0.005126953125,-0.099609375,1.0200248956680298,-0.6870229244232178,0.23664122819900513,-1.0534350872039795,1,95874.0,0.30767822265625,26.309999465942383,1,0,3913,1,e8090000ff0f06007d65000000000000,1,0xAE0D
74,3,17,7912,68737,0.0,0.0,-17.0,0.0,0.0,0.0,424,0,0,0,1.022705078125,-0.001953125,-0.099609375,1.0275462865829468,-0.847328245639801,0.221374049782753,-0.9923664331436157,1,95879.0,-0.088226318359375,26.34000015258789,1,0,3910,1,ea090000ff05020043ee000002000000,1,0x784D
75,3,18,8016,98785,0.0,0.0,-17.0,0.0,0.0,0.0,454,0,0,0,1.016357421875,-0.003173828125,-0.102783203125,1.0215462446212769,-0.9770992398262024,0.19083969295024872,-1.2366411685943604,1,95877.0,0.1705322265625,26.329999923706055,1,0,3932,1,eb090000ff0703009c32010003000000,1,0xC45E
76,4,0,8192,128885,0.0,0.0,-17.0,0.0,0.0,0.0,524,0,0,0,1.011962890625,-0.0068359375,-0.100830078125,1.0169966220855713,-0.8396946787834167,0.07633587718009949,-1.1374045610427856,1,95877.0,0.17864990234375,26.350000381469727,1,0,3936,1,ed090000ff0d05005bbb010004000000,0,0x1C17
77,4,1,8296,158930,0.0,0.0,-17.0,0.0,0.0,0.0,554,0,0,0,1.010986328125,-0.01025390625,-0.09765625,1.015743613243103,-0.9770992398262024,0.25190839171409607,-1.2442748546600342,1,95877.0,0.18072509765625,26.350000381469727,1,0,3900,1,ef090000ff1006002444020006000000,1,0x6EB6
78,4,2,8400,188972,0.0,0.0,-17.0,0.0,0.0,0.0,624,0,0,0,1.0205078125,-0.0068359375,-0.097900390625,1.025215744972229,-0.8320610523223877,0.4198473393917084,-1.0076335668563843,1,95881.0,-0.122528076171875,26.360000610351562,1,0,3929,1,f1090000ff0c0500eacc020008000000,1,0x7E0A
79,4,3,8504,219023,0.0,0.0,0.0,0.0,0.0,0.0,0,0,0,0,1.0205078125,-0.003662109375,-0.093994140625,1.0248337984085083,-0.9389312863349915,0.16030533611774445,-1.038167953491211,1,95879.0,0.2569580078125,26.3799991607666,1,0,3913,1,f2090000ff0b04004e11030009000000,1,0x1588
80,4,4,8608,249026,0.0,0.0,-17.0,0.0,0.0,0.0,724,0,0,0,1.01513671875,-0.004638671875,-0.091552734375,1.0192673206329346,-0.8320610523223877,0.08396946638822556,-1.1526718139648438,1,95879.0,0.23101806640625,26.389999389648438,1,0,3916,1,f4090000ff240e00219a03000a000000,1,0x7846
81,4,5,8712,279097,0.0,0.0,0.0,0.0,0.0,0.0,0,0,0,0,1.02197265625,0.0,-0.095947265625,1.026466727256775,-0.7786259651184082,-0.022900763899087906,-1.0839694738388062,0,95882.0,-0.02996826171875,26.389999389648438,1,0,3926,1,f6090000ff090300f63f04000c000000,1,0x25D5
82,4,6,8816,309104,0.0,0.0,-17.0,0.0,0.0,0.0,825,0,0,0,1.02197265625,-0.000732421875,-0.099609375,1.0268157720565796,-0.7633587718009949,0.38167938590049744,-1.122137427330017,1,95884.0,-0.105316162109375,26.40999984741211,1,0,3910,1,f8090000ff080300b5ab04000e000000,1,0x517E
83,4,7,8920,339169,0.0,0.0,-17.0,0.0,0.0,0.0,855,0,0,0,1.01904296875,-0.008056640625,-0.094970703125,1.02349054813385,-0.847328245639801,0.28244274854660034,-1.0992366075515747,1,95887.0,-0.3707275390625,26.399999618530273,1,0,3913,1,f9090000ff07030023f004000f000000,0,0xA85A
84,4,8,9024,369269,0.0,0.0,-17.0,0.0,0.0,0.0,925,0,0,0,1.01904296875,-0.0068359375,-0.09716796875,1.0236879587173462,-0.8091602921485901,0.21374045312404633,-1.122137427330017,0,95884.0,0.01422119140625,26.40999984741211,1,0,3904,1,fb090000ff0e05008c7c050011000000,1,0x022D
85,4,9,9128,399319,0.0,0.0,-17.0,0.0,0.0,0.0,955,0,0,0,1.015869140625,-0.00537109375,-0.093017578125,1.0201328992843628,-0.6870229244232178,0.13740457594394684,-1.0458015203475952,1,95889.0,-0.40142822265625,26.40999984741211,1,0,3923,1,fc090000ff060200cbc0050012000000,1,0x31F7
86,4,10,9232,429428,0.0,0.0,-17.0,0.0,0.0,0.0,1025,0,0,0,1.0166015625,-0.005615234375,-0.09375,1.0209306478500366,-0.7175572514533997,0.23664122819900513,-1.0992366075515747,1,95889.0,-0.350006103515625,26.420000076293945,1,0,3916,1,fe090000ff0803005149060013000000,0,0x1785
87,4,11,9336,459481,0.0,0.0,-17.0,0.0,0.0,0.0,1055,0,0,0,1.022216796875,-0.000732421875,-0.1015625,1.0272499322891235,-0.8625954389572144,0.07633587718009949,-1.1679389476776123,1,95885.0,0.044952392578125,26.40999984741211,1,0,3923,1,000a0000ff040100dfd1060015000000,1,0x1410
88,4,12,9440,489485,0.0,0.0,-17.0,0.0,0.0,0.0,1125,0,0,0,1.01904296875,-0.00048828125,-0.0966796875,1.0236189365386963,-0.7557252049446106,0.1679389327764511,-1.0763359069824219,1,95889.0,-0.207244873046875,26.43000030517578,1,0,3910,1,020a0000ff1408008f5a070017000000,1,0x4FEA
89,4,13,9544,519544,0.0,0.0,-17.0,0.0,0.0,0.0,1155,0,0,0,1.017578125,-0.00341796875,-0.100341796875,1.0225191116333008,-0.7480915784835815,0.15267175436019897,-1.0839694738388062,0,95887.0,0.099151611328125,26.43000030517578,1,0,3910,1,030a0000ff100600ba9e070018000000,1,0xC4E4
90,4,14,9648,549644,0.0,0.0,-17.0,0.0,0.0,0.0,1225,0,0,0,1.021240234375,-0.0009765625,-0.100830078125,1.0262062549591064,-0.9007633328437805,0.221374049782753,-1.122137427330017,1,95888.0,0.087188720703125,26.43000030517578,1,0,3916,1,050a0000ff0703005127080019000000,0,0x2AA3
91,4,15,9752,579702,0.0,0.0,-17.0,0.0,0.0,0.0,1255,0,0,0,1.01806640625,-0.004150390625,-0.097412109375,1.0227245092391968,-0.732824444770813,0.20610687136650085,-1.0916030406951904,1,95888.0,0.072021484375,26.420000076293945,1,0,3900,1,070a0000ff240e00ebaf08001b000000,1,0x220C
92,4,16,9856,609706,0.0,0.0,-17.0,0.0,0.0,0.0,1325,0,0,0,1.02294921875,-0.000732421875,-0.09814453125,1.027646780014038,-0.847328245639801,0.12977099418640137,-1.122137427330017,1,95887.0,0.1973876953125,26.43000030517578,1,0,3907,1,090a0000ff0602007f3809001d000000,1,0x4EA1
93,4,17,9960,639792,0.0,0.0,-17.0,0.0,0.0,0.0,1355,0,0,0,1.0224609375,-0.001220703125,-0.10302734375,1.0276392698287964,-0.8320610523223877,0.16030533611774445,-1.1755725145339966,0,95887.0,0.16485595703125,26.43000030517578,1,0,3916,1,0a0a0000ff090300c77c09001e000000,1,0x5510
94,4,18,10064,669892,0.0,0.0,-17.0,0.0,0.0,0.0,1426,0,0,0,1.02001953125,-0.00634765625,-0.089599609375,1.023966908454895,-0.8778625726699829,0.07633587718009949,-1.1526718139648438,1,95892.0,-0.16412353515625,26.440000534057617,1,0,3929,1,0c0a0000ff10060065050a001f000000,0,0xCCB4
95,5,0,10240,699975,0.0,0.0,-17.0,0.0,0.0,0.0,1456,0,0,0,1.01806640625,-0.001220703125,-0.0869140625,1.0217703580856323,-0.8091602921485901,0.30534350872039795,-1.0839694738388062,1,95890.0,0.021514892578125,26.440000534057617,1,0,3916,1,0d0a0000ff100601b1490a0020000000,0,0x93B9
96,5,1,10344,730075,0.0,0.0,-17.0,0.0,0.0,0.0,1526,0,0,0,1.022705078125,-0.0009765625,-0.105712890625,1.0281544923782349,-0.7709923386573792,0.12977099418640137,-0.9847328066825867,1,95893.0,-0.119964599609375,26.440000534057617,1,0,3910,1,100a0000ff060200a1160b0022000000,1,0x742C
97,5,2,10448,760178,0.0,0.0,-17.0,0.0,0.0,0.0,1556,0,0,0,1.02734375,-0.006591796875,-0.106201171875,1.0328394174575806,-0.847328245639801,0.19083969295024872,-1.0992366075515747,1,95889.0,0.201080322265625,26.440000534057617,1,0,3932,1,110a0000ff060200715e0b0023000000,0,0x50CC
98,5,3,10552,790278,0.0,0.0,-17.0,0.0,0.0,0.0,1626,0,0,0,1.012451171875,-0.00537109375,-0.1005859375,1.0174496173858643,-0.9007633328437805,0.25190839171409607,-0.9847328066825867,1,95885.0,0.6053466796875,26.450000762939453,1,0,3888,1,130a0000ff09030099e30b0025000000,1,0xDD35
99,5,4,10656,820335,0.0,0.0,-17.0,0.0,0.0,0.0,1656,0,0,0,1.015380859375,-0.007080078125,-0.1025390625,1.0205696821212769,-0.7404580116271973,0.2977099120616913,-1.1145038604736328,1,95893.0,-0.07696533203125,26.440000534057617,1,0,3923,1,140a0000ff0b0401f1270c0026000000,0,0x164B
100,5,5,10760,850440,0.0,0.0,-17.0,0.0,0.0,0.0,1726,0,0,0,1.023193359375,-0.002197265625,-0.10009765625,1.0280802249908447,-0.8625954389572144,0.2671755850315094,-1.122137427330017,1,95899.0,-0.43267822265625,26.440000534057617,1,0,3923,1,170a0000ff0e0500ebf40c0028000000,1,0x5CF7
101,5,6,10864,880509,0.0,0.0,-17.0,0.0,0.0,0.0,1756,0,0,0,1.011962890625,-0.007080078125,-0.10400390625,1.0173178911209106,-0.7938931584358215,0.30534350872039795,-1.106870174407959,1,95894.0,0.171722412109375,26.440000534057617,1,0,3904,1,180a0000ff0703003a390d0029000000,0,0xA004
102,5,7,10968,910609,0.0,0.0,-17.0,0.0,0.0,0.0,1826,0,0,0,1.025634765625,-0.00537109375,-0.094482421875,1.0299913883209229,-0.8244274854660034,0.15267175436019897,-1.0152671337127686,1,95896.0,-0.02386474609375,26.450000762939453,1,0,3916,1,1a0a0000ff070300f2c10d002b000000,1,0x3AE3
103,5,8,11072,940698,0.0,0.0,-17.0,0.0,0.0,0.0,1856,0,0,0,1.013916015625,-0.00732421875,-0.10205078125,1.019065022468567,-0.6717557311058044,0.6870229244232178,-1.0152671337127686,0,95899.0,-0.11517333984375,26.459999084472656,1,0,3904,1,1b0a0000ff0502004e060e002c000000,1,0xE8CF
104,5,9,11176,970698,0.0,0.0,-17.0,0.0,0.0,0.0,1927,0,0,0,1.019287109375,-0.002197265625,-0.093994140625,1.0236140489578247,-0.8167939186096191,0.3358778655529022,-1.1832060813903809,0,95901.0,-0.169769287109375,26.459999084472656,1,0,3904,1,1d0a0000ff060200018f0e002d000000,0,0x83C3
105,5,10,11280,1000778,0.0,0.0,-17.0,0.0,0.0,0.0,1957,0,0,0,1.016845703125,-0.002685546875,-0.096435546875,1.0214117765426636,-0.9465649127960205,0.4122137427330017,-1.1755725145339966,1,95902.0,-0.1822509765625,26.469999313354492,1,0,3891,1,1f0a0000ff090300c6170f002f000000,1,0xDAB3
106,5,11,11384,1030784,0.0,0.0,-17.0,0.0,0.0,0.0,2027,0,0,0,1.018798828125,-0.01171875,-0.096923828125,1.023465871810913,-0.847328245639801,0.030534351244568825,-1.3358778953552246,1,95902.0,-0.149017333984375,26.469999313354492,1,0,3891,1,210a0000ff0803007ba00f0031000000,1,0x0C39
107,5,12,11488,1060846,0.0,0.0,-17.0,0.0,0.0,0.0,2057,0,0,0,1.014892578125,-0.004638671875,-0.095703125,1.019405484199524,-0.9694656729698181,0.35114502906799316,-0.9541984796524048,1,95904.0,-0.243896484375,26.469999313354492,1,0,3891,1,220a0000ff060200d8e40f0032000000,1,0xF2D5
108,5,13,11592,1090946,0.0,0.0,-17.0,0.0,0.0,0.0,2127,0,0,0,1.017333984375,-0.00048828125,-0.09716796875,1.0219639539718628,-0.7557252049446106,0.17557251453399658,-1.0534350872039795,0,95905.0,-0.275238037109375,26.489999771118164,1,0,3916,1,240a0000ff090300916d100033000000,0,0x3313
109,5,14,11696,1121011,0.0,0.0,-17.0,0.0,0.0,0.0,2157,0,0,0,1.021240234375,-0.000244140625,-0.099365234375,1.0260628461837769,-0.8015267252922058,0.08396946638822556,-1.0076335668563843,1,95903.0,-0.05816650390625,26.489999771118164,1,0,3900,1,250a0000ff140801ecb1100034000000,0,0xD44B
110,5,15,11800,1151111,0.0,0.0,-17.0,0.0,0.0,0.0,2227,0,0,0,1.0205078125,-0.002197265625,-0.093505859375,1.0247849225997925,-0.8396946787834167,0.22900763154029846,-1.0916030406951904,1,95905.0,-0.229034423828125,26.5,1,0,3916,1,280a0000ff0b0400357f110036000000,1,0x715F
111,5,16,11904,1181189,0.0,0.0,-17.0,0.0,0.0,0.0,2257,0,0,0,1.01904296875,-0.009033203125,-0.10400390625,1.024376392364502,-0.9694656729698181,0.18320611119270325,-0.9694656729698181,1,95902.0,0.0726318359375,26.5,1,0,3910,1,290a0000ff09030070c3110037000000,0,0xF027
112,5,17,12008,1211192,0.0,0.0,-17.0,0.0,0.0,0.0,2327,0,0,0,1.021728515625,-0.005615234375,-0.102783203125,1.0269006490707397,-0.6488549709320068,0.19083969295024872,-1.122137427330017,1,95902.0,0.080230712890625,26.489999771118164,1,0,3916,1,2b0a0000ff0903001b4c120039000000,1,0xFA45
113,5,18,12112,1241243,0.0,0.0,-17.0,0.0,0.0,0.0,2357,0,0,0,1.015625,-0.002197265625,-0.09619140625,1.020172357559204,-0.8702290058135986,0.2442748099565506,-0.8702290058135986,1,95903.0,-0.000640869140625,26.510000228881836,1,0,3888,1,2c0a0000ff040101859012003a000000,0,0xB482
114,6,0,12288,1271246,0.0,0.0,-17.0,0.0,0.0,0.0,2427,0,0,0,1.015625,-0.0048828125,-0.093994140625,1.0199768543243408,-0.6870229244232178,0.35877862572669983,-1.0152671337127686,1,95897.0,0.5452880859375,26.520000457763672,1,0,3916,1,2f0a0000ff0c0500a55d13003c000000,1,0x8359
115,6,1,12392,1301347,0.0,0.0,-17.0,0.0,0.0,0.0,2457,0,0,0,1.014892578125,-0.00830078125,-0.0947265625,1.01933753490448,-0.8167939186096191,0.20610687136650085,-1.0687023401260376,1,95907.0,-0.28173828125,26.520000457763672,1,0,3891,1,300a0000ff09030008a213003d000000,0,0x2733
116,6,2,12496,1331447,0.0,0.0,-17.0,0.0,0.0,0.0,2527,0,0,0,1.012939453125,-0.00390625,-0.0986328125,1.017737627029419,-0.7786259651184082,0.221374049782753,-1.0305343866348267,1,95908.0,-0.308380126953125,26.520000457763672,1,0,3897,1,320a0000ff050200c92a14003f000000,1,0x2A2A
117,6,3,12600,1361489,0.0,0.0,-17.0,0.0,0.0,0.0,2558,0,0,0,1.011962890625,-0.005859375,-0.093994140625,1.0163356065750122,-0.7633587718009949,0.19083969295024872,-1.2137404680252075,1,95905.0,-0.065948486328125,26.520000457763672,1,0,3884,1,330a0000ff060200296f140040000000,1,0x12AF
118,6,4,12704,1391493,0.0,0.0,-17.0,0.0,0.0,0.0,2628,0,0,0,1.018310546875,-0.00439453125,-0.09814453125,1.023038625717163,-0.885496199131012,0.2442748099565506,-1.0839694738388062,0,95906.0,-0.1370849609375,26.520000457763672,1,0,3894,1,350a0000ff0f060006f8140041000000,0,0x95B4
119,6,5,12808,1421498,0.0,0.0,-17.0,0.0,0.0,0.0,2658,0,0,0,1.017578125,-0.01220703125,-0.09521484375,1.0220959186553955,-0.8244274854660034,0.5496183037757874,-1.0610686540603638,1,95904.0,0.076324462890625,26.520000457763672,1,0,3881,1,370a0000ff050200e580150043000000,1,0xF501
120,6,6,12912,1451498,0.0,0.0,-17.0,0.0,0.0,0.0,2728,0,0,0,1.0185546875,-0.006103515625,-0.100341796875,1.0235034227371216,-0.8931297659873962,0.1221374049782753,-1.0839694738388062,0,95908.0,-0.191009521484375,26.520000457763672,1,0,3891,1,390a0000ff070300b809160045000000,1,0x0CFB
121,6,7,13016,1481660,0.0,0.0,-17.0,0.0,0.0,0.0,2758,0,0,0,1.021728515625,-0.004638671875,-0.09619140625,1.0262569189071655,-0.8015267252922058,0.2671755850315094,-1.2595419883728027,1,95906.0,0.12506103515625,26.530000686645508,1,0,3894,1,3a0a0000ff080300e751160046000000,1,0x73AA
122,6,8,13120,1511664,0.0,0.0,-17.0,0.0,0.0,0.0,2828,0,0,0,1.018798828125,-0.00439453125,-0.092041015625,1.0229573249816895,-0.8244274854660034,0.19083969295024872,-1.1297709941864014,1,95908.0,-0.0615234375,26.540000915527344,1,0,3910,1,3c0a0000ff0c050070da160047000000,0,0x9DA6
123,6,9,13224,1541718,0.0,0.0,-17.0,0.0,0.0,0.0,2858,0,0,0,1.02392578125,0.00048828125,-0.09814453125,1.0286188125610352,-0.8931297659873962,0.19847328960895538,-1.0687023401260376,1,95909.0,-0.07098388671875,26.520000457763672,1,0,3878,1,3d0a0000ff090301bd1e170048000000,0,0x6CD7
124,6,10,13328,38724,0.0,0.0,0.0,0.0,0.0,0.0,0,0,0,0,1.013916015625,-0.005126953125,-0.098876953125,1.0187386274337769,-0.6641221642494202,0.11450381577014923,-1.1374045610427856,1,95910.0,-0.09539794921875,26.520000457763672,1,0,3891,1,420a0000ff0703003393000000000000,1,0x61E5
125,6,11,13432,68764,0.0,0.0,-17.0,0.0,0.0,0.0,3036,0,0,0,1.016357421875,-0.00537109375,-0.112060546875,1.0225305557250977,-0.8931297659873962,0.09923664480447769,-1.0076335668563843,1,95912.0,-0.14471435546875,26.520000457763672,1,0,3904,1,440a0000ff0703007102010002000000,1,0xC0A8
126,6,12,13536,98849,0.0,0.0,-17.0,0.0,0.0,0.0,3107,0,0,0,1.020263671875,-0.00537109375,-0.105712890625,1.0257396697998047,-0.9465649127960205,0.17557251453399658,-1.1145038604736328,0,95906.0,0.277801513671875,26.5,1,0,3916,1,450a0000ff090300bb46010003000000,1,0x55BF
127,6,13,13640,128852,0.0,0.0,-17.0,0.0,0.0,0.0,3137,0,0,0,1.01611328125,-0.009033203125,-0.09521484375,1.0206044912338257,-0.847328245639801,0.25954198837280273,-0.9618320465087891,1,95910.0,0.050201416015625,26.5,1,0,3888,1,470a0000ff06020069cf010004000000,1,0xCB6E
128,6,14,13744,158983,0.0,0.0,-17.0,0.0,0.0,0.0,3207,0,0,0,15.0,0.0,0.0,15.0,-0.9694656729698181,0.21374045312404633,-1.0076335668563843,0,95909.0,0.21600341796875,26.489999771118164,1,0,3916,1,480a0000ff0903009713020005000000,0,0x3B72
129,6,15,13848,189014,0.0,0.0,-17.0,0.0,0.0,0.0,3237,0,0,0,1.018798828125,-0.009765625,-0.10400390625,1.0241402387619019,-0.8931297659873962,0.21374045312404633,-1.2061069011688232,1,95912.0,999.9354248046875,26.5,1,0,3894,1,4b0a0000ff09030093df020006000000,1,0x0A32
130,6,16,13952,219085,0.0,0.0,-17.0,0.0,0.0,0.0,3307,0,0,0,1.017333984375,-0.0068359375,-0.09619140625,1.0218942165374756,-0.7099236845970154,0.47328245639801025,-1.1755725145339966,1,95913.0,999.8482666015625,26.489999771118164,1,0,3904,1,4c0a0000ff0502004723030007000000,0,0x67EB
131,6,17,14056,249111,0.0,0.0,-17.0,0.0,0.0,0.0,3337,0,0,0,1.01318359375,-0.001953125,-0.103271484375,1.018435001373291,-0.7633587718009949,0.022900763899087906,-1.1679389476776123,1,95908.0,0.28424072265625,26.5,1,0,3897,0,4e0a0000ff07030088ab030009000000,1,0xF760
132,6,18,14160,279173,0.0,0.0,-17.0,0.0,0.0,0.0,3408,0,0,0,1.0244140625,-0.00927734375,-0.093017578125,1.0286701917648315,-0.847328245639801,0.17557251453399658,-1.0458015203475952,1,95908.0,0.28424072265625,26.489999771118164,1,0,3881,0,4f0a0000ff07030081ef03000a000000,1,0xC4A4
133,7,0,14336,309313,0.0,0.0,-17.0,0.0,0.0,0.0,3438,0,0,0,1.02294921875,0.0029296875,-0.10595703125,1.0284262895584106,-0.7709923386573792,0.23664122819900513,-1.0839694738388062,1,95911.0,0.02264404296875,26.5,1,0,3894,1,4f0a0000ff07030181ef03000a000000,0,0x23BE
134,7,1,14440,38759,0.0,0.0,0.0,0.0,0.0,0.0,0,0,0,0,1.018310546875,-0.0087890625,-0.10791015625,1.0240498781204224,-0.847328245639801,0.15267175436019897,-1.0534350872039795,0,95909.0,0.218994140625,26.5,1,0,3888,1,540a0000ff0502002d6a000000000000,1,0xC167
135,7,2,14544,68771,0.0,0.0,-17.0,0.0,0.0,0.0,3555,0,0,0,1.014404296875,-0.005126953125,-0.09619140625,1.018967628479004,-0.847328245639801,0.21374045312404633,-1.0992366075515747,1,95913.0,-0.07855224609375,26.520000457763672,1,0,3894,1,560a0000ff050200e4f2000002000000,1,0x27CA
136,7,3,14648,98854,0.0,0.0,-17.0,0.0,0.0,0.0,3626,0,0,0,1.019775390625,-0.00537109375,-0.102783203125,1.0249561071395874,-0.847328245639801,0.12977099418640137,-1.1679389476776123,1,95917.0,-0.31781005859375,26.510000228881836,1,0,3884,1,570a0000ff050200e036010003000000,1,0xA5A3
137,7,4,14752,128862,0.0,0.0,-17.0,0.0,0.0,0.0,3656,0,0,0,1.023681640625,0.002197265625,-0.102294921875,1.0287822484970093,-0.9083969593048096,0.15267175436019897,-1.1832060813903809,1,95914.0,0.084686279296875,26.520000457763672,1,0,3891,1,590a0000ff120700aabf010004000000,0,0x491A
138,7,5,14856,158855,0.0,0.0,-17.0,0.0,0.0,0.0,3726,0,0,0,1.020751953125,-0.000732421875,-0.1044921875,1.0260865688323975,-0.8549618124961853,0.290076345205307,-1.0916030406951904,0,95920.0,-0.461151123046875,26.5,1,0,3888,1,5b0a0000ff0502003b48020006000000,1,0x7E67
139,7,6,14960,188993,0.0,0.0,-17.0,0.0,0.0,0.0,3756,0,0,0,1.021728515625,-0.004150390625,-0.10302734375,1.0269181728363037,-0.7862595319747925,0.09923664480447769,-1.1755725145339966,0,95916.0,-0.10260009765625,26.489999771118164,1,0,3904,1,5d0a0000ff070300c7d0020008000000,1,0x39FE
140,7,7,15064,219037,0.0,0.0,-17.0,0.0,0.0,0.0,3826,0,0,0,1.013671875,-0.004150390625,-0.105224609375,1.0191271305084229,-0.7404580116271973,0.22900763154029846,-1.0458015203475952,1,95918.0,-0.26123046875,26.5,1,0,3913,1,5d0a0000ff070301c7d0020008000000,0,0x3D5D
141,7,8,15168,249137,0.0,0.0,-17.0,0.0,0.0,0.0,3856,0,0,0,1.01123046875,-0.00439453125,-0.099609375,1.0161340236663818,-0.8396946787834167,0.5038167834281921,-0.9465649127960205,1,95915.0,-0.003448486328125,26.510000228881836,1,0,3888,1,600a0000ff0c05007e9d030009000000,1,0xE539
142,7,9,15272,279221,0.0,0.0,-17.0,0.0,0.0,0.0,3926,0,0,0,1.01953125,-0.0087890625,-0.105224609375,1.02498459815979,-0.8396946787834167,0.25190839171409607,-1.2213740348815918,1,95914.0,0.13616943359375,26.510000228881836,1,0,3888,1,610a0000ff120701d2e103000a000000,0,0xDE8E
143,7,10,15376,309321,0.0,0.0,-17.0,0.0,0.0,0.0,3956,0,0,0,1.023193359375,0.00048828125,-0.10546875,1.02861487865448,-0.8244274854660034,0.1679389327764511,-1.0458015203475952,1,95922.0,-0.2877197265625,26.530000686645508,1,0,3875,1,640a0000ff01000096ae04000c000000,1,0xFDF9
144,7,11,15480,339387,0.0,0.0,-17.0,0.0,0.0,0.0,4026,0,0,0,1.00732421875,-0.006103515625,-0.115478515625,1.0139400959014893,-0.9312977194786072,0.3129771053791046,-1.0,1,95918.0,0.021484375,26.530000686645508,1,0,3897,1,650a0000ff090300f6f204000d000000,0,0x7A63
145,7,12,15584,369387,0.0,0.0,-17.0,0.0,0.0,0.0,4057,0,0,0,1.01806640625,-0.01171875,-0.092529296875,1.0223298072814941,-0.9694656729698181,0.15267175436019897,-1.0992366075515747,0,95920.0,-0.28631591796875,26.510000228881836,1,0,3891,1,670a0000ff030100bb7b05000f000000,1,0xAC0B
146,7,13,15688,38827,0.0,0.0,-17.0,0.0,0.0,0.0,4200,0,0,0,1.010986328125,-0.0048828125,-0.0966796875,1.0156102180480957,-0.9389312863349915,0.09923664480447769,-1.038167953491211,1,95920.0,-0.319610595703125,26.489999771118164,1,0,3891,1,6a0a0000ff0201002f47000000000000,1,0xCA77
147,7,14,15792,68911,0.0,0.0,-17.0,0.0,0.0,0.0,4230,0,0,0,1.02001953125,-0.006103515625,-0.10400390625,1.0253262519836426,-0.8702290058135986,0.22900763154029846,-1.122137427330017,1,95915.0,0.083251953125,26.5,1,0,3888,1,6c0a0000ff080300accf000001000000,0,0x16CA
148,7,15,15896,98913,0.0,0.0,0.0,0.0,0.0,0.0,0,0,0,0,1.050048828125,0.006103515625,0.0048828125,1.0500779151916504,-0.5419847369194031,-1.9083969593048096,10.961832046508789,0,95921.0,-0.396240234375,26.510000228881836,0,0,3894,1,6e0a0000ff160800aa58010003000000,1,0x34C4
149,7,16,16000,129009,0.0,0.0,0.0,0.0,0.0,0.0,0,0,0,0,1.050048828125,0.006103515625,0.0048828125,1.0500779151916504,-0.5419847369194031,-1.9083969593048096,10.961832046508789,0,95921.0,-0.396240234375,26.510000228881836,0,0,3878,1,6f0a0000ff090301069d010004000000,0,0x4C60
150,7,17,16104,159093,0.0,0.0,0.0,0.0,0.0,0.0,0,0,0,0,1.050048828125,0.006103515625,0.0048828125,1.0500779151916504,-0.5419847369194031,-1.9083969593048096,10.961832046508789,0,95921.0,-0.396240234375,26.510000228881836,0,0,3878,1,720a0000ff0903008a69020006000000,1,0xC5D4
151,7,18,16208,38671,0.0,0.0,0.0,0.0,0.0,0.0,0,0,0,0,1.0166015625,-0.005126953125,-0.104248046875,1.0219454765319824,-0.7938931584358215,0.3206106722354889,-1.0,1,95919.0,-0.057647705078125,26.3799991607666,1,0,3884,1,740a0000ff0e0500b348000000000000,1,0xD8CD
152,8,0,16384,68749,0.0,0.0,-17.0,0.0,0.0,0.0,117,0,0,0,1.018798828125,-0.00634765625,-0.098876953125,1.0236053466796875,-0.8091602921485901,0.18320611119270325,-1.0229008197784424,1,95919.0,-0.07928466796875,26.399999618530273,1,0,3936,1,760a0000ff0903002bd1000001000000,1,0x656A
153,8,1,16488,98774,0.0,0.0,0.0,0.0,0.0,0.0,0,0,0,0,1.010498046875,-0.01025390625,-0.094482421875,1.014957308769226,-0.7480915784835815,0.1679389327764511,-1.0610686540603638,1,95920.0,-0.062835693359375,26.40999984741211,1,0,3948,1,760a0000ff0903002bd1000001000000,1,0xA57F
154,8,2,16592,128874,0.0,0.0,-17.0,0.0,0.0,0.0,217,0,0,0,1.017333984375,-0.00927734375,-0.10302734375,1.0225796699523926,-0.8244274854660034,0.23664122819900513,-1.229007601737976,1,95918.0,0.26153564453125,26.420000076293945,1,0,3939,1,760a0000ff0903002bd1000001000000,1,0x5F0D
155,8,3,16696,158967,0.0,0.0,-17.0,0.0,0.0,0.0,248,0,0,0,1.01513671875,-0.001953125,-0.107666015625,1.0208321809768677,-0.7862595319747925,0.20610687136650085,-1.160305380821228,0,95916.0,0.209625244140625,26.43000030517578,1,0,3945,1,760a0000ff0903002bd1000001000000,1,0x04D9
156,8,4,16800,188967,0.0,0.0,-17.0,0.0,0.0,0.0,318,0,0,0,1.017578125,-0.005615234375,-0.100341796875,1.0225287675857544,-0.7938931584358215,0.2977099120616913,-0.9770992398262024,1,95916.0,0.181976318359375,26.440000534057617,1,0,3952,1,760a0000ff0903002bd1000001000000,1,0xC4D3
157,8,5,16904,219080,0.0,0.0,-17.0,0.0,0.0,0.0,348,0,0,0,1.013671875,-0.003173828125,-0.100341796875,1.0186309814453125,-0.7022900581359863,0.17557251453399658,-1.0916030406951904,1,95919.0,-0.11932373046875,26.440000534057617,1,0,3936,1,760a0000ff0903002bd1000001000000,1,0x4864
158,8,6,17008,249180,0.0,0.0,-17.0,0.0,0.0,0.0,418,0,0,0,1.01220703125,-0.004638671875,-0.096435546875,1.0168009996414185,-0.7862595319747925,0.13740457594394684,-1.1832060813903809,1,95920.0,-0.164886474609375,26.450000762939453,1,0,3945,1,760a0000ff0903002bd1000001000000,1,0xB1F4
159,8,7,17112,279230,0.0,0.0,-17.0,0.0,0.0,0.0,448,0,0,0,1.01513671875,-0.005859375,-0.099609375,1.020028829574585,-0.8244274854660034,0.07633587718009949,-1.0534350872039795,1,95925.0,-0.150421142578125,26.450000762939453,1,0,3875,1,760a0000ff0903002bd1000001000000,1,0x566B
160,8,8,17216,309251,0.0,0.0,-17.0,0.0,0.0,0.0,518,0,0,0,1.015625,-0.007080078125,-0.09521484375,1.0201029777526855,-0.8549618124961853,0.09923664480447769,-1.2977099418640137,1,95924.0,0.063385009765625,26.459999084472656,1,0,3881,1,770a000000000000aa83040002000000,0,0x9B00
161,8,9,17320,339295,0.0,0.0,-17.0,0.0,0.0,0.0,548,0,0,0,1.021240234375,-0.0126953125,-0.087646484375,1.0250729322433472,-0.8396946787834167,0.13740457594394684,-0.9541984796524048,1,95924.0,0.069549560546875,26.450000762939453,1,0,3878,1,790a0000ff0e0500da26050004000000,1,0xCAC7
162,8,10,17424,369345,0.0,0.0,-17.0,0.0,0.0,0.0,618,0,0,0,1.0146484375,-0.00048828125,-0.09814453125,1.0193841457366943,-0.7938931584358215,0.221374049782753,-1.106870174407959,1,95923.0,0.16925048828125,26.469999313354492,1,0,3904,1,7b0a0000ff0602009697050006000000,1,0xE7CE
163,8,11,17528,399361,0.0,0.0,-17.0,0.0,0.0,0.0,648,0,0,0,1.020751953125,-0.0068359375,-0.110107421875,1.0266960859298706,-0.9312977194786072,0.21374045312404633,-1.0610686540603638,1,95925.0,0.00250244140625,26.469999313354492,1,0,3865,1,7c0a0000ff070300d5db050007000000,0,0xF08C
164,8,12,17632,429407,0.0,0.0,-17.0,0.0,0.0,0.0,719,0,0,0,1.019287109375,-0.0087890625,-0.09814453125,1.0240389108657837,-0.8320610523223877,0.1679389327764511,-1.0839694738388062,1,95924.0,0.2464599609375,26.459999084472656,1,0,3872,1,7e0a0000ff0803001d64060009000000,1,0x47F1
165,8,13,17736,459431,0.0,0.0,-17.0,0.0,0.0,0.0,749,0,0,0,1.013427734375,-0.0087890625,-0.096923828125,1.0180898904800415,-0.8625954389572144,0.3435114622116089,-1.1832060813903809,1,95932.0,-0.414154052734375,26.450000762939453,1,0,3900,1,7e0a0000ff0803011d64060009000000,0,0x18ED
166,8,14,17840,489500,0.0,0.0,-17.0,0.0,0.0,0.0,819,0,0,0,1.01611328125,-0.001220703125,-0.102294921875,1.0212501287460327,-0.7633587718009949,0.15267175436019897,-1.1374045610427856,1,95927.0,0.0958251953125,26.450000762939453,1,0,3910,1,820a0000ff160800d77407000b000000,1,0xF980
167,8,15,17944,519787,0.0,0.0,-17.0,0.0,0.0,0.0,849,0,0,0,1.02099609375,-0.0009765625,-0.1005859375,1.0259393453598022,-0.8625954389572144,0.2748091518878937,-1.2213740348815918,1,95929.0,-9.1552734375e-05,26.43000030517578,1,0,3888,1,830a0000ff0c050014b907000c000000,0,0x730F
168,8,16,18048,549933,0.0,0.0,-17.0,0.0,0.0,0.0,919,0,0,0,1.0224609375,-0.00146484375,-0.1005859375,1.0273977518081665,-0.8625954389572144,0.30534350872039795,-1.1374045610427856,1,95929.0,-0.023468017578125,26.440000534057617,1,0,3897,1,850a0000ff040100a44108000e000000,1,0xB551
169,8,17,18152,579969,0.0,0.0,-17.0,0.0,0.0,0.0,949,0,0,0,1.0263671875,-0.003173828125,-0.107421875,1.0319782495498657,-0.9541984796524048,0.2442748099565506,-1.2213740348815918,1,95930.0,0.003143310546875,26.450000762939453,1,0,3881,1,850a0000ff040101a44108000e000000,0,0x683B
170,8,18,18256,610067,0.0,0.0,-17.0,0.0,0.0,0.0,1019,0,0,0,1.016357421875,-0.004638671875,-0.101806640625,1.0214539766311646,-0.885496199131012,0.25954198837280273,-1.0992366075515747,1,95931.0,-0.137176513671875,26.450000762939453,1,0,3872,1,880a0000ff070300a50e09000f000000,0,0xF8B7
171,9,0,18432,640088,0.0,0.0,-17.0,0.0,0.0,0.0,1049,0,0,0,1.01953125,-0.0029296875,-0.10009765625,1.024437427520752,-0.847328245639801,0.20610687136650085,-1.0916030406951904,0,95931.0,-0.11285400390625,26.450000762939453,1,0,3868,1,8a0a0000ff0d05002297090011000000,1,0x8F55
172,9,1,18536,670100,0.0,0.0,-17.0,0.0,0.0,0.0,1119,0,0,0,1.021728515625,-0.011474609375,-0.096435546875,1.0263334512710571,-0.8244274854660034,0.37404578924179077,-1.229007601737976,1,95930.0,-0.067596435546875,26.459999084472656,1,0,3884,1,8c0a0000ff0a0400c61f0a0013000000,1,0x20E7
173,9,2,18640,38674,0.0,0.0,-17.0,0.0,0.0,0.0,1202,0,0,0,1.020751953125,-0.00732421875,-0.094482421875,1.0251414775848389,-0.9541984796524048,0.21374045312404633,-1.0916030406951904,1,95931.0,-0.0091552734375,26.459999084472656,1,0,3888,1,8e0a0000ff0e0500c75f000000000000,0,0x76E7
174,9,3,18744,68742,0.0,0.0,-17.0,0.0,0.0,0.0,1232,0,0,0,1.015380859375,-0.003662109375,-0.108642578125,1.0211830139160156,-0.9541984796524048,0.1221374049782753,-1.0916030406951904,1,95933.0,-0.136138916015625,26.479999542236328,1,0,3894,1,900a0000ff03010071e8000002000000,1,0x480A
175,9,4,18848,98895,0.0,0.0,0.0,0.0,0.0,0.0,0,0,0,0,1.0107421875,-0.009033203125,-0.096435546875,1.015372395515442,-0.8167939186096191,0.07633587718009949,-1.0152671337127686,1,95935.0,-0.309814453125,26.469999313354492,1,0,3862,1,910a0000ff0f06015f2c010003000000,0,0xBA87
176,9,5,18952,128942,0.0,0.0,-17.0,0.0,0.0,0.0,1332,0,0,0,1.02197265625,0.0,-0.0986328125,1.0267212390899658,-0.885496199131012,0.1679389327764511,-1.0076335668563843,1,95934.0,-0.094635009765625,26.5,1,0,3875,1,910a0000ff0f06015f2c010003000000,0,0xA923
177,9,6,19056,38671,0.0,0.0,-17.0,0.0,0.0,0.0,1440,0,0,0,1.02099609375,-0.002197265625,-0.10546875,1.0264314413070679,-0.9389312863349915,0.038167938590049744,-0.9923664331436157,1,95936.0,-0.246337890625,26.489999771118164,1,0,3884,1,970a0000ff1b0a007e5d000000000000,0,0x4BE0
178,9,7,19160,68754,0.0,0.0,-17.0,0.0,0.0,0.0,1510,0,0,0,1.01123046875,-0.004150390625,-0.101318359375,1.0163018703460693,-0.9160305261611938,0.221374049782753,-1.0839694738388062,1,95932.0,0.123138427734375,26.489999771118164,1,0,3862,1,980a0000ff291001e0a1000001000000,0,0x6530
179,9,8,19264,98738,0.0,0.0,0.0,0.0,0.0,0.0,0,0,0,0,1.019287109375,-0.00341796875,-0.094482421875,1.0236624479293823,-1.0,0.030534351244568825,-1.0763359069824219,1,95932.0,0.14837646484375,26.479999542236328,1,0,3878,1,9a0a0000ff020101262a010002000000,0,0xEDBA
180,9,9,19368,128834,0.0,0.0,-17.0,0.0,0.0,0.0,1610,0,0,0,1.0185546875,-0.0029296875,-0.099365234375,1.023394227027893,-0.847328245639801,0.221374049782753,-1.1755725145339966,1,95932.0,0.109771728515625,26.479999542236328,1,0,3891,1,9d0a0000ff08030030f7010004000000,1,0x7865
181,9,10,19472,158852,0.0,0.0,0.0,0.0,0.0,0.0,0,0,0,0,1.019287109375,0.002197265625,-0.097412109375,1.0239335298538208,-0.8702290058135986,0.1679389327764511,-1.0534350872039795,1,95933.0,0.0101318359375,26.489999771118164,1,0,3859,1,9e0a0000ff0c0500893b020005000000,1,0x5154
182,9,11,19576,188845,0.0,0.0,-17.0,0.0,0.0,0.0,1710,0,0,0,1.017822265625,-0.010009765625,-0.10546875,1.0233210325241089,-0.847328245639801,0.12977099418640137,-1.0076335668563843,1,95935.0,-0.11785888671875,26.5,1,0,3865,1,a00a0000ff1809003cc4020007000000,1,0x675B
183,9,12,19680,218881,0.0,0.0,0.0,0.0,0.0,0.0,0,0,0,0,1.015625,-0.006103515625,-0.09814453125,1.0203742980957031,-0.7404580116271973,0.1450381726026535,-1.0610686540603638,1,95931.0,0.159820556640625,26.5,1,0,3865,1,a10a0000ff0100009608030008000000,1,0x9062
184,9,13,19784,39348,0.0,0.0,-17.0,0.0,0.0,0.0,38,0,0,0,-0.7099609375,0.642333984375,0.09765625,0.9623794555664062,-13.740458488464355,6.267175674438477,-8.496183395385742,1,95590.0,0.531707763671875,26.809999465942383,1,0,3849,1,00000000000000000000000000000000,0,0x8B62
185,9,14,19888,69448,0.0,0.0,-17.0,0.0,0.0,0.0,108,0,0,0,-0.480712890625,0.827880859375,0.033935546875,0.9579265117645264,21.091602325439453,-107.114501953125,-55.625953674316406,1,95592.0,0.283599853515625,26.84000015258789,1,0,3852,1,a30a0000ff0e0500aaea000000000000,1,0xC086
186,9,15,19992,99492,0.0,0.0,-17.0,0.0,0.0,0.0,138,0,0,0,-0.4091796875,-0.036376953125,1.13330078125,1.2054550647735596,38.52671813964844,-5.610687255859375,-5.045801639556885,1,95590.0,0.163116455078125,26.799999237060547,1,0,3856,1,a40a0000ff050200242f010001000000,1,0x7758
187,9,16,20096,129592,0.0,0.0,-17.0,0.0,0.0,0.0,208,0,0,0,-0.773681640625,-0.171630859375,-0.5654296875,0.9735251069068909,17.488550186157227,6.4809160232543945,-22.885496139526367,1,95594.0,-0.017364501953125,26.81999969482422,1,0,3856,1,a60a0000ff020100ecb7010002000000,0,0x5E2F
188,9,17,20200,159640,0.0,0.0,-17.0,0.0,0.0,0.0,238,0,0,0,-0.93505859375,-0.20458984375,-0.24169921875,0.9872234463691711,57.709922790527344,-0.1679389327764511,0.5954198241233826,1,95593.0,0.247772216796875,26.81999969482422,1,0,3849,1,a80a0000ff3515009340020004000000,1,0x34A6
189,9,18,20304,189740,0.0,0.0,-17.0,0.0,0.0,0.0,308,0,0,0,-1.037353515625,-0.09130859375,0.04052734375,1.0421525239944458,-19.251909255981445,18.083969116210938,-17.59541893005371,1,95596.0,0.069854736328125,26.920000076293945,1,0,3868,1,aa0a0000ff0000008fc9020006000000,1,0x4CB2
190,10,0,20480,219795,0.0,0.0,-17.0,0.0,0.0,0.0,338,0,0,0,-0.9775390625,-0.03125,0.031005859375,0.9785298109054565,-0.7862595319747925,0.4122137427330017,-0.9389312863349915,1,95598.0,-0.01141357421875,26.979999542236328,1,0,3846,1,ab0a0000ff060200f80d030007000000,1,0x1710
191,10,1,20584,249897,0.0,0.0,-17.0,0.0,0.0,0.0,408,0,0,0,-0.41796875,-0.8544921875,0.287353515625,0.9936935305595398,-1.1297709941864014,0.580152690410614,0.47328245639801025,1,95594.0,0.40228271484375,27.030000686645508,1,0,3868,1,ad0a0000ff1d0b00f496030008000000,0,0x2F81
192,10,2,20688,38881,0.0,0.0,0.0,0.0,0.0,0.0,0,0,0,0,-0.982421875,-0.036865234375,0.018798828125,0.9832930564880371,-1.0076335668563843,0.08396946638822556,-0.9541984796524048,1,95598.0,-0.0015869140625,27.18000030517578,1,0,3833,1,af0a0000ff0f06007e92000000000000,1,0x9083
193,10,3,20792,39290,0.0,0.0,-17.0,0.0,0.0,0.0,38,0,0,0,-0.08740234375,-0.046875,0.98828125,0.9932453036308289,3.106870174407959,-1.0076335668563843,0.5038167834281921,1,95599.0,0.069091796875,27.25,1,0,3836,1,b10a0000ff0803008792000000000000,1,0xB7D7
194,10,4,20896,69390,0.0,0.0,-17.0,0.0,0.0,0.0,108,0,0,0,-0.975830078125,-0.036865234375,0.024169921875,0.9768252372741699,-0.9160305261611938,-0.030534351244568825,-1.1526718139648438,1,95601.0,-0.211517333984375,27.309999465942383,1,0,3849,1,b30a0000ff0903009c02010002000000,1,0x0CA4
195,10,5,21000,99431,0.0,0.0,-17.0,0.0,0.0,0.0,181813,0,0,0,-0.982177734375,-0.024169921875,0.0341796875,0.9830694198608398,-0.9083969593048096,0.3893129825592041,-0.9541984796524048,1,95599.0,0.02978515625,27.3700008392334,1,0,3846,1,b40a0000ff0000001c47010003000000,0,0x4162
196,10,6,21104,30509,0.0,0.0,0.0,0.0,0.0,0.0,0,0,0,0,0.0,0.0,0.0,0.0,0.0,0.0,0.0,0,0.0,0.0,0.0,0,0,3897,1,00000000000000000000000000000000,0,0x154C
197,10,7,21208,60536,0.0,0.0,0.0,0.0,0.0,0.0,0,0,0,0,0.0,0.0,0.0,0.0,0.0,0.0,0.0,0,0.0,0.0,0.0,0,0,3907,1,00000000000000000000000000000000,0,0x0E9C
198,10,8,21312,30402,0.0,0.0,0.0,0.0,0.0,0.0,0,0,0,0,0.0,0.0,0.0,0.0,0.0,0.0,0.0,0,0.0,0.0,0.0,0,0,3916,1,00000000000000000000000000000000,0,0x1E30
199,10,9,21416,60495,0.0,0.0,0.0,0.0,0.0,0.0,0,0,0,0,0.0,0.0,0.0,0.0,0.0,0.0,0.0,0,0.0,0.0,0.0,0,0,3900,1,00000000000000000000000000000000,0,0xC873
200,10,10,21520,90098,0.0,0.0,0.0,0.0,0.0,0.0,0,0,0,0,1.0068359375,-0.028564453125,0.02197265625,1.0074806213378906,-0.7175572514533997,0.5190839767456055,-0.572519063949585,1,95615.0,431.3653564453125,26.479999542236328,1,0,3913,1,00000000000000000000000000000000,0,0x86BC
201,10,11,21624,127331,0.0,0.0,-17.0,0.0,0.0,0.0,440,0,0,0,1.01708984375,-0.030517578125,0.0224609375,1.017795443534851,-0.6183205842971802,0.2671755850315094,-1.0458015203475952,1,95623.0,430.66778564453125,26.639999389648438,1,0,3904,1,00000000000000000000000000000000,0,0xD83C
202,10,12,21728,150131,0.0,0.0,0.0,0.0,0.0,0.0,0,0,0,0,1.0185546875,-0.031005859375,0.03076171875,1.0194907188415527,-1.0534350872039795,-0.030534351244568825,-1.14503812789917,1,95618.0,431.103759765625,26.6200008392334,1,0,3897,1,00000000000000000000000000000000,0,0xD608
203,10,13,21832,187384,0.0,0.0,-17.0,0.0,0.0,0.0,540,0,0,0,1.0146484375,-0.03271484375,0.032470703125,1.0156948566436768,-0.9236640930175781,0.20610687136650085,-1.0076335668563843,1,95615.0,431.3653564453125,26.65999984741211,1,0,3891,1,00000000000000000000000000000000,0,0x7B55
204,10,14,21936,30059,0.0,0.0,0.0,0.0,0.0,0.0,0,0,0,0,1.016845703125,-0.031982421875,0.03466796875,1.0179389715194702,-0.8396946787834167,0.16030533611774445,-1.0,1,95621.0,430.8512268066406,26.729999542236328,1,0,3904,1,00000000000000000000000000000000,0,0xE7C6
205,10,15,22040,39290,0.0,0.0,-17.0,0.0,0.0,0.0,38,0,0,0,-0.90673828125,0.11181640625,-0.4814453125,1.0326987504959106,-50.30534362792969,55.46564865112305,4.244274616241455,1,95621.0,430.8512268066406,26.389999389648438,1,0,3849,1,b60a0000ff0401004f93000000000000,1,0x49D2
206,10,16,22144,38668,0.0,0.0,-17.0,0.0,0.0,0.0,139,0,0,0,-0.928466796875,-0.0810546875,0.25830078125,0.967129647731781,0.49618321657180786,-3.458015203475952,0.21374045312404633,1,95622.0,430.7640075683594,26.469999313354492,1,0,3849,1,b90a0000000000014a56000000000000,0,0xF58A
207,10,17,22248,68768,0.0,0.0,-17.0,0.0,0.0,0.0,209,0,0,0,-0.964111328125,-0.02783203125,-0.18115234375,0.9813773036003113,1.0305343866348267,-3.4503817558288574,-1.610687017440796,1,95619.0,431.0256042480469,26.549999237060547,1,0,3827,1,bb0a000000000001f1e2000002000000,0,0x9B8E
208,10,18,22352,38757,0.0,0.0,0.0,0.0,0.0,0.0,0,0,0,0,-0.904541015625,0.271240234375,-0.23095703125,0.9721660614013672,-4.43511438369751,1.6717556715011597,-0.5877862572669983,1,95623.0,430.67681884765625,26.75,1,0,3849,1,00000000000000010000000000000000,0,0x64DC
209,11,0,22528,68857,0.0,0.0,-17.0,0.0,0.0,0.0,400,0,0,0,-1.04150390625,-0.167236328125,0.177734375,1.0697139501571655,-11.557251930236816,-3.8396947383880615,-4.9083967208862305,1,95623.0,430.67681884765625,26.81999969482422,1,0,3862,1,c10a0000000000016fca000000000000,0,0x3BF8
210,11,1,22632,38722,0.0,0.0,-17.0,0.0,0.0,0.0,452,0,0,0,-0.8916015625,0.329345703125,-0.0302734375,0.9509670734405518,-10.954198837280273,2.6564886569976807,-4.29007625579834,1,95623.0,430.67681884765625,26.959999084472656,1,0,3846,1,c40a0000ff0000012559000000000000,0,0x637D
211,11,2,22736,68723,0.0,0.0,-17.0,0.0,0.0,0.0,193951,0,0,0,-0.931884765625,0.239990234375,-0.156005859375,0.9748550653457642,-1.7251908779144287,0.18320611119270325,-0.19083969295024872,1,95623.0,430.67681884765625,27.040000915527344,1,0,3843,1,c60a000000000001dce1000002000000,0,0x2BC8
212,11,3,22840,38665,0.0,0.0,-17.0,0.0,0.0,0.0,194055,0,0,0,-0.949462890625,0.186767578125,-0.283447265625,1.0083175897598267,-3.816793918609619,2.5877861976623535,-2.503816843032837,1,95620.0,430.93841552734375,27.149999618530273,1,0,3843,1,00000000000000010000000000000000,0,0xC59A
213,11,4,22944,38696,0.0,0.0,0.0,0.0,0.0,0.0,0,0,0,0,-0.9765625,-0.20751953125,-0.1328125,1.0071632862091064,-10.70992374420166,-16.97709846496582,15.114503860473633,1,95625.0,-0.276824951171875,27.18000030517578,1,0,3849,1,cd0a0000ff000001b76d000000000000,0,0x69FA
214,11,5,23048,68700,0.0,0.0,-17.0,0.0,0.0,0.0,194224,0,0,0,-0.982177734375,-0.037109375,0.004638671875,0.9828894734382629,-1.0305343866348267,0.1221374049782753,-1.0839694738388062,1,95623.0,0.203277587890625,27.1299991607666,1,0,3856,1,cf0a0000ff0602008af6000002000000,1,0x17B6
215,11,6,23152,98748,0.0,0.0,-17.0,0.0,0.0,0.0,194254,0,0,0,-0.97705078125,-0.000732421875,0.0009765625,0.9770515561103821,10.748091697692871,1.4732824563980103,-0.8396946787834167,1,95626.0,-0.019439697265625,27.149999618530273,1,0,3833,1,d00a0000ff050201fb3a010003000000,0,0xA006
216,11,7,23256,38864,0.0,0.0,0.0,0.0,0.0,0.0,0,0,0,0,-0.981201171875,-0.026611328125,0.04638671875,0.9826574325561523,-0.7862595319747925,0.442748099565506,-1.0916030406951904,1,95623.0,0.2603759765625,27.190000534057617,1,0,3840,1,d30a0000ff0100016467000000000000,0,0xD82A
217,11,8,23360,68964,50.95183181762695,-24.991552352905273,12792.0,0.0,0.0,0.0,194411,0,0,0,-0.974609375,-0.029296875,0.033935546875,0.9756399989128113,-0.6183205842971802,0.15267175436019897,-0.9923664331436157,0,95628.0,-0.1553955078125,27.209999084472656,1,0,3843,1,d50a0000ff03010042f0000002000000,1,0x17E5
218,11,9,23464,99109,50.95183181762695,-24.991552352905273,12792.0,0.0,0.0,0.0,194441,0,0,0,-0.986328125,-0.0302734375,0.029296875,0.9872273802757263,-0.8549618124961853,-0.015267175622284412,-1.0992366075515747,1,95632.0,-0.362548828125,27.25,1,0,3833,1,d60a0000ff090301b434010003000000,0,0xB19F
219,11,10,23568,129209,50.95183181762695,-24.991552352905273,12792.0,0.0,0.0,0.0,194511,0,0,0,-0.9814453125,-0.030029296875,0.024658203125,0.9822141528129578,-0.7175572514533997,0.13740457594394684,-1.198473334312439,1,95631.0,-0.287109375,27.239999771118164,1,0,3849,1,d80a0000ff0a040196bd010004000000,0,0x7E05
220,11,11,23672,159271,50.95183181762695,-24.991552352905273,12792.0,0.0,0.0,0.0,194541,0,0,0,-0.97900390625,-0.031494140625,0.032470703125,0.980048418045044,-0.8396946787834167,0.16030533611774445,-1.1145038604736328,0,95629.0,-0.03466796875,27.18000030517578,1,0,3843,1,da0a0000ff0401018046020006000000,0,0x55F8
221,11,12,23776,189371,50.95183181762695,-24.991552352905273,12792.0,0.0,0.0,0.0,194611,0,0,0,-0.982421875,-0.0302734375,0.029052734375,0.983317494392395,-0.9770992398262024,0.20610687136650085,-1.1755725145339966,0,95629.0,-0.02862548828125,27.139999389648438,1,0,3824,1,dc0a0000ff04010060cf020008000000,1,0xEDE7
222,11,13,23880,219438,50.95183181762695,-24.991552352905273,12792.0,0.0,0.0,0.0,194641,0,0,0,-0.974853515625,-0.02880859375,0.031982421875,0.9758033752441406,-0.8244274854660034,0.17557251453399658,-1.1526718139648438,1,95632.0,-0.26214599609375,27.139999389648438,1,0,3833,1,dd0a0000ff0c0501d013030009000000,0,0x3854
223,11,14,23984,38710,50.95183181762695,-24.991552352905273,12792.0,0.0,0.0,0.0,194757,0,0,0,-0.979736328125,-0.001708984375,0.011962890625,0.9798108339309692,-0.8244274854660034,0.16030533611774445,-1.1908396482467651,1,95628.0,0.2047119140625,27.280000686645508,1,0,3824,1,00000000000000010000000000000000,0,0xEBDA
224,11,15,24088,68810,50.95183181762695,-24.991552352905273,12792.0,0.0,0.0,0.0,194827,0,0,0,-0.9736328125,-0.002685546875,0.015625,0.9737618565559387,-0.7251908183097839,0.09160305559635162,-1.0687023401260376,0,95629.0,0.114288330078125,27.31999969482422,1,0,3833,1,e40a0000ff030100b309010001000000,1,0xCF93
225,11,16,24192,98844,50.95183181762695,-24.991552352905273,12792.0,0.0,0.0,0.0,194857,0,0,0,-0.986328125,0.004638671875,0.01025390625,0.9863923192024231,-1.0076335668563843,0.23664122819900513,-1.0305343866348267,1,95630.0,-0.010040283203125,27.350000381469727,1,0,3849,1,e50a0000ff0301012e4e010002000000,0,0x6B8F
226,11,17,24296,30666,0.0,0.0,0.0,0.0,0.0,0.0,0,0,0,0,0.0,0.0,0.0,0.0,0.0,0.0,0.0,0,0.0,0.0,0.0,0,0,3843,1,00000000000000000000000000000000,0,0xC037
227,11,18,24400,60747,0.0,0.0,0.0,0.0,0.0,0.0,0,0,0,0,0.0,0.0,0.0,0.0,0.0,0.0,0.0,0,0.0,0.0,0.0,0,0,3817,1,e80a0000ff06020186bf000001000000,0,0x132B
228,12,0,24576,90835,0.0,0.0,0.0,0.0,0.0,0.0,0,0,0,0,0.0,0.0,0.0,0.0,0.0,0.0,0.0,0,0.0,0.0,0.0,0,0,3843,1,ea0a0000ff010000f846010003000000,1,0x3AD2
229,12,1,24680,120919,0.0,0.0,0.0,0.0,0.0,0.0,0,0,0,0,0.0,0.0,0.0,0.0,0.0,0.0,0.0,0,0.0,0.0,0.0,0,0,3820,1,ec0a0000ff02010017d1010005000000,1,0xF2E8
230,12,2,24784,151002,0.0,0.0,0.0,0.0,0.0,0.0,0,0,0,0,0.0,0.0,0.0,0.0,0.0,0.0,0.0,0,0.0,0.0,0.0,0,0,3833,1,ed0a0000ff0301017b14020006000000,0,0x2649
231,12,3,24888,181083,0.0,0.0,0.0,0.0,0.0,0.0,0,0,0,0,0.0,0.0,0.0,0.0,0.0,0.0,0.0,0,0.0,0.0,0.0,0,0,3830,1,ef0a0000ff0401005c9d020008000000,1,0x568A
232,12,4,24992,211164,0.0,0.0,0.0,0.0,0.0,0.0,0,0,0,0,0.0,0.0,0.0,0.0,0.0,0.0,0.0,0,0.0,0.0,0.0,0,0,3833,1,f10a0000ff010000652603000a000000,1,0xBC01
233,12,5,25096,241245,0.0,0.0,0.0,0.0,0.0,0.0,0,0,0,0,0.0,0.0,0.0,0.0,0.0,0.0,0.0,0,0.0,0.0,0.0,0,0,3833,1,f20a0000ff010001d56a03000b000000,0,0x59E7
234,12,6,25200,271333,0.0,0.0,0.0,0.0,0.0,0.0,0,0,0,0,0.0,0.0,0.0,0.0,0.0,0.0,0.0,0,0.0,0.0,0.0,0,0,3836,1,f40a0000ff0100018bf403000d000000,0,0x5A3D
235,12,7,25304,301418,0.0,0.0,0.0,0.0,0.0,0.0,0,0,0,0,0.0,0.0,0.0,0.0,0.0,0.0,0.0,0,0.0,0.0,0.0,0,0,3817,1,f60a0000ff010000d87c04000f000000,1,0x9069
236,12,8,25408,331407,0.0,0.0,0.0,0.0,0.0,0.0,0,0,0,0,0.0,0.0,0.0,0.0,0.0,0.0,0.0,0,0.0,0.0,0.0,0,0,3811,1,f70a0000ff01000162c1040010000000,0,0xE9DD
237,12,9,25512,361491,0.0,0.0,0.0,0.0,0.0,0.0,0,0,0,0,0.0,0.0,0.0,0.0,0.0,0.0,0.0,0,0.0,0.0,0.0,0,0,3833,1,fa0a0000ff0301005871050012000000,1,0x5639
238,12,10,25616,391575,0.0,0.0,0.0,0.0,0.0,0.0,0,0,0,0,0.0,0.0,0.0,0.0,0.0,0.0,0.0,0,0.0,0.0,0.0,0,0,3843,1,fc0a0000ff04010092f8050013000000,1,0x41F5
239,12,11,25720,30480,0.0,0.0,0.0,0.0,0.0,0.0,0,0,0,0,0.0,0.0,0.0,0.0,0.0,0.0,0.0,0,0.0,0.0,0.0,0,0,3846,1,fd0a0000ff0401016744000000000000,0,0xA154
240,12,12,25824,30507,0.0,0.0,0.0,0.0,0.0,0.0,0,0,0,0,0.0,0.0,0.0,0.0,0.0,0.0,0.0,0,0.0,0.0,0.0,0,0,3824,1,00000000000000000000000000000000,0,0x69BE
241,12,13,25928,60591,0.0,0.0,0.0,0.0,0.0,0.0,0,0,0,0,0.0,0.0,0.0,0.0,0.0,0.0,0.0,0,0.0,0.0,0.0,0,0,3827,1,000b0000ff0903017fbe000001000000,0,0x9BC1
242,12,14,26032,90682,0.0,0.0,0.0,0.0,0.0,0.0,0,0,0,0,0.0,0.0,0.0,0.0,0.0,0.0,0.0,0,0.0,0.0,0.0,0,0,3824,1,020b0000ff0c05000545010003000000,1,0xF069
243,12,15,26136,30667,0.0,0.0,0.0,0.0,0.0,0.0,0,0,0,0,0.0,0.0,0.0,0.0,0.0,0.0,0.0,0,0.0,0.0,0.0,0,0,3840,1,00000000000000000000000000000000,0,0x589B
244,12,16,26240,60748,0.0,0.0,0.0,0.0,0.0,0.0,0,0,0,0,0.0,0.0,0.0,0.0,0.0,0.0,0.0,0,0.0,0.0,0.0,0,0,3830,1,040b0000ff07030180bf000001000000,0,0x1483
245,12,17,26344,90836,0.0,0.0,0.0,0.0,0.0,0.0,0,0,0,0,0.0,0.0,0.0,0.0,0.0,0.0,0.0,0,0.0,0.0,0.0,0,0,3820,1,060b0000ff0301002f45010003000000,1,0x1B6D
246,12,18,26448,120922,0.0,0.0,0.0,0.0,0.0,0.0,0,0,0,0,0.0,0.0,0.0,0.0,0.0,0.0,0.0,0,0.0,0.0,0.0,0,0,3817,1,080b0000ff02010012d1010005000000,1,0x6F6A
247,13,0,26624,151005,0.0,0.0,0.0,0.0,0.0,0.0,0,0,0,0,0.0,0.0,0.0,0.0,0.0,0.0,0.0,0,0.0,0.0,0.0,0,0,3824,1,090b0000ff0401016612020006000000,0,0x73C6
248,13,1,26728,181086,0.0,0.0,0.0,0.0,0.0,0.0,0,0,0,0,0.0,0.0,0.0,0.0,0.0,0.0,0.0,0,0.0,0.0,0.0,0,0,3820,1,0b0b0000ff1408012e9b020008000000,0,0xD027
249,13,2,26832,211167,0.0,0.0,0.0,0.0,0.0,0.0,0,0,0,0,0.0,0.0,0.0,0.0,0.0,0.0,0.0,0,0.0,0.0,0.0,0,0,3811,1,0d0b0000ff070300142403000a000000,1,0x0D33
250,13,3,26936,30481,0.0,0.0,0.0,0.0,0.0,0.0,0,0,0,0,0.0,0.0,0.0,0.0,0.0,0.0,0.0,0,0.0,0.0,0.0,0,0,3811,1,0e0b0000ff0703014249000000000000,0,0x4ED2
251,13,4,27040,60561,0.0,0.0,0.0,0.0,0.0,0.0,0,0,0,0,0.0,0.0,0.0,0.0,0.0,0.0,0.0,0,0.0,0.0,0.0,0,0,3817,1,100b0000ff050200f7cf000002000000,1,0x45B3
252,13,5,27144,90650,0.0,0.0,0.0,0.0,0.0,0.0,0,0,0,0,0.0,0.0,0.0,0.0,0.0,0.0,0.0,0,0.0,0.0,0.0,0,0,3824,1,120b0000ff010000385b010004000000,1,0xAF27
253,13,6,27248,30670,0.0,0.0,0.0,0.0,0.0,0.0,0,0,0,0,0.0,0.0,0.0,0.0,0.0,0.0,0.0,0,0.0,0.0,0.0,0,0,3820,1,00000000000000000000000000000000,0,0xC9C8
254,13,7,27352,30479,0.0,0.0,0.0,0.0,0.0,0.0,0,0,0,0,0.0,0.0,0.0,0.0,0.0,0.0,0.0,0,0.0,0.0,0.0,0,0,3836,1,1b0b0000ff1207010337000000000000,0,0x5FFD
255,13,8,27456,30482,0.0,0.0,0.0,0.0,0.0,0.0,0,0,0,0,0.0,0.0,0.0,0.0,0.0,0.0,0.0,0,0.0,0.0,0.0,0,0,3811,1,1d0b0000ff0401013e49000000000000,0,0xBE37
256,13,9,27560,30481,0.0,0.0,0.0,0.0,0.0,0.0,0,0,0,0,0.0,0.0,0.0,0.0,0.0,0.0,0.0,0,0.0,0.0,0.0,0,0,3820,1,1f0b0000ff0903006e53000000000000,1,0xDEBB
257,13,10,27664,60563,0.0,0.0,0.0,0.0,0.0,0.0,0,0,0,0,0.0,0.0,0.0,0.0,0.0,0.0,0.0,0,0.0,0.0,0.0,0,0,3830,1,210b0000ff160800cee0000002000000,1,0x4735
258,13,11,27768,30479,0.0,0.0,0.0,0.0,0.0,0.0,0,0,0,0,0.0,0.0,0.0,0.0,0.0,0.0,0.0,0,0.0,0.0,0.0,0,0,3811,1,290b0000ff0401004b72000001000000,1,0xAFE5
259,13,12,27872,60575,0.0,0.0,0.0,0.0,0.0,0.0,0,0,0,0,0.0,0.0,0.0,0.0,0.0,0.0,0.0,0,0.0,0.0,0.0,0,0,3801,1,2a0b0000ff0401018cb9000002000000,0,0xBD25
260,13,13,27976,90663,0.0,0.0,0.0,0.0,0.0,0.0,0,0,0,0,0.0,0.0,0.0,0.0,0.0,0.0,0.0,0,0.0,0.0,0.0,0,0,3811,1,2c0b0000ff0c0500bb3f010004000000,1,0x0BE5
261,13,14,28080,120746,0.0,0.0,0.0,0.0,0.0,0.0,0,0,0,0,0.0,0.0,0.0,0.0,0.0,0.0,0.0,0,0.0,0.0,0.0,0,0,3824,1,2e0b0000ff09030025cb010006000000,1,0x11F2
262,13,15,28184,150834,0.0,0.0,0.0,0.0,0.0,0.0,0,0,0,0,0.0,0.0,0.0,0.0,0.0,0.0,0.0,0,0.0,0.0,0.0,0,0,3824,1,2f0b0000ff0903013b0d020007000000,0,0x0A8E
263,13,16,28288,180916,0.0,0.0,0.0,0.0,0.0,0.0,0,0,0,0,0.0,0.0,0.0,0.0,0.0,0.0,0.0,0,0.0,0.0,0.0,0,0,3798,1,310b0000ff0a04012e96020009000000,0,0x225C
264,13,17,28392,211006,0.0,0.0,0.0,0.0,0.0,0.0,0,0,0,0,0.0,0.0,0.0,0.0,0.0,0.0,0.0,0,0.0,0.0,0.0,0,0,3804,1,330b0000ff020100301f03000b000000,1,0x417C
265,13,18,28496,241089,0.0,0.0,0.0,0.0,0.0,0.0,0,0,0,0,0.0,0.0,0.0,0.0,0.0,0.0,0.0,0,0.0,0.0,0.0,0,0,3824,1,350b0000ff12070033a803000d000000,1,0xFE0E
266,14,0,28672,271182,0.0,0.0,0.0,0.0,0.0,0.0,0,0,0,0,0.0,0.0,0.0,0.0,0.0,0.0,0.0,0,0.0,0.0,0.0,0,0,3811,1,360b0000ff14080155ee03000e000000,0,0x12EE
267,14,1,28776,301266,0.0,0.0,0.0,0.0,0.0,0.0,0,0,0,0,0.0,0.0,0.0,0.0,0.0,0.0,0.0,0,0.0,0.0,0.0,0,0,3798,1,380b0000ff120700c175040010000000,1,0xC08F
268,14,2,28880,331274,0.0,0.0,0.0,0.0,0.0,0.0,0,0,0,0,0.0,0.0,0.0,0.0,0.0,0.0,0.0,0,0.0,0.0,0.0,0,0,3811,1,3a0b0000ff180900d104050012000000,1,0x7D71
269,14,3,28984,361361,0.0,0.0,0.0,0.0,0.0,0.0,0,0,0,0,0.0,0.0,0.0,0.0,0.0,0.0,0.0,0,0.0,0.0,0.0,0,0,3811,1,3b0b0000ff0b0401ee46050013000000,0,0xEC98
270,14,4,29088,391442,0.0,0.0,0.0,0.0,0.0,0.0,0,0,0,0,0.0,0.0,0.0,0.0,0.0,0.0,0.0,0,0.0,0.0,0.0,0,0,3801,1,3d0b0000ff120701a5cf050015000000,0,0xED05
271,14,5,29192,421523,0.0,0.0,0.0,0.0,0.0,0.0,0,0,0,0,0.0,0.0,0.0,0.0,0.0,0.0,0.0,0,0.0,0.0,0.0,0,0,3804,1,3f0b0000ff1006006758060017000000,1,0x8712
272,14,6,29296,451609,0.0,0.0,0.0,0.0,0.0,0.0,0,0,0,0,0.0,0.0,0.0,0.0,0.0,0.0,0.0,0,0.0,0.0,0.0,0,0,3795,1,410b0000ff16080027e1060019000000,1,0x0155
273,14,7,29400,481693,0.0,0.0,0.0,0.0,0.0,0.0,0,0,0,0,0.0,0.0,0.0,0.0,0.0,0.0,0.0,0,0.0,0.0,0.0,0,0,3808,1,420b0000ff0c05014b2807001a000000,0,0xFBCB
274,14,8,29504,511783,0.0,0.0,0.0,0.0,0.0,0.0,0,0,0,0,0.0,0.0,0.0,0.0,0.0,0.0,0.0,0,0.0,0.0,0.0,0,0,3795,1,440b0000ff14080049ae07001c000000,1,0xB8E1
275,14,9,29608,30484,0.0,0.0,0.0,0.0,0.0,0.0,0,0,0,0,0.0,0.0,0.0,0.0,0.0,0.0,0.0,0,0.0,0.0,0.0,0,0,3808,1,470b0000ff1006016e44000000000000,0,0xC2F9
276,14,10,29712,30467,0.0,0.0,0.0,0.0,0.0,0.0,0,0,0,0,0.0,0.0,0.0,0.0,0.0,0.0,0.0,0,0.0,0.0,0.0,0,0,3814,1,4a0b0000ff0803017744000000000000,0,0x5F1D
277,14,11,29816,60542,0.0,0.0,0.0,0.0,0.0,0.0,0,0,0,0,0.0,0.0,0.0,0.0,0.0,0.0,0.0,0,0.0,0.0,0.0,0,0,3801,1,4c0b0000ff1b0a00cdcd000002000000,1,0x57AD
278,14,12,29920,90615,0.0,0.0,0.0,0.0,0.0,0.0,0,0,0,0,0.0,0.0,0.0,0.0,0.0,0.0,0.0,0,0.0,0.0,0.0,0,0,3798,1,4e0b0000ff220d001556010004000000,1,0x92FB
279,14,13,30024,120690,0.0,0.0,0.0,0.0,0.0,0.0,0,0,0,0,0.0,0.0,0.0,0.0,0.0,0.0,0.0,0,0.0,0.0,0.0,0,0,3814,1,4f0b0000ff0703018b9a010005000000,0,0x65B2
280,14,14,30128,30468,0.0,0.0,0.0,0.0,0.0,0.0,0,0,0,0,0.0,0.0,0.0,0.0,0.0,0.0,0.0,0,0.0,0.0,0.0,0,0,3801,1,520b0000ff0903013e3d000000000000,0,0xAE26
281,14,15,30232,60545,0.0,0.0,0.0,0.0,0.0,0.0,0,0,0,0,0.0,0.0,0.0,0.0,0.0,0.0,0.0,0,0.0,0.0,0.0,0,0,3798,1,540b0000ff04010018c6000002000000,1,0xBADA
282,14,16,30336,90622,0.0,0.0,0.0,0.0,0.0,0.0,0,0,0,0,0.0,0.0,0.0,0.0,0.0,0.0,0.0,0,0.0,0.0,0.0,0,0,3811,1,560b0000ff010000fb4e010004000000,1,0xB7B2
283,14,17,30440,30418,0.0,0.0,0.0,0.0,0.0,0.0,0,0,0,0,0.0,0.0,0.0,0.0,0.0,0.0,0.0,0,0.0,0.0,0.0,0,0,3763,1,00000000000000010000000000000000,0,0xFD01
284,14,18,30544,30479,0.0,0.0,0.0,0.0,0.0,0.0,0,0,0,0,0.0,0.0,0.0,0.0,0.0,0.0,0.0,0,0.0,0.0,0.0,0,0,3824,1,00000000000000000000000000000000,0,0xCD6B
285,15,0,30720,60594,0.0,0.0,0.0,0.0,0.0,0.0,0,0,0,0,0.0,0.0,0.0,0.0,0.0,0.0,0.0,0,0.0,0.0,0.0,0,0,3798,1,5b0b0000ff0401016179000000000000,0,0xFA06
286,15,1,30824,30655,0.0,0.0,0.0,0.0,0.0,0.0,0,0,0,0,0.0,0.0,0.0,0.0,0.0,0.0,0.0,0,0.0,0.0,0.0,0,0,3814,1,00000000000000000000000000000000,0,0xAF4F
287,15,2,30928,30455,0.0,0.0,0.0,0.0,0.0,0.0,0,0,0,0,0.0,0.0,0.0,0.0,0.0,0.0,0.0,0,0.0,0.0,0.0,0,0,3804,1,5e0b0000ff030100bc57000000000000,1,0x0FB0
288,15,3,31032,60458,0.0,0.0,0.0,0.0,0.0,0.0,0,0,0,0,0.0,0.0,0.0,0.0,0.0,0.0,0.0,0,0.0,0.0,0.0,0,0,3798,1,5f0b0000ff160801449c000001000000,0,0xE4E4
289,15,4,31136,90525,0.0,0.0,0.0,0.0,0.0,0.0,0,0,0,0,0.0,0.0,0.0,0.0,0.0,0.0,0.0,0,0.0,0.0,0.0,0,0,3811,1,610b0000ff160801442a010002000000,0,0x18F8
290,15,5,31240,30593,0.0,0.0,0.0,0.0,0.0,0.0,0,0,0,0,0.0,0.0,0.0,0.0,0.0,0.0,0.0,0,0.0,0.0,0.0,0,0,3820,1,00000000000000000000000000000000,0,0x04F1
291,15,6,31344,60700,0.0,0.0,0.0,0.0,0.0,0.0,0,0,0,0,0.0,0.0,0.0,0.0,0.0,0.0,0.0,0,0.0,0.0,0.0,0,0,3788,1,620b0000ff0c05019b79000000000000,0,0xAB68
292,15,7,31448,90786,0.0,0.0,0.0,0.0,0.0,0.0,0,0,0,0,0.0,0.0,0.0,0.0,0.0,0.0,0.0,0,0.0,0.0,0.0,0,0,3798,1,650b0000ff0401006e4b010001000000,1,0x712D
293,15,8,31552,120814,0.0,0.0,0.0,0.0,0.0,0.0,0,0,0,0,0.0,0.0,0.0,0.0,0.0,0.0,0.0,0,0.0,0.0,0.0,0,0,3785,1,670b0000ff09030085cf010003000000,1,0xCF95
294,15,9,31656,30474,0.0,0.0,0.0,0.0,0.0,0.0,0,0,0,0,0.0,0.0,0.0,0.0,0.0,0.0,0.0,0,0.0,0.0,0.0,0,0,3772,1,6a0b0000ff1307004764000001000000,1,0xC159
295,15,10,31760,30427,0.0,0.0,0.0,0.0,0.0,0.0,0,0,0,0,0.0,0.0,0.0,0.0,0.0,0.0,0.0,0,0.0,0.0,0.0,0,0,3814,1,6c0b0000ff120700e761000000000000,1,0x7387
296,15,11,31864,60444,0.0,0.0,0.0,0.0,0.0,0.0,0,0,0,0,0.0,0.0,0.0,0.0,0.0,0.0,0.0,0,0.0,0.0,0.0,0,0,3779,1,6e0b0000ff18090009e4000001000000,1,0xE457
297,15,12,31968,90518,0.0,0.0,0.0,0.0,0.0,0.0,0,0,0,0,0.0,0.0,0.0,0.0,0.0,0.0,0.0,0,0.0,0.0,0.0,0,0,3795,1,6f0b0000ff1408016d28010002000000,0,0xACEA
298,15,13,32072,120591,0.0,0.0,0.0,0.0,0.0,0.0,0,0,0,0,0.0,0.0,0.0,0.0,0.0,0.0,0.0,0,0.0,0.0,0.0,0,0,3769,1,710b0000ff16080065b1010004000000,1,0x9099
299,15,14,32176,150666,0.0,0.0,0.0,0.0,0.0,0.0,0,0,0,0,0.0,0.0,0.0,0.0,0.0,0.0,0.0,0,0.0,0.0,0.0,0,0,3776,1,730b0000ff120700693a020006000000,1,0x915F
300,15,15,32280,30473,0.0,0.0,0.0,0.0,0.0,0.0,0,0,0,0,0.0,0.0,0.0,0.0,0.0,0.0,0.0,0,0.0,0.0,0.0,0,0,3779,1,760b0000ff050200f469000001000000,1,0x4AC8
301,15,16,32384,30427,0.0,0.0,0.0,0.0,0.0,0.0,0,0,0,0,0.0,0.0,0.0,0.0,0.0,0.0,0.0,0,0.0,0.0,0.0,0,0,3798,1,780b0000ff050201864a000000000000,0,0xED12
302,15,17,32488,30681,0.0,0.0,0.0,0.0,0.0,0.0,0,0,0,0,0.0,0.0,0.0,0.0,0.0,0.0,0.0,0,0.0,0.0,0.0,0,0,3808,1,00000000000000000000000000000000,0,0x3AF2
303,15,18,32592,60687,0.0,0.0,0.0,0.0,0.0,0.0,0,0,0,0,0.0,0.0,0.0,0.0,0.0,0.0,0.0,0,0.0,0.0,0.0,0,0,3788,1,7a0b0000ff180901fb77000000000000,0,0xAC22
304,16,0,32768,30100,0.0,0.0,0.0,0.0,0.0,0.0,0,0,0,0,0.0,0.0,0.0,0.0,0.0,0.0,0.0,0,0.0,0.0,0.0,0,0,3792,1,7e0b0000ff010001363a000000000000,0,0x5389
305,16,1,32872,67358,0.0,0.0,-17.0,0.0,0.0,0.0,116,0,0,0,-0.969482421875,-0.005859375,0.04052734375,0.9703468084335327,-0.6793892979621887,0.5419847369194031,-1.2366411685943604,1,95681.0,439.2665710449219,25.8700008392334,1,0,3808,1,800b0000ff000001e1c0000001000000,0,0xCEBB
306,16,2,32976,90133,0.0,0.0,0.0,0.0,0.0,0.0,0,0,0,0,-0.97509765625,-0.00830078125,-0.134521484375,0.9843680262565613,-0.8320610523223877,0.221374049782753,-1.14503812789917,1,95675.0,439.78973388671875,25.729999542236328,1,0,3801,1,820b0000ff0301007e49010002000000,1,0xF666
307,16,3,33080,127427,0.0,0.0,-17.0,0.0,0.0,0.0,214604,0,0,0,-0.977294921875,-0.008544921875,-0.1279296875,0.9856694936752319,-0.6717557311058044,0.21374045312404633,-0.9312977194786072,1,95679.0,439.4409484863281,25.510000228881836,1,0,3795,1,840b0000ff0602002cd2010004000000,1,0x0201
308,16,4,33184,151080,0.0,0.0,0.0,0.0,0.0,0.0,0,0,0,0,-0.973388671875,-0.010986328125,-0.129150390625,0.9819806814193726,-0.7175572514533997,0.38167938590049744,-1.1145038604736328,1,95676.0,439.7025451660156,25.06999969482422,1,0,3795,1,850b0000ff0602018a16020005000000,0,0x39B0
309,16,5,33288,188357,0.0,0.0,-17.0,0.0,0.0,0.0,214705,0,0,0,-0.9755859375,-0.00146484375,-0.12744140625,0.9838756918907166,-0.9160305261611938,0.10687022656202316,-1.0763359069824219,0,95673.0,439.964111328125,24.6299991607666,1,0,3785,1,870b0000ff090301669f020006000000,0,0x7C17
310,16,6,33392,218522,0.0,0.0,0.0,0.0,0.0,0.0,0,0,0,0,-0.976806640625,-0.00927734375,-0.13818359375,0.9865759015083313,-0.7404580116271973,0.28244274854660034,-0.9847328066825867,1,95676.0,439.7025451660156,24.510000228881836,1,0,3756,1,890b0000ff0502013428030007000000,0,0xCF36
311,16,7,33496,248554,0.0,0.0,-17.0,0.0,0.0,0.0,214803,0,0,0,-0.971435546875,-0.0126953125,-0.136474609375,0.981057345867157,-0.7404580116271973,0.18320611119270325,-1.1679389476776123,1,95684.0,439.0049743652344,24.350000381469727,1,0,3795,1,8b0b0000ff12070003b1030009000000,1,0xCDBD
312,16,8,33600,278653,0.0,0.0,0.0,0.0,0.0,0.0,0,0,0,0,-0.9716796875,-0.00537109375,-0.13720703125,0.9813337922096252,-0.6335877776145935,0.23664122819900513,-0.9618320465087891,1,95680.0,439.353759765625,23.760000228881836,1,0,3785,1,8c0b0000ff02010164f503000a000000,0,0x7058
313,16,9,33704,309672,0.0,0.0,-17.0,0.0,0.0,0.0,214904,0,0,0,-0.973388671875,-0.01171875,-0.140625,0.983564019203186,-0.6488549709320068,0.442748099565506,-1.0534350872039795,1,95683.0,439.0921630859375,23.420000076293945,1,0,3788,1,8e0b0000ff0803016c7e04000b000000,0,0x3216
314,16,10,33808,339796,0.0,0.0,0.0,0.0,0.0,0.0,0,0,0,0,-0.9755859375,-0.004150390625,-0.131103515625,0.98436439037323,-0.7099236845970154,0.19083969295024872,-1.1526718139648438,0,95682.0,439.1793518066406,23.209999084472656,1,0,3776,1,900b0000ff0401013b0705000c000000,0,0x1277
315,16,11,33912,369840,0.0,0.0,-17.0,0.0,0.0,0.0,215005,0,0,0,-0.96875,-0.007568359375,-0.135009765625,0.9781418442726135,-0.7862595319747925,0.18320611119270325,-1.0152671337127686,0,95680.0,439.353759765625,22.899999618530273,1,0,3792,1,920b0000ff0b0400f08f05000d000000,1,0x0B3F
316,16,12,34016,399862,0.0,0.0,-17.0,0.0,0.0,0.0,215037,0,0,0,-0.97802734375,-0.00341796875,-0.130615234375,0.9867165088653564,-0.694656491279602,0.038167938590049744,-1.2137404680252075,1,95686.0,438.8305969238281,22.639999389648438,1,0,3785,1,930b0000ff01000157d405000e000000,0,0x3089
317,16,13,34120,430774,59.10206985473633,-6.061814308166504,15658.0,0.0,0.0,0.0,215105,0,0,0,-0.976806640625,-0.009033203125,-0.13671875,0.9863694906234741,-0.6259542107582092,0.23664122819900513,-1.0458015203475952,1,95684.0,439.0049743652344,22.520000457763672,1,0,3792,1,950b0000ff050201275d06000f000000,0,0xFE3B
318,16,14,34224,460855,58.93617248535156,-5.572572708129883,15604.0,0.0,0.0,0.0,215138,0,0,0,-0.971923828125,-0.00634765625,-0.127197265625,0.980232298374176,-0.7022900581359863,0.35877862572669983,-1.14503812789917,1,95682.0,439.1793518066406,22.290000915527344,1,0,3776,1,970b0000ff060200f600070010000000,1,0x49C9
319,16,15,34328,491837,58.6551399230957,-5.875349044799805,15510.0,0.0,0.0,0.0,215206,0,0,0,-0.977783203125,-0.010986328125,-0.126708984375,0.9860202074050903,-0.732824444770813,0.18320611119270325,-1.0152671337127686,1,95681.0,439.2665710449219,22.25,1,0,3785,1,990b0000ff030100e56e070012000000,1,0x347D
320,16,16,34432,521900,48.096702575683594,11.530997276306152,676.0,1.4220000505447388,-1.5470000505447388,357.24456787109375,215239,4,3,1,-0.976318359375,-0.00537109375,-0.128662109375,0.9847742319107056,-0.8167939186096191,0.19083969295024872,-1.0992366075515747,1,95687.0,438.7433776855469,22.200000762939453,1,0,3792,1,9a0b0000ff0301013eb3070013000000,0,0xEEFE
321,16,17,34536,552873,48.09690475463867,11.530996322631836,699.0,0.09200000017881393,0.01600000075995922,357.24456787109375,215307,4,3,1,-0.978515625,-0.00537109375,-0.138916015625,0.9883416891098022,-0.6717557311058044,0.15267175436019897,-1.0992366075515747,0,95684.0,439.0049743652344,22.06999969482422,0,0,3782,1,9c0b0000ff030101b23c080014000000,0,0x69AE
322,16,18,34640,582912,48.099456787109375,11.530892372131348,996.0,0.4169999957084656,0.4950000047683716,357.24456787109375,215340,4,3,1,-0.9814453125,-0.0068359375,-0.128662109375,0.9898664355278015,-0.7480915784835815,0.25190839171409607,-1.0839694738388062,1,95681.0,439.2665710449219,21.989999771118164,1,0,3785,1,9e0b0000ff07030028c5080015000000,1,0x9BF1
323,17,0,34816,613653,48.09397888183594,11.531194686889648,354.0,0.20100000500679016,0.11999999731779099,357.24456787109375,215408,4,3,1,-0.97802734375,-0.00732421875,-0.141845703125,0.988287091255188,-0.6488549709320068,0.12977099418640137,-1.1679389476776123,1,95685.0,438.91778564453125,22.0,1,0,3782,1,9f0b0000ff0b04017109090016000000,0,0x8BCF
324,17,1,34920,643791,48.09428024291992,11.53115177154541,391.0,0.28600001335144043,0.007000000216066837,357.24456787109375,215441,4,3,1,-0.98095703125,-0.0048828125,-0.13330078125,0.9899846911430359,-0.7709923386573792,0.3129771053791046,-1.2061069011688232,1,95685.0,438.91778564453125,21.920000076293945,1,0,3776,1,9f0b0000ff0b04017109090016000000,0,0x99FB
325,17,2,35024,674719,48.09407043457031,11.531153678894043,367.0,0.125,-0.12700000405311584,357.24456787109375,215509,5,3,1,-0.976806640625,-0.007080078125,-0.13720703125,0.9864213466644287,-0.7938931584358215,0.16030533611774445,-1.122137427330017,1,95681.0,439.2665710449219,21.81999969482422,1,0,3785,1,a30b0000ff020100fd1a0a0018000000,1,0xE825
326,17,3,35128,704826,48.09495162963867,11.531112670898438,470.0,0.30399999022483826,0.1940000057220459,357.24456787109375,215542,5,3,1,-0.98095703125,-0.01025390625,-0.13134765625,0.9897646307945251,-0.7251908183097839,0.06870228797197342,-1.2137404680252075,0,95684.0,439.0049743652344,21.799999237060547,1,0,3792,1,a50b0000ff04010004a40a001a000000,1,0xDE55
327,17,4,35232,735892,48.096370697021484,11.53105354309082,630.0,0.6259999871253967,-0.45399999618530273,357.24456787109375,215610,4,3,1,-0.97314453125,-0.005859375,-0.12451171875,0.9810951948165894,-0.9083969593048096,-0.3435114622116089,-1.1908396482467651,1,95680.0,439.353759765625,21.780000686645508,1,0,3792,1,a50b0000ff04010104a40a001a000000,0,0x5DD4
328,17,5,35336,766003,48.097129821777344,11.53104019165039,717.0,0.5170000195503235,0.296999990940094,359.54541015625,215643,5,3,1,-0.972412109375,-0.006103515625,-0.1298828125,0.9810668230056763,-0.7786259651184082,0.06106870248913765,-1.1755725145339966,1,95685.0,438.91778564453125,21.700000762939453,1,0,3792,1,a50b0000ff04010104a40a001a000000,0,0x1EFE
329,17,6,35440,796986,48.09770202636719,11.531044006347656,779.0,0.20999999344348907,-0.2329999953508377,359.54541015625,215711,4,3,1,-0.97802734375,-0.00830078125,-0.13720703125,0.9876396656036377,-0.7175572514533997,0.19083969295024872,-1.1297709941864014,1,95679.0,439.4409484863281,21.670000076293945,0,0,3776,1,aa0b0000ff0602002ffa0b001c000000,1,0xE124
330,17,7,35544,827081,48.09785461425781,11.531071662902832,796.0,0.27900001406669617,0.18700000643730164,359.54541015625,215744,5,3,1,-0.97216796875,-0.009521484375,-0.1259765625,0.980342447757721,-0.7557252049446106,0.12977099418640137,-1.0610686540603638,1,95680.0,439.353759765625,21.600000381469727,1,0,3785,1,ab0b0000ff040101cd3e0c001d000000,0,0xCAF0
331,17,8,35648,858008,48.0980224609375,11.531070709228516,814.0,0.675000011920929,0.2840000092983246,359.54541015625,215812,5,3,1,-0.975830078125,-0.00927734375,-0.1376953125,0.9855406880378723,-0.8625954389572144,0.3206106722354889,-1.1526718139648438,0,95686.0,438.8305969238281,21.479999542236328,0,0,3782,1,ae0b0000ff030100370c0d001e000000,1,0x2D73
332,17,9,35752,888099,48.09572219848633,11.531139373779297,564.0,0.2150000035762787,-0.10700000077486038,290.085693359375,215845,6,3,1,-0.978759765625,-0.0126953125,-0.13623046875,0.9882766008377075,-0.7099236845970154,0.28244274854660034,-1.2442748546600342,1,95681.0,439.2665710449219,21.360000610351562,1,0,3788,1,ae0b0000ff030101370c0d001e000000,0,0x67F7
333,17,10,35856,919070,48.095703125,11.531135559082031,556.0,0.14800000190734863,-0.10100000351667404,175.3407440185547,215913,6,3,1,-0.97705078125,-0.010009765625,-0.127685546875,0.9854095578193665,-0.6717557311058044,0.06106870248913765,-1.2137404680252075,1,95682.0,439.1793518066406,21.350000381469727,1,0,3769,1,b10b0000ff0602006ed90d0020000000,1,0x1CC4
334,17,11,35960,949150,48.095664978027344,11.531137466430664,546.0,0.07500000298023224,-0.041999999433755875,308.936279296875,215946,6,3,1,-0.977783203125,-0.016357421875,-0.130615234375,0.9866042137145996,-0.6259542107582092,0.19847328960895538,-1.0992366075515747,1,95682.0,439.1793518066406,21.25,1,0,3785,1,b30b0000ff030100af620e0022000000,1,0xACCB
335,17,12,36064,979882,48.09568786621094,11.531128883361816,542.0,0.699999988079071,-0.8080000281333923,356.072265625,220014,6,3,1,-0.97802734375,-0.006103515625,-0.13671875,0.9875559210777283,-0.6870229244232178,0.2442748099565506,-1.0687023401260376,1,95685.0,438.91778564453125,21.1299991607666,1,0,3779,1,b30b0000ff030101af620e0022000000,0,0xEDCD
336,17,13,36168,1009977,48.09571075439453,11.531136512756348,546.0,0.6309999823570251,-0.41100001335144043,357.9085693359375,220047,6,3,1,-0.968994140625,-0.000732421875,-0.136474609375,0.9785578846931458,-0.6106870174407959,0.16030533611774445,-1.198473334312439,1,95686.0,438.8305969238281,20.969999313354492,1,0,3769,1,b50b0000ff040101caf40e0023000000,0,0x8BA8
337,17,14,36272,1040994,48.09567642211914,11.5311279296875,546.0,0.0430000014603138,-0.11400000005960464,9.07921028137207,220115,6,3,1,-0.97412109375,-0.0146484375,-0.1328125,0.983242392539978,-0.7480915784835815,0.1679389327764511,-1.0534350872039795,1,95682.0,439.1793518066406,20.93000030517578,1,0,3782,1,b70b0000ff0602017c740f0024000000,0,0x4FE2
338,17,15,36376,1071068,48.095523834228516,11.53111457824707,537.0,0.492000013589859,0.42899999022483826,177.29371643066406,220148,6,3,1,-0.97216796875,-0.007080078125,-0.13037109375,0.9808961749076843,-0.6183205842971802,0.19083969295024872,-1.2061069011688232,0,95681.0,439.2665710449219,20.920000076293945,1,0,3782,1,b90b0000ff0301019bfd0f0025000000,0,0x139C
339,17,16,36480,1102004,48.09563446044922,11.531100273132324,555.0,0.07800000160932541,-0.07199999690055847,358.6951599121094,220216,7,3,1,-0.9755859375,-0.009765625,-0.1357421875,0.9850326180458069,-0.6641221642494202,0.22900763154029846,-1.160305380821228,1,95678.0,439.52813720703125,20.8799991607666,1,0,3772,1,b90b0000ff0301019bfd0f0025000000,0,0xA5D2
340,17,17,36584,1133667,48.095638275146484,11.531098365783691,558.0,0.04500000178813934,-0.1340000033378601,12.83251953125,220249,7,3,1,-0.971435546875,-0.004638671875,-0.128662109375,0.9799298048019409,-0.8320610523223877,0.030534351244568825,-1.038167953491211,1,95683.0,439.0921630859375,20.770000457763672,1,0,3772,1,b90b0000ff0301019bfd0f0025000000,0,0x8EB9
341,17,18,36688,1163251,48.095645904541016,11.531086921691895,562.0,0.07000000029802322,-0.20000000298023224,345.3681945800781,220318,7,3,1,-0.980712890625,-0.0087890625,-0.13427734375,0.9899017214775085,-0.7175572514533997,0.2442748099565506,-1.0763359069824219,0,95682.0,439.1793518066406,20.8700008392334,1,0,3769,1,b90b0000ff0301019bfd0f0025000000,0,0x9499
342,18,0,36864,1194408,48.09565734863281,11.531103134155273,559.0,0.06199999898672104,-0.017999999225139618,65.66931915283203,220352,8,3,1,-0.97412109375,-0.0068359375,-0.1318359375,0.9830256104469299,-0.7709923386573792,0.10687022656202316,-1.14503812789917,1,95682.0,439.1793518066406,20.809999465942383,1,0,3772,1,b90b0000ff0301019bfd0f0025000000,0,0x8A2F
343,18,1,36968,1224569,48.095664978027344,11.531112670898438,556.0,0.06599999964237213,0.2029999941587448,27.011280059814453,220417,8,3,1,-0.826171875,-0.519287109375,0.142578125,0.9861782789230347,3.1221373081207275,7.396946430206299,-1.7175573110580444,1,95680.0,439.353759765625,20.520000457763672,1,0,3776,1,b90b0000ff0301019bfd0f0025000000,0,0xF4B7
344,18,2,37072,1254621,48.09564208984375,11.531109809875488,548.0,0.48399999737739563,0.28700000047683716,158.16627502441406,220452,8,3,1,-0.973388671875,-0.096923828125,-0.110107421875,0.9843797087669373,-0.8244274854660034,0.3893129825592041,-1.0687023401260376,1,95682.0,439.1793518066406,20.479999542236328,1,0,3779,1,c40b0000ff01000110f1120026000000,0,0xFE51
345,18,3,37176,1284624,48.095611572265625,11.531085014343262,536.0,0.020999999716877937,0.03099999949336052,334.697509765625,220522,8,3,1,-0.97314453125,-0.099853515625,-0.1103515625,0.9844584465026855,-0.8167939186096191,0.25954198837280273,-1.0687023401260376,0,95685.0,438.91778564453125,20.3799991607666,1,0,3779,1,c60b0000ff070300d079130028000000,1,0xF592
346,18,4,37280,1314626,48.095577239990234,11.531058311462402,531.0,0.15700000524520874,0.017000000923871994,316.3899230957031,220552,8,3,1,-0.9755859375,-0.10791015625,-0.107666015625,0.9874231815338135,-0.6717557311058044,0.4198473393917084,-1.2442748546600342,1,95683.0,439.0921630859375,20.43000030517578,1,0,3779,1,c80b0000ff0a0400990214002a000000,1,0xF801
347,18,5,37384,1344726,48.09562301635742,11.531110763549805,546.0,0.12399999797344208,-0.35899999737739563,318.3880920410156,220622,8,3,1,-0.9716796875,-0.099609375,-0.106689453125,0.9825813174247742,-0.6564885377883911,0.23664122819900513,-1.0992366075515747,1,95684.0,439.0049743652344,20.299999237060547,1,0,3772,1,c90b0000ff0e0501014714002b000000,0,0x6FB5
348,18,6,37488,1374826,48.095664978027344,11.531150817871094,556.0,0.12399999797344208,0.09200000017881393,23.89974021911621,220652,10,3,1,-0.974365234375,-0.103759765625,-0.11083984375,0.9861233234405518,-0.8015267252922058,0.28244274854660034,-1.122137427330017,0,95688.0,438.65618896484375,20.260000228881836,1,0,3769,1,cb0b0000ff040101c6cf14002d000000,0,0x6C7B
349,18,7,37592,1404926,48.09564971923828,11.531177520751953,552.0,0.07199999690055847,-0.05900000035762787,276.75335693359375,220722,9,3,1,-0.967529296875,-0.1015625,-0.11376953125,0.9794750809669495,-0.7175572514533997,0.12977099418640137,-1.1145038604736328,0,95685.0,438.91778564453125,20.280000686645508,1,0,3772,1,cd0b0000ff0d0500be5815002f000000,1,0xD215
350,18,8,37696,1435026,48.09568786621094,11.531155586242676,561.0,0.08900000154972076,-0.1289999932050705,302.23358154296875,220752,10,3,1,-0.974609375,-0.10302734375,-0.11767578125,0.987079381942749,-0.6793892979621887,0.42748090624809265,-0.9847328066825867,1,95690.0,438.4818115234375,20.280000686645508,1,0,3769,1,cf0b0000ff0c050063e1150031000000,1,0x9A86
351,18,9,37800,1465126,48.09564971923828,11.531144142150879,557.0,0.2290000021457672,0.09799999743700027,204.18063354492188,220823,9,3,1,-0.977294921875,-0.1005859375,-0.1103515625,0.9886355996131897,-0.8167939186096191,0.17557251453399658,-1.198473334312439,1,95687.0,438.7433776855469,20.31999969482422,1,0,3766,1,d00b0000ff080301bf25160032000000,0,0xB40A
352,18,10,37904,1495226,48.095645904541016,11.531124114990234,556.0,0.04600000008940697,0.04899999871850014,152.26768493652344,220853,9,3,1,-0.974609375,-0.10302734375,-0.114013671875,0.9866494536399841,-0.8702290058135986,0.2442748099565506,-1.2061069011688232,1,95689.0,438.5690002441406,20.280000686645508,1,0,3776,1,d20b0000ff13070077ae160034000000,1,0x7DFC
353,18,11,38008,1525326,48.095645904541016,11.53111743927002,554.0,0.05700000002980232,-0.023000000044703484,147.6920623779297,220923,10,3,1,-0.974365234375,-0.095458984375,-0.1044921875,0.9845905900001526,-0.6793892979621887,0.37404578924179077,-1.229007601737976,1,95690.0,438.4818115234375,20.139999389648438,1,0,3763,1,d40b0000ff0502003b37170036000000,1,0x3879
354,18,12,38112,1555334,48.095638275146484,11.53111457824707,558.0,0.07800000160932541,-0.07500000298023224,184.58714294433594,220953,10,3,1,-0.97802734375,-0.10009765625,-0.112060546875,0.9895021915435791,-0.6335877776145935,0.21374045312404633,-1.2595419883728027,1,95687.0,438.7433776855469,20.15999984741211,1,0,3760,1,d50b0000ff120701a27b170037000000,0,0xEDD7
355,18,13,38216,1585434,48.095619201660156,11.531105041503906,555.0,0.16599999368190765,-0.06199999898672104,282.6628112792969,221023,10,3,1,-0.97216796875,-0.099853515625,-0.115234375,0.9840529561042786,-0.7099236845970154,0.4656488597393036,-1.0534350872039795,0,95689.0,438.5690002441406,20.15999984741211,1,0,3769,1,d70b0000ff0e05017504180039000000,0,0xA620
356,18,14,38320,1615534,48.095619201660156,11.53111457824707,556.0,0.04899999871850014,0.04600000008940697,357.92279052734375,221053,11,3,1,-0.972412109375,-0.103759765625,-0.117919921875,0.9850159883499146,-0.7022900581359863,0.290076345205307,-1.1755725145339966,1,95686.0,438.8305969238281,19.969999313354492,1,0,3772,1,d90b0000ff0a0400478d18003b000000,1,0x5EE2
357,18,15,38424,1645634,48.09563064575195,11.531110763549805,554.0,0.006000000052154064,-0.04699999839067459,235.88690185546875,221123,9,3,1,-0.980224609375,-0.100341796875,-0.099853515625,0.9903935790061951,-0.5648854970932007,0.1679389327764511,-1.0839694738388062,1,95690.0,438.4818115234375,19.959999084472656,1,0,3779,1,db0b0000ff030100301619003d000000,1,0xF77C
358,18,16,38528,1675643,48.09565734863281,11.531121253967285,561.0,0.06400000303983688,0.032999999821186066,330.9673156738281,221153,11,3,1,-0.9775390625,-0.102783203125,-0.112060546875,0.9892950057983398,-0.7480915784835815,0.221374049782753,-1.0534350872039795,1,95690.0,438.4818115234375,19.93000030517578,1,0,3769,1,dc0b0000ff090301835a19003e000000,0,0x1F5D
359,18,17,38632,1705743,48.095680236816406,11.531100273132324,569.0,0.12700000405311584,0.2930000126361847,317.4342956542969,221223,11,3,1,-0.9794921875,-0.102783203125,-0.103515625,0.9902952909469604,-0.6259542107582092,0.1221374049782753,-1.2061069011688232,1,95697.0,437.8714294433594,19.969999313354492,1,0,3763,1,de0b0000ff06020061e3190040000000,1,0xF33A
360,18,18,38736,1735743,48.09566879272461,11.531132698059082,575.0,0.06199999898672104,-0.017999999225139618,0.4450699985027313,221253,11,3,1,-0.975830078125,-0.103515625,-0.1142578125,0.9879345297813416,-0.6717557311058044,0.2671755850315094,-1.2442748546600342,1,95692.0,438.3074035644531,20.020000457763672,1,0,3779,1,e00b0000ff050200596c1a0042000000,1,0xD916
361,19,0,38912,1765783,48.09556579589844,11.531113624572754,559.0,0.6399999856948853,0.21799999475479126,178.79522705078125,221323,10,3,1,-0.971435546875,-0.10205078125,-0.117431640625,0.9838148355484009,-0.7099236845970154,0.09160305559635162,-1.1755725145339966,1,95693.0,438.22021484375,19.950000762939453,1,0,3785,1,e10b0000ff060201b4b01a0043000000,0,0x70B7
362,19,1,39016,1795883,48.09562301635742,11.531145095825195,561.0,0.06300000101327896,0.0729999989271164,245.95997619628906,221354,10,3,1,-0.970458984375,-0.0986328125,-0.116943359375,0.9824432730674744,-0.8091602921485901,0.37404578924179077,-1.198473334312439,1,95686.0,438.8305969238281,19.920000076293945,1,0,3760,1,e30b0000ff0703019a391b0045000000,0,0xE750
363,19,2,39120,1825883,48.095672607421875,11.531147956848145,564.0,0.04600000008940697,-0.00800000037997961,292.906005859375,221424,10,3,1,-0.979736328125,-0.110107421875,-0.11083984375,0.9921150803565979,-0.8167939186096191,0.22900763154029846,-1.160305380821228,1,95692.0,438.3074035644531,19.850000381469727,1,0,3766,1,e50b0000ff0d050080c21b0047000000,1,0xE2DA
364,19,3,39224,1855986,48.0956916809082,11.531177520751953,568.0,0.04600000008940697,-0.028999999165534973,5.182650089263916,221454,10,3,1,-0.972412109375,-0.1015625,-0.107421875,0.9835851192474365,-0.8396946787834167,0.2748091518878937,-1.0916030406951904,0,95690.0,438.4818115234375,19.860000610351562,1,0,3782,1,e70b0000ff040100684b1c0049000000,1,0x6A54
365,19,4,39328,1885994,48.09563446044922,11.531145095825195,560.0,0.11299999803304672,0.026000000536441803,145.74679565429688,221524,13,3,1,-0.975341796875,-0.10009765625,-0.111083984375,0.9867374300956726,-0.7404580116271973,0.06870228797197342,-1.0839694738388062,1,95691.0,438.39459228515625,19.950000762939453,1,0,3760,1,e80b0000ff130701de8f1c004a000000,0,0x9476
366,19,5,39432,1916094,48.09561538696289,11.531140327453613,558.0,0.0560000017285347,-0.0949999988079071,145.74679565429688,221554,12,3,1,-0.97216796875,-0.104736328125,-0.109375,0.9838918447494507,-0.7709923386573792,0.38167938590049744,-1.0763359069824219,0,95687.0,438.7433776855469,20.010000228881836,1,0,3769,1,ea0b0000ff0c0500c2181d004c000000,1,0x28E2
367,19,6,39536,1946135,48.0955924987793,11.531131744384766,559.0,0.05999999865889549,-0.12200000137090683,145.74679565429688,221624,13,3,1,-0.97509765625,-0.09521484375,-0.114990234375,0.9864603877067566,-0.6641221642494202,0.11450381577014923,-1.0916030406951904,1,95693.0,438.22021484375,20.020000457763672,1,0,3756,1,ec0b0000ff100600aca11d004e000000,1,0x015B
368,19,7,39640,1976235,48.09560775756836,11.531086921691895,557.0,0.05400000140070915,0.06499999761581421,221.89727783203125,221654,13,3,1,-0.977294921875,-0.10009765625,-0.108154296875,0.9883431792259216,-0.5419847369194031,0.32824426889419556,-1.0992366075515747,1,95691.0,438.39459228515625,20.06999969482422,1,0,3760,1,ed0b0000ff0903011fe61d004f000000,0,0xFEA6
369,19,8,39744,2006335,48.09563064575195,11.53107738494873,558.0,0.07199999690055847,0.013000000268220901,258.9140930175781,221724,10,3,1,-0.972412109375,-0.106201171875,-0.107177734375,0.9840483069419861,-0.7404580116271973,0.28244274854660034,-0.9923664331436157,0,95689.0,438.5690002441406,20.059999465942383,1,0,3766,1,ef0b0000ff0903010f6f1e0051000000,0,0xCB03
370,19,9,39848,2036435,48.0955924987793,11.531111717224121,554.0,0.02800000086426735,0.08100000023841858,123.75377655029297,221754,12,3,1,-0.974365234375,-0.101318359375,-0.111328125,0.9859244227409363,-0.7404580116271973,0.3129771053791046,-1.0916030406951904,1,95696.0,437.9586181640625,20.079999923706055,1,0,3756,1,f10b0000ff0e050008f81e0053000000,1,0x08D8
371,19,10,39952,2066476,48.095584869384766,11.531134605407715,551.0,0.03099999949336052,-0.024000000208616257,21.29077911376953,221824,12,3,1,-0.972412109375,-0.1064453125,-0.112548828125,0.9846741557121277,-0.7404580116271973,0.28244274854660034,-1.1526718139648438,1,95695.0,438.04583740234375,20.1200008392334,1,0,3769,1,f30b0000ff0a0400fb801f0055000000,1,0x43E1
372,19,11,40056,38766,48.095619201660156,11.531118392944336,555.0,0.07000000029802322,-0.0860000029206276,274.2980041503906,221927,11,3,1,-0.97021484375,-0.00830078125,-0.136962890625,0.9798696637153625,-0.8015267252922058,0.18320611119270325,-1.0916030406951904,0,95692.0,0.06353759765625,20.020000457763672,1,0,3747,1,f60b0000ff040101c067000000000000,0,0x3213
373,19,12,40160,68814,48.095645904541016,11.531120300292969,558.0,0.07500000298023224,-0.07199999690055847,252.52496337890625,221957,11,3,1,-0.97314453125,-0.012451171875,-0.140625,0.9833314418792725,-0.6335877776145935,0.19847328960895538,-0.9541984796524048,0,95695.0,-0.263275146484375,20.06999969482422,1,0,3737,1,f80b0000ff080300abf0000002000000,1,0xC9DA
374,19,13,40264,98814,48.095703125,11.531139373779297,569.0,0.38100001215934753,0.33500000834465027,249.00308227539062,222027,13,3,1,-0.96826171875,-0.010498046875,-0.1376953125,0.9780597686767578,-0.7709923386573792,0.17557251453399658,-1.1145038604736328,1,95693.0,-0.111663818359375,20.100000381469727,0,0,3763,1,fa0b0000ff0703006b7d010004000000,1,0x8EA9
375,19,14,40368,128914,48.09573745727539,11.531140327453613,573.0,0.08900000154972076,-0.054999999701976776,254.44825744628906,222057,13,3,1,-0.977294921875,-0.01318359375,-0.1416015625,0.9875880479812622,-0.7557252049446106,0.25190839171409607,-1.106870174407959,1,95691.0,0.001312255859375,20.149999618530273,1,0,3766,1,fb0b0000ff080301bfc1010005000000,0,0xDA15
376,19,15,40472,159014,48.09572982788086,11.531173706054688,575.0,0.0729999989271164,-0.13199999928474426,347.87774658203125,222128,12,3,1,-0.976318359375,-0.013671875,-0.135986328125,0.9858381152153015,-0.7786259651184082,0.18320611119270325,-1.0458015203475952,1,95690.0,0.0992431640625,20.149999618530273,1,0,3766,1,fd0b0000ff020100694a020007000000,1,0xFA7C
377,19,16,40576,189123,48.09569549560547,11.531173706054688,570.0,0.06700000166893005,0.012000000104308128,225.9938201904297,222158,14,3,1,-0.9697265625,-0.01513671875,-0.132080078125,0.9787971377372742,-0.8167939186096191,0.290076345205307,-1.0229008197784424,1,95687.0,0.287689208984375,20.139999389648438,1,0,3756,1,ff0b0000ff03010020d3020009000000,1,0x5943
378,19,17,40680,219223,48.09562301635742,11.531136512756348,561.0,0.07500000298023224,-0.09000000357627869,201.49607849121094,222228,11,3,1,-0.979248046875,-0.013916015625,-0.134765625,0.98857581615448,-0.7175572514533997,0.25190839171409607,-1.1832060813903809,1,95694.0,-0.115386962890625,20.15999984741211,1,0,3763,1,000c0000ff040101781703000a000000,0,0x280C
379,19,18,40784,249227,48.09564208984375,11.531148910522461,564.0,0.07900000363588333,-0.013000000268220901,201.49607849121094,222258,14,3,1,-0.974853515625,-0.010498046875,-0.139404296875,0.9848264455795288,-0.6564885377883911,0.39694657921791077,-1.0916030406951904,1,95695.0,-0.329193115234375,20.190000534057617,1,0,3766,1,020c0000ff04010138a003000c000000,0,0x4DD9
380,20,0,40960,279233,48.095645904541016,11.531155586242676,565.0,0.07999999821186066,0.10300000011920929,198.3757781982422,222328,14,3,1,-0.978515625,-0.01171875,-0.130615234375,0.9872641563415527,-0.694656491279602,0.17557251453399658,-1.1526718139648438,1,95694.0,-0.1134033203125,20.139999389648438,1,0,3766,1,040c0000ff030100f62804000e000000,1,0xD930
381,20,1,41064,309333,48.09565734863281,11.531092643737793,558.0,0.014999999664723873,0.023000000044703484,198.3757781982422,222358,13,3,1,-0.970947265625,-0.011962890625,-0.137451171875,0.9807010293006897,-0.7480915784835815,0.19847328960895538,-1.14503812789917,1,95694.0,-0.008697509765625,20.200000762939453,1,0,3766,1,060c0000ff0f0600b8b1040010000000,1,0xEB79
382,20,2,41168,339333,48.095664978027344,11.531088829040527,558.0,0.09799999743700027,-0.012000000104308128,263.10546875,222428,14,3,1,-0.98095703125,-0.016357421875,-0.13037109375,0.9897176027297974,-0.8625954389572144,0.3206106722354889,-1.160305380821228,1,95695.0,-0.123077392578125,20.079999923706055,1,0,3756,1,070c0000ff06020114f6040011000000,0,0xC309
383,20,3,41272,369433,48.095645904541016,11.531072616577148,554.0,0.10400000214576721,-0.009999999776482582,233.87045288085938,222458,14,3,1,-0.97412109375,-0.010986328125,-0.132568359375,0.9831617474555969,-0.6793892979621887,0.23664122819900513,-1.1679389476776123,1,95695.0,-0.024200439453125,20.139999389648438,1,0,3753,1,090c0000ff070300df7e050013000000,1,0x3F3F
384,20,4,41376,399441,48.09565353393555,11.531103134155273,552.0,0.041999999433755875,0.032999999821186066,233.87045288085938,222528,13,3,1,-0.97509765625,-0.007080078125,-0.140380859375,0.9851763248443604,-0.6870229244232178,0.06870228797197342,-1.14503812789917,1,95695.0,-0.016754150390625,20.170000076293945,1,0,3760,1,0b0c0000ff020100b207060015000000,1,0x0D0D
385,20,5,41480,429447,48.09565734863281,11.531123161315918,555.0,0.16599999368190765,0.16599999368190765,233.87045288085938,222558,13,3,1,-0.975830078125,-0.010498046875,-0.135498046875,0.985248327255249,-0.8015267252922058,0.22900763154029846,-1.2213740348815918,1,95694.0,0.127471923828125,20.18000030517578,1,0,3769,1,0c0c0000ff050201144c060016000000,0,0x6157
386,20,6,41584,459447,48.095664978027344,11.531115531921387,560.0,0.23899999260902405,0.12700000405311584,38.02302932739258,222628,15,3,1,-0.9755859375,-0.0107421875,-0.130615234375,0.9843493700027466,-0.6030534505844116,0.22900763154029846,-1.2213740348815918,0,95695.0,0.207305908203125,20.149999618530273,1,0,3744,1,0e0c0000ff0c0501dfd4060018000000,0,0x0425
387,20,7,41688,489547,48.095672607421875,11.531106948852539,566.0,0.07699999958276749,-0.16899999976158142,45.0726203918457,222658,11,3,1,-0.978271484375,-0.011962890625,-0.131591796875,0.9871547818183899,-0.6793892979621887,0.48091602325439453,-1.2061069011688232,1,95698.0,-0.0714111328125,20.1299991607666,1,0,3760,1,100c0000ff090300a55d07001a000000,1,0xB585
388,20,8,41792,519550,48.095672607421875,11.531085968017578,565.0,0.13199999928474426,0.014000000432133675,15.16588020324707,222728,15,3,1,-0.96875,-0.0107421875,-0.136474609375,0.9783748388290405,-0.732824444770813,0.21374045312404633,-1.2366411685943604,1,95696.0,0.211700439453125,20.1299991607666,1,0,3750,1,120c0000ff0d050073e607001c000000,1,0x6643
389,20,9,41896,549557,48.095611572265625,11.53105354309082,560.0,0.13099999725818634,-0.05000000074505806,255.98080444335938,222758,14,3,1,-0.978271484375,-0.012451171875,-0.131103515625,0.9870958924293518,-0.580152690410614,0.19847328960895538,-1.3511450290679932,1,95698.0,0.05242919921875,20.079999923706055,1,0,3750,1,130c0000ff0f0601d62a08001d000000,0,0x0636
390,20,10,42000,579657,48.095577239990234,11.531073570251465,553.0,0.06300000101327896,-0.1469999998807907,317.7451171875,222828,12,3,1,-0.96923828125,-0.01171875,-0.133544921875,0.9784653186798096,-0.7709923386573792,0.1221374049782753,-1.0534350872039795,1,95701.0,-0.225067138671875,20.079999923706055,1,0,3753,1,150c0000ff0d0500a8b308001f000000,1,0x1EE2
391,20,11,42104,609660,48.095577239990234,11.531122207641602,557.0,0.8610000014305115,-0.5820000171661377,151.52613830566406,222858,15,3,1,-0.970947265625,-0.00341796875,0.00830078125,0.9709887504577637,-0.8549618124961853,0.10687022656202316,-1.1297709941864014,1,95700.0,0.062286376953125,20.25,1,0,3750,1,170c0000ff000000793c090021000000,1,0x80BB
392,20,12,42208,639660,48.0955810546875,11.53119945526123,565.0,0.289000004529953,-0.19599999487400055,95.12586212158203,222928,14,3,1,-0.974853515625,0.000244140625,0.02099609375,0.9750795960426331,-0.6870229244232178,0.2442748099565506,-1.1908396482467651,1,95703.0,0.039764404296875,20.420000076293945,1,0,3756,1,180c0000ff0f0601e380090022000000,0,0xF81D
393,20,13,42312,669660,48.09557342529297,11.531219482421875,563.0,0.6660000085830688,0.05700000002980232,257.2771911621094,222959,14,3,1,-0.99462890625,-0.013427734375,0.000244140625,0.9947195649147034,-0.7786259651184082,0.37404578924179077,-0.47328245639801025,1,95708.0,-0.355010986328125,20.600000381469727,1,0,3744,1,1a0c0000ff050201bf090a0024000000,0,0x8606
394,20,14,42416,699760,48.095584869384766,11.53121566772461,552.0,0.14499999582767487,0.38100001215934753,332.7236022949219,223029,16,3,1,-0.98095703125,-0.002197265625,0.0068359375,0.980983316898346,-0.9007633328437805,0.42748090624809265,-1.0992366075515747,1,95705.0,-0.05633544921875,20.790000915527344,1,0,3744,1,1c0c0000ff06020093920a0026000000,1,0xA626
395,20,15,42520,729860,48.09553909301758,11.531153678894043,552.0,0.20999999344348907,-0.17800000309944153,314.63714599609375,223059,14,3,1,-0.98583984375,0.001953125,0.00830078125,0.985876739025116,-0.694656491279602,0.221374049782753,-1.0305343866348267,0,95702.0,0.131317138671875,20.989999771118164,1,0,3737,1,1e0c0000ff0a04006f1b0b0028000000,1,0xF09A
396,20,16,42624,759860,48.09553146362305,11.531134605407715,557.0,0.16200000047683716,-0.20800000429153442,280.904541015625,223129,14,3,1,-0.982666015625,-0.005859375,0.013427734375,0.9827752113342285,-0.7633587718009949,0.16030533611774445,-1.038167953491211,1,95703.0,0.059173583984375,21.190000534057617,1,0,3747,1,1f0c0000ff080301e25f0b0029000000,0,0xE381
397,20,17,42728,789960,48.09556198120117,11.531098365783691,559.0,0.5770000219345093,0.4269999861717224,290.89483642578125,223159,14,3,1,-0.98291015625,-0.010009765625,0.011962890625,0.9830338954925537,-0.9160305261611938,0.221374049782753,-1.0076335668563843,1,95707.0,-0.344390869140625,21.40999984741211,1,0,3760,1,210c0000ff0d0500cde80b002b000000,1,0x2C3E
398,20,18,42832,819960,48.0955810546875,11.531096458435059,557.0,0.25099998712539673,-0.04500000178813934,19.47332000732422,223229,15,3,1,-0.977783203125,-0.000732421875,0.0048828125,0.9777956604957581,-0.8091602921485901,0.221374049782753,-1.198473334312439,1,95701.0,0.1788330078125,21.639999389648438,1,0,3744,1,230c0000ff0e0500b7710c002d000000,1,0x6B31
399,21,0,43008,849966,48.09554672241211,11.531144142150879,562.0,0.28299999237060547,0.6060000061988831,269.1315612792969,223259,11,3,1,-0.976806640625,0.003662109375,0.00732421875,0.9768409729003906,-0.7557252049446106,0.19083969295024872,-1.038167953491211,1,95709.0,-0.286590576171875,21.8700008392334,1,0,3769,1,240c0000ff06020127b60c002e000000,0,0x1E01
400,21,1,43112,880066,48.09552001953125,11.531164169311523,573.0,0.24699999392032623,0.32199999690055847,285.4499206542969,223329,13,3,1,-0.980224609375,-0.003662109375,0.012939453125,0.9803168773651123,-0.8549618124961853,0.290076345205307,-1.1297709941864014,0,95705.0,-0.165679931640625,22.100000381469727,1,0,3728,1,260c0000ff060201083f0d0030000000,0,0x3337
401,21,2,43216,910166,48.095523834228516,11.531144142150879,583.0,0.1289999932050705,0.2070000022649765,298.6176452636719,223359,11,3,1,-0.976318359375,0.0029296875,0.017822265625,0.9764854311943054,-0.7709923386573792,0.221374049782753,-1.14503812789917,1,95702.0,0.14556884765625,22.34000015258789,1,0,3737,1,280c0000ff020100fac70d0032000000,1,0x37E4
402,21,3,43320,940266,48.09556579589844,11.5311918258667,565.0,0.23600000143051147,0.8270000219345093,65.33403015136719,223429,14,3,1,-0.9755859375,-0.00439453125,0.00830078125,0.9756311774253845,-0.8320610523223877,0.290076345205307,-1.0992366075515747,1,95704.0,0.09197998046875,22.549999237060547,1,0,3744,1,2a0c0000ff060200df500e0034000000,1,0xD49A
403,21,4,43424,30459,0.0,0.0,0.0,0.0,0.0,0.0,0,0,0,0,0.0,0.0,0.0,0.0,0.0,0.0,0.0,0,0.0,0.0,0.0,0,0,3750,1,00000000000000000000000000000000,0,0xAE9A
404,21,5,43528,60486,0.0,0.0,0.0,0.0,0.0,0.0,0,0,0,0,0.0,0.0,0.0,0.0,0.0,0.0,0.0,0,0.0,0.0,0.0,0,0,3737,1,320c0000ff040101d4bd000001000000,0,0xCAD9
405,21,6,43632,30456,0.0,0.0,0.0,0.0,0.0,0.0,0,0,0,0,0.0,0.0,0.0,0.0,0.0,0.0,0.0,0,0.0,0.0,0.0,0,0,3744,1,370c0000ff0b0400b05c000000000000,1,0xE6A8
406,21,7,43736,60485,0.0,0.0,0.0,0.0,0.0,0.0,0,0,0,0,0.0,0.0,0.0,0.0,0.0,0.0,0.0,0,0.0,0.0,0.0,0,0,3740,1,390c0000ff160800bae5000002000000,1,0xF1C3
407,21,8,43840,30458,0.0,0.0,0.0,0.0,0.0,0.0,0,0,0,0,0.0,0.0,0.0,0.0,0.0,0.0,0.0,0,0.0,0.0,0.0,0,0,3744,1,3c0c0000ff070300b656000000000000,1,0x16A8
408,21,9,43944,60485,0.0,0.0,0.0,0.0,0.0,0.0,0,0,0,0,0.0,0.0,0.0,0.0,0.0,0.0,0.0,0,0.0,0.0,0.0,0,0,3740,1,3e0c0000ff0201007cdf000002000000,1,0xA2EE
409,21,10,44048,90515,0.0,0.0,0.0,0.0,0.0,0.0,0,0,0,0,0.0,0.0,0.0,0.0,0.0,0.0,0.0,0,0.0,0.0,0.0,0,0,3744,1,3f0c0000ff080301d823010003000000,0,0xEC95
410,21,11,44152,30428,0.0,0.0,0.0,0.0,0.0,0.0,0,0,0,0,0.0,0.0,0.0,0.0,0.0,0.0,0.0,0,0.0,0.0,0.0,0,0,3740,1,410c0000ff0100010933000000000000,0,0xAD87
411,21,12,44256,60455,0.0,0.0,0.0,0.0,0.0,0.0,0,0,0,0,0.0,0.0,0.0,0.0,0.0,0.0,0.0,0,0.0,0.0,0.0,0,0,3734,1,430c0000ff090301b2bd000002000000,0,0x4177
412,21,13,44360,90487,0.0,0.0,0.0,0.0,0.0,0.0,0,0,0,0,0.0,0.0,0.0,0.0,0.0,0.0,0.0,0,0.0,0.0,0.0,0,0,3731,1,450c0000ff1207008344010004000000,1,0x212C
413,21,14,44464,120515,0.0,0.0,0.0,0.0,0.0,0.0,0,0,0,0,0.0,0.0,0.0,0.0,0.0,0.0,0.0,0,0.0,0.0,0.0,0,0,3731,1,470c0000ff04010066cf010006000000,1,0x055A
414,21,15,44568,150550,0.0,0.0,0.0,0.0,0.0,0.0,0,0,0,0,0.0,0.0,0.0,0.0,0.0,0.0,0.0,0,0.0,0.0,0.0,0,0,3740,1,480c000000000001ac11020007000000,0,0xA7EA
415,21,16,44672,180578,0.0,0.0,0.0,0.0,0.0,0.0,0,0,0,0,0.0,0.0,0.0,0.0,0.0,0.0,0.0,0,0.0,0.0,0.0,0,0,3728,1,4a0c0000ff0100006c9a020009000000,1,0xAC44
416,21,17,44776,210605,0.0,0.0,0.0,0.0,0.0,0.0,0,0,0,0,0.0,0.0,0.0,0.0,0.0,0.0,0.0,0,0.0,0.0,0.0,0,0,3734,1,4c0c0000ff000000392303000b000000,1,0x1C51
417,21,18,44880,240633,0.0,0.0,0.0,0.0,0.0,0.0,0,0,0,0,0.0,0.0,0.0,0.0,0.0,0.0,0.0,0,0.0,0.0,0.0,0,0,3740,1,4d0c0000ff0201019c6703000c000000,0,0x6B5F
418,22,0,45056,270660,0.0,0.0,0.0,0.0,0.0,0.0,0,0,0,0,0.0,0.0,0.0,0.0,0.0,0.0,0.0,0,0.0,0.0,0.0,0,0,3724,1,4f0c0000ff06020108f203000e000000,0,0x451A
419,22,1,45160,30432,0.0,0.0,0.0,0.0,0.0,0.0,0,0,0,0,0.0,0.0,0.0,0.0,0.0,0.0,0.0,0,0.0,0.0,0.0,0,0,3728,1,520c0000ff0703007255000000000000,1,0x0655
420,22,2,45264,60496,0.0,0.0,0.0,0.0,0.0,0.0,0,0,0,0,0.0,0.0,0.0,0.0,0.0,0.0,0.0,0,0.0,0.0,0.0,0,0,3731,1,540c0000ff00000046de000002000000,1,0x3EFF
421,22,3,45368,90553,0.0,0.0,0.0,0.0,0.0,0.0,0,0,0,0,0.0,0.0,0.0,0.0,0.0,0.0,0.0,0,0.0,0.0,0.0,0,0,3731,1,550c0000000000014922010003000000,0,0x003E
422,22,4,45472,120580,0.0,0.0,0.0,0.0,0.0,0.0,0,0,0,0,0.0,0.0,0.0,0.0,0.0,0.0,0.0,0,0.0,0.0,0.0,0,0,3718,1,570c0000ff0201011aab010005000000,0,0x9A61
423,22,5,45576,150610,0.0,0.0,0.0,0.0,0.0,0.0,0,0,0,0,0.0,0.0,0.0,0.0,0.0,0.0,0.0,0,0.0,0.0,0.0,0,0,3731,1,590c0000ff040100f133020007000000,1,0x20D4
424,22,6,45680,38777,0.0,0.0,0.0,0.0,0.0,0.0,0,0,0,0,-0.821044921875,0.10498046875,-0.329833984375,0.8910253047943115,-3.221374034881592,0.23664122819900513,-2.5954198837280273,1,95621.0,-0.5206298828125,23.450000762939453,1,0,3744,1,5d0c000000000001776c000000000000,0,0x2910
425,22,7,45784,38816,0.0,0.0,-17.0,0.0,0.0,0.0,213,0,0,0,-0.977294921875,-0.0166015625,0.0322265625,0.9779670238494873,-0.8244274854660034,0.030534351244568825,-1.389312982559204,0,95569.0,0.243988037109375,24.59000015258789,1,0,3753,1,650c0000ff040101835a000000000000,0,0x3C38
426,22,8,45888,68816,0.0,0.0,-17.0,0.0,0.0,0.0,243,0,0,0,-0.978759765625,-0.01171875,0.031982421875,0.9793522953987122,-0.9312977194786072,0.4580152630805969,-1.2061069011688232,1,95571.0,-0.08251953125,24.719999313354492,1,0,3740,1,670c0000ff07030171e3000002000000,0,0xDE13
427,22,9,45992,98896,0.0,0.0,-17.0,0.0,0.0,0.0,313,0,0,0,-0.982421875,-0.019775390625,0.035888671875,0.9832760691642761,-1.0687023401260376,0.4198473393917084,-0.9770992398262024,1,95570.0,-0.005401611328125,24.84000015258789,1,0,3753,1,680c0000ff060201e127010003000000,0,0x0A43
428,22,10,46096,128996,0.0,0.0,-17.0,0.0,0.0,0.0,343,0,0,0,-0.979248046875,-0.015625,0.04052734375,0.9802108407020569,-0.9694656729698181,0.2671755850315094,-1.106870174407959,1,95575.0,-0.3369140625,24.979999542236328,1,0,3747,1,6b0c0000ff05020041f5010005000000,1,0x1661
429,22,11,46200,159078,0.0,0.0,-17.0,0.0,0.0,0.0,413,0,0,0,-0.98193359375,-0.014404296875,0.0263671875,0.9823931455612183,-1.0076335668563843,0.28244274854660034,-1.2213740348815918,1,95572.0,-0.15252685546875,25.100000381469727,1,0,3750,1,6c0c0000ff030101ba39020006000000,0,0x841E
430,22,12,46304,38815,0.0,0.0,-17.0,0.0,0.0,0.0,515,0,0,0,-0.98291015625,-0.01123046875,0.033935546875,0.9835599064826965,-0.9389312863349915,0.17557251453399658,-1.14503812789917,0,95568.0,0.266082763671875,25.299999237060547,1,0,3744,1,700c0000ffd553016a5e000001000000,0,0xF0E1
431,22,13,46408,38844,0.0,0.0,-17.0,0.0,0.0,0.0,636,0,0,0,-0.976806640625,-0.01708984375,0.02294921875,0.977225661277771,-0.9007633328437805,0.221374049782753,-1.3664121627807617,1,95570.0,0.22613525390625,25.690000534057617,1,0,3724,1,750c0000ff020100f191000000000000,1,0x1CC1
432,22,14,46512,68845,0.0,0.0,-17.0,0.0,0.0,0.0,706,0,0,0,-0.97998046875,-0.005615234375,0.026611328125,0.980357825756073,-0.8778625726699829,0.05343511328101158,-1.1755725145339966,1,95573.0,-0.163970947265625,25.75,1,0,3712,1,770c0000ff0100000801010002000000,1,0xC514
433,22,15,46616,98918,0.0,0.0,-17.0,0.0,0.0,0.0,736,0,0,0,-0.975341796875,-0.16943359375,-0.236572265625,1.0178240537643433,101.58778381347656,-25.206106185913086,17.671754837036133,1,95567.0,0.238067626953125,25.860000610351562,1,0,3731,1,780c0000ff240e018f45010003000000,0,0x84E5
434,22,16,46720,38732,0.0,0.0,0.0,0.0,0.0,0.0,0,0,0,0,-1.017822265625,-0.115478515625,-0.12060546875,1.0314276218414307,2.2748091220855713,1.4427480697631836,4.190839767456055,0,95567.0,-0.169830322265625,26.479999542236328,0,0,3721,1,7d0c0000000000004671000000000000,1,0xCA1E
435,22,17,46824,30435,0.0,0.0,0.0,0.0,0.0,0.0,0,0,0,0,-0.965576171875,-0.18212890625,-0.066650390625,0.9848606586456299,1.694656491279602,1.6641221046447754,-0.8702290058135986,0,0.0,0.0,0.0,0,0,3721,1,800c0000ff190a014836000000000000,0,0x4715
436,22,18,46928,30430,0.0,0.0,0.0,0.0,0.0,0.0,0,0,0,0,0.0,0.0,0.0,0.0,0.0,0.0,0.0,0,0.0,0.0,0.0,0,0,3721,1,820c0000ff2c11010642000000000000,0,0x976A
437,23,0,47104,60450,0.0,0.0,0.0,0.0,0.0,0.0,0,0,0,0,-0.770263671875,0.404296875,-0.4833984375,0.9952065944671631,10.603053092956543,10.038167953491211,-0.7862595319747925,0,95565.0,0.31121826171875,27.06999969482422,1,0,3721,1,840c0000ff291000ceca000002000000,1,0xD29E
438,23,1,47208,30126,0.0,0.0,0.0,0.0,0.0,0.0,0,0,0,0,-0.9833984375,0.061767578125,0.03955078125,0.9861298203468323,-0.9618320465087891,0.8702290058135986,-1.1145038604736328,1,95566.0,0.244415283203125,27.110000610351562,1,0,3728,1,860c0000ff040100045b000000000000,1,0x1217
439,23,2,47312,67414,0.0,0.0,-17.0,0.0,0.0,0.0,1211,0,0,0,-0.962890625,0.055908203125,0.047119140625,0.9656625986099243,-0.9847328066825867,-2.29007625579834,-0.28244274854660034,1,95567.0,-0.135467529296875,27.170000076293945,1,0,3715,1,880c0000ff0c0500c7e3000002000000,1,0x853F
440,23,3,47416,97463,0.0,0.0,0.0,0.0,0.0,0.0,0,0,0,0,-0.983642578125,0.0556640625,0.060302734375,0.9870600700378418,-15.496183395385742,3.564885377883911,0.21374045312404633,1,95566.0,-0.0152587890625,27.219999313354492,1,0,3712,1,890c0000ff0301013028010003000000,0,0x4173
441,23,4,47520,127509,0.0,0.0,-17.0,0.0,0.0,0.0,1256,0,0,0,-1.072265625,0.01318359375,0.0439453125,1.073246717453003,3.2671756744384766,6.450381755828857,-0.6259542107582092,0,95564.0,0.091278076171875,27.260000228881836,0,0,3718,1,8b0c0000ff000001f7b0010004000000,0,0xDB01
442,23,5,47624,157560,0.0,0.0,0.0,0.0,0.0,0.0,0,0,0,0,-0.080322265625,0.08056640625,-1.041259765625,1.04745614528656,-2.3358778953552246,0.7175572514533997,-2.175572633743286,0,95564.0,0.091278076171875,27.260000228881836,0,0,3721,1,8d0c0000ff030101b739020006000000,0,0xCD65
443,23,6,47728,187602,0.0,0.0,0.0,0.0,0.0,0.0,0,0,0,0,-0.080322265625,0.08056640625,-1.041259765625,1.04745614528656,-2.3358778953552246,0.7175572514533997,-2.175572633743286,0,95564.0,0.091278076171875,27.260000228881836,0,0,3712,1,8f0c0000ff03010082c3020008000000,1,0x0044
444,23,7,47832,217658,0.0,0.0,0.0,0.0,0.0,0.0,0,0,0,0,-0.080322265625,0.08056640625,-1.041259765625,1.04745614528656,-2.3358778953552246,0.7175572514533997,-2.175572633743286,0,95564.0,0.091278076171875,27.260000228881836,0,0,3715,1,910c0000ff020100534b03000a000000,1,0x9E7E
445,23,8,47936,247701,0.0,0.0,0.0,0.0,0.0,0.0,0,0,0,0,-0.080322265625,0.08056640625,-1.041259765625,1.04745614528656,-2.3358778953552246,0.7175572514533997,-2.175572633743286,0,95564.0,0.091278076171875,27.260000228881836,0,0,3724,1,920c0000ff120701bb8f03000b000000,0,0x6112
446,23,9,48040,277755,0.0,0.0,0.0,0.0,0.0,0.0,0,0,0,0,-0.080322265625,0.08056640625,-1.041259765625,1.04745614528656,-2.3358778953552246,0.7175572514533997,-2.175572633743286,0,95564.0,0.091278076171875,27.260000228881836,0,0,3718,1,940c0000ff010000951804000d000000,1,0x4616
447,23,10,48144,307798,0.0,0.0,0.0,0.0,0.0,0.0,0,0,0,0,-0.080322265625,0.08056640625,-1.041259765625,1.04745614528656,-2.3358778953552246,0.7175572514533997,-2.175572633743286,0,95564.0,0.091278076171875,27.260000228881836,0,0,3708,1,960c0000ff01000058a104000f000000,1,0x8092
448,23,11,48248,337853,0.0,0.0,0.0,0.0,0.0,0.0,0,0,0,0,-0.080322265625,0.08056640625,-1.041259765625,1.04745614528656,-2.3358778953552246,0.7175572514533997,-2.175572633743286,0,95564.0,0.091278076171875,27.260000228881836,0,0,3712,1,970c0000ff1d0b017de6040010000000,0,0x1C4E
449,23,12,48352,367895,0.0,0.0,0.0,0.0,0.0,0.0,0,0,0,0,-0.080322265625,0.08056640625,-1.041259765625,1.04745614528656,-2.3358778953552246,0.7175572514533997,-2.175572633743286,0,95564.0,0.091278076171875,27.260000228881836,0,0,3715,1,990c0000ff481c01976e050012000000,0,0x9D66
450,23,13,48456,397854,0.0,0.0,0.0,0.0,0.0,0.0,0,0,0,0,-0.080322265625,0.08056640625,-1.041259765625,1.04745614528656,-2.3358778953552246,0.7175572514533997,-2.175572633743286,0,95564.0,0.091278076171875,27.260000228881836,0,0,3718,1,9b0c0000ff270f00fcf7050014000000,1,0x4DB5
451,23,14,48560,427907,0.0,0.0,0.0,0.0,0.0,0.0,0,0,0,0,0.294189453125,0.59765625,0.681884765625,0.9532613754272461,4.732824325561523,-0.7175572514533997,-13.374045372009277,0,95564.0,0.091278076171875,27.260000228881836,0,0,3715,1,9d0c0000ff3c17004e80060016000000,1,0x5D02
452,23,15,48664,457969,0.0,0.0,0.0,0.0,0.0,0.0,0,0,0,0,0.294189453125,0.59765625,0.681884765625,0.9532613754272461,4.732824325561523,-0.7175572514533997,-13.374045372009277,0,95564.0,0.091278076171875,27.260000228881836,0,0,3718,1,9e0c0000ff7a3001b5c4060017000000,0,0x91CB
453,23,16,48768,487996,0.0,0.0,-17.0,0.0,0.0,0.0,1746,0,0,0,1.01953125,-0.00537109375,-0.07275390625,1.0221378803253174,-0.8320610523223877,0.25190839171409607,-1.038167953491211,1,95566.0,-0.080780029296875,27.600000381469727,1,0,3708,1,a00c0000ff702c008e4d070019000000,1,0xC8A5
454,23,17,48872,511197,0.0,0.0,0.0,0.0,0.0,0.0,0,0,0,0,1.024169921875,-0.002197265625,-0.09912109375,1.0289576053619385,-2.435114622116089,-0.12977099418640137,-0.19847328960895538,1,95566.0,0.010528564453125,27.649999618530273,1,0,3715,1,a10c0000ff702c01109207001a000000,0,0x7B29
455,23,18,48976,548444,0.0,0.0,-17.0,0.0,0.0,0.0,2012,0,0,0,1.01953125,0.0126953125,-0.10205078125,1.0247045755386353,-0.5496183037757874,-0.07633587718009949,-0.8625954389572144,1,95564.0,0.25323486328125,27.719999313354492,1,0,3721,1,a30c0000ff190a01e01a08001b000000,0,0x1DA4
456,24,0,49152,571244,0.0,0.0,0.0,0.0,0.0,0.0,0,0,0,0,1.023681640625,0.015625,-0.100341796875,1.0287063121795654,-1.801526665687561,-1.0763359069824219,-0.09923664480447769,1,95566.0,0.039642333984375,27.75,1,0,3705,1,a50c0000ff1d0b00c6a308001d000000,1,0xC78D
457,24,1,49256,608631,0.0,0.0,-17.0,0.0,0.0,0.0,2112,0,0,0,1.020751953125,-0.0126953125,-0.081298828125,1.024062991142273,-1.0458015203475952,0.13740457594394684,-1.229007601737976,1,95570.0,-0.251007080078125,27.809999465942383,1,0,3715,1,a70c0000ff270f00aa2c09001f000000,1,0x9165
458,24,2,49360,638683,0.0,0.0,0.0,0.0,0.0,0.0,0,0,0,0,-0.875732421875,0.041015625,0.41650390625,0.9706003665924072,2.671755790710449,-3.885496139526367,-3.7328243255615234,1,95564.0,0.27569580078125,27.829999923706055,1,0,3763,1,a80c0000ff0100012771090020000000,0,0x9D79
459,24,3,49464,668783,0.0,0.0,-17.0,0.0,0.0,0.0,2212,0,0,0,-0.989990234375,-0.02294921875,-0.056884765625,0.991888701915741,1.9312976598739624,-15.633587837219238,-0.38167938590049744,1,95565.0,0.004119873046875,27.90999984741211,1,0,3718,1,aa0c00000000000113fa090021000000,0,0x61AD
460,24,4,49568,698830,0.0,0.0,0.0,0.0,0.0,0.0,0,0,0,0,-0.90185546875,-0.0654296875,-0.4189453125,0.9965638518333435,-1.0916030406951904,12.305343627929688,-0.7404580116271973,1,95564.0,0.128387451171875,27.959999084472656,1,0,3699,1,ac0c0000ff00000009830a0023000000,1,0xFD52
461,24,5,49672,728833,0.0,0.0,-17.0,0.0,0.0,0.0,2312,0,0,0,-0.95703125,-0.03662109375,-0.304443359375,1.004955530166626,-0.8091602921485901,-2.0,-0.7480915784835815,1,95564.0,0.105499267578125,28.059999465942383,1,0,3702,1,ae0c0000000000000c0c0b0025000000,1,0x80A3
462,24,6,49776,758892,0.0,0.0,0.0,0.0,0.0,0.0,0,0,0,0,-0.951904296875,-0.078369140625,-0.333251953125,1.011592984199524,-1.2137404680252075,2.816793918609619,0.8549618124961853,1,95566.0,0.027252197265625,28.110000610351562,1,0,3708,1,af0c0000ff0100017a500b0026000000,0,0x9188
463,24,7,49880,788892,0.0,0.0,-17.0,0.0,0.0,0.0,2413,0,0,0,-0.965087890625,-0.064697265625,-0.189453125,0.9856332540512085,1.6259541511535645,10.603053092956543,1.5419846773147583,1,95568.0,-0.03961181640625,28.18000030517578,1,0,3699,1,b10c0000ff0100016cd90b0027000000,0,0x8363
464,24,8,49984,818949,0.0,0.0,0.0,0.0,0.0,0.0,0,0,0,0,-0.9521484375,-0.034423828125,-0.282958984375,0.9939001202583313,-0.6488549709320068,-0.04580152779817581,-1.503816843032837,1,95562.0,0.20855712890625,28.229999542236328,1,0,3712,1,b30c0000ff0602001f7d0c0029000000,1,0x0BD5
465,24,9,50088,848949,0.0,0.0,-17.0,0.0,0.0,0.0,2513,0,0,0,-0.965576171875,-0.012451171875,-0.0927734375,0.9701027274131775,-1.0839694738388062,7.9083967208862305,3.8091602325439453,1,95563.0,0.057037353515625,28.290000915527344,1,0,3702,1,b50c00000000000062eb0c002b000000,1,0xD9BE
466,24,10,50192,879037,0.0,0.0,0.0,0.0,0.0,0.0,0,0,0,0,-1.019287109375,-0.119873046875,0.02392578125,1.0265904664993286,-2.2061069011688232,-20.97709846496582,9.954198837280273,1,95560.0,0.313446044921875,28.299999237060547,1,0,3715,1,b60c0000ff040101e72f0d002c000000,0,0xEE04
467,24,11,50296,909137,0.0,0.0,-17.0,0.0,0.0,0.0,2613,0,0,0,-0.100341796875,0.0380859375,-1.06494140625,1.0703359842300415,9.282443046569824,-2.6870229244232178,-6.41984748840332,1,95556.0,0.23760986328125,28.329999923706055,1,0,3712,1,b80c0000ff050200e3b80d002e000000,1,0xA022
468,24,12,50400,939231,0.0,0.0,0.0,0.0,0.0,0.0,0,0,0,0,-0.16650390625,0.149169921875,-0.957275390625,0.9830317497253418,41.656490325927734,17.534351348876953,41.52671813964844,1,95565.0,-0.462432861328125,28.34000015258789,1,0,3699,1,b90c0000ff2c110123fd0d002f000000,0,0x32D8
469,24,13,50504,969236,0.0,0.0,-17.0,0.0,0.0,0.0,2713,0,0,0,-0.18212890625,0.234375,-1.25390625,1.2885587215423584,-12.206107139587402,-48.77862548828125,0.8091602921485901,1,95577.0,-0.58343505859375,28.3700008392334,1,0,3699,1,bb0c000000000001ff870e0030000000,0,0x46BA
470,24,14,50608,999328,0.0,0.0,0.0,0.0,0.0,0.0,0,0,0,0,-0.33056640625,-0.244140625,-0.911376953125,0.9997433423995972,5.847328186035156,-7.160305500030518,-68.25190734863281,1,95576.0,-0.077850341796875,28.389999389648438,1,0,3712,1,bd0c0000ff0502012e0d0f0032000000,0,0x7A60
471,24,15,50712,1029428,0.0,0.0,-17.0,0.0,0.0,0.0,2813,0,0,0,-0.056396484375,0.06982421875,-0.631103515625,0.6374540328979492,-28.297710418701172,18.312976837158203,-25.54198455810547,1,95584.0,-0.4173583984375,28.420000076293945,1,0,3705,1,bf0c00000000000029920f0034000000,1,0x1D27
472,24,16,50816,1059491,0.0,0.0,0.0,0.0,0.0,0.0,0,0,0,0,-0.89697265625,-0.649169921875,-0.470947265625,1.203234314918518,8.106870651245117,13.572519302368164,61.96183395385742,1,95575.0,0.597869873046875,28.450000762939453,1,0,3696,1,c00c0000ff0703019cd40f0035000000,0,0xAB6E
473,24,17,50920,1089591,0.0,0.0,-17.0,0.0,0.0,0.0,83317,0,0,0,-1.087646484375,0.04833984375,-0.3623046875,1.1474215984344482,-12.687023162841797,-15.106870651245117,-15.572519302368164,1,95578.0,-0.040557861328125,28.530000686645508,1,0,3692,1,c30c0000ff0000002f9c100037000000,1,0x6962
474,24,18,51024,1119649,0.0,0.0,0.0,0.0,0.0,0.0,0,0,0,0,-1.20947265625,-0.489501953125,-0.383056640625,1.3598413467407227,48.893131256103516,25.61832046508789,39.8702278137207,1,95583.0,-0.33953857421875,28.579999923706055,1,0,3702,1,c40c0000ff060201d6de100038000000,0,0x4D26
475,25,0,51200,30130,0.0,0.0,0.0,0.0,0.0,0.0,0,0,0,0,0.02978515625,-0.112548828125,-0.649169921875,0.659527063369751,-51.885498046875,-32.25954055786133,-3.9541983604431152,1,95588.0,-0.173980712890625,28.600000381469727,1,0,3737,1,00000000000000000000000000000000,0,0x79C3
476,25,1,51304,67939,52.43987274169922,8.758633613586426,13350.0,0.0,0.0,0.0,83459,0,0,0,-0.302490234375,-0.279296875,-1.227294921875,1.2945114374160767,-15.679388999938965,22.43511390686035,-57.610687255859375,1,95581.0,0.411163330078125,28.6299991607666,1,0,3737,1,00000000000000000000000000000000,0,0xD855
477,25,2,51408,97996,0.0,0.0,0.0,0.0,0.0,0.0,0,0,0,0,-0.049560546875,-0.473876953125,-1.16455078125,1.2582504749298096,9.877862930297852,14.061068534851074,1.267175555229187,1,95581.0,0.21044921875,28.65999984741211,1,0,3734,1,00000000000000000000000000000000,0,0xF9EB
478,25,3,51512,128096,51.74722671508789,11.605718612670898,13100.0,0.0,0.0,0.0,83559,0,0,0,-0.183349609375,-0.12646484375,-0.908935546875,0.9358280897140503,20.16030502319336,-2.4427480697631836,30.648855209350586,1,95549.0,0.996429443359375,28.700000762939453,1,0,3737,1,00000000000000000000000000000000,0,0x152B
479,25,4,51616,158149,0.0,0.0,0.0,0.0,0.0,0.0,0,0,0,0,-0.283935546875,0.046630859375,-0.946044921875,0.9888350963592529,1.3282443284988403,37.946563720703125,-86.29007720947266,1,95512.0,0.854583740234375,28.729999542236328,1,0,3737,1,00000000000000000000000000000000,0,0xB5F2
480,25,5,51720,188249,51.74722671508789,11.605718612670898,13100.0,0.0,0.0,0.0,83659,0,0,0,-0.57421875,0.51708984375,-0.6015625,0.979278564453125,22.16030502319336,23.473281860351562,-35.50381851196289,1,95493.0,0.81719970703125,28.770000457763672,1,0,3734,1,00000000000000000000000000000000,0,0xA0B1
481,25,6,51824,218302,0.0,0.0,0.0,0.0,0.0,0.0,0,0,0,0,-0.063720703125,0.6279296875,0.732421875,0.9668494462966919,-33.167938232421875,0.3664122223854065,-0.3664122223854065,1,95485.0,0.139404296875,28.81999969482422,1,0,3740,1,00000000000000000000000000000000,0,0x5DCB
482,25,7,51928,248402,48.05464553833008,11.654997825622559,630.0,0.8650000095367432,-1.340000033378601,0.0,83759,4,3,1,0.10986328125,0.523193359375,0.590087890625,0.7962442636489868,-34.09923553466797,-15.648855209350586,-19.64122200012207,1,95472.0,-0.17584228515625,28.850000381469727,1,0,3734,1,00000000000000000000000000000000,0,0x29E7
483,25,8,52032,278502,48.054718017578125,11.655036926269531,603.0,0.05299999937415123,0.03999999910593033,0.0,83829,5,3,1,-0.9775390625,0.229248046875,-0.13037109375,1.0124889612197876,-1.8320610523223877,-0.8778625726699829,0.1450381726026535,1,95465.0,0.074005126953125,28.899999618530273,1,0,3734,1,00000000000000000000000000000000,0,0x2BA6
484,25,9,52136,308602,48.0546875,11.654998779296875,605.0,0.31700000166893005,-0.5899999737739563,0.0,83900,5,3,1,-0.38427734375,-0.78076171875,-0.60107421875,1.0576143264770508,-57.183204650878906,-54.64122009277344,-16.87786293029785,1,95475.0,-0.33013916015625,28.920000076293945,1,0,3731,1,00000000000000000000000000000000,0,0xD9BC
485,25,10,52240,38684,48.05522918701172,11.655344009399414,450.0,1.4270000457763672,-1.184000015258789,16.81209945678711,83944,4,3,1,-1.00927734375,0.013671875,-0.01025390625,1.0094220638275146,-0.22900763154029846,-7.160305500030518,5.221374034881592,1,95584.0,0.104217529296875,28.950000762939453,1,0,3702,1,c60c0000ff010000a870000000000000,1,0x5B17
486,25,11,52344,68687,48.05513000488281,11.655312538146973,467.0,0.1550000011920929,-0.2529999911785126,16.81209945678711,84014,5,3,1,-0.9755859375,-0.08837890625,-0.147705078125,0.9906541109085083,-1.0610686540603638,0.19847328960895538,-1.4885495901107788,1,95585.0,-0.0439453125,29.020000457763672,1,0,3705,1,c80c0000ff090300d4f5000002000000,1,0x5CF8
487,25,12,52448,98787,48.05476760864258,11.655023574829102,566.0,0.08399999886751175,-0.12399999797344208,16.81209945678711,84044,9,3,1,-0.981689453125,-0.031982421875,0.037841796875,0.9829390048980713,-1.1832060813903809,0.1679389327764511,-1.1832060813903809,1,95578.0,0.164520263671875,29.079999923706055,1,0,3696,1,ca0c0000ff0f0600827b010004000000,1,0x885F
488,25,13,52552,128790,48.05478286743164,11.65498161315918,561.0,0.550000011920929,0.27300000190734863,297.4281005859375,84114,9,3,1,0.932861328125,-0.378173828125,-0.468994140625,1.110495924949646,36.91603088378906,-43.51908493041992,-11.480916023254395,1,95579.0,0.23529052734375,29.1299991607666,1,0,3712,1,cb0c0000ff03010161be010005000000,0,0x6200
489,25,14,52656,158890,48.05449295043945,11.654836654663086,566.0,1.562999963760376,-0.10000000149011612,222.43870544433594,84144,10,3,1,-1.380615234375,-0.23876953125,-0.060302734375,1.4024070501327515,13.832060813903809,12.305343627929688,-8.633587837219238,1,95581.0,0.17919921875,29.170000076293945,1,0,3692,1,cd0c000000000001c543020007000000,0,0xD084
490,25,15,52760,188990,48.05434799194336,11.654252052307129,564.0,1.531999945640564,0.46799999475479126,251.82896423339844,84214,10,3,1,-0.48486328125,-0.11474609375,-0.107421875,0.5097043514251709,-20.465648651123047,26.58015251159668,-22.01526641845703,1,95570.0,0.500213623046875,29.209999084472656,1,0,3702,1,cf0c00000000000079c9020009000000,1,0xFDDF
491,25,16,52864,218998,48.05445098876953,11.653746604919434,561.0,0.746999979019165,1.1480000019073486,346.6878356933594,84244,10,3,1,-0.477783203125,-0.19482421875,-0.211669921875,0.5577073097229004,-48.19083786010742,-7.4122138023376465,-40.328243255615234,1,95578.0,0.08740234375,29.239999771118164,1,0,3686,1,d10c000000000000494f03000b000000,1,0x3C32
492,25,17,52968,249003,48.054752349853516,11.653471946716309,566.0,1.9739999771118164,-0.30799999833106995,280.8089599609375,84314,0,0,0,-1.283447265625,-0.220703125,-0.311279296875,1.3389703035354614,20.0,32.93893051147461,9.992366790771484,1,95576.0,0.438720703125,29.270000457763672,1,0,3702,1,d20c000000000001109203000c000000,0,0xF170
493,25,18,53072,279007,48.05529022216797,11.653226852416992,572.0,0.0,0.0,280.8089599609375,84344,0,0,0,-0.602294921875,-0.14501953125,-0.26953125,0.6756011843681335,102.07633209228516,-9.572519302368164,6.022900581359863,1,95542.0,1.907501220703125,29.280000686645508,1,0,3664,1,d40c000000000001981a04000e000000,0,0x9BA8
494,26,0,53248,309065,48.05529022216797,11.653226852416992,572.0,0.0,0.0,280.8089599609375,84414,0,0,0,-0.86181640625,-0.52490234375,-0.2392578125,1.0370603799819946,-7.877862453460693,-7.396946430206299,17.01526641845703,1,95478.0,6.143768310546875,29.309999465942383,1,0,3708,1,d60c0000000000007ca304000f000000,1,0x719D
495,26,1,53352,339165,48.055328369140625,11.653290748596191,452.0,0.453000009059906,-0.7839999794960022,187.0756378173828,84445,6,3,1,-0.952392578125,0.013916015625,-0.2392578125,0.9820842742919922,0.48091602325439453,0.11450381577014923,-1.7175573110580444,1,95483.0,5.70513916015625,29.329999923706055,1,0,3705,1,d80c0000ff1408002329050011000000,1,0x46C9
496,26,2,53456,369265,48.05498123168945,11.653236389160156,540.0,0.3319999873638153,-0.30300000309944153,193.90924072265625,84515,7,3,1,-0.920654296875,-0.06591796875,-0.259521484375,0.958801805973053,-2.9389312267303467,9.22137451171875,-3.8778626918792725,1,95483.0,5.70513916015625,29.360000610351562,1,0,3699,1,d90c0000ff160801cc6b050012000000,0,0xF6CE
497,26,3,53560,399268,48.054744720458984,11.653206825256348,578.0,0.33399999141693115,-0.5120000243186951,126.55290222167969,84545,7,3,1,-0.583740234375,0.164794921875,-0.81689453125,1.0174609422683716,4.244274616241455,-4.717557430267334,6.122137546539307,1,95482.0,5.792327880859375,29.3799991607666,1,0,3702,1,db0c0000ff000000f5f0050014000000,1,0x0391
498,26,4,53664,38739,48.054603576660156,11.652963638305664,597.0,0.09700000286102295,-0.012000000104308128,218.23570251464844,84633,9,3,1,-0.968017578125,-0.034423828125,0.111572265625,0.9750340580940247,-20.694656372070312,-10.022900581359863,-20.67938995361328,1,95589.0,-3.548553466796875,29.420000076293945,1,0,3683,1,dd0c0000ff0401000472000000000000,1,0x1A52
499,26,5,53768,68745,48.05462646484375,11.65296745300293,601.0,0.026000000536441803,-0.02500000037252903,172.99098205566406,84703,8,3,1,-0.9736328125,-0.01953125,0.093994140625,0.9783543348312378,12.213740348815918,-3.465648889541626,-4.076335906982422,1,95592.0,-3.81011962890625,29.479999542236328,1,0,3676,1,df0c0000ff0201009ef7000002000000,1,0x3BD0
500,26,6,53872,98845,48.05464553833008,11.652942657470703,601.0,0.2639999985694885,0.6539999842643738,225.8497772216797,84733,9,3,1,-0.73486328125,0.175537109375,0.74658203125,1.0621778964996338,19.98473358154297,2.14503812789917,-1.8473281860351562,1,95584.0,-3.112579345703125,29.540000915527344,1,0,3686,1,e10c0000ff0703004d7d010004000000,1,0x9F12
501,26,7,53976,128945,48.054603576660156,11.652973175048828,593.0,0.4519999921321869,-0.34700000286102295,261.5652160644531,84803,9,3,1,-1.404541015625,0.1357421875,0.31494140625,1.4458041191101074,-165.48855590820312,15.190839767456055,-89.3282470703125,1,95578.0,-2.586761474609375,29.56999969482422,1,0,3676,1,e20c00000000000132c0010005000000,0,0x5A1F
502,26,8,54080,159045,48.05435562133789,11.65335464477539,587.0,0.21799999475479126,-3.13700008392334,134.6385040283203,84833,9,3,1,-0.728515625,0.003173828125,0.14306640625,0.7424372434616089,-62.625953674316406,30.572519302368164,10.175572395324707,1,95584.0,-3.112579345703125,29.600000381469727,1,0,3676,1,e40c0000ff070301aa45020007000000,0,0x82DA
503,26,9,54184,189147,48.05408477783203,11.653848648071289,569.0,1.5299999713897705,-0.3009999990463257,132.05734252929688,84904,10,3,1,-1.181884765625,-0.000244140625,0.076416015625,1.1843525171279907,23.81679344177246,-9.351144790649414,-15.137404441833496,1,95581.0,-2.848358154296875,29.649999618530273,1,0,3689,1,e60c0000ff130700aeca020009000000,1,0x60B0
504,26,10,54288,219147,48.05367660522461,11.653993606567383,567.0,1.4980000257492065,0.47600001096725464,172.5531463623047,84934,11,3,1,1.10302734375,-0.182373046875,-0.282958984375,1.1532540321350098,32.41221237182617,24.43511390686035,-3.824427366256714,1,95575.0,-2.325164794921875,29.690000534057617,1,0,3696,1,e80c0000ff070300b94f03000b000000,1,0xD582
505,26,11,54392,249247,48.05325698852539,11.65411376953125,565.0,1.7740000486373901,-0.07999999821186066,175.9361572265625,85004,10,3,1,-1.119873046875,-0.038330078125,0.0498046875,1.12163507938385,34.83969497680664,-16.748090744018555,21.030534744262695,1,95576.0,-2.412384033203125,29.75,1,0,3692,1,e90c0000ff843301369203000c000000,0,0x3287
506,26,12,54496,279250,48.052818298339844,11.654212951660156,577.0,1.8619999885559082,-0.5550000071525574,158.9816436767578,85034,10,3,1,-1.223388671875,-0.122802734375,0.05859375,1.2309319972991943,-78.35877990722656,43.53435134887695,10.732824325561523,1,95571.0,-1.976409912109375,29.81999969482422,1,0,3689,1,eb0c0000ff3c1701491704000e000000,0,0x078F
507,26,13,54600,309350,48.0525016784668,11.654521942138672,579.0,1.6039999723434448,0.18799999356269836,145.33279418945312,85104,10,3,1,-0.59423828125,-0.0390625,0.034912109375,0.5965432524681091,40.39694595336914,79.30534362792969,-3.030534267425537,1,95574.0,-2.23797607421875,29.899999618530273,1,0,3689,1,ed0c0000ff0000008a9c040010000000,1,0x3B97
508,26,14,54704,339450,48.05228042602539,11.654667854309082,576.0,0.4230000078678131,0.5649999976158142,239.04954528808594,85134,10,3,1,-0.986328125,-0.000732421875,-0.10400390625,0.991796612739563,-1.4198473691940308,31.885496139526367,-8.099236488342285,1,95569.0,-1.802001953125,29.959999084472656,1,0,3689,1,ef0c0000ff0c05009921050012000000,1,0x16F6
509,26,15,54808,369452,48.05210876464844,11.650995254516602,502.0,0.0,0.0,265.2599792480469,85204,0,0,0,-0.937744140625,-0.152099609375,-0.370361328125,1.0196400880813599,1.0,-22.54198455810547,-0.05343511328101158,1,95554.0,-0.491424560546875,30.010000228881836,1,0,3686,1,f00c0000ff0e05013e65050013000000,0,0xA5A9
510,26,16,54912,399527,48.05210876464844,11.650995254516602,502.0,0.0,0.0,265.2599792480469,85234,0,0,0,0.274658203125,-0.12939453125,-1.016845703125,1.0612045526504517,23.923664093017578,6.923664093017578,-7.938931465148926,1,95560.0,-1.014617919921875,30.049999237060547,1,0,3689,1,f10c0000ff542101c2a9050014000000,0,0x9E10
511,26,17,55016,429627,48.05210876464844,11.650995254516602,502.0,0.0,0.0,265.2599792480469,85304,0,0,0,-0.9130859375,0.26611328125,0.169189453125,0.9660058617591858,12.87022876739502,-1.9847328662872314,-39.07633590698242,1,95555.0,-0.578643798828125,30.059999465942383,1,0,3795,1,f40c0000ff481c003e77060016000000,1,0xF942
512,26,18,55120,459687,48.05210876464844,11.650995254516602,502.0,0.0,0.0,265.2599792480469,85334,0,0,0,-0.978759765625,-0.005615234375,0.009765625,0.9788246154785156,0.22900763154029846,-0.9847328066825867,-1.7251908779144287,1,95558.0,-0.842864990234375,30.100000381469727,1,0,3686,1,f60c0000ff3515003400070018000000,1,0xB892
513,27,0,55296,489689,48.05210876464844,11.650995254516602,502.0,0.0,0.0,265.2599792480469,85404,0,0,0,-0.873779296875,0.26611328125,-0.023681640625,0.9137107729911804,60.213741302490234,-8.938931465148926,6.641221523284912,1,95556.0,-0.66583251953125,30.0,1,0,3734,1,f70c0000ff070301af44070019000000,0,0x61F8
514,27,1,55400,519751,48.05210876464844,11.650995254516602,502.0,0.0,0.0,265.2599792480469,85434,0,0,0,-0.6904296875,0.304443359375,-0.74169921875,1.0580626726150513,-5.816793918609619,13.824427604675293,12.458015441894531,1,95555.0,-0.578643798828125,29.979999542236328,1,0,3689,1,f80c0000ff0401012e8907001a000000,0,0x0BB6
515,27,2,55504,549753,48.05210876464844,11.650995254516602,502.0,0.0,0.0,265.2599792480469,85504,0,0,0,-0.773193359375,0.366455078125,-0.162109375,0.8708598017692566,15.755724906921387,4.229007720947266,5.992366313934326,1,95559.0,-0.9300537109375,29.780000686645508,1,0,3686,1,fb0c0000ff010000d85908001c000000,1,0x5BA2
516,27,3,55608,38844,48.05210876464844,11.650995254516602,502.0,0.0,0.0,265.2599792480469,85606,0,0,0,-0.99658203125,-0.010498046875,0.023681640625,0.9969186186790466,-0.9618320465087891,0.39694657921791077,-0.8396946787834167,1,95561.0,-1.10443115234375,29.700000762939453,1,0,3680,1,fe0c0000ff060201ba6b000000000000,0,0x342F
