pc_time_iso,pc_time_unix,event_type,severity,message,sequence_number,lora_rssi_dbm,lora_snr_db,receiver_running,radio_enabled,radio_initialized,non_telemetry_packets,decode_errors,lora_crc_errors,command_tx_count,command_tx_failures,details_json
2026-07-28T11:26:51.835991+00:00,1785238011.835991,backend_started,info,Ground-station backend started,,,,False,False,False,0,0,0,0,0,"{""frequency_hz"":869525000,""ground_event_csv_path"":""logs\\ground_station_events_20260728_132651.csv"",""host"":""127.0.0.1"",""port"":8000,""radio_enabled"":true,""spreading_factor"":8,""sync_word"":18,""telemetry_csv_path"":""logs\\telemetry_20260728_132651.csv"",""tx_power_dbm"":17}"
2026-07-28T11:26:51.838502+00:00,1785238011.838502,receiver_starting,info,Opening CH347/RFM95W ground radio,,,,True,True,False,0,0,0,0,0,{}
2026-07-28T11:26:52.190959+00:00,1785238012.190959,radio_initialized,info,Ground RFM95W initialized in continuous RX mode,,,,True,True,True,0,0,0,0,0,"{""version_register"":""0x12""}"
2026-07-28T11:26:57.755577+00:00,1785238017.755577,dashboard_connected,info,Dashboard WebSocket connected,,,,True,True,True,0,0,0,0,0,"{""active_connections"":1,""client_host"":""2001:4ca0:0:f296:7c16:8c1f:207c:c8de"",""client_port"":0}"
2026-07-28T11:27:00.357152+00:00,1785238020.357152,telemetry_ack_sent,info,Ground acknowledged received telemetry,6,,,True,True,True,0,0,0,0,0,"{""payload"":""ACK,6""}"
2026-07-28T11:27:00.357152+00:00,1785238020.357152,telemetry_received,info,Received v8 telemetry sequence 6,6,-69,12.5,True,True,True,0,0,0,0,0,"{""crc_ok"":true,""flight_state"":""STANDBY"",""lost_packets_since_previous"":0,""packet_length"":92,""packet_type"":1,""protocol_version"":8}"
2026-07-28T11:27:04.261474+00:00,1785238024.261474,dashboard_connected,info,Dashboard WebSocket connected,,,,True,True,True,0,0,0,0,0,"{""active_connections"":2,""client_host"":""2001:4ca0:e:49:497f:7e9e:10d2:4248"",""client_port"":0}"
2026-07-28T11:27:10.659628+00:00,1785238030.659628,telemetry_ack_sent,info,Ground acknowledged received telemetry,7,,,True,True,True,0,0,0,0,0,"{""payload"":""ACK,7""}"
2026-07-28T11:27:10.659628+00:00,1785238030.659628,telemetry_received,info,Received v8 telemetry sequence 7,7,-61,12.5,True,True,True,0,0,0,0,0,"{""crc_ok"":true,""flight_state"":""STANDBY"",""lost_packets_since_previous"":0,""packet_length"":92,""packet_type"":1,""protocol_version"":8}"
2026-07-28T11:27:20.961540+00:00,1785238040.96154,telemetry_ack_sent,info,Ground acknowledged received telemetry,8,,,True,True,True,0,0,0,0,0,"{""payload"":""ACK,8""}"
2026-07-28T11:27:20.961540+00:00,1785238040.96154,telemetry_received,info,Received v8 telemetry sequence 8,8,-58,12.25,True,True,True,0,0,0,0,0,"{""crc_ok"":true,""flight_state"":""STANDBY"",""lost_packets_since_previous"":0,""packet_length"":92,""packet_type"":1,""protocol_version"":8}"
2026-07-28T11:27:31.596439+00:00,1785238051.596439,telemetry_ack_sent,info,Ground acknowledged received telemetry,9,,,True,True,True,0,0,0,0,0,"{""payload"":""ACK,9""}"
2026-07-28T11:27:31.596439+00:00,1785238051.596439,telemetry_received,info,Received v8 telemetry sequence 9,9,-55,9.75,True,True,True,0,0,0,0,0,"{""crc_ok"":true,""flight_state"":""STANDBY"",""lost_packets_since_previous"":0,""packet_length"":92,""packet_type"":1,""protocol_version"":8}"
2026-07-28T11:27:41.881130+00:00,1785238061.88113,telemetry_ack_sent,info,Ground acknowledged received telemetry,10,,,True,True,True,0,0,0,0,0,"{""payload"":""ACK,10""}"
2026-07-28T11:27:41.881130+00:00,1785238061.88113,telemetry_received,info,Received v8 telemetry sequence 10,10,-61,11.75,True,True,True,0,0,0,0,0,"{""crc_ok"":true,""flight_state"":""STANDBY"",""lost_packets_since_previous"":0,""packet_length"":92,""packet_type"":1,""protocol_version"":8}"
2026-07-28T11:27:52.176932+00:00,1785238072.176932,telemetry_ack_sent,info,Ground acknowledged received telemetry,11,,,True,True,True,0,0,0,0,0,"{""payload"":""ACK,11""}"
2026-07-28T11:27:52.176932+00:00,1785238072.176932,telemetry_received,info,Received v8 telemetry sequence 11,11,-60,10.5,True,True,True,0,0,0,0,0,"{""crc_ok"":true,""flight_state"":""STANDBY"",""lost_packets_since_previous"":0,""packet_length"":92,""packet_type"":1,""protocol_version"":8}"
2026-07-28T11:28:02.473049+00:00,1785238082.473049,telemetry_ack_sent,info,Ground acknowledged received telemetry,12,,,True,True,True,0,0,0,0,0,"{""payload"":""ACK,12""}"
2026-07-28T11:28:02.473049+00:00,1785238082.473049,telemetry_received,info,Received v8 telemetry sequence 12,12,-56,12.0,True,True,True,0,0,0,0,0,"{""crc_ok"":true,""flight_state"":""STANDBY"",""lost_packets_since_previous"":0,""packet_length"":92,""packet_type"":1,""protocol_version"":8}"
2026-07-28T11:28:05.804583+00:00,1785238085.804583,dashboard_disconnected,info,Dashboard WebSocket disconnected,,,,True,True,True,0,0,0,0,0,"{""active_connections"":1,""client_host"":""2001:4ca0:0:f296:7c16:8c1f:207c:c8de"",""client_port"":0}"
2026-07-28T11:28:05.999530+00:00,1785238085.99953,dashboard_connected,info,Dashboard WebSocket connected,,,,True,True,True,0,0,0,0,0,"{""active_connections"":2,""client_host"":""2001:4ca0:0:f296:7c16:8c1f:207c:c8de"",""client_port"":0}"
2026-07-28T11:28:12.825716+00:00,1785238092.825716,telemetry_ack_sent,info,Ground acknowledged received telemetry,13,,,True,True,True,0,0,0,0,0,"{""payload"":""ACK,13""}"
2026-07-28T11:28:12.825716+00:00,1785238092.825716,telemetry_received,info,Received v8 telemetry sequence 13,13,-63,12.5,True,True,True,0,0,0,0,0,"{""crc_ok"":true,""flight_state"":""STANDBY"",""lost_packets_since_previous"":0,""packet_length"":92,""packet_type"":1,""protocol_version"":8}"
2026-07-28T11:28:23.429689+00:00,1785238103.429689,telemetry_ack_sent,info,Ground acknowledged received telemetry,14,,,True,True,True,0,0,0,0,0,"{""payload"":""ACK,14""}"
2026-07-28T11:28:23.429689+00:00,1785238103.429689,telemetry_received,info,Received v8 telemetry sequence 14,14,-56,12.0,True,True,True,0,0,0,0,0,"{""crc_ok"":true,""flight_state"":""STANDBY"",""lost_packets_since_previous"":0,""packet_length"":92,""packet_type"":1,""protocol_version"":8}"
2026-07-28T11:28:33.847435+00:00,1785238113.847435,telemetry_ack_sent,info,Ground acknowledged received telemetry,15,,,True,True,True,0,0,0,0,0,"{""payload"":""ACK,15""}"
2026-07-28T11:28:33.847435+00:00,1785238113.847435,telemetry_received,info,Received v8 telemetry sequence 15,15,-67,12.25,True,True,True,0,0,0,0,0,"{""crc_ok"":true,""flight_state"":""STANDBY"",""lost_packets_since_previous"":0,""packet_length"":92,""packet_type"":1,""protocol_version"":8}"
2026-07-28T11:28:44.132677+00:00,1785238124.132677,telemetry_ack_sent,info,Ground acknowledged received telemetry,16,,,True,True,True,0,0,0,0,0,"{""payload"":""ACK,16""}"
2026-07-28T11:28:44.132677+00:00,1785238124.132677,telemetry_received,info,Received v8 telemetry sequence 16,16,-63,12.25,True,True,True,0,0,0,0,0,"{""crc_ok"":true,""flight_state"":""STANDBY"",""lost_packets_since_previous"":0,""packet_length"":92,""packet_type"":1,""protocol_version"":8}"
2026-07-28T11:28:54.443388+00:00,1785238134.443388,telemetry_ack_sent,info,Ground acknowledged received telemetry,17,,,True,True,True,0,0,0,0,0,"{""payload"":""ACK,17""}"
2026-07-28T11:28:54.443388+00:00,1785238134.443388,telemetry_received,info,Received v8 telemetry sequence 17,17,-59,12.0,True,True,True,0,0,0,0,0,"{""crc_ok"":true,""flight_state"":""STANDBY"",""lost_packets_since_previous"":0,""packet_length"":92,""packet_type"":1,""protocol_version"":8}"
2026-07-28T11:29:04.383416+00:00,1785238144.383416,dashboard_connected,info,Dashboard WebSocket connected,,,,True,True,True,0,0,0,0,0,"{""active_connections"":3,""client_host"":""2001:4ca0:e:49:497f:7e9e:10d2:4248"",""client_port"":0}"
2026-07-28T11:29:04.748654+00:00,1785238144.748654,telemetry_ack_sent,info,Ground acknowledged received telemetry,18,,,True,True,True,0,0,0,0,0,"{""payload"":""ACK,18""}"
2026-07-28T11:29:04.749218+00:00,1785238144.749218,telemetry_received,info,Received v8 telemetry sequence 18,18,-67,12.25,True,True,True,0,0,0,0,0,"{""crc_ok"":true,""flight_state"":""STANDBY"",""lost_packets_since_previous"":0,""packet_length"":92,""packet_type"":1,""protocol_version"":8}"
2026-07-28T11:29:15.053107+00:00,1785238155.053107,telemetry_ack_sent,info,Ground acknowledged received telemetry,19,,,True,True,True,0,0,0,0,0,"{""payload"":""ACK,19""}"
2026-07-28T11:29:15.053107+00:00,1785238155.053107,telemetry_received,info,Received v8 telemetry sequence 19,19,-57,12.0,True,True,True,0,0,0,0,0,"{""crc_ok"":true,""flight_state"":""STANDBY"",""lost_packets_since_previous"":0,""packet_length"":92,""packet_type"":1,""protocol_version"":8}"
2026-07-28T11:29:25.350089+00:00,1785238165.350089,telemetry_ack_sent,info,Ground acknowledged received telemetry,20,,,True,True,True,0,0,0,0,0,"{""payload"":""ACK,20""}"
2026-07-28T11:29:25.350089+00:00,1785238165.350089,telemetry_received,info,Received v8 telemetry sequence 20,20,-62,12.25,True,True,True,0,0,0,0,0,"{""crc_ok"":true,""flight_state"":""STANDBY"",""lost_packets_since_previous"":0,""packet_length"":92,""packet_type"":1,""protocol_version"":8}"
2026-07-28T11:29:35.639305+00:00,1785238175.639305,telemetry_ack_sent,info,Ground acknowledged received telemetry,21,,,True,True,True,0,0,0,0,0,"{""payload"":""ACK,21""}"
2026-07-28T11:29:35.639305+00:00,1785238175.639305,telemetry_received,info,Received v8 telemetry sequence 21,21,-70,12.25,True,True,True,0,0,0,0,0,"{""crc_ok"":true,""flight_state"":""STANDBY"",""lost_packets_since_previous"":0,""packet_length"":92,""packet_type"":1,""protocol_version"":8}"
2026-07-28T11:29:45.936224+00:00,1785238185.936224,telemetry_ack_sent,info,Ground acknowledged received telemetry,22,,,True,True,True,0,0,0,0,0,"{""payload"":""ACK,22""}"
2026-07-28T11:29:45.936224+00:00,1785238185.936224,telemetry_received,info,Received v8 telemetry sequence 22,22,-67,12.5,True,True,True,0,0,0,0,0,"{""crc_ok"":true,""flight_state"":""STANDBY"",""lost_packets_since_previous"":0,""packet_length"":92,""packet_type"":1,""protocol_version"":8}"
2026-07-28T11:29:56.240143+00:00,1785238196.240143,telemetry_ack_sent,info,Ground acknowledged received telemetry,23,,,True,True,True,0,0,0,0,0,"{""payload"":""ACK,23""}"
2026-07-28T11:29:56.241568+00:00,1785238196.241568,telemetry_received,info,Received v8 telemetry sequence 23,23,-67,12.0,True,True,True,0,0,0,0,0,"{""crc_ok"":true,""flight_state"":""STANDBY"",""lost_packets_since_previous"":0,""packet_length"":92,""packet_type"":1,""protocol_version"":8}"
2026-07-28T11:30:06.565417+00:00,1785238206.565417,telemetry_ack_sent,info,Ground acknowledged received telemetry,24,,,True,True,True,0,0,0,0,0,"{""payload"":""ACK,24""}"
2026-07-28T11:30:06.565417+00:00,1785238206.565417,telemetry_received,info,Received v8 telemetry sequence 24,24,-76,11.5,True,True,True,0,0,0,0,0,"{""crc_ok"":true,""flight_state"":""STANDBY"",""lost_packets_since_previous"":0,""packet_length"":92,""packet_type"":1,""protocol_version"":8}"
2026-07-28T11:30:16.843394+00:00,1785238216.843394,telemetry_ack_sent,info,Ground acknowledged received telemetry,25,,,True,True,True,0,0,0,0,0,"{""payload"":""ACK,25""}"
2026-07-28T11:30:16.843394+00:00,1785238216.843394,telemetry_received,info,Received v8 telemetry sequence 25,25,-63,12.5,True,True,True,0,0,0,0,0,"{""crc_ok"":true,""flight_state"":""STANDBY"",""lost_packets_since_previous"":0,""packet_length"":92,""packet_type"":1,""protocol_version"":8}"
2026-07-28T11:30:21.157068+00:00,1785238221.157068,dashboard_disconnected,info,Dashboard WebSocket disconnected,,,,True,True,True,0,0,0,0,0,"{""active_connections"":2,""client_host"":""2001:4ca0:0:f296:7c16:8c1f:207c:c8de"",""client_port"":0}"
2026-07-28T11:30:21.386177+00:00,1785238221.386177,dashboard_connected,info,Dashboard WebSocket connected,,,,True,True,True,0,0,0,0,0,"{""active_connections"":3,""client_host"":""2001:4ca0:0:f296:7c16:8c1f:207c:c8de"",""client_port"":0}"
2026-07-28T11:30:27.140514+00:00,1785238227.140514,telemetry_ack_sent,info,Ground acknowledged received telemetry,26,,,True,True,True,0,0,0,0,0,"{""payload"":""ACK,26""}"
2026-07-28T11:30:27.141529+00:00,1785238227.141529,telemetry_received,info,Received v8 telemetry sequence 26,26,-61,12.25,True,True,True,0,0,0,0,0,"{""crc_ok"":true,""flight_state"":""STANDBY"",""lost_packets_since_previous"":0,""packet_length"":92,""packet_type"":1,""protocol_version"":8}"
2026-07-28T11:30:37.450000+00:00,1785238237.45,telemetry_ack_sent,info,Ground acknowledged received telemetry,27,,,True,True,True,0,0,0,0,0,"{""payload"":""ACK,27""}"
2026-07-28T11:30:37.451943+00:00,1785238237.451943,telemetry_received,info,Received v8 telemetry sequence 27,27,-67,12.0,True,True,True,0,0,0,0,0,"{""crc_ok"":true,""flight_state"":""STANDBY"",""lost_packets_since_previous"":0,""packet_length"":92,""packet_type"":1,""protocol_version"":8}"
2026-07-28T11:30:42.173147+00:00,1785238242.173147,dashboard_disconnected,info,Dashboard WebSocket disconnected,,,,True,True,True,0,0,0,0,0,"{""active_connections"":2,""client_host"":""2001:4ca0:0:f296:7c16:8c1f:207c:c8de"",""client_port"":0}"
2026-07-28T11:30:42.367776+00:00,1785238242.367776,dashboard_connected,info,Dashboard WebSocket connected,,,,True,True,True,0,0,0,0,0,"{""active_connections"":3,""client_host"":""2001:4ca0:0:f296:7c16:8c1f:207c:c8de"",""client_port"":0}"
2026-07-28T11:30:47.760156+00:00,1785238247.760156,telemetry_ack_sent,info,Ground acknowledged received telemetry,28,,,True,True,True,0,0,0,0,0,"{""payload"":""ACK,28""}"
2026-07-28T11:30:47.760156+00:00,1785238247.760156,telemetry_received,info,Received v8 telemetry sequence 28,28,-69,12.0,True,True,True,0,0,0,0,0,"{""crc_ok"":true,""flight_state"":""STANDBY"",""lost_packets_since_previous"":0,""packet_length"":92,""packet_type"":1,""protocol_version"":8}"
2026-07-28T11:30:58.055622+00:00,1785238258.055622,telemetry_ack_sent,info,Ground acknowledged received telemetry,29,,,True,True,True,0,0,0,0,0,"{""payload"":""ACK,29""}"
2026-07-28T11:30:58.056635+00:00,1785238258.056635,telemetry_received,info,Received v8 telemetry sequence 29,29,-72,12.25,True,True,True,0,0,0,0,0,"{""crc_ok"":true,""flight_state"":""STANDBY"",""lost_packets_since_previous"":0,""packet_length"":92,""packet_type"":1,""protocol_version"":8}"
2026-07-28T11:31:08.344789+00:00,1785238268.344789,telemetry_ack_sent,info,Ground acknowledged received telemetry,30,,,True,True,True,0,0,0,0,0,"{""payload"":""ACK,30""}"
2026-07-28T11:31:08.344789+00:00,1785238268.344789,telemetry_received,info,Received v8 telemetry sequence 30,30,-79,12.0,True,True,True,0,0,0,0,0,"{""crc_ok"":true,""flight_state"":""STANDBY"",""lost_packets_since_previous"":0,""packet_length"":92,""packet_type"":1,""protocol_version"":8}"
2026-07-28T11:31:18.647643+00:00,1785238278.647643,telemetry_ack_sent,info,Ground acknowledged received telemetry,31,,,True,True,True,0,0,0,0,0,"{""payload"":""ACK,31""}"
2026-07-28T11:31:18.647643+00:00,1785238278.647643,telemetry_received,info,Received v8 telemetry sequence 31,31,-76,11.5,True,True,True,0,0,0,0,0,"{""crc_ok"":true,""flight_state"":""STANDBY"",""lost_packets_since_previous"":0,""packet_length"":92,""packet_type"":1,""protocol_version"":8}"
2026-07-28T11:31:28.941363+00:00,1785238288.941363,telemetry_ack_sent,info,Ground acknowledged received telemetry,32,,,True,True,True,0,0,0,0,0,"{""payload"":""ACK,32""}"
2026-07-28T11:31:28.941363+00:00,1785238288.941363,telemetry_received,info,Received v8 telemetry sequence 32,32,-72,12.25,True,True,True,0,0,0,0,0,"{""crc_ok"":true,""flight_state"":""STANDBY"",""lost_packets_since_previous"":0,""packet_length"":92,""packet_type"":1,""protocol_version"":8}"
2026-07-28T11:31:39.252134+00:00,1785238299.252134,telemetry_ack_sent,info,Ground acknowledged received telemetry,33,,,True,True,True,0,0,0,0,0,"{""payload"":""ACK,33""}"
2026-07-28T11:31:39.252637+00:00,1785238299.252637,telemetry_received,info,Received v8 telemetry sequence 33,33,-72,12.25,True,True,True,0,0,0,0,0,"{""crc_ok"":true,""flight_state"":""STANDBY"",""lost_packets_since_previous"":0,""packet_length"":92,""packet_type"":1,""protocol_version"":8}"
2026-07-28T11:31:49.535066+00:00,1785238309.535066,telemetry_ack_sent,info,Ground acknowledged received telemetry,34,,,True,True,True,0,0,0,0,0,"{""payload"":""ACK,34""}"
2026-07-28T11:31:49.535066+00:00,1785238309.535066,telemetry_received,info,Received v8 telemetry sequence 34,34,-71,12.25,True,True,True,0,0,0,0,0,"{""crc_ok"":true,""flight_state"":""STANDBY"",""lost_packets_since_previous"":0,""packet_length"":92,""packet_type"":1,""protocol_version"":8}"
2026-07-28T11:31:53.830985+00:00,1785238313.830985,dashboard_connected,info,Dashboard WebSocket connected,,,,True,True,True,0,0,0,0,0,"{""active_connections"":4,""client_host"":""2001:4ca0:0:f296:bdd7:7b0d:8f90:f259"",""client_port"":0}"
2026-07-28T11:31:55.612594+00:00,1785238315.612594,dashboard_disconnected,info,Dashboard WebSocket disconnected,,,,True,True,True,0,0,0,0,0,"{""active_connections"":3,""client_host"":""2001:4ca0:0:f296:7c16:8c1f:207c:c8de"",""client_port"":0}"
2026-07-28T11:31:56.153664+00:00,1785238316.153664,dashboard_connected,info,Dashboard WebSocket connected,,,,True,True,True,0,0,0,0,0,"{""active_connections"":4,""client_host"":""2001:4ca0:0:f296:7c16:8c1f:207c:c8de"",""client_port"":0}"
2026-07-28T11:31:59.831320+00:00,1785238319.83132,telemetry_ack_sent,info,Ground acknowledged received telemetry,35,,,True,True,True,0,0,0,0,0,"{""payload"":""ACK,35""}"
2026-07-28T11:31:59.831320+00:00,1785238319.83132,telemetry_received,info,Received v8 telemetry sequence 35,35,-75,11.75,True,True,True,0,0,0,0,0,"{""crc_ok"":true,""flight_state"":""STANDBY"",""lost_packets_since_previous"":0,""packet_length"":92,""packet_type"":1,""protocol_version"":8}"
2026-07-28T11:32:10.121131+00:00,1785238330.121131,telemetry_ack_sent,info,Ground acknowledged received telemetry,36,,,True,True,True,0,0,0,0,0,"{""payload"":""ACK,36""}"
2026-07-28T11:32:10.121131+00:00,1785238330.121131,telemetry_received,info,Received v8 telemetry sequence 36,36,-72,12.5,True,True,True,0,0,0,0,0,"{""crc_ok"":true,""flight_state"":""STANDBY"",""lost_packets_since_previous"":0,""packet_length"":92,""packet_type"":1,""protocol_version"":8}"
2026-07-28T11:32:20.429198+00:00,1785238340.429198,telemetry_ack_sent,info,Ground acknowledged received telemetry,37,,,True,True,True,0,0,0,0,0,"{""payload"":""ACK,37""}"
2026-07-28T11:32:20.429198+00:00,1785238340.429198,telemetry_received,info,Received v8 telemetry sequence 37,37,-77,11.5,True,True,True,0,0,0,0,0,"{""crc_ok"":true,""flight_state"":""STANDBY"",""lost_packets_since_previous"":0,""packet_length"":92,""packet_type"":1,""protocol_version"":8}"
2026-07-28T11:32:31.003926+00:00,1785238351.003926,telemetry_ack_sent,info,Ground acknowledged received telemetry,38,,,True,True,True,0,0,0,0,0,"{""payload"":""ACK,38""}"
2026-07-28T11:32:31.003926+00:00,1785238351.003926,telemetry_received,info,Received v8 telemetry sequence 38,38,-71,10.5,True,True,True,0,0,0,0,0,"{""crc_ok"":true,""flight_state"":""STANDBY"",""lost_packets_since_previous"":0,""packet_length"":92,""packet_type"":1,""protocol_version"":8}"
2026-07-28T11:32:41.382535+00:00,1785238361.382535,telemetry_ack_sent,info,Ground acknowledged received telemetry,39,,,True,True,True,0,0,0,0,0,"{""payload"":""ACK,39""}"
2026-07-28T11:32:41.382535+00:00,1785238361.382535,telemetry_received,info,Received v8 telemetry sequence 39,39,-63,12.0,True,True,True,0,0,0,0,0,"{""crc_ok"":true,""flight_state"":""STANDBY"",""lost_packets_since_previous"":0,""packet_length"":92,""packet_type"":1,""protocol_version"":8}"
2026-07-28T11:32:49.607463+00:00,1785238369.607463,dashboard_disconnected,info,Dashboard WebSocket disconnected,,,,True,True,True,0,0,0,0,0,"{""active_connections"":3,""client_host"":""2001:4ca0:0:f296:7c16:8c1f:207c:c8de"",""client_port"":0}"
2026-07-28T11:32:49.791255+00:00,1785238369.791255,dashboard_connected,info,Dashboard WebSocket connected,,,,True,True,True,0,0,0,0,0,"{""active_connections"":4,""client_host"":""2001:4ca0:0:f296:7c16:8c1f:207c:c8de"",""client_port"":0}"
2026-07-28T11:32:51.939228+00:00,1785238371.939228,telemetry_ack_sent,info,Ground acknowledged received telemetry,40,,,True,True,True,0,0,0,0,0,"{""payload"":""ACK,40""}"
2026-07-28T11:32:51.939228+00:00,1785238371.939228,telemetry_received,info,Received v8 telemetry sequence 40,40,-59,12.0,True,True,True,0,0,0,0,0,"{""crc_ok"":true,""flight_state"":""STANDBY"",""lost_packets_since_previous"":0,""packet_length"":92,""packet_type"":1,""protocol_version"":8}"
2026-07-28T11:33:02.514563+00:00,1785238382.514563,telemetry_ack_sent,info,Ground acknowledged received telemetry,41,,,True,True,True,0,0,0,0,0,"{""payload"":""ACK,41""}"
2026-07-28T11:33:02.514563+00:00,1785238382.514563,telemetry_received,info,Received v8 telemetry sequence 41,41,-61,12.25,True,True,True,0,0,0,0,0,"{""crc_ok"":true,""flight_state"":""STANDBY"",""lost_packets_since_previous"":0,""packet_length"":92,""packet_type"":1,""protocol_version"":8}"
2026-07-28T11:33:12.802552+00:00,1785238392.802552,telemetry_ack_sent,info,Ground acknowledged received telemetry,42,,,True,True,True,0,0,0,0,0,"{""payload"":""ACK,42""}"
2026-07-28T11:33:12.802552+00:00,1785238392.802552,telemetry_received,info,Received v8 telemetry sequence 42,42,-55,11.25,True,True,True,0,0,0,0,0,"{""crc_ok"":true,""flight_state"":""STANDBY"",""lost_packets_since_previous"":0,""packet_length"":92,""packet_type"":1,""protocol_version"":8}"
2026-07-28T11:33:23.094930+00:00,1785238403.09493,telemetry_ack_sent,info,Ground acknowledged received telemetry,43,,,True,True,True,0,0,0,0,0,"{""payload"":""ACK,43""}"
2026-07-28T11:33:23.094930+00:00,1785238403.09493,telemetry_received,info,Received v8 telemetry sequence 43,43,-66,9.25,True,True,True,0,0,0,0,0,"{""crc_ok"":true,""flight_state"":""STANDBY"",""lost_packets_since_previous"":0,""packet_length"":92,""packet_type"":1,""protocol_version"":8}"
2026-07-28T11:33:33.399677+00:00,1785238413.399677,telemetry_ack_sent,info,Ground acknowledged received telemetry,44,,,True,True,True,0,0,0,0,0,"{""payload"":""ACK,44""}"
2026-07-28T11:33:33.399677+00:00,1785238413.399677,telemetry_received,info,Received v8 telemetry sequence 44,44,-64,12.0,True,True,True,0,0,0,0,0,"{""crc_ok"":true,""flight_state"":""STANDBY"",""lost_packets_since_previous"":0,""packet_length"":92,""packet_type"":1,""protocol_version"":8}"
2026-07-28T11:33:43.701567+00:00,1785238423.701567,telemetry_ack_sent,info,Ground acknowledged received telemetry,45,,,True,True,True,0,0,0,0,0,"{""payload"":""ACK,45""}"
2026-07-28T11:33:43.702602+00:00,1785238423.702602,telemetry_received,info,Received v8 telemetry sequence 45,45,-71,12.0,True,True,True,0,0,0,0,0,"{""crc_ok"":true,""flight_state"":""STANDBY"",""lost_packets_since_previous"":0,""packet_length"":92,""packet_type"":1,""protocol_version"":8}"
2026-07-28T11:33:53.998258+00:00,1785238433.998258,telemetry_ack_sent,info,Ground acknowledged received telemetry,46,,,True,True,True,0,0,0,0,0,"{""payload"":""ACK,46""}"
2026-07-28T11:33:53.998258+00:00,1785238433.998258,telemetry_received,info,Received v8 telemetry sequence 46,46,-79,12.75,True,True,True,0,0,0,0,0,"{""crc_ok"":true,""flight_state"":""STANDBY"",""lost_packets_since_previous"":0,""packet_length"":92,""packet_type"":1,""protocol_version"":8}"
2026-07-28T11:34:04.298736+00:00,1785238444.298736,telemetry_ack_sent,info,Ground acknowledged received telemetry,47,,,True,True,True,0,0,0,0,0,"{""payload"":""ACK,47""}"
2026-07-28T11:34:04.298736+00:00,1785238444.298736,telemetry_received,info,Received v8 telemetry sequence 47,47,-85,11.5,True,True,True,0,0,0,0,0,"{""crc_ok"":true,""flight_state"":""STANDBY"",""lost_packets_since_previous"":0,""packet_length"":92,""packet_type"":1,""protocol_version"":8}"
2026-07-28T11:34:14.592800+00:00,1785238454.5928,telemetry_ack_sent,info,Ground acknowledged received telemetry,48,,,True,True,True,0,0,0,0,0,"{""payload"":""ACK,48""}"
2026-07-28T11:34:14.592800+00:00,1785238454.5928,telemetry_received,info,Received v8 telemetry sequence 48,48,-88,12.0,True,True,True,0,0,0,0,0,"{""crc_ok"":true,""flight_state"":""STANDBY"",""lost_packets_since_previous"":0,""packet_length"":92,""packet_type"":1,""protocol_version"":8}"
2026-07-28T11:34:24.898699+00:00,1785238464.898699,telemetry_ack_sent,info,Ground acknowledged received telemetry,49,,,True,True,True,0,0,0,0,0,"{""payload"":""ACK,49""}"
2026-07-28T11:34:24.900214+00:00,1785238464.900214,telemetry_received,info,Received v8 telemetry sequence 49,49,-89,12.0,True,True,True,0,0,0,0,0,"{""crc_ok"":true,""flight_state"":""STANDBY"",""lost_packets_since_previous"":0,""packet_length"":92,""packet_type"":1,""protocol_version"":8}"
2026-07-28T11:34:35.200151+00:00,1785238475.200151,telemetry_ack_sent,info,Ground acknowledged received telemetry,50,,,True,True,True,0,0,0,0,0,"{""payload"":""ACK,50""}"
2026-07-28T11:34:35.200151+00:00,1785238475.200151,telemetry_received,info,Received v8 telemetry sequence 50,50,-88,12.25,True,True,True,0,0,0,0,0,"{""crc_ok"":true,""flight_state"":""STANDBY"",""lost_packets_since_previous"":0,""packet_length"":92,""packet_type"":1,""protocol_version"":8}"
2026-07-28T11:34:45.501897+00:00,1785238485.501897,telemetry_ack_sent,info,Ground acknowledged received telemetry,51,,,True,True,True,0,0,0,0,0,"{""payload"":""ACK,51""}"
2026-07-28T11:34:45.501897+00:00,1785238485.501897,telemetry_received,info,Received v8 telemetry sequence 51,51,-96,11.25,True,True,True,0,0,0,0,0,"{""crc_ok"":true,""flight_state"":""STANDBY"",""lost_packets_since_previous"":0,""packet_length"":92,""packet_type"":1,""protocol_version"":8}"
2026-07-28T11:34:55.895087+00:00,1785238495.895087,telemetry_ack_sent,info,Ground acknowledged received telemetry,52,,,True,True,True,0,0,0,0,0,"{""payload"":""ACK,52""}"
2026-07-28T11:34:55.896180+00:00,1785238495.89618,telemetry_received,info,Received v8 telemetry sequence 52,52,-92,11.75,True,True,True,0,0,0,0,0,"{""crc_ok"":true,""flight_state"":""STANDBY"",""lost_packets_since_previous"":0,""packet_length"":92,""packet_type"":1,""protocol_version"":8}"
2026-07-28T11:35:06.186793+00:00,1785238506.186793,telemetry_ack_sent,info,Ground acknowledged received telemetry,53,,,True,True,True,0,0,0,0,0,"{""payload"":""ACK,53""}"
2026-07-28T11:35:06.187836+00:00,1785238506.187836,telemetry_received,info,Received v8 telemetry sequence 53,53,-93,12.0,True,True,True,0,0,0,0,0,"{""crc_ok"":true,""flight_state"":""STANDBY"",""lost_packets_since_previous"":0,""packet_length"":92,""packet_type"":1,""protocol_version"":8}"
2026-07-28T11:35:16.389709+00:00,1785238516.389709,telemetry_ack_sent,info,Ground acknowledged received telemetry,54,,,True,True,True,0,0,0,0,0,"{""payload"":""ACK,54""}"
2026-07-28T11:35:16.390244+00:00,1785238516.390244,telemetry_received,info,Received v8 telemetry sequence 54,54,-92,10.25,True,True,True,0,0,0,0,0,"{""crc_ok"":true,""flight_state"":""STANDBY"",""lost_packets_since_previous"":0,""packet_length"":92,""packet_type"":1,""protocol_version"":8}"
2026-07-28T11:35:26.690261+00:00,1785238526.690261,telemetry_ack_sent,info,Ground acknowledged received telemetry,55,,,True,True,True,0,0,0,0,0,"{""payload"":""ACK,55""}"
2026-07-28T11:35:26.691289+00:00,1785238526.691289,telemetry_received,info,Received v8 telemetry sequence 55,55,-95,12.0,True,True,True,0,0,0,0,0,"{""crc_ok"":true,""flight_state"":""STANDBY"",""lost_packets_since_previous"":0,""packet_length"":92,""packet_type"":1,""protocol_version"":8}"
2026-07-28T11:35:36.990192+00:00,1785238536.990192,telemetry_ack_sent,info,Ground acknowledged received telemetry,56,,,True,True,True,0,0,0,0,0,"{""payload"":""ACK,56""}"
2026-07-28T11:35:36.990192+00:00,1785238536.990192,telemetry_received,info,Received v8 telemetry sequence 56,56,-94,12.25,True,True,True,0,0,0,0,0,"{""crc_ok"":true,""flight_state"":""STANDBY"",""lost_packets_since_previous"":0,""packet_length"":92,""packet_type"":1,""protocol_version"":8}"
2026-07-28T11:35:47.564759+00:00,1785238547.564759,telemetry_ack_sent,info,Ground acknowledged received telemetry,57,,,True,True,True,0,0,0,0,0,"{""payload"":""ACK,57""}"
2026-07-28T11:35:47.566269+00:00,1785238547.566269,telemetry_received,info,Received v8 telemetry sequence 57,57,-88,12.25,True,True,True,0,0,0,0,0,"{""crc_ok"":true,""flight_state"":""STANDBY"",""lost_packets_since_previous"":0,""packet_length"":92,""packet_type"":1,""protocol_version"":8}"
2026-07-28T11:35:58.032733+00:00,1785238558.032733,telemetry_ack_sent,info,Ground acknowledged received telemetry,58,,,True,True,True,0,0,0,0,0,"{""payload"":""ACK,58""}"
2026-07-28T11:35:58.034349+00:00,1785238558.034349,telemetry_received,info,Received v8 telemetry sequence 58,58,-91,12.0,True,True,True,0,0,0,0,0,"{""crc_ok"":true,""flight_state"":""STANDBY"",""lost_packets_since_previous"":0,""packet_length"":92,""packet_type"":1,""protocol_version"":8}"
2026-07-28T11:36:08.291068+00:00,1785238568.291068,telemetry_ack_sent,info,Ground acknowledged received telemetry,59,,,True,True,True,0,0,0,0,0,"{""payload"":""ACK,59""}"
2026-07-28T11:36:08.292067+00:00,1785238568.292067,telemetry_received,info,Received v8 telemetry sequence 59,59,-88,11.5,True,True,True,0,0,0,0,0,"{""crc_ok"":true,""flight_state"":""STANDBY"",""lost_packets_since_previous"":0,""packet_length"":92,""packet_type"":1,""protocol_version"":8}"
2026-07-28T11:36:18.600545+00:00,1785238578.600545,telemetry_ack_sent,info,Ground acknowledged received telemetry,60,,,True,True,True,0,0,0,0,0,"{""payload"":""ACK,60""}"
2026-07-28T11:36:18.600545+00:00,1785238578.600545,telemetry_received,info,Received v8 telemetry sequence 60,60,-85,12.0,True,True,True,0,0,0,0,0,"{""crc_ok"":true,""flight_state"":""STANDBY"",""lost_packets_since_previous"":0,""packet_length"":92,""packet_type"":1,""protocol_version"":8}"
2026-07-28T11:36:28.907259+00:00,1785238588.907259,telemetry_ack_sent,info,Ground acknowledged received telemetry,61,,,True,True,True,0,0,0,0,0,"{""payload"":""ACK,61""}"
2026-07-28T11:36:28.907259+00:00,1785238588.907259,telemetry_received,info,Received v8 telemetry sequence 61,61,-90,11.75,True,True,True,0,0,0,0,0,"{""crc_ok"":true,""flight_state"":""STANDBY"",""lost_packets_since_previous"":0,""packet_length"":92,""packet_type"":1,""protocol_version"":8}"
2026-07-28T11:36:39.349878+00:00,1785238599.349878,telemetry_ack_sent,info,Ground acknowledged received telemetry,62,,,True,True,True,0,0,0,0,0,"{""payload"":""ACK,62""}"
2026-07-28T11:36:39.351064+00:00,1785238599.351064,telemetry_received,info,Received v8 telemetry sequence 62,62,-92,10.25,True,True,True,0,0,0,0,0,"{""crc_ok"":true,""flight_state"":""STANDBY"",""lost_packets_since_previous"":0,""packet_length"":92,""packet_type"":1,""protocol_version"":8}"
2026-07-28T11:36:49.750306+00:00,1785238609.750306,telemetry_ack_sent,info,Ground acknowledged received telemetry,63,,,True,True,True,0,0,0,0,0,"{""payload"":""ACK,63""}"
2026-07-28T11:36:49.755484+00:00,1785238609.755484,telemetry_received,info,Received v8 telemetry sequence 63,63,-90,12.0,True,True,True,0,0,0,0,0,"{""crc_ok"":true,""flight_state"":""STANDBY"",""lost_packets_since_previous"":0,""packet_length"":92,""packet_type"":1,""protocol_version"":8}"
2026-07-28T11:37:00.088229+00:00,1785238620.088229,telemetry_ack_sent,info,Ground acknowledged received telemetry,64,,,True,True,True,0,0,0,0,0,"{""payload"":""ACK,64""}"
2026-07-28T11:37:00.089212+00:00,1785238620.089212,telemetry_received,info,Received v8 telemetry sequence 64,64,-97,11.75,True,True,True,0,0,0,0,0,"{""crc_ok"":true,""flight_state"":""STANDBY"",""lost_packets_since_previous"":0,""packet_length"":92,""packet_type"":1,""protocol_version"":8}"
2026-07-28T11:37:10.484636+00:00,1785238630.484636,telemetry_ack_sent,info,Ground acknowledged received telemetry,65,,,True,True,True,0,0,0,0,0,"{""payload"":""ACK,65""}"
2026-07-28T11:37:10.485670+00:00,1785238630.48567,telemetry_received,info,Received v8 telemetry sequence 65,65,-93,11.75,True,True,True,0,0,0,0,0,"{""crc_ok"":true,""flight_state"":""STANDBY"",""lost_packets_since_previous"":0,""packet_length"":92,""packet_type"":1,""protocol_version"":8}"
2026-07-28T11:37:20.887346+00:00,1785238640.887346,telemetry_ack_sent,info,Ground acknowledged received telemetry,66,,,True,True,True,0,0,0,0,0,"{""payload"":""ACK,66""}"
2026-07-28T11:37:20.888976+00:00,1785238640.888976,telemetry_received,info,Received v8 telemetry sequence 66,66,-92,12.25,True,True,True,0,0,0,0,0,"{""crc_ok"":true,""flight_state"":""STANDBY"",""lost_packets_since_previous"":0,""packet_length"":92,""packet_type"":1,""protocol_version"":8}"
2026-07-28T11:37:31.344513+00:00,1785238651.344513,telemetry_ack_sent,info,Ground acknowledged received telemetry,67,,,True,True,True,0,0,0,0,0,"{""payload"":""ACK,67""}"
2026-07-28T11:37:31.346113+00:00,1785238651.346113,telemetry_received,info,Received v8 telemetry sequence 67,67,-91,11.5,True,True,True,0,0,0,0,0,"{""crc_ok"":true,""flight_state"":""STANDBY"",""lost_packets_since_previous"":0,""packet_length"":92,""packet_type"":1,""protocol_version"":8}"
2026-07-28T11:37:41.729444+00:00,1785238661.729444,telemetry_ack_sent,info,Ground acknowledged received telemetry,68,,,True,True,True,0,0,0,0,0,"{""payload"":""ACK,68""}"
2026-07-28T11:37:41.730507+00:00,1785238661.730507,telemetry_received,info,Received v8 telemetry sequence 68,68,-89,12.0,True,True,True,0,0,0,0,0,"{""crc_ok"":true,""flight_state"":""STANDBY"",""lost_packets_since_previous"":0,""packet_length"":92,""packet_type"":1,""protocol_version"":8}"
2026-07-28T11:37:51.260367+00:00,1785238671.260367,lora_crc_error,warning,Ground radio reported a LoRa packet CRC error,,,,True,True,True,0,0,1,0,0,{}
2026-07-28T11:38:02.438385+00:00,1785238682.438385,telemetry_ack_sent,info,Ground acknowledged received telemetry,70,,,True,True,True,0,0,1,0,0,"{""payload"":""ACK,70""}"
2026-07-28T11:38:02.438385+00:00,1785238682.438385,telemetry_received,info,Received v8 telemetry sequence 70,70,-89,11.75,True,True,True,0,0,1,0,0,"{""crc_ok"":true,""flight_state"":""STANDBY"",""lost_packets_since_previous"":1,""packet_length"":92,""packet_type"":1,""protocol_version"":8}"
2026-07-28T11:38:12.742765+00:00,1785238692.742765,telemetry_ack_sent,info,Ground acknowledged received telemetry,71,,,True,True,True,0,0,1,0,0,"{""payload"":""ACK,71""}"
2026-07-28T11:38:12.743787+00:00,1785238692.743787,telemetry_received,info,Received v8 telemetry sequence 71,71,-88,12.0,True,True,True,0,0,1,0,0,"{""crc_ok"":true,""flight_state"":""STANDBY"",""lost_packets_since_previous"":0,""packet_length"":92,""packet_type"":1,""protocol_version"":8}"
2026-07-28T11:38:23.043945+00:00,1785238703.043945,telemetry_ack_sent,info,Ground acknowledged received telemetry,72,,,True,True,True,0,0,1,0,0,"{""payload"":""ACK,72""}"
2026-07-28T11:38:23.044979+00:00,1785238703.044979,telemetry_received,info,Received v8 telemetry sequence 72,72,-88,12.0,True,True,True,0,0,1,0,0,"{""crc_ok"":true,""flight_state"":""STANDBY"",""lost_packets_since_previous"":0,""packet_length"":92,""packet_type"":1,""protocol_version"":8}"
2026-07-28T11:38:33.386299+00:00,1785238713.386299,telemetry_ack_sent,info,Ground acknowledged received telemetry,73,,,True,True,True,0,0,1,0,0,"{""payload"":""ACK,73""}"
2026-07-28T11:38:33.387367+00:00,1785238713.387367,telemetry_received,info,Received v8 telemetry sequence 73,73,-67,12.5,True,True,True,0,0,1,0,0,"{""crc_ok"":true,""flight_state"":""STANDBY"",""lost_packets_since_previous"":0,""packet_length"":92,""packet_type"":1,""protocol_version"":8}"
2026-07-28T11:38:43.650413+00:00,1785238723.650413,telemetry_ack_sent,info,Ground acknowledged received telemetry,74,,,True,True,True,0,0,1,0,0,"{""payload"":""ACK,74""}"
2026-07-28T11:38:43.650413+00:00,1785238723.650413,telemetry_received,info,Received v8 telemetry sequence 74,74,-65,11.25,True,True,True,0,0,1,0,0,"{""crc_ok"":true,""flight_state"":""STANDBY"",""lost_packets_since_previous"":0,""packet_length"":92,""packet_type"":1,""protocol_version"":8}"
2026-07-28T11:38:53.940940+00:00,1785238733.94094,telemetry_ack_sent,info,Ground acknowledged received telemetry,75,,,True,True,True,0,0,1,0,0,"{""payload"":""ACK,75""}"
2026-07-28T11:38:53.941972+00:00,1785238733.941972,telemetry_received,info,Received v8 telemetry sequence 75,75,-62,11.75,True,True,True,0,0,1,0,0,"{""crc_ok"":true,""flight_state"":""STANDBY"",""lost_packets_since_previous"":0,""packet_length"":92,""packet_type"":1,""protocol_version"":8}"
2026-07-28T11:39:04.298072+00:00,1785238744.298072,telemetry_ack_sent,info,Ground acknowledged received telemetry,76,,,True,True,True,0,0,1,0,0,"{""payload"":""ACK,76""}"
2026-07-28T11:39:04.299120+00:00,1785238744.29912,telemetry_received,info,Received v8 telemetry sequence 76,76,-57,12.0,True,True,True,0,0,1,0,0,"{""crc_ok"":true,""flight_state"":""STANDBY"",""lost_packets_since_previous"":0,""packet_length"":92,""packet_type"":1,""protocol_version"":8}"
2026-07-28T11:39:11.226545+00:00,1785238751.226545,dashboard_disconnected,info,Dashboard WebSocket disconnected,,,,True,True,True,0,0,1,0,0,"{""active_connections"":3,""client_host"":""2001:4ca0:0:f296:7c16:8c1f:207c:c8de"",""client_port"":0}"
2026-07-28T11:39:14.588610+00:00,1785238754.58861,telemetry_ack_sent,info,Ground acknowledged received telemetry,77,,,True,True,True,0,0,1,0,0,"{""payload"":""ACK,77""}"
2026-07-28T11:39:14.590645+00:00,1785238754.590645,telemetry_received,info,Received v8 telemetry sequence 77,77,-65,11.75,True,True,True,0,0,1,0,0,"{""crc_ok"":true,""flight_state"":""STANDBY"",""lost_packets_since_previous"":0,""packet_length"":92,""packet_type"":1,""protocol_version"":8}"
2026-07-28T11:39:25.048987+00:00,1785238765.048987,telemetry_ack_sent,info,Ground acknowledged received telemetry,78,,,True,True,True,0,0,1,0,0,"{""payload"":""ACK,78""}"
2026-07-28T11:39:25.048987+00:00,1785238765.048987,telemetry_received,info,Received v8 telemetry sequence 78,78,-58,12.5,True,True,True,0,0,1,0,0,"{""crc_ok"":true,""flight_state"":""STANDBY"",""lost_packets_since_previous"":0,""packet_length"":92,""packet_type"":1,""protocol_version"":8}"
2026-07-28T11:39:35.340081+00:00,1785238775.340081,telemetry_ack_sent,info,Ground acknowledged received telemetry,79,,,True,True,True,0,0,1,0,0,"{""payload"":""ACK,79""}"
2026-07-28T11:39:35.340081+00:00,1785238775.340081,telemetry_received,info,Received v8 telemetry sequence 79,79,-63,12.25,True,True,True,0,0,1,0,0,"{""crc_ok"":true,""flight_state"":""STANDBY"",""lost_packets_since_previous"":0,""packet_length"":92,""packet_type"":1,""protocol_version"":8}"
2026-07-28T11:39:45.645355+00:00,1785238785.645355,telemetry_ack_sent,info,Ground acknowledged received telemetry,80,,,True,True,True,0,0,1,0,0,"{""payload"":""ACK,80""}"
2026-07-28T11:39:45.645355+00:00,1785238785.645355,telemetry_received,info,Received v8 telemetry sequence 80,80,-60,10.75,True,True,True,0,0,1,0,0,"{""crc_ok"":true,""flight_state"":""STANDBY"",""lost_packets_since_previous"":0,""packet_length"":92,""packet_type"":1,""protocol_version"":8}"
2026-07-28T11:39:55.940145+00:00,1785238795.940145,telemetry_ack_sent,info,Ground acknowledged received telemetry,81,,,True,True,True,0,0,1,0,0,"{""payload"":""ACK,81""}"
2026-07-28T11:39:55.941199+00:00,1785238795.941199,telemetry_received,info,Received v8 telemetry sequence 81,81,-60,9.25,True,True,True,0,0,1,0,0,"{""crc_ok"":true,""flight_state"":""STANDBY"",""lost_packets_since_previous"":0,""packet_length"":92,""packet_type"":1,""protocol_version"":8}"
2026-07-28T11:40:06.243779+00:00,1785238806.243779,telemetry_ack_sent,info,Ground acknowledged received telemetry,82,,,True,True,True,0,0,1,0,0,"{""payload"":""ACK,82""}"
2026-07-28T11:40:06.245365+00:00,1785238806.245365,telemetry_received,info,Received v8 telemetry sequence 82,82,-63,12.25,True,True,True,0,0,1,0,0,"{""crc_ok"":true,""flight_state"":""STANDBY"",""lost_packets_since_previous"":0,""packet_length"":92,""packet_type"":1,""protocol_version"":8}"
2026-07-28T11:40:16.523444+00:00,1785238816.523444,telemetry_ack_sent,info,Ground acknowledged received telemetry,83,,,True,True,True,0,0,1,0,0,"{""payload"":""ACK,83""}"
2026-07-28T11:40:16.523444+00:00,1785238816.523444,telemetry_received,info,Received v8 telemetry sequence 83,83,-63,12.0,True,True,True,0,0,1,0,0,"{""crc_ok"":true,""flight_state"":""STANDBY"",""lost_packets_since_previous"":0,""packet_length"":92,""packet_type"":1,""protocol_version"":8}"
2026-07-28T11:40:26.814919+00:00,1785238826.814919,telemetry_ack_sent,info,Ground acknowledged received telemetry,84,,,True,True,True,0,0,1,0,0,"{""payload"":""ACK,84""}"
2026-07-28T11:40:26.815515+00:00,1785238826.815515,telemetry_received,info,Received v8 telemetry sequence 84,84,-69,12.5,True,True,True,0,0,1,0,0,"{""crc_ok"":true,""flight_state"":""STANDBY"",""lost_packets_since_previous"":0,""packet_length"":92,""packet_type"":1,""protocol_version"":8}"
2026-07-28T11:40:37.124684+00:00,1785238837.124684,telemetry_ack_sent,info,Ground acknowledged received telemetry,85,,,True,True,True,0,0,1,0,0,"{""payload"":""ACK,85""}"
2026-07-28T11:40:37.125697+00:00,1785238837.125697,telemetry_received,info,Received v8 telemetry sequence 85,85,-65,12.0,True,True,True,0,0,1,0,0,"{""crc_ok"":true,""flight_state"":""STANDBY"",""lost_packets_since_previous"":0,""packet_length"":92,""packet_type"":1,""protocol_version"":8}"
2026-07-28T11:40:47.509367+00:00,1785238847.509367,telemetry_ack_sent,info,Ground acknowledged received telemetry,86,,,True,True,True,0,0,1,0,0,"{""payload"":""ACK,86""}"
2026-07-28T11:40:47.510366+00:00,1785238847.510366,telemetry_received,info,Received v8 telemetry sequence 86,86,-63,11.75,True,True,True,0,0,1,0,0,"{""crc_ok"":true,""flight_state"":""STANDBY"",""lost_packets_since_previous"":0,""packet_length"":92,""packet_type"":1,""protocol_version"":8}"
2026-07-28T11:40:58.196280+00:00,1785238858.19628,telemetry_ack_sent,info,Ground acknowledged received telemetry,87,,,True,True,True,0,0,1,0,0,"{""payload"":""ACK,87""}"
2026-07-28T11:40:58.198011+00:00,1785238858.198011,telemetry_received,info,Received v8 telemetry sequence 87,87,-67,12.0,True,True,True,0,0,1,0,0,"{""crc_ok"":true,""flight_state"":""STANDBY"",""lost_packets_since_previous"":0,""packet_length"":92,""packet_type"":1,""protocol_version"":8}"
2026-07-28T11:41:08.475320+00:00,1785238868.47532,telemetry_ack_sent,info,Ground acknowledged received telemetry,88,,,True,True,True,0,0,1,0,0,"{""payload"":""ACK,88""}"
2026-07-28T11:41:08.475320+00:00,1785238868.47532,telemetry_received,info,Received v8 telemetry sequence 88,88,-56,12.25,True,True,True,0,0,1,0,0,"{""crc_ok"":true,""flight_state"":""STANDBY"",""lost_packets_since_previous"":0,""packet_length"":92,""packet_type"":1,""protocol_version"":8}"
2026-07-28T11:41:14.018214+00:00,1785238874.018214,dashboard_disconnected,info,Dashboard WebSocket disconnected,,,,True,True,True,0,0,1,0,0,"{""active_connections"":2,""client_host"":""2001:4ca0:0:f296:bdd7:7b0d:8f90:f259"",""client_port"":0}"
2026-07-28T11:41:18.778255+00:00,1785238878.778255,telemetry_ack_sent,info,Ground acknowledged received telemetry,89,,,True,True,True,0,0,1,0,0,"{""payload"":""ACK,89""}"
2026-07-28T11:41:18.778255+00:00,1785238878.778255,telemetry_received,info,Received v8 telemetry sequence 89,89,-58,12.25,True,True,True,0,0,1,0,0,"{""crc_ok"":true,""flight_state"":""STANDBY"",""lost_packets_since_previous"":0,""packet_length"":92,""packet_type"":1,""protocol_version"":8}"
2026-07-28T11:41:29.073765+00:00,1785238889.073765,telemetry_ack_sent,info,Ground acknowledged received telemetry,90,,,True,True,True,0,0,1,0,0,"{""payload"":""ACK,90""}"
2026-07-28T11:41:29.073765+00:00,1785238889.073765,telemetry_received,info,Received v8 telemetry sequence 90,90,-60,10.75,True,True,True,0,0,1,0,0,"{""crc_ok"":true,""flight_state"":""STANDBY"",""lost_packets_since_previous"":0,""packet_length"":92,""packet_type"":1,""protocol_version"":8}"
2026-07-28T11:41:39.381717+00:00,1785238899.381717,telemetry_ack_sent,info,Ground acknowledged received telemetry,91,,,True,True,True,0,0,1,0,0,"{""payload"":""ACK,91""}"
2026-07-28T11:41:39.382364+00:00,1785238899.382364,telemetry_received,info,Received v8 telemetry sequence 91,91,-64,12.0,True,True,True,0,0,1,0,0,"{""crc_ok"":true,""flight_state"":""STANDBY"",""lost_packets_since_previous"":0,""packet_length"":92,""packet_type"":1,""protocol_version"":8}"
2026-07-28T11:41:49.690072+00:00,1785238909.690072,telemetry_ack_sent,info,Ground acknowledged received telemetry,92,,,True,True,True,0,0,1,0,0,"{""payload"":""ACK,92""}"
2026-07-28T11:41:49.690072+00:00,1785238909.690072,telemetry_received,info,Received v8 telemetry sequence 92,92,-69,12.25,True,True,True,0,0,1,0,0,"{""crc_ok"":true,""flight_state"":""STANDBY"",""lost_packets_since_previous"":0,""packet_length"":92,""packet_type"":1,""protocol_version"":8}"
2026-07-28T11:42:00.211631+00:00,1785238920.211631,telemetry_ack_sent,info,Ground acknowledged received telemetry,93,,,True,True,True,0,0,1,0,0,"{""payload"":""ACK,93""}"
2026-07-28T11:42:00.211631+00:00,1785238920.211631,telemetry_received,info,Received v8 telemetry sequence 93,93,-60,11.75,True,True,True,0,0,1,0,0,"{""crc_ok"":true,""flight_state"":""STANDBY"",""lost_packets_since_previous"":0,""packet_length"":92,""packet_type"":1,""protocol_version"":8}"
2026-07-28T11:42:10.792677+00:00,1785238930.792677,telemetry_ack_sent,info,Ground acknowledged received telemetry,94,,,True,True,True,0,0,1,0,0,"{""payload"":""ACK,94""}"
2026-07-28T11:42:10.793680+00:00,1785238930.79368,telemetry_received,info,Received v8 telemetry sequence 94,94,-64,12.0,True,True,True,0,0,1,0,0,"{""crc_ok"":true,""flight_state"":""STANDBY"",""lost_packets_since_previous"":0,""packet_length"":92,""packet_type"":1,""protocol_version"":8}"
2026-07-28T11:42:21.248041+00:00,1785238941.248041,telemetry_ack_sent,info,Ground acknowledged received telemetry,95,,,True,True,True,0,0,1,0,0,"{""payload"":""ACK,95""}"
2026-07-28T11:42:21.248041+00:00,1785238941.248041,telemetry_received,info,Received v8 telemetry sequence 95,95,-59,12.25,True,True,True,0,0,1,0,0,"{""crc_ok"":true,""flight_state"":""STANDBY"",""lost_packets_since_previous"":0,""packet_length"":92,""packet_type"":1,""protocol_version"":8}"
2026-07-28T11:42:31.575359+00:00,1785238951.575359,telemetry_ack_sent,info,Ground acknowledged received telemetry,96,,,True,True,True,0,0,1,0,0,"{""payload"":""ACK,96""}"
2026-07-28T11:42:31.575359+00:00,1785238951.575359,telemetry_received,info,Received v8 telemetry sequence 96,96,-66,11.25,True,True,True,0,0,1,0,0,"{""crc_ok"":true,""flight_state"":""STANDBY"",""lost_packets_since_previous"":0,""packet_length"":92,""packet_type"":1,""protocol_version"":8}"
2026-07-28T11:42:41.903282+00:00,1785238961.903282,telemetry_ack_sent,info,Ground acknowledged received telemetry,97,,,True,True,True,0,0,1,0,0,"{""payload"":""ACK,97""}"
2026-07-28T11:42:41.904047+00:00,1785238961.904047,telemetry_received,info,Received v8 telemetry sequence 97,97,-65,11.75,True,True,True,0,0,1,0,0,"{""crc_ok"":true,""flight_state"":""STANDBY"",""lost_packets_since_previous"":0,""packet_length"":92,""packet_type"":1,""protocol_version"":8}"
2026-07-28T11:42:52.483953+00:00,1785238972.483953,telemetry_ack_sent,info,Ground acknowledged received telemetry,98,,,True,True,True,0,0,1,0,0,"{""payload"":""ACK,98""}"
2026-07-28T11:42:52.484490+00:00,1785238972.48449,telemetry_received,info,Received v8 telemetry sequence 98,98,-62,12.25,True,True,True,0,0,1,0,0,"{""crc_ok"":true,""flight_state"":""STANDBY"",""lost_packets_since_previous"":0,""packet_length"":92,""packet_type"":1,""protocol_version"":8}"
2026-07-28T11:43:04.004521+00:00,1785238984.004521,telemetry_ack_sent,info,Ground acknowledged received telemetry,99,,,True,True,True,0,0,1,0,0,"{""payload"":""ACK,99""}"
2026-07-28T11:43:04.006370+00:00,1785238984.00637,telemetry_received,info,Received v8 telemetry sequence 99,99,-62,12.25,True,True,True,0,0,1,0,0,"{""crc_ok"":true,""flight_state"":""STANDBY"",""lost_packets_since_previous"":0,""packet_length"":92,""packet_type"":1,""protocol_version"":8}"
2026-07-28T11:43:14.391565+00:00,1785238994.391565,telemetry_ack_sent,info,Ground acknowledged received telemetry,100,,,True,True,True,0,0,1,0,0,"{""payload"":""ACK,100""}"
2026-07-28T11:43:14.392358+00:00,1785238994.392358,telemetry_received,info,Received v8 telemetry sequence 100,100,-61,12.0,True,True,True,0,0,1,0,0,"{""crc_ok"":true,""flight_state"":""STANDBY"",""lost_packets_since_previous"":0,""packet_length"":92,""packet_type"":1,""protocol_version"":8}"
2026-07-28T11:43:24.680061+00:00,1785239004.680061,telemetry_ack_sent,info,Ground acknowledged received telemetry,101,,,True,True,True,0,0,1,0,0,"{""payload"":""ACK,101""}"
2026-07-28T11:43:24.680598+00:00,1785239004.680598,telemetry_received,info,Received v8 telemetry sequence 101,101,-61,12.25,True,True,True,0,0,1,0,0,"{""crc_ok"":true,""flight_state"":""STANDBY"",""lost_packets_since_previous"":0,""packet_length"":92,""packet_type"":1,""protocol_version"":8}"
2026-07-28T11:43:34.942186+00:00,1785239014.942186,telemetry_ack_sent,info,Ground acknowledged received telemetry,102,,,True,True,True,0,0,1,0,0,"{""payload"":""ACK,102""}"
2026-07-28T11:43:34.943226+00:00,1785239014.943226,telemetry_received,info,Received v8 telemetry sequence 102,102,-63,12.0,True,True,True,0,0,1,0,0,"{""crc_ok"":true,""flight_state"":""STANDBY"",""lost_packets_since_previous"":0,""packet_length"":92,""packet_type"":1,""protocol_version"":8}"
2026-07-28T11:43:45.505015+00:00,1785239025.505015,telemetry_ack_sent,info,Ground acknowledged received telemetry,103,,,True,True,True,0,0,1,0,0,"{""payload"":""ACK,103""}"
2026-07-28T11:43:45.505015+00:00,1785239025.505015,telemetry_received,info,Received v8 telemetry sequence 103,103,-63,12.0,True,True,True,0,0,1,0,0,"{""crc_ok"":true,""flight_state"":""STANDBY"",""lost_packets_since_previous"":0,""packet_length"":92,""packet_type"":1,""protocol_version"":8}"
2026-07-28T11:43:56.587793+00:00,1785239036.587793,telemetry_ack_sent,info,Ground acknowledged received telemetry,104,,,True,True,True,0,0,1,0,0,"{""payload"":""ACK,104""}"
2026-07-28T11:43:56.588160+00:00,1785239036.58816,telemetry_received,info,Received v8 telemetry sequence 104,104,-58,12.5,True,True,True,0,0,1,0,0,"{""crc_ok"":true,""flight_state"":""STANDBY"",""lost_packets_since_previous"":0,""packet_length"":92,""packet_type"":1,""protocol_version"":8}"
2026-07-28T11:44:06.887841+00:00,1785239046.887841,telemetry_ack_sent,info,Ground acknowledged received telemetry,105,,,True,True,True,0,0,1,0,0,"{""payload"":""ACK,105""}"
2026-07-28T11:44:06.887841+00:00,1785239046.887841,telemetry_received,info,Received v8 telemetry sequence 105,105,-56,12.25,True,True,True,0,0,1,0,0,"{""crc_ok"":true,""flight_state"":""STANDBY"",""lost_packets_since_previous"":0,""packet_length"":92,""packet_type"":1,""protocol_version"":8}"
2026-07-28T11:44:16.770739+00:00,1785239056.770739,dashboard_connected,info,Dashboard WebSocket connected,,,,True,True,True,0,0,1,0,0,"{""active_connections"":3,""client_host"":""162.120.243.47"",""client_port"":0}"
2026-07-28T11:44:17.184009+00:00,1785239057.184009,telemetry_ack_sent,info,Ground acknowledged received telemetry,106,,,True,True,True,0,0,1,0,0,"{""payload"":""ACK,106""}"
2026-07-28T11:44:17.184009+00:00,1785239057.184009,telemetry_received,info,Received v8 telemetry sequence 106,106,-61,9.5,True,True,True,0,0,1,0,0,"{""crc_ok"":true,""flight_state"":""STANDBY"",""lost_packets_since_previous"":0,""packet_length"":92,""packet_type"":1,""protocol_version"":8}"
2026-07-28T11:44:19.390644+00:00,1785239059.390644,dashboard_disconnected,info,Dashboard WebSocket disconnected,,,,True,True,True,0,0,1,0,0,"{""active_connections"":2,""client_host"":""162.120.243.47"",""client_port"":0}"
2026-07-28T11:44:20.377813+00:00,1785239060.377813,dashboard_connected,info,Dashboard WebSocket connected,,,,True,True,True,0,0,1,0,0,"{""active_connections"":3,""client_host"":""162.120.243.47"",""client_port"":0}"
2026-07-28T11:44:27.034270+00:00,1785239067.03427,dashboard_disconnected,info,Dashboard WebSocket disconnected,,,,True,True,True,0,0,1,0,0,"{""active_connections"":2,""client_host"":""162.120.243.47"",""client_port"":0}"
2026-07-28T11:44:27.576994+00:00,1785239067.576994,dashboard_connected,info,Dashboard WebSocket connected,,,,True,True,True,0,0,1,0,0,"{""active_connections"":3,""client_host"":""162.120.243.47"",""client_port"":0}"
2026-07-28T11:44:27.681363+00:00,1785239067.681363,telemetry_ack_sent,info,Ground acknowledged received telemetry,107,,,True,True,True,0,0,1,0,0,"{""payload"":""ACK,107""}"
2026-07-28T11:44:27.681363+00:00,1785239067.681363,telemetry_received,info,Received v8 telemetry sequence 107,107,-64,12.5,True,True,True,0,0,1,0,0,"{""crc_ok"":true,""flight_state"":""STANDBY"",""lost_packets_since_previous"":0,""packet_length"":92,""packet_type"":1,""protocol_version"":8}"
2026-07-28T11:44:37.798934+00:00,1785239077.798934,telemetry_ack_sent,info,Ground acknowledged received telemetry,108,,,True,True,True,0,0,1,0,0,"{""payload"":""ACK,108""}"
2026-07-28T11:44:37.798934+00:00,1785239077.798934,telemetry_received,info,Received v8 telemetry sequence 108,108,-61,12.0,True,True,True,0,0,1,0,0,"{""crc_ok"":true,""flight_state"":""STANDBY"",""lost_packets_since_previous"":0,""packet_length"":92,""packet_type"":1,""protocol_version"":8}"
2026-07-28T11:44:48.112626+00:00,1785239088.112626,telemetry_ack_sent,info,Ground acknowledged received telemetry,109,,,True,True,True,0,0,1,0,0,"{""payload"":""ACK,109""}"
2026-07-28T11:44:48.113644+00:00,1785239088.113644,telemetry_received,info,Received v8 telemetry sequence 109,109,-67,12.0,True,True,True,0,0,1,0,0,"{""crc_ok"":true,""flight_state"":""STANDBY"",""lost_packets_since_previous"":0,""packet_length"":92,""packet_type"":1,""protocol_version"":8}"
2026-07-28T11:44:58.403470+00:00,1785239098.40347,telemetry_ack_sent,info,Ground acknowledged received telemetry,110,,,True,True,True,0,0,1,0,0,"{""payload"":""ACK,110""}"
2026-07-28T11:44:58.403470+00:00,1785239098.40347,telemetry_received,info,Received v8 telemetry sequence 110,110,-65,11.25,True,True,True,0,0,1,0,0,"{""crc_ok"":true,""flight_state"":""STANDBY"",""lost_packets_since_previous"":0,""packet_length"":92,""packet_type"":1,""protocol_version"":8}"
2026-07-28T11:45:07.659908+00:00,1785239107.659908,dashboard_disconnected,info,Dashboard WebSocket disconnected,,,,True,True,True,0,0,1,0,0,"{""active_connections"":2,""client_host"":""162.120.243.47"",""client_port"":0}"
2026-07-28T11:45:08.714481+00:00,1785239108.714481,telemetry_ack_sent,info,Ground acknowledged received telemetry,111,,,True,True,True,0,0,1,0,0,"{""payload"":""ACK,111""}"
2026-07-28T11:45:08.714481+00:00,1785239108.714481,telemetry_received,info,Received v8 telemetry sequence 111,111,-73,12.5,True,True,True,0,0,1,0,0,"{""crc_ok"":true,""flight_state"":""STANDBY"",""lost_packets_since_previous"":0,""packet_length"":92,""packet_type"":1,""protocol_version"":8}"
2026-07-28T11:45:18.994166+00:00,1785239118.994166,telemetry_ack_sent,info,Ground acknowledged received telemetry,112,,,True,True,True,0,0,1,0,0,"{""payload"":""ACK,112""}"
2026-07-28T11:45:18.995701+00:00,1785239118.995701,telemetry_received,info,Received v8 telemetry sequence 112,112,-58,12.5,True,True,True,0,0,1,0,0,"{""crc_ok"":true,""flight_state"":""STANDBY"",""lost_packets_since_previous"":0,""packet_length"":92,""packet_type"":1,""protocol_version"":8}"
2026-07-28T11:45:29.319629+00:00,1785239129.319629,telemetry_ack_sent,info,Ground acknowledged received telemetry,113,,,True,True,True,0,0,1,0,0,"{""payload"":""ACK,113""}"
2026-07-28T11:45:29.320914+00:00,1785239129.320914,telemetry_received,info,Received v8 telemetry sequence 113,113,-57,12.25,True,True,True,0,0,1,0,0,"{""crc_ok"":true,""flight_state"":""STANDBY"",""lost_packets_since_previous"":0,""packet_length"":92,""packet_type"":1,""protocol_version"":8}"
2026-07-28T11:45:39.665141+00:00,1785239139.665141,telemetry_ack_sent,info,Ground acknowledged received telemetry,114,,,True,True,True,0,0,1,0,0,"{""payload"":""ACK,114""}"
2026-07-28T11:45:39.665141+00:00,1785239139.665141,telemetry_received,info,Received v8 telemetry sequence 114,114,-69,11.75,True,True,True,0,0,1,0,0,"{""crc_ok"":true,""flight_state"":""STANDBY"",""lost_packets_since_previous"":0,""packet_length"":92,""packet_type"":1,""protocol_version"":8}"
2026-07-28T11:45:49.965786+00:00,1785239149.965786,telemetry_ack_sent,info,Ground acknowledged received telemetry,115,,,True,True,True,0,0,1,0,0,"{""payload"":""ACK,115""}"
2026-07-28T11:45:49.965786+00:00,1785239149.965786,telemetry_received,info,Received v8 telemetry sequence 115,115,-60,11.0,True,True,True,0,0,1,0,0,"{""crc_ok"":true,""flight_state"":""STANDBY"",""lost_packets_since_previous"":0,""packet_length"":92,""packet_type"":1,""protocol_version"":8}"
2026-07-28T11:46:00.267008+00:00,1785239160.267008,telemetry_ack_sent,info,Ground acknowledged received telemetry,116,,,True,True,True,0,0,1,0,0,"{""payload"":""ACK,116""}"
2026-07-28T11:46:00.268614+00:00,1785239160.268614,telemetry_received,info,Received v8 telemetry sequence 116,116,-61,11.5,True,True,True,0,0,1,0,0,"{""crc_ok"":true,""flight_state"":""STANDBY"",""lost_packets_since_previous"":0,""packet_length"":92,""packet_type"":1,""protocol_version"":8}"
2026-07-28T11:46:10.784764+00:00,1785239170.784764,telemetry_ack_sent,info,Ground acknowledged received telemetry,117,,,True,True,True,0,0,1,0,0,"{""payload"":""ACK,117""}"
2026-07-28T11:46:10.784764+00:00,1785239170.784764,telemetry_received,info,Received v8 telemetry sequence 117,117,-56,12.0,True,True,True,0,0,1,0,0,"{""crc_ok"":true,""flight_state"":""STANDBY"",""lost_packets_since_previous"":0,""packet_length"":92,""packet_type"":1,""protocol_version"":8}"
2026-07-28T11:46:21.081172+00:00,1785239181.081172,telemetry_ack_sent,info,Ground acknowledged received telemetry,118,,,True,True,True,0,0,1,0,0,"{""payload"":""ACK,118""}"
2026-07-28T11:46:21.081172+00:00,1785239181.081172,telemetry_received,info,Received v8 telemetry sequence 118,118,-58,12.0,True,True,True,0,0,1,0,0,"{""crc_ok"":true,""flight_state"":""STANDBY"",""lost_packets_since_previous"":0,""packet_length"":92,""packet_type"":1,""protocol_version"":8}"
2026-07-28T11:46:31.371062+00:00,1785239191.371062,telemetry_ack_sent,info,Ground acknowledged received telemetry,119,,,True,True,True,0,0,1,0,0,"{""payload"":""ACK,119""}"
2026-07-28T11:46:31.371062+00:00,1785239191.371062,telemetry_received,info,Received v8 telemetry sequence 119,119,-57,12.25,True,True,True,0,0,1,0,0,"{""crc_ok"":true,""flight_state"":""STANDBY"",""lost_packets_since_previous"":0,""packet_length"":92,""packet_type"":1,""protocol_version"":8}"
2026-07-28T11:46:41.645392+00:00,1785239201.645392,telemetry_ack_sent,info,Ground acknowledged received telemetry,120,,,True,True,True,0,0,1,0,0,"{""payload"":""ACK,120""}"
2026-07-28T11:46:41.645392+00:00,1785239201.645392,telemetry_received,info,Received v8 telemetry sequence 120,120,-59,12.0,True,True,True,0,0,1,0,0,"{""crc_ok"":true,""flight_state"":""STANDBY"",""lost_packets_since_previous"":0,""packet_length"":92,""packet_type"":1,""protocol_version"":8}"
2026-07-28T11:46:51.974529+00:00,1785239211.974529,telemetry_ack_sent,info,Ground acknowledged received telemetry,121,,,True,True,True,0,0,1,0,0,"{""payload"":""ACK,121""}"
2026-07-28T11:46:51.975569+00:00,1785239211.975569,telemetry_received,info,Received v8 telemetry sequence 121,121,-59,11.5,True,True,True,0,0,1,0,0,"{""crc_ok"":true,""flight_state"":""STANDBY"",""lost_packets_since_previous"":0,""packet_length"":92,""packet_type"":1,""protocol_version"":8}"
2026-07-28T11:47:02.281835+00:00,1785239222.281835,telemetry_ack_sent,info,Ground acknowledged received telemetry,122,,,True,True,True,0,0,1,0,0,"{""payload"":""ACK,122""}"
2026-07-28T11:47:02.282539+00:00,1785239222.282539,telemetry_received,info,Received v8 telemetry sequence 122,122,-60,11.75,True,True,True,0,0,1,0,0,"{""crc_ok"":true,""flight_state"":""STANDBY"",""lost_packets_since_previous"":0,""packet_length"":92,""packet_type"":1,""protocol_version"":8}"
2026-07-28T11:47:12.824603+00:00,1785239232.824603,telemetry_ack_sent,info,Ground acknowledged received telemetry,123,,,True,True,True,0,0,1,0,0,"{""payload"":""ACK,123""}"
2026-07-28T11:47:12.825618+00:00,1785239232.825618,telemetry_received,info,Received v8 telemetry sequence 123,123,-57,12.0,True,True,True,0,0,1,0,0,"{""crc_ok"":true,""flight_state"":""STANDBY"",""lost_packets_since_previous"":0,""packet_length"":92,""packet_type"":1,""protocol_version"":8}"
2026-07-28T11:47:23.248377+00:00,1785239243.248377,telemetry_ack_sent,info,Ground acknowledged received telemetry,124,,,True,True,True,0,0,1,0,0,"{""payload"":""ACK,124""}"
2026-07-28T11:47:23.249018+00:00,1785239243.249018,telemetry_received,info,Received v8 telemetry sequence 124,124,-55,11.5,True,True,True,0,0,1,0,0,"{""crc_ok"":true,""flight_state"":""STANDBY"",""lost_packets_since_previous"":0,""packet_length"":92,""packet_type"":1,""protocol_version"":8}"
2026-07-28T11:47:33.901632+00:00,1785239253.901632,telemetry_ack_sent,info,Ground acknowledged received telemetry,125,,,True,True,True,0,0,1,0,0,"{""payload"":""ACK,125""}"
2026-07-28T11:47:33.901632+00:00,1785239253.901632,telemetry_received,info,Received v8 telemetry sequence 125,125,-55,12.0,True,True,True,0,0,1,0,0,"{""crc_ok"":true,""flight_state"":""STANDBY"",""lost_packets_since_previous"":0,""packet_length"":92,""packet_type"":1,""protocol_version"":8}"
2026-07-28T11:47:44.531024+00:00,1785239264.531024,telemetry_ack_sent,info,Ground acknowledged received telemetry,126,,,True,True,True,0,0,1,0,0,"{""payload"":""ACK,126""}"
2026-07-28T11:47:44.531024+00:00,1785239264.531024,telemetry_received,info,Received v8 telemetry sequence 126,126,-53,12.0,True,True,True,0,0,1,0,0,"{""crc_ok"":true,""flight_state"":""STANDBY"",""lost_packets_since_previous"":0,""packet_length"":92,""packet_type"":1,""protocol_version"":8}"
2026-07-28T11:47:54.909051+00:00,1785239274.909051,telemetry_ack_sent,info,Ground acknowledged received telemetry,127,,,True,True,True,0,0,1,0,0,"{""payload"":""ACK,127""}"
2026-07-28T11:47:54.910357+00:00,1785239274.910357,telemetry_received,info,Received v8 telemetry sequence 127,127,-58,12.25,True,True,True,0,0,1,0,0,"{""crc_ok"":true,""flight_state"":""STANDBY"",""lost_packets_since_previous"":0,""packet_length"":92,""packet_type"":1,""protocol_version"":8}"
2026-07-28T11:48:05.543701+00:00,1785239285.543701,telemetry_ack_sent,info,Ground acknowledged received telemetry,128,,,True,True,True,0,0,1,0,0,"{""payload"":""ACK,128""}"
2026-07-28T11:48:05.544649+00:00,1785239285.544649,telemetry_received,info,Received v8 telemetry sequence 128,128,-60,11.75,True,True,True,0,0,1,0,0,"{""crc_ok"":true,""flight_state"":""STANDBY"",""lost_packets_since_previous"":0,""packet_length"":92,""packet_type"":1,""protocol_version"":8}"
2026-07-28T11:48:15.833522+00:00,1785239295.833522,telemetry_ack_sent,info,Ground acknowledged received telemetry,129,,,True,True,True,0,0,1,0,0,"{""payload"":""ACK,129""}"
2026-07-28T11:48:15.833522+00:00,1785239295.833522,telemetry_received,info,Received v8 telemetry sequence 129,129,-57,12.0,True,True,True,0,0,1,0,0,"{""crc_ok"":true,""flight_state"":""STANDBY"",""lost_packets_since_previous"":0,""packet_length"":92,""packet_type"":1,""protocol_version"":8}"
2026-07-28T11:48:26.295088+00:00,1785239306.295088,telemetry_ack_sent,info,Ground acknowledged received telemetry,130,,,True,True,True,0,0,1,0,0,"{""payload"":""ACK,130""}"
2026-07-28T11:48:26.296088+00:00,1785239306.296088,telemetry_received,info,Received v8 telemetry sequence 130,130,-55,11.75,True,True,True,0,0,1,0,0,"{""crc_ok"":true,""flight_state"":""STANDBY"",""lost_packets_since_previous"":0,""packet_length"":92,""packet_type"":1,""protocol_version"":8}"
2026-07-28T11:48:36.789758+00:00,1785239316.789758,telemetry_ack_sent,info,Ground acknowledged received telemetry,131,,,True,True,True,0,0,1,0,0,"{""payload"":""ACK,131""}"
2026-07-28T11:48:36.790847+00:00,1785239316.790847,telemetry_received,info,Received v8 telemetry sequence 131,131,-57,12.0,True,True,True,0,0,1,0,0,"{""crc_ok"":true,""flight_state"":""STANDBY"",""lost_packets_since_previous"":0,""packet_length"":92,""packet_type"":1,""protocol_version"":8}"
2026-07-28T11:48:47.092947+00:00,1785239327.092947,telemetry_ack_sent,info,Ground acknowledged received telemetry,132,,,True,True,True,0,0,1,0,0,"{""payload"":""ACK,132""}"
2026-07-28T11:48:47.092947+00:00,1785239327.092947,telemetry_received,info,Received v8 telemetry sequence 132,132,-57,12.25,True,True,True,0,0,1,0,0,"{""crc_ok"":true,""flight_state"":""STANDBY"",""lost_packets_since_previous"":0,""packet_length"":92,""packet_type"":1,""protocol_version"":8}"
2026-07-28T11:48:57.870041+00:00,1785239337.870041,telemetry_ack_sent,info,Ground acknowledged received telemetry,133,,,True,True,True,0,0,1,0,0,"{""payload"":""ACK,133""}"
2026-07-28T11:48:57.871020+00:00,1785239337.87102,telemetry_received,info,Received v8 telemetry sequence 133,133,-55,10.75,True,True,True,0,0,1,0,0,"{""crc_ok"":true,""flight_state"":""STANDBY"",""lost_packets_since_previous"":0,""packet_length"":92,""packet_type"":1,""protocol_version"":8}"
2026-07-28T11:49:07.968326+00:00,1785239347.968326,telemetry_ack_sent,info,Ground acknowledged received telemetry,134,,,True,True,True,0,0,1,0,0,"{""payload"":""ACK,134""}"
2026-07-28T11:49:07.970482+00:00,1785239347.970482,telemetry_received,info,Received v8 telemetry sequence 134,134,-58,12.5,True,True,True,0,0,1,0,0,"{""crc_ok"":true,""flight_state"":""STANDBY"",""lost_packets_since_previous"":0,""packet_length"":92,""packet_type"":1,""protocol_version"":8}"
2026-07-28T11:49:18.211339+00:00,1785239358.211339,telemetry_ack_sent,info,Ground acknowledged received telemetry,135,,,True,True,True,0,0,1,0,0,"{""payload"":""ACK,135""}"
2026-07-28T11:49:18.211880+00:00,1785239358.21188,telemetry_received,info,Received v8 telemetry sequence 135,135,-57,12.5,True,True,True,0,0,1,0,0,"{""crc_ok"":true,""flight_state"":""STANDBY"",""lost_packets_since_previous"":0,""packet_length"":92,""packet_type"":1,""protocol_version"":8}"
2026-07-28T11:49:28.522988+00:00,1785239368.522988,telemetry_ack_sent,info,Ground acknowledged received telemetry,136,,,True,True,True,0,0,1,0,0,"{""payload"":""ACK,136""}"
2026-07-28T11:49:28.523676+00:00,1785239368.523676,telemetry_received,info,Received v8 telemetry sequence 136,136,-57,13.75,True,True,True,0,0,1,0,0,"{""crc_ok"":true,""flight_state"":""STANDBY"",""lost_packets_since_previous"":0,""packet_length"":92,""packet_type"":1,""protocol_version"":8}"
2026-07-28T11:49:38.787148+00:00,1785239378.787148,telemetry_ack_sent,info,Ground acknowledged received telemetry,137,,,True,True,True,0,0,1,0,0,"{""payload"":""ACK,137""}"
2026-07-28T11:49:38.788242+00:00,1785239378.788242,telemetry_received,info,Received v8 telemetry sequence 137,137,-54,12.25,True,True,True,0,0,1,0,0,"{""crc_ok"":true,""flight_state"":""STANDBY"",""lost_packets_since_previous"":0,""packet_length"":92,""packet_type"":1,""protocol_version"":8}"
2026-07-28T11:49:42.032875+00:00,1785239382.032875,dashboard_connected,info,Dashboard WebSocket connected,,,,True,True,True,0,0,1,0,0,"{""active_connections"":3,""client_host"":""2001:4ca0:0:f296:bdd7:7b0d:8f90:f259"",""client_port"":0}"
2026-07-28T11:49:44.538212+00:00,1785239384.538212,dashboard_disconnected,info,Dashboard WebSocket disconnected,,,,True,True,True,0,0,1,0,0,"{""active_connections"":2,""client_host"":""2001:4ca0:0:f296:bdd7:7b0d:8f90:f259"",""client_port"":0}"
2026-07-28T11:49:46.921792+00:00,1785239386.921792,dashboard_connected,info,Dashboard WebSocket connected,,,,True,True,True,0,0,1,0,0,"{""active_connections"":3,""client_host"":""2001:4ca0:0:f296:bdd7:7b0d:8f90:f259"",""client_port"":0}"
2026-07-28T11:49:49.107299+00:00,1785239389.107299,telemetry_ack_sent,info,Ground acknowledged received telemetry,138,,,True,True,True,0,0,1,0,0,"{""payload"":""ACK,138""}"
2026-07-28T11:49:49.107928+00:00,1785239389.107928,telemetry_received,info,Received v8 telemetry sequence 138,138,-59,12.0,True,True,True,0,0,1,0,0,"{""crc_ok"":true,""flight_state"":""STANDBY"",""lost_packets_since_previous"":0,""packet_length"":92,""packet_type"":1,""protocol_version"":8}"
2026-07-28T11:49:59.408929+00:00,1785239399.408929,telemetry_ack_sent,info,Ground acknowledged received telemetry,139,,,True,True,True,0,0,1,0,0,"{""payload"":""ACK,139""}"
2026-07-28T11:49:59.409464+00:00,1785239399.409464,telemetry_received,info,Received v8 telemetry sequence 139,139,-56,12.5,True,True,True,0,0,1,0,0,"{""crc_ok"":true,""flight_state"":""STANDBY"",""lost_packets_since_previous"":0,""packet_length"":92,""packet_type"":1,""protocol_version"":8}"
2026-07-28T11:50:09.832955+00:00,1785239409.832955,telemetry_ack_sent,info,Ground acknowledged received telemetry,140,,,True,True,True,0,0,1,0,0,"{""payload"":""ACK,140""}"
2026-07-28T11:50:09.843383+00:00,1785239409.843383,telemetry_received,info,Received v8 telemetry sequence 140,140,-61,12.0,True,True,True,0,0,1,0,0,"{""crc_ok"":true,""flight_state"":""STANDBY"",""lost_packets_since_previous"":0,""packet_length"":92,""packet_type"":1,""protocol_version"":8}"
2026-07-28T11:50:20.009148+00:00,1785239420.009148,telemetry_ack_sent,info,Ground acknowledged received telemetry,141,,,True,True,True,0,0,1,0,0,"{""payload"":""ACK,141""}"
2026-07-28T11:50:20.010137+00:00,1785239420.010137,telemetry_received,info,Received v8 telemetry sequence 141,141,-62,12.25,True,True,True,0,0,1,0,0,"{""crc_ok"":true,""flight_state"":""STANDBY"",""lost_packets_since_previous"":0,""packet_length"":92,""packet_type"":1,""protocol_version"":8}"
2026-07-28T11:50:30.319569+00:00,1785239430.319569,telemetry_ack_sent,info,Ground acknowledged received telemetry,142,,,True,True,True,0,0,1,0,0,"{""payload"":""ACK,142""}"
2026-07-28T11:50:30.320103+00:00,1785239430.320103,telemetry_received,info,Received v8 telemetry sequence 142,142,-60,10.5,True,True,True,0,0,1,0,0,"{""crc_ok"":true,""flight_state"":""STANDBY"",""lost_packets_since_previous"":0,""packet_length"":92,""packet_type"":1,""protocol_version"":8}"
2026-07-28T11:50:40.981089+00:00,1785239440.981089,telemetry_ack_sent,info,Ground acknowledged received telemetry,143,,,True,True,True,0,0,1,0,0,"{""payload"":""ACK,143""}"
2026-07-28T11:50:40.981089+00:00,1785239440.981089,telemetry_received,info,Received v8 telemetry sequence 143,143,-56,11.25,True,True,True,0,0,1,0,0,"{""crc_ok"":true,""flight_state"":""STANDBY"",""lost_packets_since_previous"":0,""packet_length"":92,""packet_type"":1,""protocol_version"":8}"
2026-07-28T11:50:51.316655+00:00,1785239451.316655,telemetry_ack_sent,info,Ground acknowledged received telemetry,144,,,True,True,True,0,0,1,0,0,"{""payload"":""ACK,144""}"
2026-07-28T11:50:51.317263+00:00,1785239451.317263,telemetry_received,info,Received v8 telemetry sequence 144,144,-55,11.0,True,True,True,0,0,1,0,0,"{""crc_ok"":true,""flight_state"":""STANDBY"",""lost_packets_since_previous"":0,""packet_length"":92,""packet_type"":1,""protocol_version"":8}"
2026-07-28T11:51:01.600493+00:00,1785239461.600493,telemetry_ack_sent,info,Ground acknowledged received telemetry,145,,,True,True,True,0,0,1,0,0,"{""payload"":""ACK,145""}"
2026-07-28T11:51:01.601095+00:00,1785239461.601095,telemetry_received,info,Received v8 telemetry sequence 145,145,-55,11.25,True,True,True,0,0,1,0,0,"{""crc_ok"":true,""flight_state"":""STANDBY"",""lost_packets_since_previous"":0,""packet_length"":92,""packet_type"":1,""protocol_version"":8}"
2026-07-28T11:51:11.946116+00:00,1785239471.946116,telemetry_ack_sent,info,Ground acknowledged received telemetry,146,,,True,True,True,0,0,1,0,0,"{""payload"":""ACK,146""}"
2026-07-28T11:51:11.946116+00:00,1785239471.946116,telemetry_received,info,Received v8 telemetry sequence 146,146,-56,10.75,True,True,True,0,0,1,0,0,"{""crc_ok"":true,""flight_state"":""STANDBY"",""lost_packets_since_previous"":0,""packet_length"":92,""packet_type"":1,""protocol_version"":8}"
2026-07-28T11:51:22.255422+00:00,1785239482.255422,telemetry_ack_sent,info,Ground acknowledged received telemetry,147,,,True,True,True,0,0,1,0,0,"{""payload"":""ACK,147""}"
2026-07-28T11:51:22.256404+00:00,1785239482.256404,telemetry_received,info,Received v8 telemetry sequence 147,147,-54,11.25,True,True,True,0,0,1,0,0,"{""crc_ok"":true,""flight_state"":""STANDBY"",""lost_packets_since_previous"":0,""packet_length"":92,""packet_type"":1,""protocol_version"":8}"
2026-07-28T11:51:32.547030+00:00,1785239492.54703,telemetry_ack_sent,info,Ground acknowledged received telemetry,148,,,True,True,True,0,0,1,0,0,"{""payload"":""ACK,148""}"
2026-07-28T11:51:32.547674+00:00,1785239492.547674,telemetry_received,info,Received v8 telemetry sequence 148,148,-64,12.0,True,True,True,0,0,1,0,0,"{""crc_ok"":true,""flight_state"":""STANDBY"",""lost_packets_since_previous"":0,""packet_length"":92,""packet_type"":1,""protocol_version"":8}"
2026-07-28T11:51:42.808636+00:00,1785239502.808636,telemetry_ack_sent,info,Ground acknowledged received telemetry,149,,,True,True,True,0,0,1,0,0,"{""payload"":""ACK,149""}"
2026-07-28T11:51:42.809648+00:00,1785239502.809648,telemetry_received,info,Received v8 telemetry sequence 149,149,-64,12.0,True,True,True,0,0,1,0,0,"{""crc_ok"":true,""flight_state"":""STANDBY"",""lost_packets_since_previous"":0,""packet_length"":92,""packet_type"":1,""protocol_version"":8}"
2026-07-28T11:51:49.168017+00:00,1785239509.168017,dashboard_connected,info,Dashboard WebSocket connected,,,,True,True,True,0,0,1,0,0,"{""active_connections"":4,""client_host"":""2001:4ca0:0:f296:7c16:8c1f:207c:c8de"",""client_port"":0}"
2026-07-28T11:51:53.155061+00:00,1785239513.155061,telemetry_ack_sent,info,Ground acknowledged received telemetry,150,,,True,True,True,0,0,1,0,0,"{""payload"":""ACK,150""}"
2026-07-28T11:51:53.156687+00:00,1785239513.156687,telemetry_received,info,Received v8 telemetry sequence 150,150,-74,12.0,True,True,True,0,0,1,0,0,"{""crc_ok"":true,""flight_state"":""STANDBY"",""lost_packets_since_previous"":0,""packet_length"":92,""packet_type"":1,""protocol_version"":8}"
2026-07-28T11:52:03.505905+00:00,1785239523.505905,telemetry_ack_sent,info,Ground acknowledged received telemetry,151,,,True,True,True,0,0,1,0,0,"{""payload"":""ACK,151""}"
2026-07-28T11:52:03.507542+00:00,1785239523.507542,telemetry_received,info,Received v8 telemetry sequence 151,151,-81,12.25,True,True,True,0,0,1,0,0,"{""crc_ok"":true,""flight_state"":""STANDBY"",""lost_packets_since_previous"":0,""packet_length"":92,""packet_type"":1,""protocol_version"":8}"
2026-07-28T11:52:13.739422+00:00,1785239533.739422,telemetry_ack_sent,info,Ground acknowledged received telemetry,152,,,True,True,True,0,0,1,0,0,"{""payload"":""ACK,152""}"
2026-07-28T11:52:13.739957+00:00,1785239533.739957,telemetry_received,info,Received v8 telemetry sequence 152,152,-66,12.0,True,True,True,0,0,1,0,0,"{""crc_ok"":true,""flight_state"":""STANDBY"",""lost_packets_since_previous"":0,""packet_length"":92,""packet_type"":1,""protocol_version"":8}"
2026-07-28T11:52:22.427226+00:00,1785239542.427226,dashboard_disconnected,info,Dashboard WebSocket disconnected,,,,True,True,True,0,0,1,0,0,"{""active_connections"":3,""client_host"":""2001:4ca0:0:f296:7c16:8c1f:207c:c8de"",""client_port"":0}"
2026-07-28T11:52:24.062725+00:00,1785239544.062725,telemetry_ack_sent,info,Ground acknowledged received telemetry,153,,,True,True,True,0,0,1,0,0,"{""payload"":""ACK,153""}"
2026-07-28T11:52:24.064431+00:00,1785239544.064431,telemetry_received,info,Received v8 telemetry sequence 153,153,-65,12.75,True,True,True,0,0,1,0,0,"{""crc_ok"":true,""flight_state"":""STANDBY"",""lost_packets_since_previous"":0,""packet_length"":92,""packet_type"":1,""protocol_version"":8}"
2026-07-28T11:52:31.825615+00:00,1785239551.825615,dashboard_connected,info,Dashboard WebSocket connected,,,,True,True,True,0,0,1,0,0,"{""active_connections"":4,""client_host"":""2001:4ca0:0:f296:7c16:8c1f:207c:c8de"",""client_port"":0}"
2026-07-28T11:52:34.315213+00:00,1785239554.315213,telemetry_ack_sent,info,Ground acknowledged received telemetry,154,,,True,True,True,0,0,1,0,0,"{""payload"":""ACK,154""}"
2026-07-28T11:52:34.316209+00:00,1785239554.316209,telemetry_received,info,Received v8 telemetry sequence 154,154,-65,12.0,True,True,True,0,0,1,0,0,"{""crc_ok"":true,""flight_state"":""STANDBY"",""lost_packets_since_previous"":0,""packet_length"":92,""packet_type"":1,""protocol_version"":8}"
2026-07-28T11:52:39.972602+00:00,1785239559.972602,dashboard_disconnected,info,Dashboard WebSocket disconnected,,,,True,True,True,0,0,1,0,0,"{""active_connections"":3,""client_host"":""2001:4ca0:0:f296:7c16:8c1f:207c:c8de"",""client_port"":0}"
2026-07-28T11:52:44.610229+00:00,1785239564.610229,telemetry_ack_sent,info,Ground acknowledged received telemetry,155,,,True,True,True,0,0,1,0,0,"{""payload"":""ACK,155""}"
2026-07-28T11:52:44.610229+00:00,1785239564.610229,telemetry_received,info,Received v8 telemetry sequence 155,155,-66,11.75,True,True,True,0,0,1,0,0,"{""crc_ok"":true,""flight_state"":""STANDBY"",""lost_packets_since_previous"":0,""packet_length"":92,""packet_type"":1,""protocol_version"":8}"
2026-07-28T11:52:54.012594+00:00,1785239574.012594,lora_crc_error,warning,Ground radio reported a LoRa packet CRC error,,,,True,True,True,0,0,2,0,0,{}
2026-07-28T11:53:05.209027+00:00,1785239585.209027,telemetry_ack_sent,info,Ground acknowledged received telemetry,157,,,True,True,True,0,0,2,0,0,"{""payload"":""ACK,157""}"
2026-07-28T11:53:05.210022+00:00,1785239585.210022,telemetry_received,info,Received v8 telemetry sequence 157,157,-94,12.0,True,True,True,0,0,2,0,0,"{""crc_ok"":true,""flight_state"":""STANDBY"",""lost_packets_since_previous"":1,""packet_length"":92,""packet_type"":1,""protocol_version"":8}"
2026-07-28T11:53:15.798954+00:00,1785239595.798954,telemetry_ack_sent,info,Ground acknowledged received telemetry,158,,,True,True,True,0,0,2,0,0,"{""payload"":""ACK,158""}"
2026-07-28T11:53:15.800625+00:00,1785239595.800625,telemetry_received,info,Received v8 telemetry sequence 158,158,-88,12.25,True,True,True,0,0,2,0,0,"{""crc_ok"":true,""flight_state"":""STANDBY"",""lost_packets_since_previous"":0,""packet_length"":92,""packet_type"":1,""protocol_version"":8}"
2026-07-28T11:53:20.090101+00:00,1785239600.090101,dashboard_connected,info,Dashboard WebSocket connected,,,,True,True,True,0,0,2,0,0,"{""active_connections"":4,""client_host"":""2001:4ca0:e:49:497f:7e9e:10d2:4248"",""client_port"":0}"
2026-07-28T11:53:26.282988+00:00,1785239606.282988,telemetry_ack_sent,info,Ground acknowledged received telemetry,159,,,True,True,True,0,0,2,0,0,"{""payload"":""ACK,159""}"
2026-07-28T11:53:26.282988+00:00,1785239606.282988,telemetry_received,info,Received v8 telemetry sequence 159,159,-97,11.5,True,True,True,0,0,2,0,0,"{""crc_ok"":true,""flight_state"":""STANDBY"",""lost_packets_since_previous"":0,""packet_length"":92,""packet_type"":1,""protocol_version"":8}"
2026-07-28T11:53:28.311823+00:00,1785239608.311823,dashboard_disconnected,info,Dashboard WebSocket disconnected,,,,True,True,True,0,0,2,0,0,"{""active_connections"":3,""client_host"":""2001:4ca0:e:49:497f:7e9e:10d2:4248"",""client_port"":0}"
2026-07-28T11:53:36.802969+00:00,1785239616.802969,telemetry_ack_sent,info,Ground acknowledged received telemetry,160,,,True,True,True,0,0,2,0,0,"{""payload"":""ACK,160""}"
2026-07-28T11:53:36.802969+00:00,1785239616.802969,telemetry_received,info,Received v8 telemetry sequence 160,160,-86,12.0,True,True,True,0,0,2,0,0,"{""crc_ok"":true,""flight_state"":""STANDBY"",""lost_packets_since_previous"":0,""packet_length"":92,""packet_type"":1,""protocol_version"":8}"
2026-07-28T11:53:47.140912+00:00,1785239627.140912,telemetry_ack_sent,info,Ground acknowledged received telemetry,161,,,True,True,True,0,0,2,0,0,"{""payload"":""ACK,161""}"
2026-07-28T11:53:47.141979+00:00,1785239627.141979,telemetry_received,info,Received v8 telemetry sequence 161,161,-79,12.0,True,True,True,0,0,2,0,0,"{""crc_ok"":true,""flight_state"":""STANDBY"",""lost_packets_since_previous"":0,""packet_length"":92,""packet_type"":1,""protocol_version"":8}"
2026-07-28T11:53:57.562527+00:00,1785239637.562527,telemetry_ack_sent,info,Ground acknowledged received telemetry,162,,,True,True,True,0,0,2,0,0,"{""payload"":""ACK,162""}"
2026-07-28T11:53:57.562527+00:00,1785239637.562527,telemetry_received,info,Received v8 telemetry sequence 162,162,-88,12.25,True,True,True,0,0,2,0,0,"{""crc_ok"":true,""flight_state"":""STANDBY"",""lost_packets_since_previous"":0,""packet_length"":92,""packet_type"":1,""protocol_version"":8}"
2026-07-28T11:54:08.174028+00:00,1785239648.174028,telemetry_ack_sent,info,Ground acknowledged received telemetry,163,,,True,True,True,0,0,2,0,0,"{""payload"":""ACK,163""}"
2026-07-28T11:54:08.174028+00:00,1785239648.174028,telemetry_received,info,Received v8 telemetry sequence 163,163,-66,11.75,True,True,True,0,0,2,0,0,"{""crc_ok"":true,""flight_state"":""STANDBY"",""lost_packets_since_previous"":0,""packet_length"":92,""packet_type"":1,""protocol_version"":8}"
2026-07-28T11:54:18.720703+00:00,1785239658.720703,telemetry_ack_sent,info,Ground acknowledged received telemetry,164,,,True,True,True,0,0,2,0,0,"{""payload"":""ACK,164""}"
2026-07-28T11:54:18.720703+00:00,1785239658.720703,telemetry_received,info,Received v8 telemetry sequence 164,164,-55,11.75,True,True,True,0,0,2,0,0,"{""crc_ok"":true,""flight_state"":""STANDBY"",""lost_packets_since_previous"":0,""packet_length"":92,""packet_type"":1,""protocol_version"":8}"
2026-07-28T11:54:29.001743+00:00,1785239669.001743,telemetry_ack_sent,info,Ground acknowledged received telemetry,165,,,True,True,True,0,0,2,0,0,"{""payload"":""ACK,165""}"
2026-07-28T11:54:29.002339+00:00,1785239669.002339,telemetry_received,info,Received v8 telemetry sequence 165,165,-60,11.25,True,True,True,0,0,2,0,0,"{""crc_ok"":true,""flight_state"":""STANDBY"",""lost_packets_since_previous"":0,""packet_length"":92,""packet_type"":1,""protocol_version"":8}"
2026-07-28T11:54:39.321198+00:00,1785239679.321198,telemetry_ack_sent,info,Ground acknowledged received telemetry,166,,,True,True,True,0,0,2,0,0,"{""payload"":""ACK,166""}"
2026-07-28T11:54:39.321198+00:00,1785239679.321198,telemetry_received,info,Received v8 telemetry sequence 166,166,-59,12.0,True,True,True,0,0,2,0,0,"{""crc_ok"":true,""flight_state"":""STANDBY"",""lost_packets_since_previous"":0,""packet_length"":92,""packet_type"":1,""protocol_version"":8}"
2026-07-28T11:54:49.613048+00:00,1785239689.613048,telemetry_ack_sent,info,Ground acknowledged received telemetry,167,,,True,True,True,0,0,2,0,0,"{""payload"":""ACK,167""}"
2026-07-28T11:54:49.613412+00:00,1785239689.613412,telemetry_received,info,Received v8 telemetry sequence 167,167,-63,12.0,True,True,True,0,0,2,0,0,"{""crc_ok"":true,""flight_state"":""STANDBY"",""lost_packets_since_previous"":0,""packet_length"":92,""packet_type"":1,""protocol_version"":8}"
2026-07-28T11:54:59.914023+00:00,1785239699.914023,telemetry_ack_sent,info,Ground acknowledged received telemetry,168,,,True,True,True,0,0,2,0,0,"{""payload"":""ACK,168""}"
2026-07-28T11:54:59.915004+00:00,1785239699.915004,telemetry_received,info,Received v8 telemetry sequence 168,168,-71,11.25,True,True,True,0,0,2,0,0,"{""crc_ok"":true,""flight_state"":""STANDBY"",""lost_packets_since_previous"":0,""packet_length"":92,""packet_type"":1,""protocol_version"":8}"
2026-07-28T11:55:10.225929+00:00,1785239710.225929,telemetry_ack_sent,info,Ground acknowledged received telemetry,169,,,True,True,True,0,0,2,0,0,"{""payload"":""ACK,169""}"
2026-07-28T11:55:10.225929+00:00,1785239710.225929,telemetry_received,info,Received v8 telemetry sequence 169,169,-68,12.5,True,True,True,0,0,2,0,0,"{""crc_ok"":true,""flight_state"":""STANDBY"",""lost_packets_since_previous"":0,""packet_length"":92,""packet_type"":1,""protocol_version"":8}"
2026-07-28T11:55:20.509963+00:00,1785239720.509963,telemetry_ack_sent,info,Ground acknowledged received telemetry,170,,,True,True,True,0,0,2,0,0,"{""payload"":""ACK,170""}"
2026-07-28T11:55:20.510935+00:00,1785239720.510935,telemetry_received,info,Received v8 telemetry sequence 170,170,-60,11.75,True,True,True,0,0,2,0,0,"{""crc_ok"":true,""flight_state"":""STANDBY"",""lost_packets_since_previous"":0,""packet_length"":92,""packet_type"":1,""protocol_version"":8}"
2026-07-28T11:55:30.829273+00:00,1785239730.829273,telemetry_ack_sent,info,Ground acknowledged received telemetry,171,,,True,True,True,0,0,2,0,0,"{""payload"":""ACK,171""}"
2026-07-28T11:55:30.829813+00:00,1785239730.829813,telemetry_received,info,Received v8 telemetry sequence 171,171,-67,12.25,True,True,True,0,0,2,0,0,"{""crc_ok"":true,""flight_state"":""STANDBY"",""lost_packets_since_previous"":0,""packet_length"":92,""packet_type"":1,""protocol_version"":8}"
2026-07-28T11:55:41.123806+00:00,1785239741.123806,telemetry_ack_sent,info,Ground acknowledged received telemetry,172,,,True,True,True,0,0,2,0,0,"{""payload"":""ACK,172""}"
2026-07-28T11:55:41.124782+00:00,1785239741.124782,telemetry_received,info,Received v8 telemetry sequence 172,172,-75,12.0,True,True,True,0,0,2,0,0,"{""crc_ok"":true,""flight_state"":""STANDBY"",""lost_packets_since_previous"":0,""packet_length"":92,""packet_type"":1,""protocol_version"":8}"
2026-07-28T11:55:51.412425+00:00,1785239751.412425,telemetry_ack_sent,info,Ground acknowledged received telemetry,173,,,True,True,True,0,0,2,0,0,"{""payload"":""ACK,173""}"
2026-07-28T11:55:51.414230+00:00,1785239751.41423,telemetry_received,info,Received v8 telemetry sequence 173,173,-63,12.25,True,True,True,0,0,2,0,0,"{""crc_ok"":true,""flight_state"":""STANDBY"",""lost_packets_since_previous"":0,""packet_length"":92,""packet_type"":1,""protocol_version"":8}"
2026-07-28T11:56:01.750112+00:00,1785239761.750112,telemetry_ack_sent,info,Ground acknowledged received telemetry,174,,,True,True,True,0,0,2,0,0,"{""payload"":""ACK,174""}"
2026-07-28T11:56:01.751172+00:00,1785239761.751172,telemetry_received,info,Received v8 telemetry sequence 174,174,-68,12.0,True,True,True,0,0,2,0,0,"{""crc_ok"":true,""flight_state"":""STANDBY"",""lost_packets_since_previous"":0,""packet_length"":92,""packet_type"":1,""protocol_version"":8}"
2026-07-28T11:56:12.112327+00:00,1785239772.112327,telemetry_ack_sent,info,Ground acknowledged received telemetry,175,,,True,True,True,0,0,2,0,0,"{""payload"":""ACK,175""}"
2026-07-28T11:56:12.113685+00:00,1785239772.113685,telemetry_received,info,Received v8 telemetry sequence 175,175,-60,12.25,True,True,True,0,0,2,0,0,"{""crc_ok"":true,""flight_state"":""STANDBY"",""lost_packets_since_previous"":0,""packet_length"":92,""packet_type"":1,""protocol_version"":8}"
2026-07-28T11:56:22.378905+00:00,1785239782.378905,telemetry_ack_sent,info,Ground acknowledged received telemetry,176,,,True,True,True,0,0,2,0,0,"{""payload"":""ACK,176""}"
2026-07-28T11:56:22.380554+00:00,1785239782.380554,telemetry_received,info,Received v8 telemetry sequence 176,176,-66,11.75,True,True,True,0,0,2,0,0,"{""crc_ok"":true,""flight_state"":""STANDBY"",""lost_packets_since_previous"":0,""packet_length"":92,""packet_type"":1,""protocol_version"":8}"
2026-07-28T11:56:32.699406+00:00,1785239792.699406,telemetry_ack_sent,info,Ground acknowledged received telemetry,177,,,True,True,True,0,0,2,0,0,"{""payload"":""ACK,177""}"
2026-07-28T11:56:32.699931+00:00,1785239792.699931,telemetry_received,info,Received v8 telemetry sequence 177,177,-64,12.25,True,True,True,0,0,2,0,0,"{""crc_ok"":true,""flight_state"":""STANDBY"",""lost_packets_since_previous"":0,""packet_length"":92,""packet_type"":1,""protocol_version"":8}"
2026-07-28T11:56:43.006135+00:00,1785239803.006135,telemetry_ack_sent,info,Ground acknowledged received telemetry,178,,,True,True,True,0,0,2,0,0,"{""payload"":""ACK,178""}"
2026-07-28T11:56:43.007230+00:00,1785239803.00723,telemetry_received,info,Received v8 telemetry sequence 178,178,-61,12.0,True,True,True,0,0,2,0,0,"{""crc_ok"":true,""flight_state"":""STANDBY"",""lost_packets_since_previous"":0,""packet_length"":92,""packet_type"":1,""protocol_version"":8}"
2026-07-28T11:56:53.335797+00:00,1785239813.335797,telemetry_ack_sent,info,Ground acknowledged received telemetry,179,,,True,True,True,0,0,2,0,0,"{""payload"":""ACK,179""}"
2026-07-28T11:56:53.337478+00:00,1785239813.337478,telemetry_received,info,Received v8 telemetry sequence 179,179,-77,12.25,True,True,True,0,0,2,0,0,"{""crc_ok"":true,""flight_state"":""STANDBY"",""lost_packets_since_previous"":0,""packet_length"":92,""packet_type"":1,""protocol_version"":8}"
2026-07-28T11:57:03.650128+00:00,1785239823.650128,telemetry_ack_sent,info,Ground acknowledged received telemetry,180,,,True,True,True,0,0,2,0,0,"{""payload"":""ACK,180""}"
2026-07-28T11:57:03.652328+00:00,1785239823.652328,telemetry_received,info,Received v8 telemetry sequence 180,180,-55,11.5,True,True,True,0,0,2,0,0,"{""crc_ok"":true,""flight_state"":""STANDBY"",""lost_packets_since_previous"":0,""packet_length"":92,""packet_type"":1,""protocol_version"":8}"
2026-07-28T11:57:07.081728+00:00,1785239827.081728,dashboard_disconnected,info,Dashboard WebSocket disconnected,,,,True,True,True,0,0,2,0,0,"{""active_connections"":2,""client_host"":""2001:4ca0:0:f296:bdd7:7b0d:8f90:f259"",""client_port"":0}"
2026-07-28T11:57:14.729650+00:00,1785239834.72965,telemetry_ack_sent,info,Ground acknowledged received telemetry,181,,,True,True,True,0,0,2,0,0,"{""payload"":""ACK,181""}"
2026-07-28T11:57:14.730797+00:00,1785239834.730797,telemetry_received,info,Received v8 telemetry sequence 181,181,-55,10.5,True,True,True,0,0,2,0,0,"{""crc_ok"":true,""flight_state"":""STANDBY"",""lost_packets_since_previous"":0,""packet_length"":92,""packet_type"":1,""protocol_version"":8}"
2026-07-28T11:57:24.251613+00:00,1785239844.251613,telemetry_ack_sent,info,Ground acknowledged received telemetry,182,,,True,True,True,0,0,2,0,0,"{""payload"":""ACK,182""}"
2026-07-28T11:57:24.251613+00:00,1785239844.251613,telemetry_received,info,Received v8 telemetry sequence 182,182,-66,11.75,True,True,True,0,0,2,0,0,"{""crc_ok"":true,""flight_state"":""STANDBY"",""lost_packets_since_previous"":0,""packet_length"":92,""packet_type"":1,""protocol_version"":8}"
2026-07-28T11:57:34.582880+00:00,1785239854.58288,telemetry_ack_sent,info,Ground acknowledged received telemetry,183,,,True,True,True,0,0,2,0,0,"{""payload"":""ACK,183""}"
2026-07-28T11:57:34.584455+00:00,1785239854.584455,telemetry_received,info,Received v8 telemetry sequence 183,183,-73,12.25,True,True,True,0,0,2,0,0,"{""crc_ok"":true,""flight_state"":""STANDBY"",""lost_packets_since_previous"":0,""packet_length"":92,""packet_type"":1,""protocol_version"":8}"
2026-07-28T11:57:42.584149+00:00,1785239862.584149,dashboard_disconnected,info,Dashboard WebSocket disconnected,,,,True,True,True,0,0,2,0,0,"{""active_connections"":1,""client_host"":""2001:4ca0:e:49:497f:7e9e:10d2:4248"",""client_port"":0}"
2026-07-28T11:57:44.892627+00:00,1785239864.892627,telemetry_ack_sent,info,Ground acknowledged received telemetry,184,,,True,True,True,0,0,2,0,0,"{""payload"":""ACK,184""}"
2026-07-28T11:57:44.893560+00:00,1785239864.89356,telemetry_received,info,Received v8 telemetry sequence 184,184,-60,12.75,True,True,True,0,0,2,0,0,"{""crc_ok"":true,""flight_state"":""STANDBY"",""lost_packets_since_previous"":0,""packet_length"":92,""packet_type"":1,""protocol_version"":8}"
2026-07-28T11:57:44.985649+00:00,1785239864.985649,dashboard_connected,info,Dashboard WebSocket connected,,,,True,True,True,0,0,2,0,0,"{""active_connections"":2,""client_host"":""2001:4ca0:e:49:497f:7e9e:10d2:4248"",""client_port"":0}"
2026-07-28T11:57:55.184819+00:00,1785239875.184819,telemetry_ack_sent,info,Ground acknowledged received telemetry,185,,,True,True,True,0,0,2,0,0,"{""payload"":""ACK,185""}"
2026-07-28T11:57:55.184819+00:00,1785239875.184819,telemetry_received,info,Received v8 telemetry sequence 185,185,-58,12.25,True,True,True,0,0,2,0,0,"{""crc_ok"":true,""flight_state"":""STANDBY"",""lost_packets_since_previous"":0,""packet_length"":92,""packet_type"":1,""protocol_version"":8}"
2026-07-28T11:58:05.477254+00:00,1785239885.477254,telemetry_ack_sent,info,Ground acknowledged received telemetry,186,,,True,True,True,0,0,2,0,0,"{""payload"":""ACK,186""}"
2026-07-28T11:58:05.478266+00:00,1785239885.478266,telemetry_received,info,Received v8 telemetry sequence 186,186,-54,12.25,True,True,True,0,0,2,0,0,"{""crc_ok"":true,""flight_state"":""STANDBY"",""lost_packets_since_previous"":0,""packet_length"":92,""packet_type"":1,""protocol_version"":8}"
2026-07-28T11:58:15.803123+00:00,1785239895.803123,telemetry_ack_sent,info,Ground acknowledged received telemetry,187,,,True,True,True,0,0,2,0,0,"{""payload"":""ACK,187""}"
2026-07-28T11:58:15.803720+00:00,1785239895.80372,telemetry_received,info,Received v8 telemetry sequence 187,187,-54,12.0,True,True,True,0,0,2,0,0,"{""crc_ok"":true,""flight_state"":""STANDBY"",""lost_packets_since_previous"":0,""packet_length"":92,""packet_type"":1,""protocol_version"":8}"
2026-07-28T11:58:26.181436+00:00,1785239906.181436,telemetry_ack_sent,info,Ground acknowledged received telemetry,188,,,True,True,True,0,0,2,0,0,"{""payload"":""ACK,188""}"
2026-07-28T11:58:26.181436+00:00,1785239906.181436,telemetry_received,info,Received v8 telemetry sequence 188,188,-59,12.25,True,True,True,0,0,2,0,0,"{""crc_ok"":true,""flight_state"":""STANDBY"",""lost_packets_since_previous"":0,""packet_length"":92,""packet_type"":1,""protocol_version"":8}"
2026-07-28T11:58:36.324173+00:00,1785239916.324173,telemetry_ack_sent,info,Ground acknowledged received telemetry,189,,,True,True,True,0,0,2,0,0,"{""payload"":""ACK,189""}"
2026-07-28T11:58:36.325229+00:00,1785239916.325229,telemetry_received,info,Received v8 telemetry sequence 189,189,-52,12.0,True,True,True,0,0,2,0,0,"{""crc_ok"":true,""flight_state"":""STANDBY"",""lost_packets_since_previous"":0,""packet_length"":92,""packet_type"":1,""protocol_version"":8}"
2026-07-28T11:58:46.657831+00:00,1785239926.657831,telemetry_ack_sent,info,Ground acknowledged received telemetry,190,,,True,True,True,0,0,2,0,0,"{""payload"":""ACK,190""}"
2026-07-28T11:58:46.658839+00:00,1785239926.658839,telemetry_received,info,Received v8 telemetry sequence 190,190,-61,11.75,True,True,True,0,0,2,0,0,"{""crc_ok"":true,""flight_state"":""STANDBY"",""lost_packets_since_previous"":0,""packet_length"":92,""packet_type"":1,""protocol_version"":8}"
2026-07-28T11:58:49.160992+00:00,1785239929.160992,dashboard_connected,info,Dashboard WebSocket connected,,,,True,True,True,0,0,2,0,0,"{""active_connections"":3,""client_host"":""2001:4ca0:0:f296:bdd7:7b0d:8f90:f259"",""client_port"":0}"
2026-07-28T11:58:56.939055+00:00,1785239936.939055,telemetry_ack_sent,info,Ground acknowledged received telemetry,191,,,True,True,True,0,0,2,0,0,"{""payload"":""ACK,191""}"
2026-07-28T11:58:56.939396+00:00,1785239936.939396,telemetry_received,info,Received v8 telemetry sequence 191,191,-42,12.0,True,True,True,0,0,2,0,0,"{""crc_ok"":true,""flight_state"":""STANDBY"",""lost_packets_since_previous"":0,""packet_length"":92,""packet_type"":1,""protocol_version"":8}"
2026-07-28T11:59:07.255033+00:00,1785239947.255033,telemetry_ack_sent,info,Ground acknowledged received telemetry,192,,,True,True,True,0,0,2,0,0,"{""payload"":""ACK,192""}"
2026-07-28T11:59:07.255033+00:00,1785239947.255033,telemetry_received,info,Received v8 telemetry sequence 192,192,-58,12.5,True,True,True,0,0,2,0,0,"{""crc_ok"":true,""flight_state"":""STANDBY"",""lost_packets_since_previous"":0,""packet_length"":92,""packet_type"":1,""protocol_version"":8}"
2026-07-28T11:59:17.579015+00:00,1785239957.579015,telemetry_ack_sent,info,Ground acknowledged received telemetry,193,,,True,True,True,0,0,2,0,0,"{""payload"":""ACK,193""}"
2026-07-28T11:59:17.579624+00:00,1785239957.579624,telemetry_received,info,Received v8 telemetry sequence 193,193,-57,12.25,True,True,True,0,0,2,0,0,"{""crc_ok"":true,""flight_state"":""STANDBY"",""lost_packets_since_previous"":0,""packet_length"":92,""packet_type"":1,""protocol_version"":8}"
2026-07-28T11:59:27.818981+00:00,1785239967.818981,telemetry_ack_sent,info,Ground acknowledged received telemetry,194,,,True,True,True,0,0,2,0,0,"{""payload"":""ACK,194""}"
2026-07-28T11:59:27.819981+00:00,1785239967.819981,telemetry_received,info,Received v8 telemetry sequence 194,194,-58,11.75,True,True,True,0,0,2,0,0,"{""crc_ok"":true,""flight_state"":""STANDBY"",""lost_packets_since_previous"":0,""packet_length"":92,""packet_type"":1,""protocol_version"":8}"
2026-07-28T11:59:38.131331+00:00,1785239978.131331,telemetry_ack_sent,info,Ground acknowledged received telemetry,195,,,True,True,True,0,0,2,0,0,"{""payload"":""ACK,195""}"
2026-07-28T11:59:38.132638+00:00,1785239978.132638,telemetry_received,info,Received v8 telemetry sequence 195,195,-57,12.0,True,True,True,0,0,2,0,0,"{""crc_ok"":true,""flight_state"":""STANDBY"",""lost_packets_since_previous"":0,""packet_length"":92,""packet_type"":1,""protocol_version"":8}"
2026-07-28T11:59:48.431483+00:00,1785239988.431483,telemetry_ack_sent,info,Ground acknowledged received telemetry,196,,,True,True,True,0,0,2,0,0,"{""payload"":""ACK,196""}"
2026-07-28T11:59:48.432210+00:00,1785239988.43221,telemetry_received,info,Received v8 telemetry sequence 196,196,-57,12.5,True,True,True,0,0,2,0,0,"{""crc_ok"":true,""flight_state"":""STANDBY"",""lost_packets_since_previous"":0,""packet_length"":92,""packet_type"":1,""protocol_version"":8}"
2026-07-28T11:59:58.716672+00:00,1785239998.716672,telemetry_ack_sent,info,Ground acknowledged received telemetry,197,,,True,True,True,0,0,2,0,0,"{""payload"":""ACK,197""}"
2026-07-28T11:59:58.716672+00:00,1785239998.716672,telemetry_received,info,Received v8 telemetry sequence 197,197,-57,12.25,True,True,True,0,0,2,0,0,"{""crc_ok"":true,""flight_state"":""STANDBY"",""lost_packets_since_previous"":0,""packet_length"":92,""packet_type"":1,""protocol_version"":8}"
2026-07-28T12:00:09.257606+00:00,1785240009.257606,telemetry_ack_sent,info,Ground acknowledged received telemetry,198,,,True,True,True,0,0,2,0,0,"{""payload"":""ACK,198""}"
2026-07-28T12:00:09.257606+00:00,1785240009.257606,telemetry_received,info,Received v8 telemetry sequence 198,198,-54,11.75,True,True,True,0,0,2,0,0,"{""crc_ok"":true,""flight_state"":""STANDBY"",""lost_packets_since_previous"":0,""packet_length"":92,""packet_type"":1,""protocol_version"":8}"
2026-07-28T12:00:19.683942+00:00,1785240019.683942,telemetry_ack_sent,info,Ground acknowledged received telemetry,199,,,True,True,True,0,0,2,0,0,"{""payload"":""ACK,199""}"
2026-07-28T12:00:19.684859+00:00,1785240019.684859,telemetry_received,info,Received v8 telemetry sequence 199,199,-58,12.5,True,True,True,0,0,2,0,0,"{""crc_ok"":true,""flight_state"":""STANDBY"",""lost_packets_since_previous"":0,""packet_length"":92,""packet_type"":1,""protocol_version"":8}"
2026-07-28T12:00:29.963934+00:00,1785240029.963934,telemetry_ack_sent,info,Ground acknowledged received telemetry,200,,,True,True,True,0,0,2,0,0,"{""payload"":""ACK,200""}"
2026-07-28T12:00:29.964927+00:00,1785240029.964927,telemetry_received,info,Received v8 telemetry sequence 200,200,-52,12.0,True,True,True,0,0,2,0,0,"{""crc_ok"":true,""flight_state"":""STANDBY"",""lost_packets_since_previous"":0,""packet_length"":92,""packet_type"":1,""protocol_version"":8}"
2026-07-28T12:00:40.684159+00:00,1785240040.684159,telemetry_ack_sent,info,Ground acknowledged received telemetry,201,,,True,True,True,0,0,2,0,0,"{""payload"":""ACK,201""}"
2026-07-28T12:00:40.685153+00:00,1785240040.685153,telemetry_received,info,Received v8 telemetry sequence 201,201,-58,12.0,True,True,True,0,0,2,0,0,"{""crc_ok"":true,""flight_state"":""STANDBY"",""lost_packets_since_previous"":0,""packet_length"":92,""packet_type"":1,""protocol_version"":8}"
2026-07-28T12:00:50.987554+00:00,1785240050.987554,telemetry_ack_sent,info,Ground acknowledged received telemetry,202,,,True,True,True,0,0,2,0,0,"{""payload"":""ACK,202""}"
2026-07-28T12:00:50.988142+00:00,1785240050.988142,telemetry_received,info,Received v8 telemetry sequence 202,202,-55,12.25,True,True,True,0,0,2,0,0,"{""crc_ok"":true,""flight_state"":""STANDBY"",""lost_packets_since_previous"":0,""packet_length"":92,""packet_type"":1,""protocol_version"":8}"
2026-07-28T12:01:01.283561+00:00,1785240061.283561,telemetry_ack_sent,info,Ground acknowledged received telemetry,203,,,True,True,True,0,0,2,0,0,"{""payload"":""ACK,203""}"
2026-07-28T12:01:01.284594+00:00,1785240061.284594,telemetry_received,info,Received v8 telemetry sequence 203,203,-53,12.0,True,True,True,0,0,2,0,0,"{""crc_ok"":true,""flight_state"":""STANDBY"",""lost_packets_since_previous"":0,""packet_length"":92,""packet_type"":1,""protocol_version"":8}"
2026-07-28T12:01:11.677987+00:00,1785240071.677987,telemetry_ack_sent,info,Ground acknowledged received telemetry,204,,,True,True,True,0,0,2,0,0,"{""payload"":""ACK,204""}"
2026-07-28T12:01:11.679618+00:00,1785240071.679618,telemetry_received,info,Received v8 telemetry sequence 204,204,-55,11.0,True,True,True,0,0,2,0,0,"{""crc_ok"":true,""flight_state"":""STANDBY"",""lost_packets_since_previous"":0,""packet_length"":92,""packet_type"":1,""protocol_version"":8}"
2026-07-28T12:01:22.668463+00:00,1785240082.668463,telemetry_ack_sent,info,Ground acknowledged received telemetry,205,,,True,True,True,0,0,2,0,0,"{""payload"":""ACK,205""}"
2026-07-28T12:01:22.670085+00:00,1785240082.670085,telemetry_received,info,Received v8 telemetry sequence 205,205,-56,11.75,True,True,True,0,0,2,0,0,"{""crc_ok"":true,""flight_state"":""STANDBY"",""lost_packets_since_previous"":0,""packet_length"":92,""packet_type"":1,""protocol_version"":8}"
2026-07-28T12:01:32.926442+00:00,1785240092.926442,telemetry_ack_sent,info,Ground acknowledged received telemetry,206,,,True,True,True,0,0,2,0,0,"{""payload"":""ACK,206""}"
2026-07-28T12:01:32.927079+00:00,1785240092.927079,telemetry_received,info,Received v8 telemetry sequence 206,206,-55,12.0,True,True,True,0,0,2,0,0,"{""crc_ok"":true,""flight_state"":""STANDBY"",""lost_packets_since_previous"":0,""packet_length"":92,""packet_type"":1,""protocol_version"":8}"
2026-07-28T12:01:43.176328+00:00,1785240103.176328,telemetry_ack_sent,info,Ground acknowledged received telemetry,207,,,True,True,True,0,0,2,0,0,"{""payload"":""ACK,207""}"
2026-07-28T12:01:43.176328+00:00,1785240103.176328,telemetry_received,info,Received v8 telemetry sequence 207,207,-56,11.75,True,True,True,0,0,2,0,0,"{""crc_ok"":true,""flight_state"":""STANDBY"",""lost_packets_since_previous"":0,""packet_length"":92,""packet_type"":1,""protocol_version"":8}"
2026-07-28T12:01:53.523415+00:00,1785240113.523415,telemetry_ack_sent,info,Ground acknowledged received telemetry,208,,,True,True,True,0,0,2,0,0,"{""payload"":""ACK,208""}"
2026-07-28T12:01:53.523947+00:00,1785240113.523947,telemetry_received,info,Received v8 telemetry sequence 208,208,-52,12.0,True,True,True,0,0,2,0,0,"{""crc_ok"":true,""flight_state"":""STANDBY"",""lost_packets_since_previous"":0,""packet_length"":92,""packet_type"":1,""protocol_version"":8}"
2026-07-28T12:02:04.087748+00:00,1785240124.087748,telemetry_ack_sent,info,Ground acknowledged received telemetry,209,,,True,True,True,0,0,2,0,0,"{""payload"":""ACK,209""}"
2026-07-28T12:02:04.087748+00:00,1785240124.087748,telemetry_received,info,Received v8 telemetry sequence 209,209,-52,12.25,True,True,True,0,0,2,0,0,"{""crc_ok"":true,""flight_state"":""STANDBY"",""lost_packets_since_previous"":0,""packet_length"":92,""packet_type"":1,""protocol_version"":8}"
2026-07-28T12:02:14.422738+00:00,1785240134.422738,telemetry_ack_sent,info,Ground acknowledged received telemetry,210,,,True,True,True,0,0,2,0,0,"{""payload"":""ACK,210""}"
2026-07-28T12:02:14.423783+00:00,1785240134.423783,telemetry_received,info,Received v8 telemetry sequence 210,210,-53,12.25,True,True,True,0,0,2,0,0,"{""crc_ok"":true,""flight_state"":""STANDBY"",""lost_packets_since_previous"":0,""packet_length"":92,""packet_type"":1,""protocol_version"":8}"
2026-07-28T12:02:24.702295+00:00,1785240144.702295,telemetry_ack_sent,info,Ground acknowledged received telemetry,211,,,True,True,True,0,0,2,0,0,"{""payload"":""ACK,211""}"
2026-07-28T12:02:24.703357+00:00,1785240144.703357,telemetry_received,info,Received v8 telemetry sequence 211,211,-54,11.75,True,True,True,0,0,2,0,0,"{""crc_ok"":true,""flight_state"":""STANDBY"",""lost_packets_since_previous"":0,""packet_length"":92,""packet_type"":1,""protocol_version"":8}"
2026-07-28T12:02:34.988966+00:00,1785240154.988966,telemetry_ack_sent,info,Ground acknowledged received telemetry,212,,,True,True,True,0,0,2,0,0,"{""payload"":""ACK,212""}"
2026-07-28T12:02:34.989990+00:00,1785240154.98999,telemetry_received,info,Received v8 telemetry sequence 212,212,-52,12.0,True,True,True,0,0,2,0,0,"{""crc_ok"":true,""flight_state"":""STANDBY"",""lost_packets_since_previous"":0,""packet_length"":92,""packet_type"":1,""protocol_version"":8}"
2026-07-28T12:02:45.277282+00:00,1785240165.277282,telemetry_ack_sent,info,Ground acknowledged received telemetry,213,,,True,True,True,0,0,2,0,0,"{""payload"":""ACK,213""}"
2026-07-28T12:02:45.277282+00:00,1785240165.277282,telemetry_received,info,Received v8 telemetry sequence 213,213,-58,12.0,True,True,True,0,0,2,0,0,"{""crc_ok"":true,""flight_state"":""STANDBY"",""lost_packets_since_previous"":0,""packet_length"":92,""packet_type"":1,""protocol_version"":8}"
2026-07-28T12:02:49.324610+00:00,1785240169.32461,dashboard_disconnected,info,Dashboard WebSocket disconnected,,,,True,True,True,0,0,2,0,0,"{""active_connections"":2,""client_host"":""2001:4ca0:0:f296:bdd7:7b0d:8f90:f259"",""client_port"":0}"
2026-07-28T12:02:55.569356+00:00,1785240175.569356,telemetry_ack_sent,info,Ground acknowledged received telemetry,214,,,True,True,True,0,0,2,0,0,"{""payload"":""ACK,214""}"
2026-07-28T12:02:55.569356+00:00,1785240175.569356,telemetry_received,info,Received v8 telemetry sequence 214,214,-57,12.25,True,True,True,0,0,2,0,0,"{""crc_ok"":true,""flight_state"":""STANDBY"",""lost_packets_since_previous"":0,""packet_length"":92,""packet_type"":1,""protocol_version"":8}"
2026-07-28T12:03:02.714273+00:00,1785240182.714273,dashboard_connected,info,Dashboard WebSocket connected,,,,True,True,True,0,0,2,0,0,"{""active_connections"":3,""client_host"":""2001:4ca0:0:f296:bdd7:7b0d:8f90:f259"",""client_port"":0}"
2026-07-28T12:03:05.882726+00:00,1785240185.882726,telemetry_ack_sent,info,Ground acknowledged received telemetry,215,,,True,True,True,0,0,2,0,0,"{""payload"":""ACK,215""}"
2026-07-28T12:03:05.884240+00:00,1785240185.88424,telemetry_received,info,Received v8 telemetry sequence 215,215,-53,12.25,True,True,True,0,0,2,0,0,"{""crc_ok"":true,""flight_state"":""STANDBY"",""lost_packets_since_previous"":0,""packet_length"":92,""packet_type"":1,""protocol_version"":8}"
2026-07-28T12:03:16.171346+00:00,1785240196.171346,telemetry_ack_sent,info,Ground acknowledged received telemetry,216,,,True,True,True,0,0,2,0,0,"{""payload"":""ACK,216""}"
2026-07-28T12:03:16.171868+00:00,1785240196.171868,telemetry_received,info,Received v8 telemetry sequence 216,216,-54,12.0,True,True,True,0,0,2,0,0,"{""crc_ok"":true,""flight_state"":""STANDBY"",""lost_packets_since_previous"":0,""packet_length"":92,""packet_type"":1,""protocol_version"":8}"
2026-07-28T12:03:26.476661+00:00,1785240206.476661,telemetry_ack_sent,info,Ground acknowledged received telemetry,217,,,True,True,True,0,0,2,0,0,"{""payload"":""ACK,217""}"
2026-07-28T12:03:26.476661+00:00,1785240206.476661,telemetry_received,info,Received v8 telemetry sequence 217,217,-55,12.25,True,True,True,0,0,2,0,0,"{""crc_ok"":true,""flight_state"":""STANDBY"",""lost_packets_since_previous"":0,""packet_length"":92,""packet_type"":1,""protocol_version"":8}"
2026-07-28T12:03:36.772110+00:00,1785240216.77211,telemetry_ack_sent,info,Ground acknowledged received telemetry,218,,,True,True,True,0,0,2,0,0,"{""payload"":""ACK,218""}"
2026-07-28T12:03:36.772110+00:00,1785240216.77211,telemetry_received,info,Received v8 telemetry sequence 218,218,-58,12.5,True,True,True,0,0,2,0,0,"{""crc_ok"":true,""flight_state"":""STANDBY"",""lost_packets_since_previous"":0,""packet_length"":92,""packet_type"":1,""protocol_version"":8}"
2026-07-28T12:03:47.064656+00:00,1785240227.064656,telemetry_ack_sent,info,Ground acknowledged received telemetry,219,,,True,True,True,0,0,2,0,0,"{""payload"":""ACK,219""}"
2026-07-28T12:03:47.065864+00:00,1785240227.065864,telemetry_received,info,Received v8 telemetry sequence 219,219,-55,12.25,True,True,True,0,0,2,0,0,"{""crc_ok"":true,""flight_state"":""STANDBY"",""lost_packets_since_previous"":0,""packet_length"":92,""packet_type"":1,""protocol_version"":8}"
2026-07-28T12:03:57.351598+00:00,1785240237.351598,telemetry_ack_sent,info,Ground acknowledged received telemetry,220,,,True,True,True,0,0,2,0,0,"{""payload"":""ACK,220""}"
2026-07-28T12:03:57.352355+00:00,1785240237.352355,telemetry_received,info,Received v8 telemetry sequence 220,220,-59,12.25,True,True,True,0,0,2,0,0,"{""crc_ok"":true,""flight_state"":""STANDBY"",""lost_packets_since_previous"":0,""packet_length"":92,""packet_type"":1,""protocol_version"":8}"
2026-07-28T12:04:07.657335+00:00,1785240247.657335,telemetry_ack_sent,info,Ground acknowledged received telemetry,221,,,True,True,True,0,0,2,0,0,"{""payload"":""ACK,221""}"
2026-07-28T12:04:07.657335+00:00,1785240247.657335,telemetry_received,info,Received v8 telemetry sequence 221,221,-63,12.75,True,True,True,0,0,2,0,0,"{""crc_ok"":true,""flight_state"":""STANDBY"",""lost_packets_since_previous"":0,""packet_length"":92,""packet_type"":1,""protocol_version"":8}"
2026-07-28T12:04:17.962674+00:00,1785240257.962674,telemetry_ack_sent,info,Ground acknowledged received telemetry,222,,,True,True,True,0,0,2,0,0,"{""payload"":""ACK,222""}"
2026-07-28T12:04:17.963760+00:00,1785240257.96376,telemetry_received,info,Received v8 telemetry sequence 222,222,-53,12.25,True,True,True,0,0,2,0,0,"{""crc_ok"":true,""flight_state"":""STANDBY"",""lost_packets_since_previous"":0,""packet_length"":92,""packet_type"":1,""protocol_version"":8}"
2026-07-28T12:04:28.239499+00:00,1785240268.239499,telemetry_ack_sent,info,Ground acknowledged received telemetry,223,,,True,True,True,0,0,2,0,0,"{""payload"":""ACK,223""}"
2026-07-28T12:04:28.239499+00:00,1785240268.239499,telemetry_received,info,Received v8 telemetry sequence 223,223,-55,12.75,True,True,True,0,0,2,0,0,"{""crc_ok"":true,""flight_state"":""STANDBY"",""lost_packets_since_previous"":0,""packet_length"":92,""packet_type"":1,""protocol_version"":8}"
2026-07-28T12:04:38.542977+00:00,1785240278.542977,telemetry_ack_sent,info,Ground acknowledged received telemetry,224,,,True,True,True,0,0,2,0,0,"{""payload"":""ACK,224""}"
2026-07-28T12:04:38.542977+00:00,1785240278.542977,telemetry_received,info,Received v8 telemetry sequence 224,224,-57,12.0,True,True,True,0,0,2,0,0,"{""crc_ok"":true,""flight_state"":""STANDBY"",""lost_packets_since_previous"":0,""packet_length"":92,""packet_type"":1,""protocol_version"":8}"
2026-07-28T12:04:48.845178+00:00,1785240288.845178,telemetry_ack_sent,info,Ground acknowledged received telemetry,225,,,True,True,True,0,0,2,0,0,"{""payload"":""ACK,225""}"
2026-07-28T12:04:48.845178+00:00,1785240288.845178,telemetry_received,info,Received v8 telemetry sequence 225,225,-55,12.0,True,True,True,0,0,2,0,0,"{""crc_ok"":true,""flight_state"":""STANDBY"",""lost_packets_since_previous"":0,""packet_length"":92,""packet_type"":1,""protocol_version"":8}"
2026-07-28T12:04:59.150012+00:00,1785240299.150012,telemetry_ack_sent,info,Ground acknowledged received telemetry,226,,,True,True,True,0,0,2,0,0,"{""payload"":""ACK,226""}"
2026-07-28T12:04:59.150012+00:00,1785240299.150012,telemetry_received,info,Received v8 telemetry sequence 226,226,-57,12.0,True,True,True,0,0,2,0,0,"{""crc_ok"":true,""flight_state"":""STANDBY"",""lost_packets_since_previous"":0,""packet_length"":92,""packet_type"":1,""protocol_version"":8}"
2026-07-28T12:05:09.431242+00:00,1785240309.431242,telemetry_ack_sent,info,Ground acknowledged received telemetry,227,,,True,True,True,0,0,2,0,0,"{""payload"":""ACK,227""}"
2026-07-28T12:05:09.431242+00:00,1785240309.431242,telemetry_received,info,Received v8 telemetry sequence 227,227,-59,11.75,True,True,True,0,0,2,0,0,"{""crc_ok"":true,""flight_state"":""STANDBY"",""lost_packets_since_previous"":0,""packet_length"":92,""packet_type"":1,""protocol_version"":8}"
2026-07-28T12:05:19.973115+00:00,1785240319.973115,telemetry_ack_sent,info,Ground acknowledged received telemetry,228,,,True,True,True,0,0,2,0,0,"{""payload"":""ACK,228""}"
2026-07-28T12:05:19.973115+00:00,1785240319.973115,telemetry_received,info,Received v8 telemetry sequence 228,228,-58,11.75,True,True,True,0,0,2,0,0,"{""crc_ok"":true,""flight_state"":""STANDBY"",""lost_packets_since_previous"":0,""packet_length"":92,""packet_type"":1,""protocol_version"":8}"
2026-07-28T12:05:30.290985+00:00,1785240330.290985,telemetry_ack_sent,info,Ground acknowledged received telemetry,229,,,True,True,True,0,0,2,0,0,"{""payload"":""ACK,229""}"
2026-07-28T12:05:30.291595+00:00,1785240330.291595,telemetry_received,info,Received v8 telemetry sequence 229,229,-59,12.0,True,True,True,0,0,2,0,0,"{""crc_ok"":true,""flight_state"":""STANDBY"",""lost_packets_since_previous"":0,""packet_length"":92,""packet_type"":1,""protocol_version"":8}"
2026-07-28T12:05:40.667230+00:00,1785240340.66723,telemetry_ack_sent,info,Ground acknowledged received telemetry,230,,,True,True,True,0,0,2,0,0,"{""payload"":""ACK,230""}"
2026-07-28T12:05:40.668231+00:00,1785240340.668231,telemetry_received,info,Received v8 telemetry sequence 230,230,-59,12.5,True,True,True,0,0,2,0,0,"{""crc_ok"":true,""flight_state"":""STANDBY"",""lost_packets_since_previous"":0,""packet_length"":92,""packet_type"":1,""protocol_version"":8}"
2026-07-28T12:05:50.968358+00:00,1785240350.968358,telemetry_ack_sent,info,Ground acknowledged received telemetry,231,,,True,True,True,0,0,2,0,0,"{""payload"":""ACK,231""}"
2026-07-28T12:05:50.969859+00:00,1785240350.969859,telemetry_received,info,Received v8 telemetry sequence 231,231,-57,12.5,True,True,True,0,0,2,0,0,"{""crc_ok"":true,""flight_state"":""STANDBY"",""lost_packets_since_previous"":0,""packet_length"":92,""packet_type"":1,""protocol_version"":8}"
2026-07-28T12:06:01.280178+00:00,1785240361.280178,telemetry_ack_sent,info,Ground acknowledged received telemetry,232,,,True,True,True,0,0,2,0,0,"{""payload"":""ACK,232""}"
2026-07-28T12:06:01.280178+00:00,1785240361.280178,telemetry_received,info,Received v8 telemetry sequence 232,232,-58,12.25,True,True,True,0,0,2,0,0,"{""crc_ok"":true,""flight_state"":""STANDBY"",""lost_packets_since_previous"":0,""packet_length"":92,""packet_type"":1,""protocol_version"":8}"
2026-07-28T12:06:11.563878+00:00,1785240371.563878,telemetry_ack_sent,info,Ground acknowledged received telemetry,233,,,True,True,True,0,0,2,0,0,"{""payload"":""ACK,233""}"
2026-07-28T12:06:11.563878+00:00,1785240371.563878,telemetry_received,info,Received v8 telemetry sequence 233,233,-62,12.5,True,True,True,0,0,2,0,0,"{""crc_ok"":true,""flight_state"":""STANDBY"",""lost_packets_since_previous"":0,""packet_length"":92,""packet_type"":1,""protocol_version"":8}"
2026-07-28T12:06:21.906849+00:00,1785240381.906849,telemetry_ack_sent,info,Ground acknowledged received telemetry,234,,,True,True,True,0,0,2,0,0,"{""payload"":""ACK,234""}"
2026-07-28T12:06:21.906849+00:00,1785240381.906849,telemetry_received,info,Received v8 telemetry sequence 234,234,-54,8.25,True,True,True,0,0,2,0,0,"{""crc_ok"":true,""flight_state"":""STANDBY"",""lost_packets_since_previous"":0,""packet_length"":92,""packet_type"":1,""protocol_version"":8}"
2026-07-28T12:06:32.195807+00:00,1785240392.195807,telemetry_ack_sent,info,Ground acknowledged received telemetry,235,,,True,True,True,0,0,2,0,0,"{""payload"":""ACK,235""}"
2026-07-28T12:06:32.196844+00:00,1785240392.196844,telemetry_received,info,Received v8 telemetry sequence 235,235,-62,12.0,True,True,True,0,0,2,0,0,"{""crc_ok"":true,""flight_state"":""STANDBY"",""lost_packets_since_previous"":0,""packet_length"":92,""packet_type"":1,""protocol_version"":8}"
2026-07-28T12:06:42.491798+00:00,1785240402.491798,telemetry_ack_sent,info,Ground acknowledged received telemetry,236,,,True,True,True,0,0,2,0,0,"{""payload"":""ACK,236""}"
2026-07-28T12:06:42.491798+00:00,1785240402.491798,telemetry_received,info,Received v8 telemetry sequence 236,236,-71,12.0,True,True,True,0,0,2,0,0,"{""crc_ok"":true,""flight_state"":""STANDBY"",""lost_packets_since_previous"":0,""packet_length"":92,""packet_type"":1,""protocol_version"":8}"
2026-07-28T12:06:52.788246+00:00,1785240412.788246,telemetry_ack_sent,info,Ground acknowledged received telemetry,237,,,True,True,True,0,0,2,0,0,"{""payload"":""ACK,237""}"
2026-07-28T12:06:52.788246+00:00,1785240412.788246,telemetry_received,info,Received v8 telemetry sequence 237,237,-54,11.5,True,True,True,0,0,2,0,0,"{""crc_ok"":true,""flight_state"":""STANDBY"",""lost_packets_since_previous"":0,""packet_length"":92,""packet_type"":1,""protocol_version"":8}"
2026-07-28T12:07:03.085827+00:00,1785240423.085827,telemetry_ack_sent,info,Ground acknowledged received telemetry,238,,,True,True,True,0,0,2,0,0,"{""payload"":""ACK,238""}"
2026-07-28T12:07:03.085827+00:00,1785240423.085827,telemetry_received,info,Received v8 telemetry sequence 238,238,-54,11.75,True,True,True,0,0,2,0,0,"{""crc_ok"":true,""flight_state"":""STANDBY"",""lost_packets_since_previous"":0,""packet_length"":92,""packet_type"":1,""protocol_version"":8}"
2026-07-28T12:07:13.371456+00:00,1785240433.371456,telemetry_ack_sent,info,Ground acknowledged received telemetry,239,,,True,True,True,0,0,2,0,0,"{""payload"":""ACK,239""}"
2026-07-28T12:07:13.371456+00:00,1785240433.371456,telemetry_received,info,Received v8 telemetry sequence 239,239,-57,12.25,True,True,True,0,0,2,0,0,"{""crc_ok"":true,""flight_state"":""STANDBY"",""lost_packets_since_previous"":0,""packet_length"":92,""packet_type"":1,""protocol_version"":8}"
2026-07-28T12:07:23.677414+00:00,1785240443.677414,telemetry_ack_sent,info,Ground acknowledged received telemetry,240,,,True,True,True,0,0,2,0,0,"{""payload"":""ACK,240""}"
2026-07-28T12:07:23.677414+00:00,1785240443.677414,telemetry_received,info,Received v8 telemetry sequence 240,240,-55,11.75,True,True,True,0,0,2,0,0,"{""crc_ok"":true,""flight_state"":""STANDBY"",""lost_packets_since_previous"":0,""packet_length"":92,""packet_type"":1,""protocol_version"":8}"
2026-07-28T12:07:33.972741+00:00,1785240453.972741,telemetry_ack_sent,info,Ground acknowledged received telemetry,241,,,True,True,True,0,0,2,0,0,"{""payload"":""ACK,241""}"
2026-07-28T12:07:33.972741+00:00,1785240453.972741,telemetry_received,info,Received v8 telemetry sequence 241,241,-56,12.0,True,True,True,0,0,2,0,0,"{""crc_ok"":true,""flight_state"":""STANDBY"",""lost_packets_since_previous"":0,""packet_length"":92,""packet_type"":1,""protocol_version"":8}"
2026-07-28T12:07:42.831086+00:00,1785240462.831086,dashboard_disconnected,info,Dashboard WebSocket disconnected,,,,True,True,True,0,0,2,0,0,"{""active_connections"":2,""client_host"":""2001:4ca0:0:f296:bdd7:7b0d:8f90:f259"",""client_port"":0}"
2026-07-28T12:07:44.285751+00:00,1785240464.285751,telemetry_ack_sent,info,Ground acknowledged received telemetry,242,,,True,True,True,0,0,2,0,0,"{""payload"":""ACK,242""}"
2026-07-28T12:07:44.285751+00:00,1785240464.285751,telemetry_received,info,Received v8 telemetry sequence 242,242,-66,12.0,True,True,True,0,0,2,0,0,"{""crc_ok"":true,""flight_state"":""STANDBY"",""lost_packets_since_previous"":0,""packet_length"":92,""packet_type"":1,""protocol_version"":8}"
2026-07-28T12:07:54.569530+00:00,1785240474.56953,telemetry_ack_sent,info,Ground acknowledged received telemetry,243,,,True,True,True,0,0,2,0,0,"{""payload"":""ACK,243""}"
2026-07-28T12:07:54.569530+00:00,1785240474.56953,telemetry_received,info,Received v8 telemetry sequence 243,243,-53,12.5,True,True,True,0,0,2,0,0,"{""crc_ok"":true,""flight_state"":""STANDBY"",""lost_packets_since_previous"":0,""packet_length"":92,""packet_type"":1,""protocol_version"":8}"
2026-07-28T12:08:04.862294+00:00,1785240484.862294,telemetry_ack_sent,info,Ground acknowledged received telemetry,244,,,True,True,True,0,0,2,0,0,"{""payload"":""ACK,244""}"
2026-07-28T12:08:04.862294+00:00,1785240484.862294,telemetry_received,info,Received v8 telemetry sequence 244,244,-65,12.0,True,True,True,0,0,2,0,0,"{""crc_ok"":true,""flight_state"":""STANDBY"",""lost_packets_since_previous"":0,""packet_length"":92,""packet_type"":1,""protocol_version"":8}"
2026-07-28T12:08:15.165735+00:00,1785240495.165735,telemetry_ack_sent,info,Ground acknowledged received telemetry,245,,,True,True,True,0,0,2,0,0,"{""payload"":""ACK,245""}"
2026-07-28T12:08:15.166337+00:00,1785240495.166337,telemetry_received,info,Received v8 telemetry sequence 245,245,-60,11.25,True,True,True,0,0,2,0,0,"{""crc_ok"":true,""flight_state"":""STANDBY"",""lost_packets_since_previous"":0,""packet_length"":92,""packet_type"":1,""protocol_version"":8}"
2026-07-28T12:08:25.475065+00:00,1785240505.475065,telemetry_ack_sent,info,Ground acknowledged received telemetry,246,,,True,True,True,0,0,2,0,0,"{""payload"":""ACK,246""}"
2026-07-28T12:08:25.475065+00:00,1785240505.475065,telemetry_received,info,Received v8 telemetry sequence 246,246,-76,12.25,True,True,True,0,0,2,0,0,"{""crc_ok"":true,""flight_state"":""STANDBY"",""lost_packets_since_previous"":0,""packet_length"":92,""packet_type"":1,""protocol_version"":8}"
2026-07-28T12:08:36.125544+00:00,1785240516.125544,telemetry_ack_sent,info,Ground acknowledged received telemetry,247,,,True,True,True,0,0,2,0,0,"{""payload"":""ACK,247""}"
2026-07-28T12:08:36.126167+00:00,1785240516.126167,telemetry_received,info,Received v8 telemetry sequence 247,247,-65,12.0,True,True,True,0,0,2,0,0,"{""crc_ok"":true,""flight_state"":""STANDBY"",""lost_packets_since_previous"":0,""packet_length"":92,""packet_type"":1,""protocol_version"":8}"
2026-07-28T12:08:46.597387+00:00,1785240526.597387,telemetry_ack_sent,info,Ground acknowledged received telemetry,248,,,True,True,True,0,0,2,0,0,"{""payload"":""ACK,248""}"
2026-07-28T12:08:46.598483+00:00,1785240526.598483,telemetry_received,info,Received v8 telemetry sequence 248,248,-80,11.5,True,True,True,0,0,2,0,0,"{""crc_ok"":true,""flight_state"":""STANDBY"",""lost_packets_since_previous"":0,""packet_length"":92,""packet_type"":1,""protocol_version"":8}"
2026-07-28T12:08:57.124939+00:00,1785240537.124939,telemetry_ack_sent,info,Ground acknowledged received telemetry,249,,,True,True,True,0,0,2,0,0,"{""payload"":""ACK,249""}"
2026-07-28T12:08:57.125457+00:00,1785240537.125457,telemetry_received,info,Received v8 telemetry sequence 249,249,-62,12.0,True,True,True,0,0,2,0,0,"{""crc_ok"":true,""flight_state"":""STANDBY"",""lost_packets_since_previous"":0,""packet_length"":92,""packet_type"":1,""protocol_version"":8}"
2026-07-28T12:09:07.415508+00:00,1785240547.415508,telemetry_ack_sent,info,Ground acknowledged received telemetry,250,,,True,True,True,0,0,2,0,0,"{""payload"":""ACK,250""}"
2026-07-28T12:09:07.415508+00:00,1785240547.415508,telemetry_received,info,Received v8 telemetry sequence 250,250,-63,12.25,True,True,True,0,0,2,0,0,"{""crc_ok"":true,""flight_state"":""STANDBY"",""lost_packets_since_previous"":0,""packet_length"":92,""packet_type"":1,""protocol_version"":8}"
2026-07-28T12:09:17.717268+00:00,1785240557.717268,telemetry_ack_sent,info,Ground acknowledged received telemetry,251,,,True,True,True,0,0,2,0,0,"{""payload"":""ACK,251""}"
2026-07-28T12:09:17.717268+00:00,1785240557.717268,telemetry_received,info,Received v8 telemetry sequence 251,251,-67,12.5,True,True,True,0,0,2,0,0,"{""crc_ok"":true,""flight_state"":""STANDBY"",""lost_packets_since_previous"":0,""packet_length"":92,""packet_type"":1,""protocol_version"":8}"
2026-07-28T12:09:28.104990+00:00,1785240568.10499,telemetry_ack_sent,info,Ground acknowledged received telemetry,252,,,True,True,True,0,0,2,0,0,"{""payload"":""ACK,252""}"
2026-07-28T12:09:28.104990+00:00,1785240568.10499,telemetry_received,info,Received v8 telemetry sequence 252,252,-62,12.25,True,True,True,0,0,2,0,0,"{""crc_ok"":true,""flight_state"":""STANDBY"",""lost_packets_since_previous"":0,""packet_length"":92,""packet_type"":1,""protocol_version"":8}"
2026-07-28T12:09:38.602741+00:00,1785240578.602741,telemetry_ack_sent,info,Ground acknowledged received telemetry,253,,,True,True,True,0,0,2,0,0,"{""payload"":""ACK,253""}"
2026-07-28T12:09:38.602741+00:00,1785240578.602741,telemetry_received,info,Received v8 telemetry sequence 253,253,-59,12.0,True,True,True,0,0,2,0,0,"{""crc_ok"":true,""flight_state"":""STANDBY"",""lost_packets_since_previous"":0,""packet_length"":92,""packet_type"":1,""protocol_version"":8}"
2026-07-28T12:09:49.185447+00:00,1785240589.185447,telemetry_ack_sent,info,Ground acknowledged received telemetry,254,,,True,True,True,0,0,2,0,0,"{""payload"":""ACK,254""}"
2026-07-28T12:09:49.185447+00:00,1785240589.185447,telemetry_received,info,Received v8 telemetry sequence 254,254,-55,12.25,True,True,True,0,0,2,0,0,"{""crc_ok"":true,""flight_state"":""STANDBY"",""lost_packets_since_previous"":0,""packet_length"":92,""packet_type"":1,""protocol_version"":8}"
2026-07-28T12:09:59.763238+00:00,1785240599.763238,telemetry_ack_sent,info,Ground acknowledged received telemetry,255,,,True,True,True,0,0,2,0,0,"{""payload"":""ACK,255""}"
2026-07-28T12:09:59.763238+00:00,1785240599.763238,telemetry_received,info,Received v8 telemetry sequence 255,255,-56,12.75,True,True,True,0,0,2,0,0,"{""crc_ok"":true,""flight_state"":""STANDBY"",""lost_packets_since_previous"":0,""packet_length"":92,""packet_type"":1,""protocol_version"":8}"
2026-07-28T12:10:10.196152+00:00,1785240610.196152,telemetry_ack_sent,info,Ground acknowledged received telemetry,256,,,True,True,True,0,0,2,0,0,"{""payload"":""ACK,256""}"
2026-07-28T12:10:10.197680+00:00,1785240610.19768,telemetry_received,info,Received v8 telemetry sequence 256,256,-57,12.25,True,True,True,0,0,2,0,0,"{""crc_ok"":true,""flight_state"":""STANDBY"",""lost_packets_since_previous"":0,""packet_length"":92,""packet_type"":1,""protocol_version"":8}"
2026-07-28T12:10:20.827346+00:00,1785240620.827346,telemetry_ack_sent,info,Ground acknowledged received telemetry,257,,,True,True,True,0,0,2,0,0,"{""payload"":""ACK,257""}"
2026-07-28T12:10:20.828455+00:00,1785240620.828455,telemetry_received,info,Received v8 telemetry sequence 257,257,-58,12.25,True,True,True,0,0,2,0,0,"{""crc_ok"":true,""flight_state"":""STANDBY"",""lost_packets_since_previous"":0,""packet_length"":92,""packet_type"":1,""protocol_version"":8}"
2026-07-28T12:10:31.124743+00:00,1785240631.124743,telemetry_ack_sent,info,Ground acknowledged received telemetry,258,,,True,True,True,0,0,2,0,0,"{""payload"":""ACK,258""}"
2026-07-28T12:10:31.125664+00:00,1785240631.125664,telemetry_received,info,Received v8 telemetry sequence 258,258,-55,11.0,True,True,True,0,0,2,0,0,"{""crc_ok"":true,""flight_state"":""STANDBY"",""lost_packets_since_previous"":0,""packet_length"":92,""packet_type"":1,""protocol_version"":8}"
2026-07-28T12:10:41.427522+00:00,1785240641.427522,telemetry_ack_sent,info,Ground acknowledged received telemetry,259,,,True,True,True,0,0,2,0,0,"{""payload"":""ACK,259""}"
2026-07-28T12:10:41.427522+00:00,1785240641.427522,telemetry_received,info,Received v8 telemetry sequence 259,259,-65,10.75,True,True,True,0,0,2,0,0,"{""crc_ok"":true,""flight_state"":""STANDBY"",""lost_packets_since_previous"":0,""packet_length"":92,""packet_type"":1,""protocol_version"":8}"
2026-07-28T12:10:51.716196+00:00,1785240651.716196,telemetry_ack_sent,info,Ground acknowledged received telemetry,260,,,True,True,True,0,0,2,0,0,"{""payload"":""ACK,260""}"
2026-07-28T12:10:51.716794+00:00,1785240651.716794,telemetry_received,info,Received v8 telemetry sequence 260,260,-61,12.0,True,True,True,0,0,2,0,0,"{""crc_ok"":true,""flight_state"":""STANDBY"",""lost_packets_since_previous"":0,""packet_length"":92,""packet_type"":1,""protocol_version"":8}"
2026-07-28T12:11:02.016262+00:00,1785240662.016262,telemetry_ack_sent,info,Ground acknowledged received telemetry,261,,,True,True,True,0,0,2,0,0,"{""payload"":""ACK,261""}"
2026-07-28T12:11:02.016262+00:00,1785240662.016262,telemetry_received,info,Received v8 telemetry sequence 261,261,-59,9.5,True,True,True,0,0,2,0,0,"{""crc_ok"":true,""flight_state"":""STANDBY"",""lost_packets_since_previous"":0,""packet_length"":92,""packet_type"":1,""protocol_version"":8}"
2026-07-28T12:11:12.358551+00:00,1785240672.358551,telemetry_ack_sent,info,Ground acknowledged received telemetry,262,,,True,True,True,0,0,2,0,0,"{""payload"":""ACK,262""}"
2026-07-28T12:11:12.359538+00:00,1785240672.359538,telemetry_received,info,Received v8 telemetry sequence 262,262,-60,11.75,True,True,True,0,0,2,0,0,"{""crc_ok"":true,""flight_state"":""STANDBY"",""lost_packets_since_previous"":0,""packet_length"":92,""packet_type"":1,""protocol_version"":8}"
2026-07-28T12:11:22.716226+00:00,1785240682.716226,telemetry_ack_sent,info,Ground acknowledged received telemetry,263,,,True,True,True,0,0,2,0,0,"{""payload"":""ACK,263""}"
2026-07-28T12:11:22.717350+00:00,1785240682.71735,telemetry_received,info,Received v8 telemetry sequence 263,263,-57,12.0,True,True,True,0,0,2,0,0,"{""crc_ok"":true,""flight_state"":""STANDBY"",""lost_packets_since_previous"":0,""packet_length"":92,""packet_type"":1,""protocol_version"":8}"
2026-07-28T12:11:33.039410+00:00,1785240693.03941,telemetry_ack_sent,info,Ground acknowledged received telemetry,264,,,True,True,True,0,0,2,0,0,"{""payload"":""ACK,264""}"
2026-07-28T12:11:33.039410+00:00,1785240693.03941,telemetry_received,info,Received v8 telemetry sequence 264,264,-60,11.75,True,True,True,0,0,2,0,0,"{""crc_ok"":true,""flight_state"":""STANDBY"",""lost_packets_since_previous"":0,""packet_length"":92,""packet_type"":1,""protocol_version"":8}"
2026-07-28T12:11:43.354946+00:00,1785240703.354946,telemetry_ack_sent,info,Ground acknowledged received telemetry,265,,,True,True,True,0,0,2,0,0,"{""payload"":""ACK,265""}"
2026-07-28T12:11:43.354946+00:00,1785240703.354946,telemetry_received,info,Received v8 telemetry sequence 265,265,-63,12.0,True,True,True,0,0,2,0,0,"{""crc_ok"":true,""flight_state"":""STANDBY"",""lost_packets_since_previous"":0,""packet_length"":92,""packet_type"":1,""protocol_version"":8}"
2026-07-28T12:11:53.658405+00:00,1785240713.658405,telemetry_ack_sent,info,Ground acknowledged received telemetry,266,,,True,True,True,0,0,2,0,0,"{""payload"":""ACK,266""}"
2026-07-28T12:11:53.658405+00:00,1785240713.658405,telemetry_received,info,Received v8 telemetry sequence 266,266,-62,12.25,True,True,True,0,0,2,0,0,"{""crc_ok"":true,""flight_state"":""STANDBY"",""lost_packets_since_previous"":0,""packet_length"":92,""packet_type"":1,""protocol_version"":8}"
2026-07-28T12:12:03.945175+00:00,1785240723.945175,telemetry_ack_sent,info,Ground acknowledged received telemetry,267,,,True,True,True,0,0,2,0,0,"{""payload"":""ACK,267""}"
2026-07-28T12:12:03.945175+00:00,1785240723.945175,telemetry_received,info,Received v8 telemetry sequence 267,267,-59,12.25,True,True,True,0,0,2,0,0,"{""crc_ok"":true,""flight_state"":""STANDBY"",""lost_packets_since_previous"":0,""packet_length"":92,""packet_type"":1,""protocol_version"":8}"
2026-07-28T12:12:14.236063+00:00,1785240734.236063,telemetry_ack_sent,info,Ground acknowledged received telemetry,268,,,True,True,True,0,0,2,0,0,"{""payload"":""ACK,268""}"
2026-07-28T12:12:14.236063+00:00,1785240734.236063,telemetry_received,info,Received v8 telemetry sequence 268,268,-63,11.75,True,True,True,0,0,2,0,0,"{""crc_ok"":true,""flight_state"":""STANDBY"",""lost_packets_since_previous"":0,""packet_length"":92,""packet_type"":1,""protocol_version"":8}"
2026-07-28T12:12:24.545486+00:00,1785240744.545486,telemetry_ack_sent,info,Ground acknowledged received telemetry,269,,,True,True,True,0,0,2,0,0,"{""payload"":""ACK,269""}"
2026-07-28T12:12:24.546505+00:00,1785240744.546505,telemetry_received,info,Received v8 telemetry sequence 269,269,-66,11.5,True,True,True,0,0,2,0,0,"{""crc_ok"":true,""flight_state"":""STANDBY"",""lost_packets_since_previous"":0,""packet_length"":92,""packet_type"":1,""protocol_version"":8}"
2026-07-28T12:12:34.885865+00:00,1785240754.885865,telemetry_ack_sent,info,Ground acknowledged received telemetry,270,,,True,True,True,0,0,2,0,0,"{""payload"":""ACK,270""}"
2026-07-28T12:12:34.888435+00:00,1785240754.888435,telemetry_received,info,Received v8 telemetry sequence 270,270,-67,12.75,True,True,True,0,0,2,0,0,"{""crc_ok"":true,""flight_state"":""STANDBY"",""lost_packets_since_previous"":0,""packet_length"":92,""packet_type"":1,""protocol_version"":8}"
2026-07-28T12:12:45.179362+00:00,1785240765.179362,telemetry_ack_sent,info,Ground acknowledged received telemetry,271,,,True,True,True,0,0,2,0,0,"{""payload"":""ACK,271""}"
2026-07-28T12:12:45.180444+00:00,1785240765.180444,telemetry_received,info,Received v8 telemetry sequence 271,271,-68,12.0,True,True,True,0,0,2,0,0,"{""crc_ok"":true,""flight_state"":""STANDBY"",""lost_packets_since_previous"":0,""packet_length"":92,""packet_type"":1,""protocol_version"":8}"
2026-07-28T12:12:55.465869+00:00,1785240775.465869,telemetry_ack_sent,info,Ground acknowledged received telemetry,272,,,True,True,True,0,0,2,0,0,"{""payload"":""ACK,272""}"
2026-07-28T12:12:55.465869+00:00,1785240775.465869,telemetry_received,info,Received v8 telemetry sequence 272,272,-67,12.5,True,True,True,0,0,2,0,0,"{""crc_ok"":true,""flight_state"":""STANDBY"",""lost_packets_since_previous"":0,""packet_length"":92,""packet_type"":1,""protocol_version"":8}"
2026-07-28T12:13:05.775206+00:00,1785240785.775206,telemetry_ack_sent,info,Ground acknowledged received telemetry,273,,,True,True,True,0,0,2,0,0,"{""payload"":""ACK,273""}"
2026-07-28T12:13:05.775206+00:00,1785240785.775206,telemetry_received,info,Received v8 telemetry sequence 273,273,-67,12.0,True,True,True,0,0,2,0,0,"{""crc_ok"":true,""flight_state"":""STANDBY"",""lost_packets_since_previous"":0,""packet_length"":92,""packet_type"":1,""protocol_version"":8}"
2026-07-28T12:13:16.079654+00:00,1785240796.079654,telemetry_ack_sent,info,Ground acknowledged received telemetry,274,,,True,True,True,0,0,2,0,0,"{""payload"":""ACK,274""}"
2026-07-28T12:13:16.079654+00:00,1785240796.079654,telemetry_received,info,Received v8 telemetry sequence 274,274,-62,12.0,True,True,True,0,0,2,0,0,"{""crc_ok"":true,""flight_state"":""STANDBY"",""lost_packets_since_previous"":0,""packet_length"":92,""packet_type"":1,""protocol_version"":8}"
2026-07-28T12:13:26.641669+00:00,1785240806.641669,telemetry_ack_sent,info,Ground acknowledged received telemetry,275,,,True,True,True,0,0,2,0,0,"{""payload"":""ACK,275""}"
2026-07-28T12:13:26.642207+00:00,1785240806.642207,telemetry_received,info,Received v8 telemetry sequence 275,275,-60,11.75,True,True,True,0,0,2,0,0,"{""crc_ok"":true,""flight_state"":""STANDBY"",""lost_packets_since_previous"":0,""packet_length"":92,""packet_type"":1,""protocol_version"":8}"
2026-07-28T12:13:36.660818+00:00,1785240816.660818,telemetry_ack_sent,info,Ground acknowledged received telemetry,276,,,True,True,True,0,0,2,0,0,"{""payload"":""ACK,276""}"
2026-07-28T12:13:36.660818+00:00,1785240816.660818,telemetry_received,info,Received v8 telemetry sequence 276,276,-61,12.75,True,True,True,0,0,2,0,0,"{""crc_ok"":true,""flight_state"":""STANDBY"",""lost_packets_since_previous"":0,""packet_length"":92,""packet_type"":1,""protocol_version"":8}"
2026-07-28T12:13:46.968421+00:00,1785240826.968421,telemetry_ack_sent,info,Ground acknowledged received telemetry,277,,,True,True,True,0,0,2,0,0,"{""payload"":""ACK,277""}"
2026-07-28T12:13:46.969631+00:00,1785240826.969631,telemetry_received,info,Received v8 telemetry sequence 277,277,-64,12.0,True,True,True,0,0,2,0,0,"{""crc_ok"":true,""flight_state"":""STANDBY"",""lost_packets_since_previous"":0,""packet_length"":92,""packet_type"":1,""protocol_version"":8}"
2026-07-28T12:13:57.282827+00:00,1785240837.282827,telemetry_ack_sent,info,Ground acknowledged received telemetry,278,,,True,True,True,0,0,2,0,0,"{""payload"":""ACK,278""}"
2026-07-28T12:13:57.282827+00:00,1785240837.282827,telemetry_received,info,Received v8 telemetry sequence 278,278,-67,12.25,True,True,True,0,0,2,0,0,"{""crc_ok"":true,""flight_state"":""STANDBY"",""lost_packets_since_previous"":0,""packet_length"":92,""packet_type"":1,""protocol_version"":8}"
2026-07-28T12:14:07.552941+00:00,1785240847.552941,telemetry_ack_sent,info,Ground acknowledged received telemetry,279,,,True,True,True,0,0,2,0,0,"{""payload"":""ACK,279""}"
2026-07-28T12:14:07.552941+00:00,1785240847.552941,telemetry_received,info,Received v8 telemetry sequence 279,279,-73,12.25,True,True,True,0,0,2,0,0,"{""crc_ok"":true,""flight_state"":""STANDBY"",""lost_packets_since_previous"":0,""packet_length"":92,""packet_type"":1,""protocol_version"":8}"
2026-07-28T12:14:17.839298+00:00,1785240857.839298,telemetry_ack_sent,info,Ground acknowledged received telemetry,280,,,True,True,True,0,0,2,0,0,"{""payload"":""ACK,280""}"
2026-07-28T12:14:17.839298+00:00,1785240857.839298,telemetry_received,info,Received v8 telemetry sequence 280,280,-74,12.25,True,True,True,0,0,2,0,0,"{""crc_ok"":true,""flight_state"":""STANDBY"",""lost_packets_since_previous"":0,""packet_length"":92,""packet_type"":1,""protocol_version"":8}"
2026-07-28T12:14:28.148732+00:00,1785240868.148732,telemetry_ack_sent,info,Ground acknowledged received telemetry,281,,,True,True,True,0,0,2,0,0,"{""payload"":""ACK,281""}"
2026-07-28T12:14:28.148732+00:00,1785240868.148732,telemetry_received,info,Received v8 telemetry sequence 281,281,-71,10.75,True,True,True,0,0,2,0,0,"{""crc_ok"":true,""flight_state"":""STANDBY"",""lost_packets_since_previous"":0,""packet_length"":92,""packet_type"":1,""protocol_version"":8}"
2026-07-28T12:14:38.451165+00:00,1785240878.451165,telemetry_ack_sent,info,Ground acknowledged received telemetry,282,,,True,True,True,0,0,2,0,0,"{""payload"":""ACK,282""}"
2026-07-28T12:14:38.451702+00:00,1785240878.451702,telemetry_received,info,Received v8 telemetry sequence 282,282,-71,12.0,True,True,True,0,0,2,0,0,"{""crc_ok"":true,""flight_state"":""STANDBY"",""lost_packets_since_previous"":0,""packet_length"":92,""packet_type"":1,""protocol_version"":8}"
2026-07-28T12:14:48.870073+00:00,1785240888.870073,telemetry_ack_sent,info,Ground acknowledged received telemetry,283,,,True,True,True,0,0,2,0,0,"{""payload"":""ACK,283""}"
2026-07-28T12:14:48.871148+00:00,1785240888.871148,telemetry_received,info,Received v8 telemetry sequence 283,283,-69,12.25,True,True,True,0,0,2,0,0,"{""crc_ok"":true,""flight_state"":""STANDBY"",""lost_packets_since_previous"":0,""packet_length"":92,""packet_type"":1,""protocol_version"":8}"
2026-07-28T12:14:59.282283+00:00,1785240899.282283,telemetry_ack_sent,info,Ground acknowledged received telemetry,284,,,True,True,True,0,0,2,0,0,"{""payload"":""ACK,284""}"
2026-07-28T12:14:59.283248+00:00,1785240899.283248,telemetry_received,info,Received v8 telemetry sequence 284,284,-60,12.0,True,True,True,0,0,2,0,0,"{""crc_ok"":true,""flight_state"":""STANDBY"",""lost_packets_since_previous"":0,""packet_length"":92,""packet_type"":1,""protocol_version"":8}"
2026-07-28T12:15:09.575407+00:00,1785240909.575407,telemetry_ack_sent,info,Ground acknowledged received telemetry,285,,,True,True,True,0,0,2,0,0,"{""payload"":""ACK,285""}"
2026-07-28T12:15:09.575407+00:00,1785240909.575407,telemetry_received,info,Received v8 telemetry sequence 285,285,-64,12.5,True,True,True,0,0,2,0,0,"{""crc_ok"":true,""flight_state"":""STANDBY"",""lost_packets_since_previous"":0,""packet_length"":92,""packet_type"":1,""protocol_version"":8}"
2026-07-28T12:15:19.971385+00:00,1785240919.971385,telemetry_ack_sent,info,Ground acknowledged received telemetry,286,,,True,True,True,0,0,2,0,0,"{""payload"":""ACK,286""}"
2026-07-28T12:15:19.971385+00:00,1785240919.971385,telemetry_received,info,Received v8 telemetry sequence 286,286,-62,12.0,True,True,True,0,0,2,0,0,"{""crc_ok"":true,""flight_state"":""STANDBY"",""lost_packets_since_previous"":0,""packet_length"":92,""packet_type"":1,""protocol_version"":8}"
2026-07-28T12:15:30.564222+00:00,1785240930.564222,telemetry_ack_sent,info,Ground acknowledged received telemetry,287,,,True,True,True,0,0,2,0,0,"{""payload"":""ACK,287""}"
2026-07-28T12:15:30.564222+00:00,1785240930.564222,telemetry_received,info,Received v8 telemetry sequence 287,287,-59,12.25,True,True,True,0,0,2,0,0,"{""crc_ok"":true,""flight_state"":""STANDBY"",""lost_packets_since_previous"":0,""packet_length"":92,""packet_type"":1,""protocol_version"":8}"
2026-07-28T12:15:41.045926+00:00,1785240941.045926,telemetry_ack_sent,info,Ground acknowledged received telemetry,288,,,True,True,True,0,0,2,0,0,"{""payload"":""ACK,288""}"
2026-07-28T12:15:41.045926+00:00,1785240941.045926,telemetry_received,info,Received v8 telemetry sequence 288,288,-72,11.5,True,True,True,0,0,2,0,0,"{""crc_ok"":true,""flight_state"":""STANDBY"",""lost_packets_since_previous"":0,""packet_length"":92,""packet_type"":1,""protocol_version"":8}"
2026-07-28T12:15:51.354764+00:00,1785240951.354764,telemetry_ack_sent,info,Ground acknowledged received telemetry,289,,,True,True,True,0,0,2,0,0,"{""payload"":""ACK,289""}"
2026-07-28T12:15:51.354764+00:00,1785240951.354764,telemetry_received,info,Received v8 telemetry sequence 289,289,-67,12.5,True,True,True,0,0,2,0,0,"{""crc_ok"":true,""flight_state"":""STANDBY"",""lost_packets_since_previous"":0,""packet_length"":92,""packet_type"":1,""protocol_version"":8}"
2026-07-28T12:16:01.651777+00:00,1785240961.651777,telemetry_ack_sent,info,Ground acknowledged received telemetry,290,,,True,True,True,0,0,2,0,0,"{""payload"":""ACK,290""}"
2026-07-28T12:16:01.652810+00:00,1785240961.65281,telemetry_received,info,Received v8 telemetry sequence 290,290,-61,11.25,True,True,True,0,0,2,0,0,"{""crc_ok"":true,""flight_state"":""STANDBY"",""lost_packets_since_previous"":0,""packet_length"":92,""packet_type"":1,""protocol_version"":8}"
2026-07-28T12:16:02.753800+00:00,1785240962.7538,dashboard_disconnected,info,Dashboard WebSocket disconnected,,,,True,True,True,0,0,2,0,0,"{""active_connections"":1,""client_host"":""2001:4ca0:e:49:497f:7e9e:10d2:4248"",""client_port"":0}"
2026-07-28T12:16:05.164013+00:00,1785240965.164013,dashboard_connected,info,Dashboard WebSocket connected,,,,True,True,True,0,0,2,0,0,"{""active_connections"":2,""client_host"":""2001:4ca0:e:49:497f:7e9e:10d2:4248"",""client_port"":0}"
2026-07-28T12:16:11.955475+00:00,1785240971.955475,telemetry_ack_sent,info,Ground acknowledged received telemetry,291,,,True,True,True,0,0,2,0,0,"{""payload"":""ACK,291""}"
2026-07-28T12:16:11.955475+00:00,1785240971.955475,telemetry_received,info,Received v8 telemetry sequence 291,291,-61,12.25,True,True,True,0,0,2,0,0,"{""crc_ok"":true,""flight_state"":""STANDBY"",""lost_packets_since_previous"":0,""packet_length"":92,""packet_type"":1,""protocol_version"":8}"
2026-07-28T12:16:22.269676+00:00,1785240982.269676,telemetry_ack_sent,info,Ground acknowledged received telemetry,292,,,True,True,True,0,0,2,0,0,"{""payload"":""ACK,292""}"
2026-07-28T12:16:22.269676+00:00,1785240982.269676,telemetry_received,info,Received v8 telemetry sequence 292,292,-60,11.5,True,True,True,0,0,2,0,0,"{""crc_ok"":true,""flight_state"":""STANDBY"",""lost_packets_since_previous"":0,""packet_length"":92,""packet_type"":1,""protocol_version"":8}"
2026-07-28T12:16:32.833868+00:00,1785240992.833868,telemetry_ack_sent,info,Ground acknowledged received telemetry,293,,,True,True,True,0,0,2,0,0,"{""payload"":""ACK,293""}"
2026-07-28T12:16:32.833868+00:00,1785240992.833868,telemetry_received,info,Received v8 telemetry sequence 293,293,-62,12.0,True,True,True,0,0,2,0,0,"{""crc_ok"":true,""flight_state"":""STANDBY"",""lost_packets_since_previous"":0,""packet_length"":92,""packet_type"":1,""protocol_version"":8}"
2026-07-28T12:16:38.006565+00:00,1785240998.006565,dashboard_connected,info,Dashboard WebSocket connected,,,,True,True,True,0,0,2,0,0,"{""active_connections"":3,""client_host"":""2001:4ca0:0:f296:bdd7:7b0d:8f90:f259"",""client_port"":0}"
2026-07-28T12:16:43.282974+00:00,1785241003.282974,telemetry_ack_sent,info,Ground acknowledged received telemetry,294,,,True,True,True,0,0,2,0,0,"{""payload"":""ACK,294""}"
2026-07-28T12:16:43.284183+00:00,1785241003.284183,telemetry_received,info,Received v8 telemetry sequence 294,294,-60,12.0,True,True,True,0,0,2,0,0,"{""crc_ok"":true,""flight_state"":""STANDBY"",""lost_packets_since_previous"":0,""packet_length"":92,""packet_type"":1,""protocol_version"":8}"
2026-07-28T12:16:53.586201+00:00,1785241013.586201,telemetry_ack_sent,info,Ground acknowledged received telemetry,295,,,True,True,True,0,0,2,0,0,"{""payload"":""ACK,295""}"
2026-07-28T12:16:53.586201+00:00,1785241013.586201,telemetry_received,info,Received v8 telemetry sequence 295,295,-61,12.25,True,True,True,0,0,2,0,0,"{""crc_ok"":true,""flight_state"":""STANDBY"",""lost_packets_since_previous"":0,""packet_length"":92,""packet_type"":1,""protocol_version"":8}"
2026-07-28T12:17:03.942292+00:00,1785241023.942292,telemetry_ack_sent,info,Ground acknowledged received telemetry,296,,,True,True,True,0,0,2,0,0,"{""payload"":""ACK,296""}"
2026-07-28T12:17:03.942292+00:00,1785241023.942292,telemetry_received,info,Received v8 telemetry sequence 296,296,-63,12.25,True,True,True,0,0,2,0,0,"{""crc_ok"":true,""flight_state"":""STANDBY"",""lost_packets_since_previous"":0,""packet_length"":92,""packet_type"":1,""protocol_version"":8}"
2026-07-28T12:17:14.528534+00:00,1785241034.528534,telemetry_ack_sent,info,Ground acknowledged received telemetry,297,,,True,True,True,0,0,2,0,0,"{""payload"":""ACK,297""}"
2026-07-28T12:17:14.528534+00:00,1785241034.528534,telemetry_received,info,Received v8 telemetry sequence 297,297,-60,11.75,True,True,True,0,0,2,0,0,"{""crc_ok"":true,""flight_state"":""STANDBY"",""lost_packets_since_previous"":0,""packet_length"":92,""packet_type"":1,""protocol_version"":8}"
2026-07-28T12:17:25.064203+00:00,1785241045.064203,telemetry_ack_sent,info,Ground acknowledged received telemetry,298,,,True,True,True,0,0,2,0,0,"{""payload"":""ACK,298""}"
2026-07-28T12:17:25.065433+00:00,1785241045.065433,telemetry_received,info,Received v8 telemetry sequence 298,298,-75,12.25,True,True,True,0,0,2,0,0,"{""crc_ok"":true,""flight_state"":""STANDBY"",""lost_packets_since_previous"":0,""packet_length"":92,""packet_type"":1,""protocol_version"":8}"
2026-07-28T12:17:35.356813+00:00,1785241055.356813,telemetry_ack_sent,info,Ground acknowledged received telemetry,299,,,True,True,True,0,0,2,0,0,"{""payload"":""ACK,299""}"
2026-07-28T12:17:35.356813+00:00,1785241055.356813,telemetry_received,info,Received v8 telemetry sequence 299,299,-55,12.5,True,True,True,0,0,2,0,0,"{""crc_ok"":true,""flight_state"":""STANDBY"",""lost_packets_since_previous"":0,""packet_length"":92,""packet_type"":1,""protocol_version"":8}"
2026-07-28T12:17:38.050603+00:00,1785241058.050603,dashboard_disconnected,info,Dashboard WebSocket disconnected,,,,True,True,True,0,0,2,0,0,"{""active_connections"":2,""client_host"":""2001:4ca0:0:f296:bdd7:7b0d:8f90:f259"",""client_port"":0}"
2026-07-28T12:17:45.667344+00:00,1785241065.667344,telemetry_ack_sent,info,Ground acknowledged received telemetry,300,,,True,True,True,0,0,2,0,0,"{""payload"":""ACK,300""}"
2026-07-28T12:17:45.667344+00:00,1785241065.667344,telemetry_received,info,Received v8 telemetry sequence 300,300,-59,11.5,True,True,True,0,0,2,0,0,"{""crc_ok"":true,""flight_state"":""STANDBY"",""lost_packets_since_previous"":0,""packet_length"":92,""packet_type"":1,""protocol_version"":8}"
2026-07-28T12:17:55.958822+00:00,1785241075.958822,telemetry_ack_sent,info,Ground acknowledged received telemetry,301,,,True,True,True,0,0,2,0,0,"{""payload"":""ACK,301""}"
2026-07-28T12:17:55.958822+00:00,1785241075.958822,telemetry_received,info,Received v8 telemetry sequence 301,301,-61,11.75,True,True,True,0,0,2,0,0,"{""crc_ok"":true,""flight_state"":""STANDBY"",""lost_packets_since_previous"":0,""packet_length"":92,""packet_type"":1,""protocol_version"":8}"
2026-07-28T12:18:06.252480+00:00,1785241086.25248,telemetry_ack_sent,info,Ground acknowledged received telemetry,302,,,True,True,True,0,0,2,0,0,"{""payload"":""ACK,302""}"
2026-07-28T12:18:06.252480+00:00,1785241086.25248,telemetry_received,info,Received v8 telemetry sequence 302,302,-59,12.0,True,True,True,0,0,2,0,0,"{""crc_ok"":true,""flight_state"":""STANDBY"",""lost_packets_since_previous"":0,""packet_length"":92,""packet_type"":1,""protocol_version"":8}"
2026-07-28T12:18:16.570698+00:00,1785241096.570698,telemetry_ack_sent,info,Ground acknowledged received telemetry,303,,,True,True,True,0,0,2,0,0,"{""payload"":""ACK,303""}"
2026-07-28T12:18:16.570698+00:00,1785241096.570698,telemetry_received,info,Received v8 telemetry sequence 303,303,-62,11.75,True,True,True,0,0,2,0,0,"{""crc_ok"":true,""flight_state"":""STANDBY"",""lost_packets_since_previous"":0,""packet_length"":92,""packet_type"":1,""protocol_version"":8}"
2026-07-28T12:18:26.856761+00:00,1785241106.856761,telemetry_ack_sent,info,Ground acknowledged received telemetry,304,,,True,True,True,0,0,2,0,0,"{""payload"":""ACK,304""}"
2026-07-28T12:18:26.856761+00:00,1785241106.856761,telemetry_received,info,Received v8 telemetry sequence 304,304,-67,12.0,True,True,True,0,0,2,0,0,"{""crc_ok"":true,""flight_state"":""STANDBY"",""lost_packets_since_previous"":0,""packet_length"":92,""packet_type"":1,""protocol_version"":8}"
2026-07-28T12:18:37.160242+00:00,1785241117.160242,telemetry_ack_sent,info,Ground acknowledged received telemetry,305,,,True,True,True,0,0,2,0,0,"{""payload"":""ACK,305""}"
2026-07-28T12:18:37.160242+00:00,1785241117.160242,telemetry_received,info,Received v8 telemetry sequence 305,305,-61,11.75,True,True,True,0,0,2,0,0,"{""crc_ok"":true,""flight_state"":""STANDBY"",""lost_packets_since_previous"":0,""packet_length"":92,""packet_type"":1,""protocol_version"":8}"
2026-07-28T12:18:47.456996+00:00,1785241127.456996,telemetry_ack_sent,info,Ground acknowledged received telemetry,306,,,True,True,True,0,0,2,0,0,"{""payload"":""ACK,306""}"
2026-07-28T12:18:47.456996+00:00,1785241127.456996,telemetry_received,info,Received v8 telemetry sequence 306,306,-63,12.5,True,True,True,0,0,2,0,0,"{""crc_ok"":true,""flight_state"":""STANDBY"",""lost_packets_since_previous"":0,""packet_length"":92,""packet_type"":1,""protocol_version"":8}"
2026-07-28T12:18:57.755452+00:00,1785241137.755452,telemetry_ack_sent,info,Ground acknowledged received telemetry,307,,,True,True,True,0,0,2,0,0,"{""payload"":""ACK,307""}"
2026-07-28T12:18:57.755452+00:00,1785241137.755452,telemetry_received,info,Received v8 telemetry sequence 307,307,-60,10.5,True,True,True,0,0,2,0,0,"{""crc_ok"":true,""flight_state"":""STANDBY"",""lost_packets_since_previous"":0,""packet_length"":92,""packet_type"":1,""protocol_version"":8}"
2026-07-28T12:19:08.051812+00:00,1785241148.051812,telemetry_ack_sent,info,Ground acknowledged received telemetry,308,,,True,True,True,0,0,2,0,0,"{""payload"":""ACK,308""}"
2026-07-28T12:19:08.051812+00:00,1785241148.051812,telemetry_received,info,Received v8 telemetry sequence 308,308,-62,12.0,True,True,True,0,0,2,0,0,"{""crc_ok"":true,""flight_state"":""STANDBY"",""lost_packets_since_previous"":0,""packet_length"":92,""packet_type"":1,""protocol_version"":8}"
2026-07-28T12:19:18.352936+00:00,1785241158.352936,telemetry_ack_sent,info,Ground acknowledged received telemetry,309,,,True,True,True,0,0,2,0,0,"{""payload"":""ACK,309""}"
2026-07-28T12:19:18.352936+00:00,1785241158.352936,telemetry_received,info,Received v8 telemetry sequence 309,309,-58,12.0,True,True,True,0,0,2,0,0,"{""crc_ok"":true,""flight_state"":""STANDBY"",""lost_packets_since_previous"":0,""packet_length"":92,""packet_type"":1,""protocol_version"":8}"
2026-07-28T12:19:28.636116+00:00,1785241168.636116,telemetry_ack_sent,info,Ground acknowledged received telemetry,310,,,True,True,True,0,0,2,0,0,"{""payload"":""ACK,310""}"
2026-07-28T12:19:28.636116+00:00,1785241168.636116,telemetry_received,info,Received v8 telemetry sequence 310,310,-60,12.0,True,True,True,0,0,2,0,0,"{""crc_ok"":true,""flight_state"":""STANDBY"",""lost_packets_since_previous"":0,""packet_length"":92,""packet_type"":1,""protocol_version"":8}"
2026-07-28T12:19:38.936088+00:00,1785241178.936088,telemetry_ack_sent,info,Ground acknowledged received telemetry,311,,,True,True,True,0,0,2,0,0,"{""payload"":""ACK,311""}"
2026-07-28T12:19:38.937110+00:00,1785241178.93711,telemetry_received,info,Received v8 telemetry sequence 311,311,-65,12.0,True,True,True,0,0,2,0,0,"{""crc_ok"":true,""flight_state"":""STANDBY"",""lost_packets_since_previous"":0,""packet_length"":92,""packet_type"":1,""protocol_version"":8}"
2026-07-28T12:19:49.239328+00:00,1785241189.239328,telemetry_ack_sent,info,Ground acknowledged received telemetry,312,,,True,True,True,0,0,2,0,0,"{""payload"":""ACK,312""}"
2026-07-28T12:19:49.239328+00:00,1785241189.239328,telemetry_received,info,Received v8 telemetry sequence 312,312,-63,12.5,True,True,True,0,0,2,0,0,"{""crc_ok"":true,""flight_state"":""STANDBY"",""lost_packets_since_previous"":0,""packet_length"":92,""packet_type"":1,""protocol_version"":8}"
2026-07-28T12:19:59.527152+00:00,1785241199.527152,telemetry_ack_sent,info,Ground acknowledged received telemetry,313,,,True,True,True,0,0,2,0,0,"{""payload"":""ACK,313""}"
2026-07-28T12:19:59.527152+00:00,1785241199.527152,telemetry_received,info,Received v8 telemetry sequence 313,313,-59,11.75,True,True,True,0,0,2,0,0,"{""crc_ok"":true,""flight_state"":""STANDBY"",""lost_packets_since_previous"":0,""packet_length"":92,""packet_type"":1,""protocol_version"":8}"
2026-07-28T12:20:09.843050+00:00,1785241209.84305,telemetry_ack_sent,info,Ground acknowledged received telemetry,314,,,True,True,True,0,0,2,0,0,"{""payload"":""ACK,314""}"
2026-07-28T12:20:09.843050+00:00,1785241209.84305,telemetry_received,info,Received v8 telemetry sequence 314,314,-62,12.5,True,True,True,0,0,2,0,0,"{""crc_ok"":true,""flight_state"":""STANDBY"",""lost_packets_since_previous"":0,""packet_length"":92,""packet_type"":1,""protocol_version"":8}"
2026-07-28T12:20:20.134354+00:00,1785241220.134354,telemetry_ack_sent,info,Ground acknowledged received telemetry,315,,,True,True,True,0,0,2,0,0,"{""payload"":""ACK,315""}"
2026-07-28T12:20:20.134354+00:00,1785241220.134354,telemetry_received,info,Received v8 telemetry sequence 315,315,-82,11.75,True,True,True,0,0,2,0,0,"{""crc_ok"":true,""flight_state"":""STANDBY"",""lost_packets_since_previous"":0,""packet_length"":92,""packet_type"":1,""protocol_version"":8}"
2026-07-28T12:20:30.651552+00:00,1785241230.651552,telemetry_ack_sent,info,Ground acknowledged received telemetry,316,,,True,True,True,0,0,2,0,0,"{""payload"":""ACK,316""}"
2026-07-28T12:20:30.651552+00:00,1785241230.651552,telemetry_received,info,Received v8 telemetry sequence 316,316,-58,12.0,True,True,True,0,0,2,0,0,"{""crc_ok"":true,""flight_state"":""STANDBY"",""lost_packets_since_previous"":0,""packet_length"":92,""packet_type"":1,""protocol_version"":8}"
2026-07-28T12:20:40.945317+00:00,1785241240.945317,telemetry_ack_sent,info,Ground acknowledged received telemetry,317,,,True,True,True,0,0,2,0,0,"{""payload"":""ACK,317""}"
2026-07-28T12:20:40.945880+00:00,1785241240.94588,telemetry_received,info,Received v8 telemetry sequence 317,317,-65,11.5,True,True,True,0,0,2,0,0,"{""crc_ok"":true,""flight_state"":""STANDBY"",""lost_packets_since_previous"":0,""packet_length"":92,""packet_type"":1,""protocol_version"":8}"
2026-07-28T12:20:51.264208+00:00,1785241251.264208,telemetry_ack_sent,info,Ground acknowledged received telemetry,318,,,True,True,True,0,0,2,0,0,"{""payload"":""ACK,318""}"
2026-07-28T12:20:51.264208+00:00,1785241251.264208,telemetry_received,info,Received v8 telemetry sequence 318,318,-61,12.25,True,True,True,0,0,2,0,0,"{""crc_ok"":true,""flight_state"":""STANDBY"",""lost_packets_since_previous"":0,""packet_length"":92,""packet_type"":1,""protocol_version"":8}"
2026-07-28T12:21:01.626277+00:00,1785241261.626277,telemetry_ack_sent,info,Ground acknowledged received telemetry,319,,,True,True,True,0,0,2,0,0,"{""payload"":""ACK,319""}"
2026-07-28T12:21:01.626277+00:00,1785241261.626277,telemetry_received,info,Received v8 telemetry sequence 319,319,-62,11.75,True,True,True,0,0,2,0,0,"{""crc_ok"":true,""flight_state"":""STANDBY"",""lost_packets_since_previous"":0,""packet_length"":92,""packet_type"":1,""protocol_version"":8}"
2026-07-28T12:21:11.840416+00:00,1785241271.840416,telemetry_ack_sent,info,Ground acknowledged received telemetry,320,,,True,True,True,0,0,2,0,0,"{""payload"":""ACK,320""}"
2026-07-28T12:21:11.840416+00:00,1785241271.840416,telemetry_received,info,Received v8 telemetry sequence 320,320,-61,12.0,True,True,True,0,0,2,0,0,"{""crc_ok"":true,""flight_state"":""STANDBY"",""lost_packets_since_previous"":0,""packet_length"":92,""packet_type"":1,""protocol_version"":8}"
2026-07-28T12:21:22.134036+00:00,1785241282.134036,telemetry_ack_sent,info,Ground acknowledged received telemetry,321,,,True,True,True,0,0,2,0,0,"{""payload"":""ACK,321""}"
2026-07-28T12:21:22.134036+00:00,1785241282.134036,telemetry_received,info,Received v8 telemetry sequence 321,321,-80,11.25,True,True,True,0,0,2,0,0,"{""crc_ok"":true,""flight_state"":""STANDBY"",""lost_packets_since_previous"":0,""packet_length"":92,""packet_type"":1,""protocol_version"":8}"
2026-07-28T12:21:32.682669+00:00,1785241292.682669,telemetry_ack_sent,info,Ground acknowledged received telemetry,322,,,True,True,True,0,0,2,0,0,"{""payload"":""ACK,322""}"
2026-07-28T12:21:32.682669+00:00,1785241292.682669,telemetry_received,info,Received v8 telemetry sequence 322,322,-71,12.0,True,True,True,0,0,2,0,0,"{""crc_ok"":true,""flight_state"":""STANDBY"",""lost_packets_since_previous"":0,""packet_length"":92,""packet_type"":1,""protocol_version"":8}"
2026-07-28T12:21:42.982055+00:00,1785241302.982055,telemetry_ack_sent,info,Ground acknowledged received telemetry,323,,,True,True,True,0,0,2,0,0,"{""payload"":""ACK,323""}"
2026-07-28T12:21:42.982055+00:00,1785241302.982055,telemetry_received,info,Received v8 telemetry sequence 323,323,-62,12.25,True,True,True,0,0,2,0,0,"{""crc_ok"":true,""flight_state"":""STANDBY"",""lost_packets_since_previous"":0,""packet_length"":92,""packet_type"":1,""protocol_version"":8}"
2026-07-28T12:21:53.257909+00:00,1785241313.257909,telemetry_ack_sent,info,Ground acknowledged received telemetry,324,,,True,True,True,0,0,2,0,0,"{""payload"":""ACK,324""}"
2026-07-28T12:21:53.257909+00:00,1785241313.257909,telemetry_received,info,Received v8 telemetry sequence 324,324,-62,12.0,True,True,True,0,0,2,0,0,"{""crc_ok"":true,""flight_state"":""STANDBY"",""lost_packets_since_previous"":0,""packet_length"":92,""packet_type"":1,""protocol_version"":8}"
2026-07-28T12:21:56.150061+00:00,1785241316.150061,dashboard_connected,info,Dashboard WebSocket connected,,,,True,True,True,0,0,2,0,0,"{""active_connections"":3,""client_host"":""2001:4ca0:0:f296:bdd7:7b0d:8f90:f259"",""client_port"":0}"
2026-07-28T12:22:03.764514+00:00,1785241323.764514,telemetry_ack_sent,info,Ground acknowledged received telemetry,325,,,True,True,True,0,0,2,0,0,"{""payload"":""ACK,325""}"
2026-07-28T12:22:03.764514+00:00,1785241323.764514,telemetry_received,info,Received v8 telemetry sequence 325,325,-60,11.0,True,True,True,0,0,2,0,0,"{""crc_ok"":true,""flight_state"":""STANDBY"",""lost_packets_since_previous"":0,""packet_length"":92,""packet_type"":1,""protocol_version"":8}"
2026-07-28T12:22:14.264821+00:00,1785241334.264821,telemetry_ack_sent,info,Ground acknowledged received telemetry,326,,,True,True,True,0,0,2,0,0,"{""payload"":""ACK,326""}"
2026-07-28T12:22:14.264821+00:00,1785241334.264821,telemetry_received,info,Received v8 telemetry sequence 326,326,-57,11.75,True,True,True,0,0,2,0,0,"{""crc_ok"":true,""flight_state"":""STANDBY"",""lost_packets_since_previous"":0,""packet_length"":92,""packet_type"":1,""protocol_version"":8}"
2026-07-28T12:22:24.919703+00:00,1785241344.919703,telemetry_ack_sent,info,Ground acknowledged received telemetry,327,,,True,True,True,0,0,2,0,0,"{""payload"":""ACK,327""}"
2026-07-28T12:22:24.919703+00:00,1785241344.919703,telemetry_received,info,Received v8 telemetry sequence 327,327,-60,11.5,True,True,True,0,0,2,0,0,"{""crc_ok"":true,""flight_state"":""STANDBY"",""lost_packets_since_previous"":0,""packet_length"":92,""packet_type"":1,""protocol_version"":8}"
2026-07-28T12:22:35.426043+00:00,1785241355.426043,telemetry_ack_sent,info,Ground acknowledged received telemetry,328,,,True,True,True,0,0,2,0,0,"{""payload"":""ACK,328""}"
2026-07-28T12:22:35.426043+00:00,1785241355.426043,telemetry_received,info,Received v8 telemetry sequence 328,328,-64,10.0,True,True,True,0,0,2,0,0,"{""crc_ok"":true,""flight_state"":""STANDBY"",""lost_packets_since_previous"":0,""packet_length"":92,""packet_type"":1,""protocol_version"":8}"
2026-07-28T12:22:36.181879+00:00,1785241356.181879,dashboard_disconnected,info,Dashboard WebSocket disconnected,,,,True,True,True,0,0,2,0,0,"{""active_connections"":2,""client_host"":""2001:4ca0:0:f296:bdd7:7b0d:8f90:f259"",""client_port"":0}"
2026-07-28T12:22:45.722022+00:00,1785241365.722022,telemetry_ack_sent,info,Ground acknowledged received telemetry,329,,,True,True,True,0,0,2,0,0,"{""payload"":""ACK,329""}"
2026-07-28T12:22:45.722022+00:00,1785241365.722022,telemetry_received,info,Received v8 telemetry sequence 329,329,-66,9.5,True,True,True,0,0,2,0,0,"{""crc_ok"":true,""flight_state"":""STANDBY"",""lost_packets_since_previous"":0,""packet_length"":92,""packet_type"":1,""protocol_version"":8}"
2026-07-28T12:22:56.044227+00:00,1785241376.044227,telemetry_ack_sent,info,Ground acknowledged received telemetry,330,,,True,True,True,0,0,2,0,0,"{""payload"":""ACK,330""}"
2026-07-28T12:22:56.044227+00:00,1785241376.044227,telemetry_received,info,Received v8 telemetry sequence 330,330,-62,12.5,True,True,True,0,0,2,0,0,"{""crc_ok"":true,""flight_state"":""STANDBY"",""lost_packets_since_previous"":0,""packet_length"":92,""packet_type"":1,""protocol_version"":8}"
2026-07-28T12:23:06.327846+00:00,1785241386.327846,telemetry_ack_sent,info,Ground acknowledged received telemetry,331,,,True,True,True,0,0,2,0,0,"{""payload"":""ACK,331""}"
2026-07-28T12:23:06.327846+00:00,1785241386.327846,telemetry_received,info,Received v8 telemetry sequence 331,331,-68,12.5,True,True,True,0,0,2,0,0,"{""crc_ok"":true,""flight_state"":""STANDBY"",""lost_packets_since_previous"":0,""packet_length"":92,""packet_type"":1,""protocol_version"":8}"
2026-07-28T12:23:16.617692+00:00,1785241396.617692,telemetry_ack_sent,info,Ground acknowledged received telemetry,332,,,True,True,True,0,0,2,0,0,"{""payload"":""ACK,332""}"
2026-07-28T12:23:16.617692+00:00,1785241396.617692,telemetry_received,info,Received v8 telemetry sequence 332,332,-62,11.75,True,True,True,0,0,2,0,0,"{""crc_ok"":true,""flight_state"":""STANDBY"",""lost_packets_since_previous"":0,""packet_length"":92,""packet_type"":1,""protocol_version"":8}"
2026-07-28T12:23:26.926821+00:00,1785241406.926821,telemetry_ack_sent,info,Ground acknowledged received telemetry,333,,,True,True,True,0,0,2,0,0,"{""payload"":""ACK,333""}"
2026-07-28T12:23:26.926821+00:00,1785241406.926821,telemetry_received,info,Received v8 telemetry sequence 333,333,-61,11.0,True,True,True,0,0,2,0,0,"{""crc_ok"":true,""flight_state"":""STANDBY"",""lost_packets_since_previous"":0,""packet_length"":92,""packet_type"":1,""protocol_version"":8}"
2026-07-28T12:23:37.227071+00:00,1785241417.227071,telemetry_ack_sent,info,Ground acknowledged received telemetry,334,,,True,True,True,0,0,2,0,0,"{""payload"":""ACK,334""}"
2026-07-28T12:23:37.227071+00:00,1785241417.227071,telemetry_received,info,Received v8 telemetry sequence 334,334,-62,12.0,True,True,True,0,0,2,0,0,"{""crc_ok"":true,""flight_state"":""STANDBY"",""lost_packets_since_previous"":0,""packet_length"":92,""packet_type"":1,""protocol_version"":8}"
2026-07-28T12:23:47.532167+00:00,1785241427.532167,telemetry_ack_sent,info,Ground acknowledged received telemetry,335,,,True,True,True,0,0,2,0,0,"{""payload"":""ACK,335""}"
2026-07-28T12:23:47.532167+00:00,1785241427.532167,telemetry_received,info,Received v8 telemetry sequence 335,335,-60,11.75,True,True,True,0,0,2,0,0,"{""crc_ok"":true,""flight_state"":""STANDBY"",""lost_packets_since_previous"":0,""packet_length"":92,""packet_type"":1,""protocol_version"":8}"
2026-07-28T12:23:57.845676+00:00,1785241437.845676,telemetry_ack_sent,info,Ground acknowledged received telemetry,336,,,True,True,True,0,0,2,0,0,"{""payload"":""ACK,336""}"
2026-07-28T12:23:57.845676+00:00,1785241437.845676,telemetry_received,info,Received v8 telemetry sequence 336,336,-66,12.25,True,True,True,0,0,2,0,0,"{""crc_ok"":true,""flight_state"":""STANDBY"",""lost_packets_since_previous"":0,""packet_length"":92,""packet_type"":1,""protocol_version"":8}"
2026-07-28T12:24:08.148937+00:00,1785241448.148937,telemetry_ack_sent,info,Ground acknowledged received telemetry,337,,,True,True,True,0,0,2,0,0,"{""payload"":""ACK,337""}"
2026-07-28T12:24:08.148937+00:00,1785241448.148937,telemetry_received,info,Received v8 telemetry sequence 337,337,-66,7.5,True,True,True,0,0,2,0,0,"{""crc_ok"":true,""flight_state"":""STANDBY"",""lost_packets_since_previous"":0,""packet_length"":92,""packet_type"":1,""protocol_version"":8}"
2026-07-28T12:24:18.434269+00:00,1785241458.434269,telemetry_ack_sent,info,Ground acknowledged received telemetry,338,,,True,True,True,0,0,2,0,0,"{""payload"":""ACK,338""}"
2026-07-28T12:24:18.434269+00:00,1785241458.434269,telemetry_received,info,Received v8 telemetry sequence 338,338,-62,11.75,True,True,True,0,0,2,0,0,"{""crc_ok"":true,""flight_state"":""STANDBY"",""lost_packets_since_previous"":0,""packet_length"":92,""packet_type"":1,""protocol_version"":8}"
2026-07-28T12:24:28.728293+00:00,1785241468.728293,telemetry_ack_sent,info,Ground acknowledged received telemetry,339,,,True,True,True,0,0,2,0,0,"{""payload"":""ACK,339""}"
2026-07-28T12:24:28.728293+00:00,1785241468.728293,telemetry_received,info,Received v8 telemetry sequence 339,339,-63,12.25,True,True,True,0,0,2,0,0,"{""crc_ok"":true,""flight_state"":""STANDBY"",""lost_packets_since_previous"":0,""packet_length"":92,""packet_type"":1,""protocol_version"":8}"
2026-07-28T12:24:39.019131+00:00,1785241479.019131,telemetry_ack_sent,info,Ground acknowledged received telemetry,340,,,True,True,True,0,0,2,0,0,"{""payload"":""ACK,340""}"
2026-07-28T12:24:39.019131+00:00,1785241479.019131,telemetry_received,info,Received v8 telemetry sequence 340,340,-62,12.25,True,True,True,0,0,2,0,0,"{""crc_ok"":true,""flight_state"":""STANDBY"",""lost_packets_since_previous"":0,""packet_length"":92,""packet_type"":1,""protocol_version"":8}"
2026-07-28T12:24:49.551765+00:00,1785241489.551765,telemetry_ack_sent,info,Ground acknowledged received telemetry,341,,,True,True,True,0,0,2,0,0,"{""payload"":""ACK,341""}"
2026-07-28T12:24:49.552790+00:00,1785241489.55279,telemetry_received,info,Received v8 telemetry sequence 341,341,-61,12.25,True,True,True,0,0,2,0,0,"{""crc_ok"":true,""flight_state"":""STANDBY"",""lost_packets_since_previous"":0,""packet_length"":92,""packet_type"":1,""protocol_version"":8}"
2026-07-28T12:25:00.194116+00:00,1785241500.194116,telemetry_ack_sent,info,Ground acknowledged received telemetry,342,,,True,True,True,0,0,2,0,0,"{""payload"":""ACK,342""}"
2026-07-28T12:25:00.195174+00:00,1785241500.195174,telemetry_received,info,Received v8 telemetry sequence 342,342,-65,11.75,True,True,True,0,0,2,0,0,"{""crc_ok"":true,""flight_state"":""STANDBY"",""lost_packets_since_previous"":0,""packet_length"":92,""packet_type"":1,""protocol_version"":8}"
2026-07-28T12:25:10.656397+00:00,1785241510.656397,telemetry_ack_sent,info,Ground acknowledged received telemetry,343,,,True,True,True,0,0,2,0,0,"{""payload"":""ACK,343""}"
2026-07-28T12:25:10.656397+00:00,1785241510.656397,telemetry_received,info,Received v8 telemetry sequence 343,343,-59,12.0,True,True,True,0,0,2,0,0,"{""crc_ok"":true,""flight_state"":""STANDBY"",""lost_packets_since_previous"":0,""packet_length"":92,""packet_type"":1,""protocol_version"":8}"
2026-07-28T12:25:14.971425+00:00,1785241514.971425,dashboard_connected,info,Dashboard WebSocket connected,,,,True,True,True,0,0,2,0,0,"{""active_connections"":3,""client_host"":""2001:4ca0:0:f296:bdd7:7b0d:8f90:f259"",""client_port"":0}"
2026-07-28T12:25:20.944136+00:00,1785241520.944136,telemetry_ack_sent,info,Ground acknowledged received telemetry,344,,,True,True,True,0,0,2,0,0,"{""payload"":""ACK,344""}"
2026-07-28T12:25:20.944136+00:00,1785241520.944136,telemetry_received,info,Received v8 telemetry sequence 344,344,-58,12.0,True,True,True,0,0,2,0,0,"{""crc_ok"":true,""flight_state"":""STANDBY"",""lost_packets_since_previous"":0,""packet_length"":92,""packet_type"":1,""protocol_version"":8}"
2026-07-28T12:25:31.223799+00:00,1785241531.223799,telemetry_ack_sent,info,Ground acknowledged received telemetry,345,,,True,True,True,0,0,2,0,0,"{""payload"":""ACK,345""}"
2026-07-28T12:25:31.223799+00:00,1785241531.223799,telemetry_received,info,Received v8 telemetry sequence 345,345,-59,12.25,True,True,True,0,0,2,0,0,"{""crc_ok"":true,""flight_state"":""STANDBY"",""lost_packets_since_previous"":0,""packet_length"":92,""packet_type"":1,""protocol_version"":8}"
2026-07-28T12:25:41.530190+00:00,1785241541.53019,telemetry_ack_sent,info,Ground acknowledged received telemetry,346,,,True,True,True,0,0,2,0,0,"{""payload"":""ACK,346""}"
2026-07-28T12:25:41.530190+00:00,1785241541.53019,telemetry_received,info,Received v8 telemetry sequence 346,346,-61,12.25,True,True,True,0,0,2,0,0,"{""crc_ok"":true,""flight_state"":""STANDBY"",""lost_packets_since_previous"":0,""packet_length"":92,""packet_type"":1,""protocol_version"":8}"
2026-07-28T12:25:51.832578+00:00,1785241551.832578,telemetry_ack_sent,info,Ground acknowledged received telemetry,347,,,True,True,True,0,0,2,0,0,"{""payload"":""ACK,347""}"
2026-07-28T12:25:51.832578+00:00,1785241551.832578,telemetry_received,info,Received v8 telemetry sequence 347,347,-73,13.75,True,True,True,0,0,2,0,0,"{""crc_ok"":true,""flight_state"":""STANDBY"",""lost_packets_since_previous"":0,""packet_length"":92,""packet_type"":1,""protocol_version"":8}"
2026-07-28T12:26:02.138150+00:00,1785241562.13815,telemetry_ack_sent,info,Ground acknowledged received telemetry,348,,,True,True,True,0,0,2,0,0,"{""payload"":""ACK,348""}"
2026-07-28T12:26:02.138150+00:00,1785241562.13815,telemetry_received,info,Received v8 telemetry sequence 348,348,-68,12.25,True,True,True,0,0,2,0,0,"{""crc_ok"":true,""flight_state"":""STANDBY"",""lost_packets_since_previous"":0,""packet_length"":92,""packet_type"":1,""protocol_version"":8}"
2026-07-28T12:26:12.428109+00:00,1785241572.428109,telemetry_ack_sent,info,Ground acknowledged received telemetry,349,,,True,True,True,0,0,2,0,0,"{""payload"":""ACK,349""}"
2026-07-28T12:26:12.428109+00:00,1785241572.428109,telemetry_received,info,Received v8 telemetry sequence 349,349,-66,11.0,True,True,True,0,0,2,0,0,"{""crc_ok"":true,""flight_state"":""STANDBY"",""lost_packets_since_previous"":0,""packet_length"":92,""packet_type"":1,""protocol_version"":8}"
2026-07-28T12:26:22.722519+00:00,1785241582.722519,telemetry_ack_sent,info,Ground acknowledged received telemetry,350,,,True,True,True,0,0,2,0,0,"{""payload"":""ACK,350""}"
2026-07-28T12:26:22.722519+00:00,1785241582.722519,telemetry_received,info,Received v8 telemetry sequence 350,350,-64,12.25,True,True,True,0,0,2,0,0,"{""crc_ok"":true,""flight_state"":""STANDBY"",""lost_packets_since_previous"":0,""packet_length"":92,""packet_type"":1,""protocol_version"":8}"
2026-07-28T12:26:33.015177+00:00,1785241593.015177,telemetry_ack_sent,info,Ground acknowledged received telemetry,351,,,True,True,True,0,0,2,0,0,"{""payload"":""ACK,351""}"
2026-07-28T12:26:33.016171+00:00,1785241593.016171,telemetry_received,info,Received v8 telemetry sequence 351,351,-67,12.0,True,True,True,0,0,2,0,0,"{""crc_ok"":true,""flight_state"":""STANDBY"",""lost_packets_since_previous"":0,""packet_length"":92,""packet_type"":1,""protocol_version"":8}"
2026-07-28T12:26:43.315084+00:00,1785241603.315084,telemetry_ack_sent,info,Ground acknowledged received telemetry,352,,,True,True,True,0,0,2,0,0,"{""payload"":""ACK,352""}"
2026-07-28T12:26:43.315413+00:00,1785241603.315413,telemetry_received,info,Received v8 telemetry sequence 352,352,-66,12.25,True,True,True,0,0,2,0,0,"{""crc_ok"":true,""flight_state"":""STANDBY"",""lost_packets_since_previous"":0,""packet_length"":92,""packet_type"":1,""protocol_version"":8}"
2026-07-28T12:26:53.622290+00:00,1785241613.62229,telemetry_ack_sent,info,Ground acknowledged received telemetry,353,,,True,True,True,0,0,2,0,0,"{""payload"":""ACK,353""}"
2026-07-28T12:26:53.622290+00:00,1785241613.62229,telemetry_received,info,Received v8 telemetry sequence 353,353,-67,12.25,True,True,True,0,0,2,0,0,"{""crc_ok"":true,""flight_state"":""STANDBY"",""lost_packets_since_previous"":0,""packet_length"":92,""packet_type"":1,""protocol_version"":8}"
2026-07-28T12:27:03.930763+00:00,1785241623.930763,telemetry_ack_sent,info,Ground acknowledged received telemetry,354,,,True,True,True,0,0,2,0,0,"{""payload"":""ACK,354""}"
2026-07-28T12:27:03.930763+00:00,1785241623.930763,telemetry_received,info,Received v8 telemetry sequence 354,354,-67,12.25,True,True,True,0,0,2,0,0,"{""crc_ok"":true,""flight_state"":""STANDBY"",""lost_packets_since_previous"":0,""packet_length"":92,""packet_type"":1,""protocol_version"":8}"
2026-07-28T12:27:14.246128+00:00,1785241634.246128,telemetry_ack_sent,info,Ground acknowledged received telemetry,355,,,True,True,True,0,0,2,0,0,"{""payload"":""ACK,355""}"
2026-07-28T12:27:14.246128+00:00,1785241634.246128,telemetry_received,info,Received v8 telemetry sequence 355,355,-71,10.75,True,True,True,0,0,2,0,0,"{""crc_ok"":true,""flight_state"":""STANDBY"",""lost_packets_since_previous"":0,""packet_length"":92,""packet_type"":1,""protocol_version"":8}"
2026-07-28T12:27:24.521516+00:00,1785241644.521516,telemetry_ack_sent,info,Ground acknowledged received telemetry,356,,,True,True,True,0,0,2,0,0,"{""payload"":""ACK,356""}"
2026-07-28T12:27:24.522595+00:00,1785241644.522595,telemetry_received,info,Received v8 telemetry sequence 356,356,-67,12.0,True,True,True,0,0,2,0,0,"{""crc_ok"":true,""flight_state"":""STANDBY"",""lost_packets_since_previous"":0,""packet_length"":92,""packet_type"":1,""protocol_version"":8}"
2026-07-28T12:27:35.335180+00:00,1785241655.33518,telemetry_ack_sent,info,Ground acknowledged received telemetry,357,,,True,True,True,0,0,2,0,0,"{""payload"":""ACK,357""}"
2026-07-28T12:27:35.335683+00:00,1785241655.335683,telemetry_received,info,Received v8 telemetry sequence 357,357,-63,12.75,True,True,True,0,0,2,0,0,"{""crc_ok"":true,""flight_state"":""STANDBY"",""lost_packets_since_previous"":0,""packet_length"":92,""packet_type"":1,""protocol_version"":8}"
2026-07-28T12:27:45.773291+00:00,1785241665.773291,telemetry_ack_sent,info,Ground acknowledged received telemetry,358,,,True,True,True,0,0,2,0,0,"{""payload"":""ACK,358""}"
2026-07-28T12:27:45.773808+00:00,1785241665.773808,telemetry_received,info,Received v8 telemetry sequence 358,358,-65,10.5,True,True,True,0,0,2,0,0,"{""crc_ok"":true,""flight_state"":""STANDBY"",""lost_packets_since_previous"":0,""packet_length"":92,""packet_type"":1,""protocol_version"":8}"
2026-07-28T12:27:56.334037+00:00,1785241676.334037,telemetry_ack_sent,info,Ground acknowledged received telemetry,359,,,True,True,True,0,0,2,0,0,"{""payload"":""ACK,359""}"
2026-07-28T12:27:56.334037+00:00,1785241676.334037,telemetry_received,info,Received v8 telemetry sequence 359,359,-79,11.75,True,True,True,0,0,2,0,0,"{""crc_ok"":true,""flight_state"":""STANDBY"",""lost_packets_since_previous"":0,""packet_length"":92,""packet_type"":1,""protocol_version"":8}"
2026-07-28T12:28:06.796068+00:00,1785241686.796068,telemetry_ack_sent,info,Ground acknowledged received telemetry,360,,,True,True,True,0,0,2,0,0,"{""payload"":""ACK,360""}"
2026-07-28T12:28:06.796068+00:00,1785241686.796068,telemetry_received,info,Received v8 telemetry sequence 360,360,-62,12.75,True,True,True,0,0,2,0,0,"{""crc_ok"":true,""flight_state"":""STANDBY"",""lost_packets_since_previous"":0,""packet_length"":92,""packet_type"":1,""protocol_version"":8}"
2026-07-28T12:28:17.104165+00:00,1785241697.104165,telemetry_ack_sent,info,Ground acknowledged received telemetry,361,,,True,True,True,0,0,2,0,0,"{""payload"":""ACK,361""}"
2026-07-28T12:28:17.105303+00:00,1785241697.105303,telemetry_received,info,Received v8 telemetry sequence 361,361,-69,12.25,True,True,True,0,0,2,0,0,"{""crc_ok"":true,""flight_state"":""STANDBY"",""lost_packets_since_previous"":0,""packet_length"":92,""packet_type"":1,""protocol_version"":8}"
2026-07-28T12:28:27.545590+00:00,1785241707.54559,telemetry_ack_sent,info,Ground acknowledged received telemetry,362,,,True,True,True,0,0,2,0,0,"{""payload"":""ACK,362""}"
2026-07-28T12:28:27.545590+00:00,1785241707.54559,telemetry_received,info,Received v8 telemetry sequence 362,362,-64,11.75,True,True,True,0,0,2,0,0,"{""crc_ok"":true,""flight_state"":""STANDBY"",""lost_packets_since_previous"":0,""packet_length"":92,""packet_type"":1,""protocol_version"":8}"
2026-07-28T12:28:38.148688+00:00,1785241718.148688,telemetry_ack_sent,info,Ground acknowledged received telemetry,363,,,True,True,True,0,0,2,0,0,"{""payload"":""ACK,363""}"
2026-07-28T12:28:38.148688+00:00,1785241718.148688,telemetry_received,info,Received v8 telemetry sequence 363,363,-62,12.25,True,True,True,0,0,2,0,0,"{""crc_ok"":true,""flight_state"":""STANDBY"",""lost_packets_since_previous"":0,""packet_length"":92,""packet_type"":1,""protocol_version"":8}"
2026-07-28T12:28:48.438459+00:00,1785241728.438459,telemetry_ack_sent,info,Ground acknowledged received telemetry,364,,,True,True,True,0,0,2,0,0,"{""payload"":""ACK,364""}"
2026-07-28T12:28:48.438459+00:00,1785241728.438459,telemetry_received,info,Received v8 telemetry sequence 364,364,-65,11.5,True,True,True,0,0,2,0,0,"{""crc_ok"":true,""flight_state"":""STANDBY"",""lost_packets_since_previous"":0,""packet_length"":92,""packet_type"":1,""protocol_version"":8}"
2026-07-28T12:28:58.739188+00:00,1785241738.739188,telemetry_ack_sent,info,Ground acknowledged received telemetry,365,,,True,True,True,0,0,2,0,0,"{""payload"":""ACK,365""}"
2026-07-28T12:28:58.740197+00:00,1785241738.740197,telemetry_received,info,Received v8 telemetry sequence 365,365,-72,12.25,True,True,True,0,0,2,0,0,"{""crc_ok"":true,""flight_state"":""STANDBY"",""lost_packets_since_previous"":0,""packet_length"":92,""packet_type"":1,""protocol_version"":8}"
2026-07-28T12:29:09.020523+00:00,1785241749.020523,telemetry_ack_sent,info,Ground acknowledged received telemetry,366,,,True,True,True,0,0,2,0,0,"{""payload"":""ACK,366""}"
2026-07-28T12:29:09.020523+00:00,1785241749.020523,telemetry_received,info,Received v8 telemetry sequence 366,366,-71,12.5,True,True,True,0,0,2,0,0,"{""crc_ok"":true,""flight_state"":""STANDBY"",""lost_packets_since_previous"":0,""packet_length"":92,""packet_type"":1,""protocol_version"":8}"
2026-07-28T12:29:19.326012+00:00,1785241759.326012,telemetry_ack_sent,info,Ground acknowledged received telemetry,367,,,True,True,True,0,0,2,0,0,"{""payload"":""ACK,367""}"
2026-07-28T12:29:19.326012+00:00,1785241759.326012,telemetry_received,info,Received v8 telemetry sequence 367,367,-69,12.0,True,True,True,0,0,2,0,0,"{""crc_ok"":true,""flight_state"":""STANDBY"",""lost_packets_since_previous"":0,""packet_length"":92,""packet_type"":1,""protocol_version"":8}"
2026-07-28T12:29:29.625745+00:00,1785241769.625745,telemetry_ack_sent,info,Ground acknowledged received telemetry,368,,,True,True,True,0,0,2,0,0,"{""payload"":""ACK,368""}"
2026-07-28T12:29:29.625745+00:00,1785241769.625745,telemetry_received,info,Received v8 telemetry sequence 368,368,-78,12.0,True,True,True,0,0,2,0,0,"{""crc_ok"":true,""flight_state"":""STANDBY"",""lost_packets_since_previous"":0,""packet_length"":92,""packet_type"":1,""protocol_version"":8}"
2026-07-28T12:29:39.941770+00:00,1785241779.94177,telemetry_ack_sent,info,Ground acknowledged received telemetry,369,,,True,True,True,0,0,2,0,0,"{""payload"":""ACK,369""}"
2026-07-28T12:29:39.941770+00:00,1785241779.94177,telemetry_received,info,Received v8 telemetry sequence 369,369,-71,11.25,True,True,True,0,0,2,0,0,"{""crc_ok"":true,""flight_state"":""STANDBY"",""lost_packets_since_previous"":0,""packet_length"":92,""packet_type"":1,""protocol_version"":8}"
2026-07-28T12:29:50.234482+00:00,1785241790.234482,telemetry_ack_sent,info,Ground acknowledged received telemetry,370,,,True,True,True,0,0,2,0,0,"{""payload"":""ACK,370""}"
2026-07-28T12:29:50.235527+00:00,1785241790.235527,telemetry_received,info,Received v8 telemetry sequence 370,370,-69,12.0,True,True,True,0,0,2,0,0,"{""crc_ok"":true,""flight_state"":""STANDBY"",""lost_packets_since_previous"":0,""packet_length"":92,""packet_type"":1,""protocol_version"":8}"
2026-07-28T12:30:00.532804+00:00,1785241800.532804,telemetry_ack_sent,info,Ground acknowledged received telemetry,371,,,True,True,True,0,0,2,0,0,"{""payload"":""ACK,371""}"
2026-07-28T12:30:00.534383+00:00,1785241800.534383,telemetry_received,info,Received v8 telemetry sequence 371,371,-62,12.25,True,True,True,0,0,2,0,0,"{""crc_ok"":true,""flight_state"":""STANDBY"",""lost_packets_since_previous"":0,""packet_length"":92,""packet_type"":1,""protocol_version"":8}"
2026-07-28T12:30:10.826691+00:00,1785241810.826691,telemetry_ack_sent,info,Ground acknowledged received telemetry,372,,,True,True,True,0,0,2,0,0,"{""payload"":""ACK,372""}"
2026-07-28T12:30:10.826691+00:00,1785241810.826691,telemetry_received,info,Received v8 telemetry sequence 372,372,-62,12.0,True,True,True,0,0,2,0,0,"{""crc_ok"":true,""flight_state"":""STANDBY"",""lost_packets_since_previous"":0,""packet_length"":92,""packet_type"":1,""protocol_version"":8}"
2026-07-28T12:30:21.133155+00:00,1785241821.133155,telemetry_ack_sent,info,Ground acknowledged received telemetry,373,,,True,True,True,0,0,2,0,0,"{""payload"":""ACK,373""}"
2026-07-28T12:30:21.133155+00:00,1785241821.133155,telemetry_received,info,Received v8 telemetry sequence 373,373,-82,11.75,True,True,True,0,0,2,0,0,"{""crc_ok"":true,""flight_state"":""STANDBY"",""lost_packets_since_previous"":0,""packet_length"":92,""packet_type"":1,""protocol_version"":8}"
2026-07-28T12:30:31.476174+00:00,1785241831.476174,telemetry_ack_sent,info,Ground acknowledged received telemetry,374,,,True,True,True,0,0,2,0,0,"{""payload"":""ACK,374""}"
2026-07-28T12:30:31.476174+00:00,1785241831.476174,telemetry_received,info,Received v8 telemetry sequence 374,374,-61,11.5,True,True,True,0,0,2,0,0,"{""crc_ok"":true,""flight_state"":""STANDBY"",""lost_packets_since_previous"":0,""packet_length"":92,""packet_type"":1,""protocol_version"":8}"
2026-07-28T12:30:41.751606+00:00,1785241841.751606,telemetry_ack_sent,info,Ground acknowledged received telemetry,375,,,True,True,True,0,0,2,0,0,"{""payload"":""ACK,375""}"
2026-07-28T12:30:41.751606+00:00,1785241841.751606,telemetry_received,info,Received v8 telemetry sequence 375,375,-92,9.5,True,True,True,0,0,2,0,0,"{""crc_ok"":true,""flight_state"":""STANDBY"",""lost_packets_since_previous"":0,""packet_length"":92,""packet_type"":1,""protocol_version"":8}"
2026-07-28T12:30:52.064931+00:00,1785241852.064931,telemetry_ack_sent,info,Ground acknowledged received telemetry,376,,,True,True,True,0,0,2,0,0,"{""payload"":""ACK,376""}"
2026-07-28T12:30:52.064931+00:00,1785241852.064931,telemetry_received,info,Received v8 telemetry sequence 376,376,-78,12.25,True,True,True,0,0,2,0,0,"{""crc_ok"":true,""flight_state"":""STANDBY"",""lost_packets_since_previous"":0,""packet_length"":92,""packet_type"":1,""protocol_version"":8}"
2026-07-28T12:31:02.340058+00:00,1785241862.340058,telemetry_ack_sent,info,Ground acknowledged received telemetry,377,,,True,True,True,0,0,2,0,0,"{""payload"":""ACK,377""}"
2026-07-28T12:31:02.340058+00:00,1785241862.340058,telemetry_received,info,Received v8 telemetry sequence 377,377,-66,12.5,True,True,True,0,0,2,0,0,"{""crc_ok"":true,""flight_state"":""STANDBY"",""lost_packets_since_previous"":0,""packet_length"":92,""packet_type"":1,""protocol_version"":8}"
2026-07-28T12:31:12.656969+00:00,1785241872.656969,telemetry_ack_sent,info,Ground acknowledged received telemetry,378,,,True,True,True,0,0,2,0,0,"{""payload"":""ACK,378""}"
2026-07-28T12:31:12.657970+00:00,1785241872.65797,telemetry_received,info,Received v8 telemetry sequence 378,378,-66,11.5,True,True,True,0,0,2,0,0,"{""crc_ok"":true,""flight_state"":""STANDBY"",""lost_packets_since_previous"":0,""packet_length"":92,""packet_type"":1,""protocol_version"":8}"
2026-07-28T12:31:22.952634+00:00,1785241882.952634,telemetry_ack_sent,info,Ground acknowledged received telemetry,379,,,True,True,True,0,0,2,0,0,"{""payload"":""ACK,379""}"
2026-07-28T12:31:22.952634+00:00,1785241882.952634,telemetry_received,info,Received v8 telemetry sequence 379,379,-71,11.5,True,True,True,0,0,2,0,0,"{""crc_ok"":true,""flight_state"":""STANDBY"",""lost_packets_since_previous"":0,""packet_length"":92,""packet_type"":1,""protocol_version"":8}"
2026-07-28T12:31:33.239602+00:00,1785241893.239602,telemetry_ack_sent,info,Ground acknowledged received telemetry,380,,,True,True,True,0,0,2,0,0,"{""payload"":""ACK,380""}"
2026-07-28T12:31:33.239602+00:00,1785241893.239602,telemetry_received,info,Received v8 telemetry sequence 380,380,-69,12.0,True,True,True,0,0,2,0,0,"{""crc_ok"":true,""flight_state"":""STANDBY"",""lost_packets_since_previous"":0,""packet_length"":92,""packet_type"":1,""protocol_version"":8}"
2026-07-28T12:31:43.571822+00:00,1785241903.571822,telemetry_ack_sent,info,Ground acknowledged received telemetry,381,,,True,True,True,0,0,2,0,0,"{""payload"":""ACK,381""}"
2026-07-28T12:31:43.571822+00:00,1785241903.571822,telemetry_received,info,Received v8 telemetry sequence 381,381,-70,12.25,True,True,True,0,0,2,0,0,"{""crc_ok"":true,""flight_state"":""STANDBY"",""lost_packets_since_previous"":0,""packet_length"":92,""packet_type"":1,""protocol_version"":8}"
2026-07-28T12:31:53.845959+00:00,1785241913.845959,telemetry_ack_sent,info,Ground acknowledged received telemetry,382,,,True,True,True,0,0,2,0,0,"{""payload"":""ACK,382""}"
2026-07-28T12:31:53.845959+00:00,1785241913.845959,telemetry_received,info,Received v8 telemetry sequence 382,382,-70,11.75,True,True,True,0,0,2,0,0,"{""crc_ok"":true,""flight_state"":""STANDBY"",""lost_packets_since_previous"":0,""packet_length"":92,""packet_type"":1,""protocol_version"":8}"
2026-07-28T12:32:04.150699+00:00,1785241924.150699,telemetry_ack_sent,info,Ground acknowledged received telemetry,383,,,True,True,True,0,0,2,0,0,"{""payload"":""ACK,383""}"
2026-07-28T12:32:04.150699+00:00,1785241924.150699,telemetry_received,info,Received v8 telemetry sequence 383,383,-68,12.0,True,True,True,0,0,2,0,0,"{""crc_ok"":true,""flight_state"":""STANDBY"",""lost_packets_since_previous"":0,""packet_length"":92,""packet_type"":1,""protocol_version"":8}"
2026-07-28T12:32:14.486409+00:00,1785241934.486409,telemetry_ack_sent,info,Ground acknowledged received telemetry,384,,,True,True,True,0,0,2,0,0,"{""payload"":""ACK,384""}"
2026-07-28T12:32:14.486409+00:00,1785241934.486409,telemetry_received,info,Received v8 telemetry sequence 384,384,-70,11.75,True,True,True,0,0,2,0,0,"{""crc_ok"":true,""flight_state"":""STANDBY"",""lost_packets_since_previous"":0,""packet_length"":92,""packet_type"":1,""protocol_version"":8}"
2026-07-28T12:32:21.630682+00:00,1785241941.630682,dashboard_disconnected,info,Dashboard WebSocket disconnected,,,,True,True,True,0,0,2,0,0,"{""active_connections"":2,""client_host"":""2001:4ca0:e:49:497f:7e9e:10d2:4248"",""client_port"":0}"
2026-07-28T12:32:23.827087+00:00,1785241943.827087,dashboard_connected,info,Dashboard WebSocket connected,,,,True,True,True,0,0,2,0,0,"{""active_connections"":3,""client_host"":""2001:4ca0:e:49:497f:7e9e:10d2:4248"",""client_port"":0}"
2026-07-28T12:32:24.799110+00:00,1785241944.79911,telemetry_ack_sent,info,Ground acknowledged received telemetry,385,,,True,True,True,0,0,2,0,0,"{""payload"":""ACK,385""}"
2026-07-28T12:32:24.799110+00:00,1785241944.79911,telemetry_received,info,Received v8 telemetry sequence 385,385,-68,12.5,True,True,True,0,0,2,0,0,"{""crc_ok"":true,""flight_state"":""STANDBY"",""lost_packets_since_previous"":0,""packet_length"":92,""packet_type"":1,""protocol_version"":8}"
2026-07-28T12:32:35.098568+00:00,1785241955.098568,telemetry_ack_sent,info,Ground acknowledged received telemetry,386,,,True,True,True,0,0,2,0,0,"{""payload"":""ACK,386""}"
2026-07-28T12:32:35.098568+00:00,1785241955.098568,telemetry_received,info,Received v8 telemetry sequence 386,386,-72,12.0,True,True,True,0,0,2,0,0,"{""crc_ok"":true,""flight_state"":""STANDBY"",""lost_packets_since_previous"":0,""packet_length"":92,""packet_type"":1,""protocol_version"":8}"
2026-07-28T12:32:45.378990+00:00,1785241965.37899,telemetry_ack_sent,info,Ground acknowledged received telemetry,387,,,True,True,True,0,0,2,0,0,"{""payload"":""ACK,387""}"
2026-07-28T12:32:45.378990+00:00,1785241965.37899,telemetry_received,info,Received v8 telemetry sequence 387,387,-67,12.0,True,True,True,0,0,2,0,0,"{""crc_ok"":true,""flight_state"":""STANDBY"",""lost_packets_since_previous"":0,""packet_length"":92,""packet_type"":1,""protocol_version"":8}"
2026-07-28T12:32:55.675162+00:00,1785241975.675162,telemetry_ack_sent,info,Ground acknowledged received telemetry,388,,,True,True,True,0,0,2,0,0,"{""payload"":""ACK,388""}"
2026-07-28T12:32:55.675860+00:00,1785241975.67586,telemetry_received,info,Received v8 telemetry sequence 388,388,-68,12.25,True,True,True,0,0,2,0,0,"{""crc_ok"":true,""flight_state"":""STANDBY"",""lost_packets_since_previous"":0,""packet_length"":92,""packet_type"":1,""protocol_version"":8}"
2026-07-28T12:33:06.404254+00:00,1785241986.404254,telemetry_ack_sent,info,Ground acknowledged received telemetry,389,,,True,True,True,0,0,2,0,0,"{""payload"":""ACK,389""}"
2026-07-28T12:33:06.405550+00:00,1785241986.40555,telemetry_received,info,Received v8 telemetry sequence 389,389,-70,11.75,True,True,True,0,0,2,0,0,"{""crc_ok"":true,""flight_state"":""STANDBY"",""lost_packets_since_previous"":0,""packet_length"":92,""packet_type"":1,""protocol_version"":8}"
2026-07-28T12:33:16.696070+00:00,1785241996.69607,telemetry_ack_sent,info,Ground acknowledged received telemetry,390,,,True,True,True,0,0,2,0,0,"{""payload"":""ACK,390""}"
2026-07-28T12:33:16.696070+00:00,1785241996.69607,telemetry_received,info,Received v8 telemetry sequence 390,390,-64,12.0,True,True,True,0,0,2,0,0,"{""crc_ok"":true,""flight_state"":""STANDBY"",""lost_packets_since_previous"":0,""packet_length"":92,""packet_type"":1,""protocol_version"":8}"
2026-07-28T12:33:26.991129+00:00,1785242006.991129,telemetry_ack_sent,info,Ground acknowledged received telemetry,391,,,True,True,True,0,0,2,0,0,"{""payload"":""ACK,391""}"
2026-07-28T12:33:26.991129+00:00,1785242006.991129,telemetry_received,info,Received v8 telemetry sequence 391,391,-67,12.0,True,True,True,0,0,2,0,0,"{""crc_ok"":true,""flight_state"":""STANDBY"",""lost_packets_since_previous"":0,""packet_length"":92,""packet_type"":1,""protocol_version"":8}"
2026-07-28T12:33:37.302613+00:00,1785242017.302613,telemetry_ack_sent,info,Ground acknowledged received telemetry,392,,,True,True,True,0,0,2,0,0,"{""payload"":""ACK,392""}"
2026-07-28T12:33:37.302613+00:00,1785242017.302613,telemetry_received,info,Received v8 telemetry sequence 392,392,-60,11.5,True,True,True,0,0,2,0,0,"{""crc_ok"":true,""flight_state"":""STANDBY"",""lost_packets_since_previous"":0,""packet_length"":92,""packet_type"":1,""protocol_version"":8}"
2026-07-28T12:33:47.581222+00:00,1785242027.581222,telemetry_ack_sent,info,Ground acknowledged received telemetry,393,,,True,True,True,0,0,2,0,0,"{""payload"":""ACK,393""}"
2026-07-28T12:33:47.581222+00:00,1785242027.581222,telemetry_received,info,Received v8 telemetry sequence 393,393,-64,12.0,True,True,True,0,0,2,0,0,"{""crc_ok"":true,""flight_state"":""STANDBY"",""lost_packets_since_previous"":0,""packet_length"":92,""packet_type"":1,""protocol_version"":8}"
2026-07-28T12:33:57.893219+00:00,1785242037.893219,telemetry_ack_sent,info,Ground acknowledged received telemetry,394,,,True,True,True,0,0,2,0,0,"{""payload"":""ACK,394""}"
2026-07-28T12:33:57.893219+00:00,1785242037.893219,telemetry_received,info,Received v8 telemetry sequence 394,394,-66,12.0,True,True,True,0,0,2,0,0,"{""crc_ok"":true,""flight_state"":""STANDBY"",""lost_packets_since_previous"":0,""packet_length"":92,""packet_type"":1,""protocol_version"":8}"
2026-07-28T12:34:08.195145+00:00,1785242048.195145,telemetry_ack_sent,info,Ground acknowledged received telemetry,395,,,True,True,True,0,0,2,0,0,"{""payload"":""ACK,395""}"
2026-07-28T12:34:08.196318+00:00,1785242048.196318,telemetry_received,info,Received v8 telemetry sequence 395,395,-76,11.25,True,True,True,0,0,2,0,0,"{""crc_ok"":true,""flight_state"":""STANDBY"",""lost_packets_since_previous"":0,""packet_length"":92,""packet_type"":1,""protocol_version"":8}"
2026-07-28T12:34:18.495210+00:00,1785242058.49521,telemetry_ack_sent,info,Ground acknowledged received telemetry,396,,,True,True,True,0,0,2,0,0,"{""payload"":""ACK,396""}"
2026-07-28T12:34:18.495210+00:00,1785242058.49521,telemetry_received,info,Received v8 telemetry sequence 396,396,-77,12.0,True,True,True,0,0,2,0,0,"{""crc_ok"":true,""flight_state"":""STANDBY"",""lost_packets_since_previous"":0,""packet_length"":92,""packet_type"":1,""protocol_version"":8}"
2026-07-28T12:34:28.757031+00:00,1785242068.757031,telemetry_ack_sent,info,Ground acknowledged received telemetry,397,,,True,True,True,0,0,2,0,0,"{""payload"":""ACK,397""}"
2026-07-28T12:34:28.757031+00:00,1785242068.757031,telemetry_received,info,Received v8 telemetry sequence 397,397,-72,12.25,True,True,True,0,0,2,0,0,"{""crc_ok"":true,""flight_state"":""STANDBY"",""lost_packets_since_previous"":0,""packet_length"":92,""packet_type"":1,""protocol_version"":8}"
2026-07-28T12:34:39.082415+00:00,1785242079.082415,telemetry_ack_sent,info,Ground acknowledged received telemetry,398,,,True,True,True,0,0,2,0,0,"{""payload"":""ACK,398""}"
2026-07-28T12:34:39.083928+00:00,1785242079.083928,telemetry_received,info,Received v8 telemetry sequence 398,398,-69,12.0,True,True,True,0,0,2,0,0,"{""crc_ok"":true,""flight_state"":""STANDBY"",""lost_packets_since_previous"":0,""packet_length"":92,""packet_type"":1,""protocol_version"":8}"
2026-07-28T12:34:49.377057+00:00,1785242089.377057,telemetry_ack_sent,info,Ground acknowledged received telemetry,399,,,True,True,True,0,0,2,0,0,"{""payload"":""ACK,399""}"
2026-07-28T12:34:49.378091+00:00,1785242089.378091,telemetry_received,info,Received v8 telemetry sequence 399,399,-63,12.0,True,True,True,0,0,2,0,0,"{""crc_ok"":true,""flight_state"":""STANDBY"",""lost_packets_since_previous"":0,""packet_length"":92,""packet_type"":1,""protocol_version"":8}"
2026-07-28T12:34:59.670949+00:00,1785242099.670949,telemetry_ack_sent,info,Ground acknowledged received telemetry,400,,,True,True,True,0,0,2,0,0,"{""payload"":""ACK,400""}"
2026-07-28T12:34:59.670949+00:00,1785242099.670949,telemetry_received,info,Received v8 telemetry sequence 400,400,-58,12.5,True,True,True,0,0,2,0,0,"{""crc_ok"":true,""flight_state"":""STANDBY"",""lost_packets_since_previous"":0,""packet_length"":92,""packet_type"":1,""protocol_version"":8}"
2026-07-28T12:35:09.973048+00:00,1785242109.973048,telemetry_ack_sent,info,Ground acknowledged received telemetry,401,,,True,True,True,0,0,2,0,0,"{""payload"":""ACK,401""}"
2026-07-28T12:35:09.973048+00:00,1785242109.973048,telemetry_received,info,Received v8 telemetry sequence 401,401,-54,12.0,True,True,True,0,0,2,0,0,"{""crc_ok"":true,""flight_state"":""STANDBY"",""lost_packets_since_previous"":0,""packet_length"":92,""packet_type"":1,""protocol_version"":8}"
2026-07-28T12:35:20.279348+00:00,1785242120.279348,telemetry_ack_sent,info,Ground acknowledged received telemetry,402,,,True,True,True,0,0,2,0,0,"{""payload"":""ACK,402""}"
2026-07-28T12:35:20.279348+00:00,1785242120.279348,telemetry_received,info,Received v8 telemetry sequence 402,402,-54,11.75,True,True,True,0,0,2,0,0,"{""crc_ok"":true,""flight_state"":""STANDBY"",""lost_packets_since_previous"":0,""packet_length"":92,""packet_type"":1,""protocol_version"":8}"
2026-07-28T12:35:30.633071+00:00,1785242130.633071,telemetry_ack_sent,info,Ground acknowledged received telemetry,403,,,True,True,True,0,0,2,0,0,"{""payload"":""ACK,403""}"
2026-07-28T12:35:30.633071+00:00,1785242130.633071,telemetry_received,info,Received v8 telemetry sequence 403,403,-66,12.25,True,True,True,0,0,2,0,0,"{""crc_ok"":true,""flight_state"":""STANDBY"",""lost_packets_since_previous"":0,""packet_length"":92,""packet_type"":1,""protocol_version"":8}"
2026-07-28T12:35:40.854823+00:00,1785242140.854823,telemetry_ack_sent,info,Ground acknowledged received telemetry,404,,,True,True,True,0,0,2,0,0,"{""payload"":""ACK,404""}"
2026-07-28T12:35:40.854823+00:00,1785242140.854823,telemetry_received,info,Received v8 telemetry sequence 404,404,-52,12.0,True,True,True,0,0,2,0,0,"{""crc_ok"":true,""flight_state"":""STANDBY"",""lost_packets_since_previous"":0,""packet_length"":92,""packet_type"":1,""protocol_version"":8}"
2026-07-28T12:35:51.171125+00:00,1785242151.171125,telemetry_ack_sent,info,Ground acknowledged received telemetry,405,,,True,True,True,0,0,2,0,0,"{""payload"":""ACK,405""}"
2026-07-28T12:35:51.171125+00:00,1785242151.171125,telemetry_received,info,Received v8 telemetry sequence 405,405,-65,11.5,True,True,True,0,0,2,0,0,"{""crc_ok"":true,""flight_state"":""STANDBY"",""lost_packets_since_previous"":0,""packet_length"":92,""packet_type"":1,""protocol_version"":8}"
2026-07-28T12:36:01.455586+00:00,1785242161.455586,telemetry_ack_sent,info,Ground acknowledged received telemetry,406,,,True,True,True,0,0,2,0,0,"{""payload"":""ACK,406""}"
2026-07-28T12:36:01.455586+00:00,1785242161.455586,telemetry_received,info,Received v8 telemetry sequence 406,406,-71,12.25,True,True,True,0,0,2,0,0,"{""crc_ok"":true,""flight_state"":""STANDBY"",""lost_packets_since_previous"":0,""packet_length"":92,""packet_type"":1,""protocol_version"":8}"
2026-07-28T12:36:11.744239+00:00,1785242171.744239,telemetry_ack_sent,info,Ground acknowledged received telemetry,407,,,True,True,True,0,0,2,0,0,"{""payload"":""ACK,407""}"
2026-07-28T12:36:11.744239+00:00,1785242171.744239,telemetry_received,info,Received v8 telemetry sequence 407,407,-75,12.25,True,True,True,0,0,2,0,0,"{""crc_ok"":true,""flight_state"":""STANDBY"",""lost_packets_since_previous"":0,""packet_length"":92,""packet_type"":1,""protocol_version"":8}"
2026-07-28T12:36:22.228333+00:00,1785242182.228333,telemetry_ack_sent,info,Ground acknowledged received telemetry,408,,,True,True,True,0,0,2,0,0,"{""payload"":""ACK,408""}"
2026-07-28T12:36:22.229468+00:00,1785242182.229468,telemetry_received,info,Received v8 telemetry sequence 408,408,-74,12.0,True,True,True,0,0,2,0,0,"{""crc_ok"":true,""flight_state"":""STANDBY"",""lost_packets_since_previous"":0,""packet_length"":92,""packet_type"":1,""protocol_version"":8}"
2026-07-28T12:36:32.834885+00:00,1785242192.834885,telemetry_ack_sent,info,Ground acknowledged received telemetry,409,,,True,True,True,0,0,2,0,0,"{""payload"":""ACK,409""}"
2026-07-28T12:36:32.834885+00:00,1785242192.834885,telemetry_received,info,Received v8 telemetry sequence 409,409,-75,12.0,True,True,True,0,0,2,0,0,"{""crc_ok"":true,""flight_state"":""STANDBY"",""lost_packets_since_previous"":0,""packet_length"":92,""packet_type"":1,""protocol_version"":8}"
2026-07-28T12:36:43.105413+00:00,1785242203.105413,telemetry_ack_sent,info,Ground acknowledged received telemetry,410,,,True,True,True,0,0,2,0,0,"{""payload"":""ACK,410""}"
2026-07-28T12:36:43.106870+00:00,1785242203.10687,telemetry_received,info,Received v8 telemetry sequence 410,410,-83,11.75,True,True,True,0,0,2,0,0,"{""crc_ok"":true,""flight_state"":""STANDBY"",""lost_packets_since_previous"":0,""packet_length"":92,""packet_type"":1,""protocol_version"":8}"
2026-07-28T12:36:53.386896+00:00,1785242213.386896,telemetry_ack_sent,info,Ground acknowledged received telemetry,411,,,True,True,True,0,0,2,0,0,"{""payload"":""ACK,411""}"
2026-07-28T12:36:53.386896+00:00,1785242213.386896,telemetry_received,info,Received v8 telemetry sequence 411,411,-76,12.25,True,True,True,0,0,2,0,0,"{""crc_ok"":true,""flight_state"":""STANDBY"",""lost_packets_since_previous"":0,""packet_length"":92,""packet_type"":1,""protocol_version"":8}"
2026-07-28T12:37:03.688818+00:00,1785242223.688818,telemetry_ack_sent,info,Ground acknowledged received telemetry,412,,,True,True,True,0,0,2,0,0,"{""payload"":""ACK,412""}"
2026-07-28T12:37:03.689411+00:00,1785242223.689411,telemetry_received,info,Received v8 telemetry sequence 412,412,-82,13.0,True,True,True,0,0,2,0,0,"{""crc_ok"":true,""flight_state"":""STANDBY"",""lost_packets_since_previous"":0,""packet_length"":92,""packet_type"":1,""protocol_version"":8}"
2026-07-28T12:37:14.001803+00:00,1785242234.001803,telemetry_ack_sent,info,Ground acknowledged received telemetry,413,,,True,True,True,0,0,2,0,0,"{""payload"":""ACK,413""}"
2026-07-28T12:37:14.002499+00:00,1785242234.002499,telemetry_received,info,Received v8 telemetry sequence 413,413,-75,12.25,True,True,True,0,0,2,0,0,"{""crc_ok"":true,""flight_state"":""STANDBY"",""lost_packets_since_previous"":0,""packet_length"":92,""packet_type"":1,""protocol_version"":8}"
2026-07-28T12:37:24.288231+00:00,1785242244.288231,telemetry_ack_sent,info,Ground acknowledged received telemetry,414,,,True,True,True,0,0,2,0,0,"{""payload"":""ACK,414""}"
2026-07-28T12:37:24.288231+00:00,1785242244.288231,telemetry_received,info,Received v8 telemetry sequence 414,414,-77,12.5,True,True,True,0,0,2,0,0,"{""crc_ok"":true,""flight_state"":""STANDBY"",""lost_packets_since_previous"":0,""packet_length"":92,""packet_type"":1,""protocol_version"":8}"
2026-07-28T12:37:25.154128+00:00,1785242245.154128,dashboard_connected,info,Dashboard WebSocket connected,,,,True,True,True,0,0,2,0,0,"{""active_connections"":4,""client_host"":""2001:4ca0:0:f296:7c16:8c1f:207c:c8de"",""client_port"":0}"
2026-07-28T12:37:25.520158+00:00,1785242245.520158,dashboard_disconnected,info,Dashboard WebSocket disconnected,,,,True,True,True,0,0,2,0,0,"{""active_connections"":3,""client_host"":""2001:4ca0:0:f296:7c16:8c1f:207c:c8de"",""client_port"":0}"
2026-07-28T12:37:26.960999+00:00,1785242246.960999,dashboard_connected,info,Dashboard WebSocket connected,,,,True,True,True,0,0,2,0,0,"{""active_connections"":4,""client_host"":""2001:4ca0:0:f296:7c16:8c1f:207c:c8de"",""client_port"":0}"
2026-07-28T12:37:34.589913+00:00,1785242254.589913,telemetry_ack_sent,info,Ground acknowledged received telemetry,415,,,True,True,True,0,0,2,0,0,"{""payload"":""ACK,415""}"
2026-07-28T12:37:34.590912+00:00,1785242254.590912,telemetry_received,info,Received v8 telemetry sequence 415,415,-75,12.0,True,True,True,0,0,2,0,0,"{""crc_ok"":true,""flight_state"":""STANDBY"",""lost_packets_since_previous"":0,""packet_length"":92,""packet_type"":1,""protocol_version"":8}"
2026-07-28T12:37:44.926923+00:00,1785242264.926923,telemetry_ack_sent,info,Ground acknowledged received telemetry,416,,,True,True,True,0,0,2,0,0,"{""payload"":""ACK,416""}"
2026-07-28T12:37:44.926923+00:00,1785242264.926923,telemetry_received,info,Received v8 telemetry sequence 416,416,-76,12.5,True,True,True,0,0,2,0,0,"{""crc_ok"":true,""flight_state"":""STANDBY"",""lost_packets_since_previous"":0,""packet_length"":92,""packet_type"":1,""protocol_version"":8}"
2026-07-28T12:37:55.340070+00:00,1785242275.34007,telemetry_ack_sent,info,Ground acknowledged received telemetry,417,,,True,True,True,0,0,2,0,0,"{""payload"":""ACK,417""}"
2026-07-28T12:37:55.340070+00:00,1785242275.34007,telemetry_received,info,Received v8 telemetry sequence 417,417,-74,9.75,True,True,True,0,0,2,0,0,"{""crc_ok"":true,""flight_state"":""STANDBY"",""lost_packets_since_previous"":0,""packet_length"":92,""packet_type"":1,""protocol_version"":8}"
2026-07-28T12:38:06.024378+00:00,1785242286.024378,telemetry_ack_sent,info,Ground acknowledged received telemetry,418,,,True,True,True,0,0,2,0,0,"{""payload"":""ACK,418""}"
2026-07-28T12:38:06.024910+00:00,1785242286.02491,telemetry_received,info,Received v8 telemetry sequence 418,418,-74,11.0,True,True,True,0,0,2,0,0,"{""crc_ok"":true,""flight_state"":""STANDBY"",""lost_packets_since_previous"":0,""packet_length"":92,""packet_type"":1,""protocol_version"":8}"
2026-07-28T12:38:16.416032+00:00,1785242296.416032,telemetry_ack_sent,info,Ground acknowledged received telemetry,419,,,True,True,True,0,0,2,0,0,"{""payload"":""ACK,419""}"
2026-07-28T12:38:16.416032+00:00,1785242296.416032,telemetry_received,info,Received v8 telemetry sequence 419,419,-75,12.5,True,True,True,0,0,2,0,0,"{""crc_ok"":true,""flight_state"":""STANDBY"",""lost_packets_since_previous"":0,""packet_length"":92,""packet_type"":1,""protocol_version"":8}"
2026-07-28T12:38:26.968791+00:00,1785242306.968791,telemetry_ack_sent,info,Ground acknowledged received telemetry,420,,,True,True,True,0,0,2,0,0,"{""payload"":""ACK,420""}"
2026-07-28T12:38:26.968791+00:00,1785242306.968791,telemetry_received,info,Received v8 telemetry sequence 420,420,-79,12.0,True,True,True,0,0,2,0,0,"{""crc_ok"":true,""flight_state"":""STANDBY"",""lost_packets_since_previous"":0,""packet_length"":92,""packet_type"":1,""protocol_version"":8}"
2026-07-28T12:38:28.209955+00:00,1785242308.209955,dashboard_disconnected,info,Dashboard WebSocket disconnected,,,,True,True,True,0,0,2,0,0,"{""active_connections"":3,""client_host"":""2001:4ca0:0:f296:7c16:8c1f:207c:c8de"",""client_port"":0}"
2026-07-28T12:38:37.560788+00:00,1785242317.560788,telemetry_ack_sent,info,Ground acknowledged received telemetry,421,,,True,True,True,0,0,2,0,0,"{""payload"":""ACK,421""}"
2026-07-28T12:38:37.560788+00:00,1785242317.560788,telemetry_received,info,Received v8 telemetry sequence 421,421,-85,11.0,True,True,True,0,0,2,0,0,"{""crc_ok"":true,""flight_state"":""STANDBY"",""lost_packets_since_previous"":0,""packet_length"":92,""packet_type"":1,""protocol_version"":8}"
2026-07-28T12:38:41.306498+00:00,1785242321.306498,dashboard_connected,info,Dashboard WebSocket connected,,,,True,True,True,0,0,2,0,0,"{""active_connections"":4,""client_host"":""2a09:bac3:2967:2496::3a5:32"",""client_port"":0}"
2026-07-28T12:38:48.102397+00:00,1785242328.102397,telemetry_ack_sent,info,Ground acknowledged received telemetry,422,,,True,True,True,0,0,2,0,0,"{""payload"":""ACK,422""}"
2026-07-28T12:38:48.102397+00:00,1785242328.102397,telemetry_received,info,Received v8 telemetry sequence 422,422,-81,12.25,True,True,True,0,0,2,0,0,"{""crc_ok"":true,""flight_state"":""STANDBY"",""lost_packets_since_previous"":0,""packet_length"":92,""packet_type"":1,""protocol_version"":8}"
2026-07-28T12:38:49.614261+00:00,1785242329.614261,dashboard_connected,info,Dashboard WebSocket connected,,,,True,True,True,0,0,2,0,0,"{""active_connections"":5,""client_host"":""48.209.223.15"",""client_port"":0}"
2026-07-28T12:38:57.588835+00:00,1785242337.588835,telemetry_ack_sent,info,Ground acknowledged received telemetry,423,,,True,True,True,0,0,2,0,0,"{""payload"":""ACK,423""}"
2026-07-28T12:38:57.590046+00:00,1785242337.590046,telemetry_received,info,Received v8 telemetry sequence 423,423,-73,11.5,True,True,True,0,0,2,0,0,"{""crc_ok"":true,""flight_state"":""LAUNCH"",""lost_packets_since_previous"":0,""packet_length"":92,""packet_type"":1,""protocol_version"":8}"
2026-07-28T12:39:07.877408+00:00,1785242347.877408,telemetry_ack_sent,info,Ground acknowledged received telemetry,424,,,True,True,True,0,0,2,0,0,"{""payload"":""ACK,424""}"
2026-07-28T12:39:07.878638+00:00,1785242347.878638,telemetry_received,info,Received v8 telemetry sequence 424,424,-83,11.75,True,True,True,0,0,2,0,0,"{""crc_ok"":true,""flight_state"":""LAUNCH"",""lost_packets_since_previous"":0,""packet_length"":92,""packet_type"":1,""protocol_version"":8}"
2026-07-28T12:39:19.360820+00:00,1785242359.36082,telemetry_ack_sent,info,Ground acknowledged received telemetry,426,,,True,True,True,0,0,2,0,0,"{""payload"":""ACK,426""}"
2026-07-28T12:39:19.360820+00:00,1785242359.36082,telemetry_received,info,Received v8 telemetry sequence 426,426,-86,11.25,True,True,True,0,0,2,0,0,"{""crc_ok"":true,""flight_state"":""ASCENT"",""lost_packets_since_previous"":1,""packet_length"":92,""packet_type"":1,""protocol_version"":8}"
2026-07-28T12:39:26.655906+00:00,1785242366.655906,dashboard_disconnected,info,Dashboard WebSocket disconnected,,,,True,True,True,0,0,2,0,0,"{""active_connections"":4,""client_host"":""48.209.223.15"",""client_port"":0}"
2026-07-28T12:39:29.657102+00:00,1785242369.657102,telemetry_ack_sent,info,Ground acknowledged received telemetry,427,,,True,True,True,0,0,2,0,0,"{""payload"":""ACK,427""}"
2026-07-28T12:39:29.658632+00:00,1785242369.658632,telemetry_received,info,Received v8 telemetry sequence 427,427,-81,12.0,True,True,True,0,0,2,0,0,"{""crc_ok"":true,""flight_state"":""ASCENT"",""lost_packets_since_previous"":0,""packet_length"":92,""packet_type"":1,""protocol_version"":8}"
2026-07-28T12:39:39.328749+00:00,1785242379.328749,lora_crc_error,warning,Ground radio reported a LoRa packet CRC error,,,,True,True,True,0,0,3,0,0,{}
2026-07-28T12:39:50.716032+00:00,1785242390.716032,telemetry_ack_sent,info,Ground acknowledged received telemetry,429,,,True,True,True,0,0,3,0,0,"{""payload"":""ACK,429""}"
2026-07-28T12:39:50.716032+00:00,1785242390.716032,telemetry_received,info,Received v8 telemetry sequence 429,429,-94,10.0,True,True,True,0,0,3,0,0,"{""crc_ok"":true,""flight_state"":""ASCENT"",""lost_packets_since_previous"":1,""packet_length"":92,""packet_type"":1,""protocol_version"":8}"
2026-07-28T12:40:01.012361+00:00,1785242401.012361,telemetry_ack_sent,info,Ground acknowledged received telemetry,430,,,True,True,True,0,0,3,0,0,"{""payload"":""ACK,430""}"
2026-07-28T12:40:01.012361+00:00,1785242401.012361,telemetry_received,info,Received v8 telemetry sequence 430,430,-94,10.0,True,True,True,0,0,3,0,0,"{""crc_ok"":true,""flight_state"":""ASCENT"",""lost_packets_since_previous"":0,""packet_length"":92,""packet_type"":1,""protocol_version"":8}"
2026-07-28T12:40:01.349103+00:00,1785242401.349103,dashboard_disconnected,info,Dashboard WebSocket disconnected,,,,True,True,True,0,0,3,0,0,"{""active_connections"":3,""client_host"":""2a09:bac3:2967:2496::3a5:32"",""client_port"":0}"
2026-07-28T12:40:01.704074+00:00,1785242401.704074,dashboard_connected,info,Dashboard WebSocket connected,,,,True,True,True,0,0,3,0,0,"{""active_connections"":4,""client_host"":""48.209.223.15"",""client_port"":0}"
2026-07-28T12:40:02.828641+00:00,1785242402.828641,dashboard_connected,info,Dashboard WebSocket connected,,,,True,True,True,0,0,3,0,0,"{""active_connections"":5,""client_host"":""48.209.223.15"",""client_port"":0}"
2026-07-28T12:40:03.019993+00:00,1785242403.019993,dashboard_connected,info,Dashboard WebSocket connected,,,,True,True,True,0,0,3,0,0,"{""active_connections"":6,""client_host"":""48.209.223.15"",""client_port"":0}"
2026-07-28T12:40:09.600972+00:00,1785242409.600972,dashboard_connected,info,Dashboard WebSocket connected,,,,True,True,True,0,0,3,0,0,"{""active_connections"":7,""client_host"":""162.120.243.47"",""client_port"":0}"
2026-07-28T12:40:11.176315+00:00,1785242411.176315,dashboard_connected,info,Dashboard WebSocket connected,,,,True,True,True,0,0,3,0,0,"{""active_connections"":8,""client_host"":""162.120.243.47"",""client_port"":0}"
2026-07-28T12:40:11.377599+00:00,1785242411.377599,telemetry_ack_sent,info,Ground acknowledged received telemetry,431,,,True,True,True,0,0,3,0,0,"{""payload"":""ACK,431""}"
2026-07-28T12:40:11.377599+00:00,1785242411.377599,telemetry_received,info,Received v8 telemetry sequence 431,431,-92,9.0,True,True,True,0,0,3,0,0,"{""crc_ok"":true,""flight_state"":""ASCENT"",""lost_packets_since_previous"":0,""packet_length"":92,""packet_type"":1,""protocol_version"":8}"
2026-07-28T12:40:22.058967+00:00,1785242422.058967,telemetry_ack_sent,info,Ground acknowledged received telemetry,432,,,True,True,True,0,0,3,0,0,"{""payload"":""ACK,432""}"
2026-07-28T12:40:22.058967+00:00,1785242422.058967,telemetry_received,info,Received v8 telemetry sequence 432,432,-96,3.5,True,True,True,0,0,3,0,0,"{""crc_ok"":true,""flight_state"":""ASCENT"",""lost_packets_since_previous"":0,""packet_length"":92,""packet_type"":1,""protocol_version"":8}"
2026-07-28T12:40:32.571791+00:00,1785242432.571791,telemetry_ack_sent,info,Ground acknowledged received telemetry,433,,,True,True,True,0,0,3,0,0,"{""payload"":""ACK,433""}"
2026-07-28T12:40:32.571791+00:00,1785242432.571791,telemetry_received,info,Received v8 telemetry sequence 433,433,-96,6.25,True,True,True,0,0,3,0,0,"{""crc_ok"":true,""flight_state"":""ASCENT"",""lost_packets_since_previous"":0,""packet_length"":92,""packet_type"":1,""protocol_version"":8}"
2026-07-28T12:40:33.471287+00:00,1785242433.471287,dashboard_connected,info,Dashboard WebSocket connected,,,,True,True,True,0,0,3,0,0,"{""active_connections"":9,""client_host"":""2a09:bac2:2966:2496::3a5:e"",""client_port"":0}"
2026-07-28T12:40:34.306701+00:00,1785242434.306701,dashboard_disconnected,info,Dashboard WebSocket disconnected,,,,True,True,True,0,0,3,0,0,"{""active_connections"":8,""client_host"":""2a09:bac2:2966:2496::3a5:e"",""client_port"":0}"
2026-07-28T12:40:35.665954+00:00,1785242435.665954,dashboard_connected,info,Dashboard WebSocket connected,,,,True,True,True,0,0,3,0,0,"{""active_connections"":9,""client_host"":""2a09:bac2:2965:2482::3a3:16"",""client_port"":0}"
2026-07-28T12:40:42.845633+00:00,1785242442.845633,telemetry_ack_sent,info,Ground acknowledged received telemetry,434,,,True,True,True,0,0,3,0,0,"{""payload"":""ACK,434""}"
2026-07-28T12:40:42.847152+00:00,1785242442.847152,telemetry_received,info,Received v8 telemetry sequence 434,434,-101,7.5,True,True,True,0,0,3,0,0,"{""crc_ok"":true,""flight_state"":""ASCENT"",""lost_packets_since_previous"":0,""packet_length"":92,""packet_type"":1,""protocol_version"":8}"
2026-07-28T12:40:53.163093+00:00,1785242453.163093,telemetry_ack_sent,info,Ground acknowledged received telemetry,435,,,True,True,True,0,0,3,0,0,"{""payload"":""ACK,435""}"
2026-07-28T12:40:53.163093+00:00,1785242453.163093,telemetry_received,info,Received v8 telemetry sequence 435,435,-98,9.25,True,True,True,0,0,3,0,0,"{""crc_ok"":true,""flight_state"":""ASCENT"",""lost_packets_since_previous"":0,""packet_length"":92,""packet_type"":1,""protocol_version"":8}"
2026-07-28T12:41:03.451633+00:00,1785242463.451633,telemetry_ack_sent,info,Ground acknowledged received telemetry,436,,,True,True,True,0,0,3,0,0,"{""payload"":""ACK,436""}"
2026-07-28T12:41:03.451633+00:00,1785242463.451633,telemetry_received,info,Received v8 telemetry sequence 436,436,-91,9.75,True,True,True,0,0,3,0,0,"{""crc_ok"":true,""flight_state"":""ASCENT"",""lost_packets_since_previous"":0,""packet_length"":92,""packet_type"":1,""protocol_version"":8}"
2026-07-28T12:41:13.576431+00:00,1785242473.576431,dashboard_disconnected,info,Dashboard WebSocket disconnected,,,,True,True,True,0,0,3,0,0,"{""active_connections"":8,""client_host"":""48.209.223.15"",""client_port"":0}"
2026-07-28T12:41:13.761779+00:00,1785242473.761779,telemetry_ack_sent,info,Ground acknowledged received telemetry,437,,,True,True,True,0,0,3,0,0,"{""payload"":""ACK,437""}"
2026-07-28T12:41:13.761779+00:00,1785242473.761779,telemetry_received,info,Received v8 telemetry sequence 437,437,-93,11.75,True,True,True,0,0,3,0,0,"{""crc_ok"":true,""flight_state"":""ASCENT"",""lost_packets_since_previous"":0,""packet_length"":92,""packet_type"":1,""protocol_version"":8}"
2026-07-28T12:41:13.856996+00:00,1785242473.856996,dashboard_disconnected,info,Dashboard WebSocket disconnected,,,,True,True,True,0,0,3,0,0,"{""active_connections"":7,""client_host"":""48.209.223.15"",""client_port"":0}"
2026-07-28T12:41:13.881015+00:00,1785242473.881015,dashboard_disconnected,info,Dashboard WebSocket disconnected,,,,True,True,True,0,0,3,0,0,"{""active_connections"":6,""client_host"":""48.209.223.15"",""client_port"":0}"
2026-07-28T12:41:15.714246+00:00,1785242475.714246,dashboard_disconnected,info,Dashboard WebSocket disconnected,,,,True,True,True,0,0,3,0,0,"{""active_connections"":5,""client_host"":""2a09:bac2:2965:2482::3a3:16"",""client_port"":0}"
2026-07-28T12:41:24.066440+00:00,1785242484.06644,telemetry_ack_sent,info,Ground acknowledged received telemetry,438,,,True,True,True,0,0,3,0,0,"{""payload"":""ACK,438""}"
2026-07-28T12:41:24.067971+00:00,1785242484.067971,telemetry_received,info,Received v8 telemetry sequence 438,438,-93,11.25,True,True,True,0,0,3,0,0,"{""crc_ok"":true,""flight_state"":""ASCENT"",""lost_packets_since_previous"":0,""packet_length"":92,""packet_type"":1,""protocol_version"":8}"
2026-07-28T12:41:34.368186+00:00,1785242494.368186,telemetry_ack_sent,info,Ground acknowledged received telemetry,439,,,True,True,True,0,0,3,0,0,"{""payload"":""ACK,439""}"
2026-07-28T12:41:34.368186+00:00,1785242494.368186,telemetry_received,info,Received v8 telemetry sequence 439,439,-98,8.25,True,True,True,0,0,3,0,0,"{""crc_ok"":true,""flight_state"":""ASCENT"",""lost_packets_since_previous"":0,""packet_length"":92,""packet_type"":1,""protocol_version"":8}"
2026-07-28T12:41:44.639759+00:00,1785242504.639759,telemetry_ack_sent,info,Ground acknowledged received telemetry,440,,,True,True,True,0,0,3,0,0,"{""payload"":""ACK,440""}"
2026-07-28T12:41:44.639759+00:00,1785242504.639759,telemetry_received,info,Received v8 telemetry sequence 440,440,-103,9.0,True,True,True,0,0,3,0,0,"{""crc_ok"":true,""flight_state"":""ASCENT"",""lost_packets_since_previous"":0,""packet_length"":92,""packet_type"":1,""protocol_version"":8}"
2026-07-28T12:41:54.757253+00:00,1785242514.757253,dashboard_connected,info,Dashboard WebSocket connected,,,,True,True,True,0,0,3,0,0,"{""active_connections"":6,""client_host"":""2a09:bac3:2961:2482::3a3:4e"",""client_port"":0}"
2026-07-28T12:41:54.933243+00:00,1785242514.933243,telemetry_ack_sent,info,Ground acknowledged received telemetry,441,,,True,True,True,0,0,3,0,0,"{""payload"":""ACK,441""}"
2026-07-28T12:41:54.933243+00:00,1785242514.933243,telemetry_received,info,Received v8 telemetry sequence 441,441,-97,10.25,True,True,True,0,0,3,0,0,"{""crc_ok"":true,""flight_state"":""ASCENT"",""lost_packets_since_previous"":0,""packet_length"":92,""packet_type"":1,""protocol_version"":8}"
2026-07-28T12:42:05.251187+00:00,1785242525.251187,telemetry_ack_sent,info,Ground acknowledged received telemetry,442,,,True,True,True,0,0,3,0,0,"{""payload"":""ACK,442""}"
2026-07-28T12:42:05.251187+00:00,1785242525.251187,telemetry_received,info,Received v8 telemetry sequence 442,442,-102,8.5,True,True,True,0,0,3,0,0,"{""crc_ok"":true,""flight_state"":""ASCENT"",""lost_packets_since_previous"":0,""packet_length"":92,""packet_type"":1,""protocol_version"":8}"
2026-07-28T12:42:15.548858+00:00,1785242535.548858,telemetry_ack_sent,info,Ground acknowledged received telemetry,443,,,True,True,True,0,0,3,0,0,"{""payload"":""ACK,443""}"
2026-07-28T12:42:15.548858+00:00,1785242535.548858,telemetry_received,info,Received v8 telemetry sequence 443,443,-101,9.0,True,True,True,0,0,3,0,0,"{""crc_ok"":true,""flight_state"":""ASCENT"",""lost_packets_since_previous"":0,""packet_length"":92,""packet_type"":1,""protocol_version"":8}"
2026-07-28T12:42:20.716363+00:00,1785242540.716363,dashboard_connected,info,Dashboard WebSocket connected,,,,True,True,True,0,0,3,0,0,"{""active_connections"":7,""client_host"":""2a01:599:920:a822:1553:ea5b:1aa3:2218"",""client_port"":0}"
2026-07-28T12:42:25.841270+00:00,1785242545.84127,telemetry_ack_sent,info,Ground acknowledged received telemetry,444,,,True,True,True,0,0,3,0,0,"{""payload"":""ACK,444""}"
2026-07-28T12:42:25.841270+00:00,1785242545.84127,telemetry_received,info,Received v8 telemetry sequence 444,444,-97,9.25,True,True,True,0,0,3,0,0,"{""crc_ok"":true,""flight_state"":""ASCENT"",""lost_packets_since_previous"":0,""packet_length"":92,""packet_type"":1,""protocol_version"":8}"
2026-07-28T12:42:36.144434+00:00,1785242556.144434,telemetry_ack_sent,info,Ground acknowledged received telemetry,445,,,True,True,True,0,0,3,0,0,"{""payload"":""ACK,445""}"
2026-07-28T12:42:36.144434+00:00,1785242556.144434,telemetry_received,info,Received v8 telemetry sequence 445,445,-99,9.75,True,True,True,0,0,3,0,0,"{""crc_ok"":true,""flight_state"":""ASCENT"",""lost_packets_since_previous"":0,""packet_length"":92,""packet_type"":1,""protocol_version"":8}"
2026-07-28T12:42:46.432399+00:00,1785242566.432399,telemetry_ack_sent,info,Ground acknowledged received telemetry,446,,,True,True,True,0,0,3,0,0,"{""payload"":""ACK,446""}"
2026-07-28T12:42:46.432399+00:00,1785242566.432399,telemetry_received,info,Received v8 telemetry sequence 446,446,-103,3.75,True,True,True,0,0,3,0,0,"{""crc_ok"":true,""flight_state"":""ASCENT"",""lost_packets_since_previous"":0,""packet_length"":92,""packet_type"":1,""protocol_version"":8}"
2026-07-28T12:42:54.790710+00:00,1785242574.79071,dashboard_disconnected,info,Dashboard WebSocket disconnected,,,,True,True,True,0,0,3,0,0,"{""active_connections"":6,""client_host"":""2a09:bac3:2961:2482::3a3:4e"",""client_port"":0}"
2026-07-28T12:42:56.740365+00:00,1785242576.740365,telemetry_ack_sent,info,Ground acknowledged received telemetry,447,,,True,True,True,0,0,3,0,0,"{""payload"":""ACK,447""}"
2026-07-28T12:42:56.740365+00:00,1785242576.740365,telemetry_received,info,Received v8 telemetry sequence 447,447,-102,2.0,True,True,True,0,0,3,0,0,"{""crc_ok"":true,""flight_state"":""ASCENT"",""lost_packets_since_previous"":0,""packet_length"":92,""packet_type"":1,""protocol_version"":8}"
2026-07-28T12:43:05.739221+00:00,1785242585.739221,dashboard_disconnected,info,Dashboard WebSocket disconnected,,,,True,True,True,0,0,3,0,0,"{""active_connections"":5,""client_host"":""2a01:599:920:a822:1553:ea5b:1aa3:2218"",""client_port"":0}"
2026-07-28T12:43:06.146811+00:00,1785242586.146811,lora_crc_error,warning,Ground radio reported a LoRa packet CRC error,,,,True,True,True,0,0,4,0,0,{}
2026-07-28T12:43:17.616908+00:00,1785242597.616908,telemetry_ack_sent,info,Ground acknowledged received telemetry,449,,,True,True,True,0,0,4,0,0,"{""payload"":""ACK,449""}"
2026-07-28T12:43:17.616908+00:00,1785242597.616908,telemetry_received,info,Received v8 telemetry sequence 449,449,-102,5.25,True,True,True,0,0,4,0,0,"{""crc_ok"":true,""flight_state"":""ASCENT"",""lost_packets_since_previous"":1,""packet_length"":92,""packet_type"":1,""protocol_version"":8}"
2026-07-28T12:43:17.729939+00:00,1785242597.729939,dashboard_disconnected,info,Dashboard WebSocket disconnected,,,,True,True,True,0,0,4,0,0,"{""active_connections"":4,""client_host"":""162.120.243.47"",""client_port"":0}"
2026-07-28T12:43:17.729939+00:00,1785242597.729939,dashboard_disconnected,info,Dashboard WebSocket disconnected,,,,True,True,True,0,0,4,0,0,"{""active_connections"":3,""client_host"":""162.120.243.47"",""client_port"":0}"
2026-07-28T12:43:21.842097+00:00,1785242601.842097,dashboard_connected,info,Dashboard WebSocket connected,,,,True,True,True,0,0,4,0,0,"{""active_connections"":4,""client_host"":""162.120.243.47"",""client_port"":0}"
2026-07-28T12:43:21.850159+00:00,1785242601.850159,dashboard_connected,info,Dashboard WebSocket connected,,,,True,True,True,0,0,4,0,0,"{""active_connections"":5,""client_host"":""162.120.243.47"",""client_port"":0}"
2026-07-28T12:43:28.143641+00:00,1785242608.143641,telemetry_ack_sent,info,Ground acknowledged received telemetry,450,,,True,True,True,0,0,4,0,0,"{""payload"":""ACK,450""}"
2026-07-28T12:43:28.144155+00:00,1785242608.144155,telemetry_received,info,Received v8 telemetry sequence 450,450,-102,6.25,True,True,True,0,0,4,0,0,"{""crc_ok"":true,""flight_state"":""ASCENT"",""lost_packets_since_previous"":0,""packet_length"":92,""packet_type"":1,""protocol_version"":8}"
2026-07-28T12:43:28.406297+00:00,1785242608.406297,dashboard_disconnected,info,Dashboard WebSocket disconnected,,,,True,True,True,0,0,4,0,0,"{""active_connections"":4,""client_host"":""162.120.243.47"",""client_port"":0}"
2026-07-28T12:43:28.406297+00:00,1785242608.406297,dashboard_disconnected,info,Dashboard WebSocket disconnected,,,,True,True,True,0,0,4,0,0,"{""active_connections"":3,""client_host"":""162.120.243.47"",""client_port"":0}"
2026-07-28T12:43:32.739498+00:00,1785242612.739498,dashboard_connected,info,Dashboard WebSocket connected,,,,True,True,True,0,0,4,0,0,"{""active_connections"":4,""client_host"":""2001:4ca0:0:f296:7c16:8c1f:207c:c8de"",""client_port"":0}"
2026-07-28T12:43:35.369149+00:00,1785242615.369149,dashboard_disconnected,info,Dashboard WebSocket disconnected,,,,True,True,True,0,0,4,0,0,"{""active_connections"":3,""client_host"":""2001:4ca0:0:f296:7c16:8c1f:207c:c8de"",""client_port"":0}"
2026-07-28T12:43:36.011459+00:00,1785242616.011459,dashboard_connected,info,Dashboard WebSocket connected,,,,True,True,True,0,0,4,0,0,"{""active_connections"":4,""client_host"":""2001:4ca0:0:f296:7c16:8c1f:207c:c8de"",""client_port"":0}"
2026-07-28T12:43:38.975002+00:00,1785242618.975002,telemetry_ack_sent,info,Ground acknowledged received telemetry,451,,,True,True,True,0,0,4,0,0,"{""payload"":""ACK,451""}"
2026-07-28T12:43:38.976033+00:00,1785242618.976033,telemetry_received,info,Received v8 telemetry sequence 451,451,-102,0.0,True,True,True,0,0,4,0,0,"{""crc_ok"":true,""flight_state"":""ASCENT"",""lost_packets_since_previous"":0,""packet_length"":92,""packet_type"":1,""protocol_version"":8}"
2026-07-28T12:43:49.287144+00:00,1785242629.287144,telemetry_ack_sent,info,Ground acknowledged received telemetry,452,,,True,True,True,0,0,4,0,0,"{""payload"":""ACK,452""}"
2026-07-28T12:43:49.287673+00:00,1785242629.287673,telemetry_received,info,Received v8 telemetry sequence 452,452,-100,3.25,True,True,True,0,0,4,0,0,"{""crc_ok"":true,""flight_state"":""ASCENT"",""lost_packets_since_previous"":0,""packet_length"":92,""packet_type"":1,""protocol_version"":8}"
2026-07-28T12:43:54.130496+00:00,1785242634.130496,dashboard_connected,info,Dashboard WebSocket connected,,,,True,True,True,0,0,4,0,0,"{""active_connections"":5,""client_host"":""162.120.243.47"",""client_port"":0}"
2026-07-28T12:43:54.153972+00:00,1785242634.153972,dashboard_connected,info,Dashboard WebSocket connected,,,,True,True,True,0,0,4,0,0,"{""active_connections"":6,""client_host"":""162.120.243.47"",""client_port"":0}"
2026-07-28T12:43:59.585379+00:00,1785242639.585379,telemetry_ack_sent,info,Ground acknowledged received telemetry,453,,,True,True,True,0,0,4,0,0,"{""payload"":""ACK,453""}"
2026-07-28T12:43:59.585757+00:00,1785242639.585757,telemetry_received,info,Received v8 telemetry sequence 453,453,-100,3.25,True,True,True,0,0,4,0,0,"{""crc_ok"":true,""flight_state"":""ASCENT"",""lost_packets_since_previous"":0,""packet_length"":92,""packet_type"":1,""protocol_version"":8}"
2026-07-28T12:44:09.862538+00:00,1785242649.862538,telemetry_ack_sent,info,Ground acknowledged received telemetry,454,,,True,True,True,0,0,4,0,0,"{""payload"":""ACK,454""}"
2026-07-28T12:44:09.862538+00:00,1785242649.862538,telemetry_received,info,Received v8 telemetry sequence 454,454,-97,5.0,True,True,True,0,0,4,0,0,"{""crc_ok"":true,""flight_state"":""ASCENT"",""lost_packets_since_previous"":0,""packet_length"":92,""packet_type"":1,""protocol_version"":8}"
2026-07-28T12:44:30.472296+00:00,1785242670.472296,telemetry_ack_sent,info,Ground acknowledged received telemetry,456,,,True,True,True,0,0,4,0,0,"{""payload"":""ACK,456""}"
2026-07-28T12:44:30.472296+00:00,1785242670.472296,telemetry_received,info,Received v8 telemetry sequence 456,456,-105,1.25,True,True,True,0,0,4,0,0,"{""crc_ok"":true,""flight_state"":""ASCENT"",""lost_packets_since_previous"":1,""packet_length"":92,""packet_type"":1,""protocol_version"":8}"
2026-07-28T12:44:37.407165+00:00,1785242677.407165,telemetry_ack_sent,info,Ground acknowledged received telemetry,457,,,True,True,True,0,0,4,0,0,"{""payload"":""ACK,457""}"
2026-07-28T12:44:37.407165+00:00,1785242677.407165,telemetry_received,info,Received v8 telemetry sequence 457,457,-105,3.25,True,True,True,0,0,4,0,0,"{""crc_ok"":true,""flight_state"":""ASCENT"",""lost_packets_since_previous"":0,""packet_length"":92,""packet_type"":1,""protocol_version"":8}"
2026-07-28T12:44:47.720153+00:00,1785242687.720153,telemetry_ack_sent,info,Ground acknowledged received telemetry,458,,,True,True,True,0,0,4,0,0,"{""payload"":""ACK,458""}"
2026-07-28T12:44:47.721162+00:00,1785242687.721162,telemetry_received,info,Received v8 telemetry sequence 458,458,-98,9.0,True,True,True,0,0,4,0,0,"{""crc_ok"":true,""flight_state"":""ASCENT"",""lost_packets_since_previous"":0,""packet_length"":92,""packet_type"":1,""protocol_version"":8}"
2026-07-28T12:44:58.018596+00:00,1785242698.018596,telemetry_ack_sent,info,Ground acknowledged received telemetry,459,,,True,True,True,0,0,4,0,0,"{""payload"":""ACK,459""}"
2026-07-28T12:44:58.019622+00:00,1785242698.019622,telemetry_received,info,Received v8 telemetry sequence 459,459,-107,4.25,True,True,True,0,0,4,0,0,"{""crc_ok"":true,""flight_state"":""ASCENT"",""lost_packets_since_previous"":0,""packet_length"":92,""packet_type"":1,""protocol_version"":8}"
2026-07-28T12:45:08.314143+00:00,1785242708.314143,telemetry_ack_sent,info,Ground acknowledged received telemetry,460,,,True,True,True,0,0,4,0,0,"{""payload"":""ACK,460""}"
2026-07-28T12:45:08.314143+00:00,1785242708.314143,telemetry_received,info,Received v8 telemetry sequence 460,460,-96,11.75,True,True,True,0,0,4,0,0,"{""crc_ok"":true,""flight_state"":""ASCENT"",""lost_packets_since_previous"":0,""packet_length"":92,""packet_type"":1,""protocol_version"":8}"
2026-07-28T12:45:08.778043+00:00,1785242708.778043,dashboard_connected,info,Dashboard WebSocket connected,,,,True,True,True,0,0,4,0,0,"{""active_connections"":7,""client_host"":""80.187.83.20"",""client_port"":0}"
2026-07-28T12:45:12.917133+00:00,1785242712.917133,dashboard_disconnected,info,Dashboard WebSocket disconnected,,,,True,True,True,0,0,4,0,0,"{""active_connections"":6,""client_host"":""80.187.83.20"",""client_port"":0}"
2026-07-28T12:45:18.591627+00:00,1785242718.591627,telemetry_ack_sent,info,Ground acknowledged received telemetry,461,,,True,True,True,0,0,4,0,0,"{""payload"":""ACK,461""}"
2026-07-28T12:45:18.591627+00:00,1785242718.591627,telemetry_received,info,Received v8 telemetry sequence 461,461,-102,9.5,True,True,True,0,0,4,0,0,"{""crc_ok"":true,""flight_state"":""ASCENT"",""lost_packets_since_previous"":0,""packet_length"":92,""packet_type"":1,""protocol_version"":8}"
2026-07-28T12:45:28.900735+00:00,1785242728.900735,telemetry_ack_sent,info,Ground acknowledged received telemetry,462,,,True,True,True,0,0,4,0,0,"{""payload"":""ACK,462""}"
2026-07-28T12:45:28.900735+00:00,1785242728.900735,telemetry_received,info,Received v8 telemetry sequence 462,462,-101,9.75,True,True,True,0,0,4,0,0,"{""crc_ok"":true,""flight_state"":""ASCENT"",""lost_packets_since_previous"":0,""packet_length"":92,""packet_type"":1,""protocol_version"":8}"
2026-07-28T12:45:39.202954+00:00,1785242739.202954,telemetry_ack_sent,info,Ground acknowledged received telemetry,463,,,True,True,True,0,0,4,0,0,"{""payload"":""ACK,463""}"
2026-07-28T12:45:39.204356+00:00,1785242739.204356,telemetry_received,info,Received v8 telemetry sequence 463,463,-98,10.25,True,True,True,0,0,4,0,0,"{""crc_ok"":true,""flight_state"":""ASCENT"",""lost_packets_since_previous"":0,""packet_length"":92,""packet_type"":1,""protocol_version"":8}"
2026-07-28T12:45:44.491479+00:00,1785242744.491479,telemetry_ack_sent,info,Ground acknowledged received telemetry,464,,,True,True,True,0,0,4,0,0,"{""payload"":""ACK,464""}"
2026-07-28T12:45:44.491479+00:00,1785242744.491479,telemetry_received,info,Received v8 telemetry sequence 464,464,-101,9.25,True,True,True,0,0,4,0,0,"{""crc_ok"":true,""flight_state"":""ASCENT"",""lost_packets_since_previous"":0,""packet_length"":92,""packet_type"":1,""protocol_version"":8}"
2026-07-28T12:45:54.792748+00:00,1785242754.792748,telemetry_ack_sent,info,Ground acknowledged received telemetry,465,,,True,True,True,0,0,4,0,0,"{""payload"":""ACK,465""}"
2026-07-28T12:45:54.793268+00:00,1785242754.793268,telemetry_received,info,Received v8 telemetry sequence 465,465,-99,11.5,True,True,True,0,0,4,0,0,"{""crc_ok"":true,""flight_state"":""ASCENT"",""lost_packets_since_previous"":0,""packet_length"":92,""packet_type"":1,""protocol_version"":8}"
2026-07-28T12:46:05.111498+00:00,1785242765.111498,telemetry_ack_sent,info,Ground acknowledged received telemetry,466,,,True,True,True,0,0,4,0,0,"{""payload"":""ACK,466""}"
2026-07-28T12:46:05.112539+00:00,1785242765.112539,telemetry_received,info,Received v8 telemetry sequence 466,466,-98,11.0,True,True,True,0,0,4,0,0,"{""crc_ok"":true,""flight_state"":""ASCENT"",""lost_packets_since_previous"":0,""packet_length"":92,""packet_type"":1,""protocol_version"":8}"
2026-07-28T12:46:15.418269+00:00,1785242775.418269,telemetry_ack_sent,info,Ground acknowledged received telemetry,467,,,True,True,True,0,0,4,0,0,"{""payload"":""ACK,467""}"
2026-07-28T12:46:15.418877+00:00,1785242775.418877,telemetry_received,info,Received v8 telemetry sequence 467,467,-106,8.75,True,True,True,0,0,4,0,0,"{""crc_ok"":true,""flight_state"":""ASCENT"",""lost_packets_since_previous"":0,""packet_length"":92,""packet_type"":1,""protocol_version"":8}"
2026-07-28T12:46:25.728206+00:00,1785242785.728206,telemetry_ack_sent,info,Ground acknowledged received telemetry,468,,,True,True,True,0,0,4,0,0,"{""payload"":""ACK,468""}"
2026-07-28T12:46:25.728206+00:00,1785242785.728206,telemetry_received,info,Received v8 telemetry sequence 468,468,-102,8.75,True,True,True,0,0,4,0,0,"{""crc_ok"":true,""flight_state"":""ASCENT"",""lost_packets_since_previous"":0,""packet_length"":92,""packet_type"":1,""protocol_version"":8}"
2026-07-28T12:46:36.041702+00:00,1785242796.041702,telemetry_ack_sent,info,Ground acknowledged received telemetry,469,,,True,True,True,0,0,4,0,0,"{""payload"":""ACK,469""}"
2026-07-28T12:46:36.041702+00:00,1785242796.041702,telemetry_received,info,Received v8 telemetry sequence 469,469,-102,8.5,True,True,True,0,0,4,0,0,"{""crc_ok"":true,""flight_state"":""ASCENT"",""lost_packets_since_previous"":0,""packet_length"":92,""packet_type"":1,""protocol_version"":8}"
2026-07-28T12:46:46.322723+00:00,1785242806.322723,telemetry_ack_sent,info,Ground acknowledged received telemetry,470,,,True,True,True,0,0,4,0,0,"{""payload"":""ACK,470""}"
2026-07-28T12:46:46.323803+00:00,1785242806.323803,telemetry_received,info,Received v8 telemetry sequence 470,470,-98,9.75,True,True,True,0,0,4,0,0,"{""crc_ok"":true,""flight_state"":""ASCENT"",""lost_packets_since_previous"":0,""packet_length"":92,""packet_type"":1,""protocol_version"":8}"
2026-07-28T12:46:47.740373+00:00,1785242807.740373,dashboard_connected,info,Dashboard WebSocket connected,,,,True,True,True,0,0,4,0,0,"{""active_connections"":7,""client_host"":""2a01:599:920:a822:1553:ea5b:1aa3:2218"",""client_port"":0}"
2026-07-28T12:46:56.629072+00:00,1785242816.629072,telemetry_ack_sent,info,Ground acknowledged received telemetry,471,,,True,True,True,0,0,4,0,0,"{""payload"":""ACK,471""}"
2026-07-28T12:46:56.629072+00:00,1785242816.629072,telemetry_received,info,Received v8 telemetry sequence 471,471,-104,7.0,True,True,True,0,0,4,0,0,"{""crc_ok"":true,""flight_state"":""ASCENT"",""lost_packets_since_previous"":0,""packet_length"":92,""packet_type"":1,""protocol_version"":8}"
2026-07-28T12:47:07.010092+00:00,1785242827.010092,telemetry_ack_sent,info,Ground acknowledged received telemetry,472,,,True,True,True,0,0,4,0,0,"{""payload"":""ACK,472""}"
2026-07-28T12:47:07.010927+00:00,1785242827.010927,telemetry_received,info,Received v8 telemetry sequence 472,472,-101,9.5,True,True,True,0,0,4,0,0,"{""crc_ok"":true,""flight_state"":""ASCENT"",""lost_packets_since_previous"":0,""packet_length"":92,""packet_type"":1,""protocol_version"":8}"
2026-07-28T12:47:17.558978+00:00,1785242837.558978,telemetry_ack_sent,info,Ground acknowledged received telemetry,473,,,True,True,True,0,0,4,0,0,"{""payload"":""ACK,473""}"
2026-07-28T12:47:17.558978+00:00,1785242837.558978,telemetry_received,info,Received v8 telemetry sequence 473,473,-104,10.0,True,True,True,0,0,4,0,0,"{""crc_ok"":true,""flight_state"":""ASCENT"",""lost_packets_since_previous"":0,""packet_length"":92,""packet_type"":1,""protocol_version"":8}"
2026-07-28T12:47:19.055792+00:00,1785242839.055792,dashboard_disconnected,info,Dashboard WebSocket disconnected,,,,True,True,True,0,0,4,0,0,"{""active_connections"":6,""client_host"":""2a01:599:920:a822:1553:ea5b:1aa3:2218"",""client_port"":0}"
2026-07-28T12:47:28.075187+00:00,1785242848.075187,telemetry_ack_sent,info,Ground acknowledged received telemetry,474,,,True,True,True,0,0,4,0,0,"{""payload"":""ACK,474""}"
2026-07-28T12:47:28.075187+00:00,1785242848.075187,telemetry_received,info,Received v8 telemetry sequence 474,474,-104,9.5,True,True,True,0,0,4,0,0,"{""crc_ok"":true,""flight_state"":""ASCENT"",""lost_packets_since_previous"":0,""packet_length"":92,""packet_type"":1,""protocol_version"":8}"
2026-07-28T12:47:38.811991+00:00,1785242858.811991,telemetry_ack_sent,info,Ground acknowledged received telemetry,475,,,True,True,True,0,0,4,0,0,"{""payload"":""ACK,475""}"
2026-07-28T12:47:38.812521+00:00,1785242858.812521,telemetry_received,info,Received v8 telemetry sequence 475,475,-99,9.5,True,True,True,0,0,4,0,0,"{""crc_ok"":true,""flight_state"":""ASCENT"",""lost_packets_since_previous"":0,""packet_length"":92,""packet_type"":1,""protocol_version"":8}"
2026-07-28T12:47:49.123915+00:00,1785242869.123915,telemetry_ack_sent,info,Ground acknowledged received telemetry,476,,,True,True,True,0,0,4,0,0,"{""payload"":""ACK,476""}"
2026-07-28T12:47:49.125011+00:00,1785242869.125011,telemetry_received,info,Received v8 telemetry sequence 476,476,-107,9.75,True,True,True,0,0,4,0,0,"{""crc_ok"":true,""flight_state"":""ASCENT"",""lost_packets_since_previous"":0,""packet_length"":92,""packet_type"":1,""protocol_version"":8}"
2026-07-28T12:47:59.420179+00:00,1785242879.420179,telemetry_ack_sent,info,Ground acknowledged received telemetry,477,,,True,True,True,0,0,4,0,0,"{""payload"":""ACK,477""}"
2026-07-28T12:47:59.422172+00:00,1785242879.422172,telemetry_received,info,Received v8 telemetry sequence 477,477,-101,10.5,True,True,True,0,0,4,0,0,"{""crc_ok"":true,""flight_state"":""ASCENT"",""lost_packets_since_previous"":0,""packet_length"":92,""packet_type"":1,""protocol_version"":8}"
2026-07-28T12:48:01.322465+00:00,1785242881.322465,dashboard_connected,info,Dashboard WebSocket connected,,,,True,True,True,0,0,4,0,0,"{""active_connections"":7,""client_host"":""2a01:599:920:a822:1553:ea5b:1aa3:2218"",""client_port"":0}"
2026-07-28T12:48:08.641349+00:00,1785242888.641349,dashboard_disconnected,info,Dashboard WebSocket disconnected,,,,True,True,True,0,0,4,0,0,"{""active_connections"":6,""client_host"":""2a01:599:920:a822:1553:ea5b:1aa3:2218"",""client_port"":0}"
2026-07-28T12:48:09.700709+00:00,1785242889.700709,telemetry_ack_sent,info,Ground acknowledged received telemetry,478,,,True,True,True,0,0,4,0,0,"{""payload"":""ACK,478""}"
2026-07-28T12:48:09.702714+00:00,1785242889.702714,telemetry_received,info,Received v8 telemetry sequence 478,478,-101,9.5,True,True,True,0,0,4,0,0,"{""crc_ok"":true,""flight_state"":""ASCENT"",""lost_packets_since_previous"":0,""packet_length"":92,""packet_type"":1,""protocol_version"":8}"
2026-07-28T12:48:20.026354+00:00,1785242900.026354,telemetry_ack_sent,info,Ground acknowledged received telemetry,479,,,True,True,True,0,0,4,0,0,"{""payload"":""ACK,479""}"
2026-07-28T12:48:20.027411+00:00,1785242900.027411,telemetry_received,info,Received v8 telemetry sequence 479,479,-106,7.75,True,True,True,0,0,4,0,0,"{""crc_ok"":true,""flight_state"":""ASCENT"",""lost_packets_since_previous"":0,""packet_length"":92,""packet_type"":1,""protocol_version"":8}"
2026-07-28T12:48:30.313213+00:00,1785242910.313213,telemetry_ack_sent,info,Ground acknowledged received telemetry,480,,,True,True,True,0,0,4,0,0,"{""payload"":""ACK,480""}"
2026-07-28T12:48:30.314329+00:00,1785242910.314329,telemetry_received,info,Received v8 telemetry sequence 480,480,-110,3.75,True,True,True,0,0,4,0,0,"{""crc_ok"":true,""flight_state"":""ASCENT"",""lost_packets_since_previous"":0,""packet_length"":92,""packet_type"":1,""protocol_version"":8}"
2026-07-28T12:48:40.612643+00:00,1785242920.612643,telemetry_ack_sent,info,Ground acknowledged received telemetry,481,,,True,True,True,0,0,4,0,0,"{""payload"":""ACK,481""}"
2026-07-28T12:48:40.612643+00:00,1785242920.612643,telemetry_received,info,Received v8 telemetry sequence 481,481,-101,7.0,True,True,True,0,0,4,0,0,"{""crc_ok"":true,""flight_state"":""ASCENT"",""lost_packets_since_previous"":0,""packet_length"":92,""packet_type"":1,""protocol_version"":8}"
2026-07-28T12:48:51.046621+00:00,1785242931.046621,telemetry_ack_sent,info,Ground acknowledged received telemetry,482,,,True,True,True,0,0,4,0,0,"{""payload"":""ACK,482""}"
2026-07-28T12:48:51.046621+00:00,1785242931.046621,telemetry_received,info,Received v8 telemetry sequence 482,482,-111,-3.75,True,True,True,0,0,4,0,0,"{""crc_ok"":true,""flight_state"":""ASCENT"",""lost_packets_since_previous"":0,""packet_length"":92,""packet_type"":1,""protocol_version"":8}"
2026-07-28T12:49:01.355384+00:00,1785242941.355384,telemetry_ack_sent,info,Ground acknowledged received telemetry,483,,,True,True,True,0,0,4,0,0,"{""payload"":""ACK,483""}"
2026-07-28T12:49:01.355384+00:00,1785242941.355384,telemetry_received,info,Received v8 telemetry sequence 483,483,-113,1.25,True,True,True,0,0,4,0,0,"{""crc_ok"":true,""flight_state"":""ASCENT"",""lost_packets_since_previous"":0,""packet_length"":92,""packet_type"":1,""protocol_version"":8}"
2026-07-28T12:49:11.720739+00:00,1785242951.720739,telemetry_ack_sent,info,Ground acknowledged received telemetry,484,,,True,True,True,0,0,4,0,0,"{""payload"":""ACK,484""}"
2026-07-28T12:49:11.721739+00:00,1785242951.721739,telemetry_received,info,Received v8 telemetry sequence 484,484,-108,6.5,True,True,True,0,0,4,0,0,"{""crc_ok"":true,""flight_state"":""ASCENT"",""lost_packets_since_previous"":0,""packet_length"":92,""packet_type"":1,""protocol_version"":8}"
2026-07-28T12:49:22.385636+00:00,1785242962.385636,telemetry_ack_sent,info,Ground acknowledged received telemetry,485,,,True,True,True,0,0,4,0,0,"{""payload"":""ACK,485""}"
2026-07-28T12:49:22.385636+00:00,1785242962.385636,telemetry_received,info,Received v8 telemetry sequence 485,485,-108,6.25,True,True,True,0,0,4,0,0,"{""crc_ok"":true,""flight_state"":""ASCENT"",""lost_packets_since_previous"":0,""packet_length"":92,""packet_type"":1,""protocol_version"":8}"
2026-07-28T12:49:32.820463+00:00,1785242972.820463,telemetry_ack_sent,info,Ground acknowledged received telemetry,486,,,True,True,True,0,0,4,0,0,"{""payload"":""ACK,486""}"
2026-07-28T12:49:32.820463+00:00,1785242972.820463,telemetry_received,info,Received v8 telemetry sequence 486,486,-107,4.25,True,True,True,0,0,4,0,0,"{""crc_ok"":true,""flight_state"":""ASCENT"",""lost_packets_since_previous"":0,""packet_length"":92,""packet_type"":1,""protocol_version"":8}"
2026-07-28T12:49:34.391667+00:00,1785242974.391667,dashboard_connected,info,Dashboard WebSocket connected,,,,True,True,True,0,0,4,0,0,"{""active_connections"":7,""client_host"":""2a01:599:920:a822:1553:ea5b:1aa3:2218"",""client_port"":0}"
2026-07-28T12:49:39.169604+00:00,1785242979.169604,dashboard_disconnected,info,Dashboard WebSocket disconnected,,,,True,True,True,0,0,4,0,0,"{""active_connections"":6,""client_host"":""2a01:599:920:a822:1553:ea5b:1aa3:2218"",""client_port"":0}"
2026-07-28T12:49:43.506615+00:00,1785242983.506615,telemetry_ack_sent,info,Ground acknowledged received telemetry,487,,,True,True,True,0,0,4,0,0,"{""payload"":""ACK,487""}"
2026-07-28T12:49:43.506615+00:00,1785242983.506615,telemetry_received,info,Received v8 telemetry sequence 487,487,-106,4.0,True,True,True,0,0,4,0,0,"{""crc_ok"":true,""flight_state"":""ASCENT"",""lost_packets_since_previous"":0,""packet_length"":92,""packet_type"":1,""protocol_version"":8}"
2026-07-28T12:49:53.796768+00:00,1785242993.796768,telemetry_ack_sent,info,Ground acknowledged received telemetry,488,,,True,True,True,0,0,4,0,0,"{""payload"":""ACK,488""}"
2026-07-28T12:49:53.796768+00:00,1785242993.796768,telemetry_received,info,Received v8 telemetry sequence 488,488,-105,5.0,True,True,True,0,0,4,0,0,"{""crc_ok"":true,""flight_state"":""ASCENT"",""lost_packets_since_previous"":0,""packet_length"":92,""packet_type"":1,""protocol_version"":8}"
2026-07-28T12:50:04.116668+00:00,1785243004.116668,telemetry_ack_sent,info,Ground acknowledged received telemetry,489,,,True,True,True,0,0,4,0,0,"{""payload"":""ACK,489""}"
2026-07-28T12:50:04.118073+00:00,1785243004.118073,telemetry_received,info,Received v8 telemetry sequence 489,489,-108,6.25,True,True,True,0,0,4,0,0,"{""crc_ok"":true,""flight_state"":""ASCENT"",""lost_packets_since_previous"":0,""packet_length"":92,""packet_type"":1,""protocol_version"":8}"
2026-07-28T12:50:14.400380+00:00,1785243014.40038,telemetry_ack_sent,info,Ground acknowledged received telemetry,490,,,True,True,True,0,0,4,0,0,"{""payload"":""ACK,490""}"
2026-07-28T12:50:14.401410+00:00,1785243014.40141,telemetry_received,info,Received v8 telemetry sequence 490,490,-105,1.75,True,True,True,0,0,4,0,0,"{""crc_ok"":true,""flight_state"":""ASCENT"",""lost_packets_since_previous"":0,""packet_length"":92,""packet_type"":1,""protocol_version"":8}"
2026-07-28T12:50:24.724173+00:00,1785243024.724173,telemetry_ack_sent,info,Ground acknowledged received telemetry,491,,,True,True,True,0,0,4,0,0,"{""payload"":""ACK,491""}"
2026-07-28T12:50:24.725187+00:00,1785243024.725187,telemetry_received,info,Received v8 telemetry sequence 491,491,-110,-0.75,True,True,True,0,0,4,0,0,"{""crc_ok"":true,""flight_state"":""ASCENT"",""lost_packets_since_previous"":0,""packet_length"":92,""packet_type"":1,""protocol_version"":8}"
2026-07-28T12:50:34.991635+00:00,1785243034.991635,telemetry_ack_sent,info,Ground acknowledged received telemetry,492,,,True,True,True,0,0,4,0,0,"{""payload"":""ACK,492""}"
2026-07-28T12:50:34.991635+00:00,1785243034.991635,telemetry_received,info,Received v8 telemetry sequence 492,492,-104,6.25,True,True,True,0,0,4,0,0,"{""crc_ok"":true,""flight_state"":""ASCENT"",""lost_packets_since_previous"":0,""packet_length"":92,""packet_type"":1,""protocol_version"":8}"
2026-07-28T12:50:37.494972+00:00,1785243037.494972,dashboard_disconnected,info,Dashboard WebSocket disconnected,,,,True,True,True,0,0,4,0,0,"{""active_connections"":5,""client_host"":""2001:4ca0:0:f296:7c16:8c1f:207c:c8de"",""client_port"":0}"
2026-07-28T12:50:45.337119+00:00,1785243045.337119,telemetry_ack_sent,info,Ground acknowledged received telemetry,493,,,True,True,True,0,0,4,0,0,"{""payload"":""ACK,493""}"
2026-07-28T12:50:45.337119+00:00,1785243045.337119,telemetry_received,info,Received v8 telemetry sequence 493,493,-110,-9.0,True,True,True,0,0,4,0,0,"{""crc_ok"":true,""flight_state"":""ASCENT"",""lost_packets_since_previous"":0,""packet_length"":92,""packet_type"":1,""protocol_version"":8}"
2026-07-28T12:50:55.626036+00:00,1785243055.626036,telemetry_ack_sent,info,Ground acknowledged received telemetry,494,,,True,True,True,0,0,4,0,0,"{""payload"":""ACK,494""}"
2026-07-28T12:50:55.627039+00:00,1785243055.627039,telemetry_received,info,Received v8 telemetry sequence 494,494,-105,3.75,True,True,True,0,0,4,0,0,"{""crc_ok"":true,""flight_state"":""ASCENT"",""lost_packets_since_previous"":0,""packet_length"":92,""packet_type"":1,""protocol_version"":8}"
2026-07-28T12:51:05.958837+00:00,1785243065.958837,telemetry_ack_sent,info,Ground acknowledged received telemetry,495,,,True,True,True,0,0,4,0,0,"{""payload"":""ACK,495""}"
2026-07-28T12:51:05.958837+00:00,1785243065.958837,telemetry_received,info,Received v8 telemetry sequence 495,495,-107,4.75,True,True,True,0,0,4,0,0,"{""crc_ok"":true,""flight_state"":""ASCENT"",""lost_packets_since_previous"":0,""packet_length"":92,""packet_type"":1,""protocol_version"":8}"
2026-07-28T12:51:09.629749+00:00,1785243069.629749,dashboard_connected,info,Dashboard WebSocket connected,,,,True,True,True,0,0,4,0,0,"{""active_connections"":6,""client_host"":""80.187.83.20"",""client_port"":0}"
2026-07-28T12:51:13.564886+00:00,1785243073.564886,dashboard_disconnected,info,Dashboard WebSocket disconnected,,,,True,True,True,0,0,4,0,0,"{""active_connections"":5,""client_host"":""80.187.83.20"",""client_port"":0}"
2026-07-28T12:51:16.250899+00:00,1785243076.250899,telemetry_ack_sent,info,Ground acknowledged received telemetry,496,,,True,True,True,0,0,4,0,0,"{""payload"":""ACK,496""}"
2026-07-28T12:51:16.251894+00:00,1785243076.251894,telemetry_received,info,Received v8 telemetry sequence 496,496,-108,7.5,True,True,True,0,0,4,0,0,"{""crc_ok"":true,""flight_state"":""ASCENT"",""lost_packets_since_previous"":0,""packet_length"":92,""packet_type"":1,""protocol_version"":8}"
2026-07-28T12:51:26.551349+00:00,1785243086.551349,telemetry_ack_sent,info,Ground acknowledged received telemetry,497,,,True,True,True,0,0,4,0,0,"{""payload"":""ACK,497""}"
2026-07-28T12:51:26.551349+00:00,1785243086.551349,telemetry_received,info,Received v8 telemetry sequence 497,497,-113,5.0,True,True,True,0,0,4,0,0,"{""crc_ok"":true,""flight_state"":""ASCENT"",""lost_packets_since_previous"":0,""packet_length"":92,""packet_type"":1,""protocol_version"":8}"
2026-07-28T12:51:35.980758+00:00,1785243095.980758,lora_crc_error,warning,Ground radio reported a LoRa packet CRC error,,,,True,True,True,0,0,5,0,0,{}
2026-07-28T12:51:36.231782+00:00,1785243096.231782,dashboard_disconnected,info,Dashboard WebSocket disconnected,,,,True,True,True,0,0,5,0,0,"{""active_connections"":4,""client_host"":""2001:4ca0:0:f296:bdd7:7b0d:8f90:f259"",""client_port"":0}"
2026-07-28T12:51:47.159657+00:00,1785243107.159657,telemetry_ack_sent,info,Ground acknowledged received telemetry,499,,,True,True,True,0,0,5,0,0,"{""payload"":""ACK,499""}"
2026-07-28T12:51:47.159657+00:00,1785243107.159657,telemetry_received,info,Received v8 telemetry sequence 499,499,-115,0.5,True,True,True,0,0,5,0,0,"{""crc_ok"":true,""flight_state"":""ASCENT"",""lost_packets_since_previous"":1,""packet_length"":92,""packet_type"":1,""protocol_version"":8}"
2026-07-28T12:51:54.449849+00:00,1785243114.449849,dashboard_connected,info,Dashboard WebSocket connected,,,,True,True,True,0,0,5,0,0,"{""active_connections"":5,""client_host"":""2a01:599:920:a822:1553:ea5b:1aa3:2218"",""client_port"":0}"
2026-07-28T12:51:56.744756+00:00,1785243116.744756,dashboard_disconnected,info,Dashboard WebSocket disconnected,,,,True,True,True,0,0,5,0,0,"{""active_connections"":4,""client_host"":""2a01:599:920:a822:1553:ea5b:1aa3:2218"",""client_port"":0}"
2026-07-28T12:51:57.479813+00:00,1785243117.479813,telemetry_ack_sent,info,Ground acknowledged received telemetry,500,,,True,True,True,0,0,5,0,0,"{""payload"":""ACK,500""}"
2026-07-28T12:51:57.480463+00:00,1785243117.480463,telemetry_received,info,Received v8 telemetry sequence 500,500,-112,1.5,True,True,True,0,0,5,0,0,"{""crc_ok"":true,""flight_state"":""ASCENT"",""lost_packets_since_previous"":0,""packet_length"":92,""packet_type"":1,""protocol_version"":8}"
2026-07-28T12:52:07.774973+00:00,1785243127.774973,telemetry_ack_sent,info,Ground acknowledged received telemetry,501,,,True,True,True,0,0,5,0,0,"{""payload"":""ACK,501""}"
2026-07-28T12:52:07.775970+00:00,1785243127.77597,telemetry_received,info,Received v8 telemetry sequence 501,501,-111,-6.0,True,True,True,0,0,5,0,0,"{""crc_ok"":true,""flight_state"":""ASCENT"",""lost_packets_since_previous"":0,""packet_length"":92,""packet_type"":1,""protocol_version"":8}"
2026-07-28T12:52:13.070381+00:00,1785243133.070381,telemetry_ack_sent,info,Ground acknowledged received telemetry,502,,,True,True,True,0,0,5,0,0,"{""payload"":""ACK,502""}"
2026-07-28T12:52:13.070381+00:00,1785243133.070381,telemetry_received,info,Received v8 telemetry sequence 502,502,-106,-2.5,True,True,True,0,0,5,0,0,"{""crc_ok"":true,""flight_state"":""ASCENT"",""lost_packets_since_previous"":0,""packet_length"":92,""packet_type"":1,""protocol_version"":8}"
2026-07-28T12:52:19.556475+00:00,1785243139.556475,lora_crc_error,warning,Ground radio reported a LoRa packet CRC error,,,,True,True,True,0,0,6,0,0,{}
2026-07-28T12:52:26.032725+00:00,1785243146.032725,telemetry_ack_sent,info,Ground acknowledged received telemetry,504,,,True,True,True,0,0,6,0,0,"{""payload"":""ACK,504""}"
2026-07-28T12:52:26.032725+00:00,1785243146.032725,telemetry_received,info,Received v8 telemetry sequence 504,504,-108,-6.25,True,True,True,0,0,6,0,0,"{""crc_ok"":true,""flight_state"":""ASCENT"",""lost_packets_since_previous"":1,""packet_length"":92,""packet_type"":1,""protocol_version"":8}"
2026-07-28T12:52:36.560014+00:00,1785243156.560014,telemetry_ack_sent,info,Ground acknowledged received telemetry,505,,,True,True,True,0,0,6,0,0,"{""payload"":""ACK,505""}"
2026-07-28T12:52:36.561042+00:00,1785243156.561042,telemetry_received,info,Received v8 telemetry sequence 505,505,-106,0.75,True,True,True,0,0,6,0,0,"{""crc_ok"":true,""flight_state"":""ASCENT"",""lost_packets_since_previous"":0,""packet_length"":92,""packet_type"":1,""protocol_version"":8}"
2026-07-28T12:52:46.842631+00:00,1785243166.842631,telemetry_ack_sent,info,Ground acknowledged received telemetry,506,,,True,True,True,0,0,6,0,0,"{""payload"":""ACK,506""}"
2026-07-28T12:52:46.842631+00:00,1785243166.842631,telemetry_received,info,Received v8 telemetry sequence 506,506,-107,-2.0,True,True,True,0,0,6,0,0,"{""crc_ok"":true,""flight_state"":""ASCENT"",""lost_packets_since_previous"":0,""packet_length"":92,""packet_type"":1,""protocol_version"":8}"
2026-07-28T12:52:52.152565+00:00,1785243172.152565,telemetry_ack_sent,info,Ground acknowledged received telemetry,507,,,True,True,True,0,0,6,0,0,"{""payload"":""ACK,507""}"
2026-07-28T12:52:52.152565+00:00,1785243172.152565,telemetry_received,info,Received v8 telemetry sequence 507,507,-108,-5.75,True,True,True,0,0,6,0,0,"{""crc_ok"":true,""flight_state"":""ASCENT"",""lost_packets_since_previous"":0,""packet_length"":92,""packet_type"":1,""protocol_version"":8}"
2026-07-28T12:53:02.460407+00:00,1785243182.460407,telemetry_ack_sent,info,Ground acknowledged received telemetry,508,,,True,True,True,0,0,6,0,0,"{""payload"":""ACK,508""}"
2026-07-28T12:53:02.461056+00:00,1785243182.461056,telemetry_received,info,Received v8 telemetry sequence 508,508,-115,-6.5,True,True,True,0,0,6,0,0,"{""crc_ok"":true,""flight_state"":""ASCENT"",""lost_packets_since_previous"":0,""packet_length"":92,""packet_type"":1,""protocol_version"":8}"
2026-07-28T12:53:07.747589+00:00,1785243187.747589,telemetry_ack_sent,info,Ground acknowledged received telemetry,509,,,True,True,True,0,0,6,0,0,"{""payload"":""ACK,509""}"
2026-07-28T12:53:07.748099+00:00,1785243187.748099,telemetry_received,info,Received v8 telemetry sequence 509,509,-110,-3.25,True,True,True,0,0,6,0,0,"{""crc_ok"":true,""flight_state"":""ASCENT"",""lost_packets_since_previous"":0,""packet_length"":92,""packet_type"":1,""protocol_version"":8}"
2026-07-28T12:53:17.145314+00:00,1785243197.145314,telemetry_ack_sent,info,Ground acknowledged received telemetry,510,,,True,True,True,0,0,6,0,0,"{""payload"":""ACK,510""}"
2026-07-28T12:53:17.145314+00:00,1785243197.145314,telemetry_received,info,Received v8 telemetry sequence 510,510,-109,-6.25,True,True,True,0,0,6,0,0,"{""crc_ok"":true,""flight_state"":""ASCENT"",""lost_packets_since_previous"":0,""packet_length"":92,""packet_type"":1,""protocol_version"":8}"
2026-07-28T12:53:27.450428+00:00,1785243207.450428,telemetry_ack_sent,info,Ground acknowledged received telemetry,511,,,True,True,True,0,0,6,0,0,"{""payload"":""ACK,511""}"
2026-07-28T12:53:27.450428+00:00,1785243207.450428,telemetry_received,info,Received v8 telemetry sequence 511,511,-109,-6.25,True,True,True,0,0,6,0,0,"{""crc_ok"":true,""flight_state"":""ASCENT"",""lost_packets_since_previous"":0,""packet_length"":92,""packet_type"":1,""protocol_version"":8}"
2026-07-28T12:53:32.747894+00:00,1785243212.747894,telemetry_ack_sent,info,Ground acknowledged received telemetry,512,,,True,True,True,0,0,6,0,0,"{""payload"":""ACK,512""}"
2026-07-28T12:53:32.747894+00:00,1785243212.747894,telemetry_received,info,Received v8 telemetry sequence 512,512,-110,-6.75,True,True,True,0,0,6,0,0,"{""crc_ok"":true,""flight_state"":""ASCENT"",""lost_packets_since_previous"":0,""packet_length"":92,""packet_type"":1,""protocol_version"":8}"
2026-07-28T12:53:43.034135+00:00,1785243223.034135,telemetry_ack_sent,info,Ground acknowledged received telemetry,513,,,True,True,True,0,0,6,0,0,"{""payload"":""ACK,513""}"
2026-07-28T12:53:43.034135+00:00,1785243223.034135,telemetry_received,info,Received v8 telemetry sequence 513,513,-107,-3.75,True,True,True,0,0,6,0,0,"{""crc_ok"":true,""flight_state"":""ASCENT"",""lost_packets_since_previous"":0,""packet_length"":92,""packet_type"":1,""protocol_version"":8}"
2026-07-28T12:53:53.019523+00:00,1785243233.019523,lora_crc_error,warning,Ground radio reported a LoRa packet CRC error,,,,True,True,True,0,0,7,0,0,{}
2026-07-28T12:54:04.218749+00:00,1785243244.218749,telemetry_ack_sent,info,Ground acknowledged received telemetry,515,,,True,True,True,0,0,7,0,0,"{""payload"":""ACK,515""}"
2026-07-28T12:54:04.219267+00:00,1785243244.219267,telemetry_received,info,Received v8 telemetry sequence 515,515,-110,-6.75,True,True,True,0,0,7,0,0,"{""crc_ok"":true,""flight_state"":""ASCENT"",""lost_packets_since_previous"":1,""packet_length"":92,""packet_type"":1,""protocol_version"":8}"
2026-07-28T12:54:14.501411+00:00,1785243254.501411,telemetry_ack_sent,info,Ground acknowledged received telemetry,516,,,True,True,True,0,0,7,0,0,"{""payload"":""ACK,516""}"
2026-07-28T12:54:14.502606+00:00,1785243254.502606,telemetry_received,info,Received v8 telemetry sequence 516,516,-109,-4.75,True,True,True,0,0,7,0,0,"{""crc_ok"":true,""flight_state"":""ASCENT"",""lost_packets_since_previous"":0,""packet_length"":92,""packet_type"":1,""protocol_version"":8}"
2026-07-28T12:54:19.838735+00:00,1785243259.838735,telemetry_ack_sent,info,Ground acknowledged received telemetry,517,,,True,True,True,0,0,7,0,0,"{""payload"":""ACK,517""}"
2026-07-28T12:54:19.840024+00:00,1785243259.840024,telemetry_received,info,Received v8 telemetry sequence 517,517,-107,0.5,True,True,True,0,0,7,0,0,"{""crc_ok"":true,""flight_state"":""ASCENT"",""lost_packets_since_previous"":0,""packet_length"":92,""packet_type"":1,""protocol_version"":8}"
2026-07-28T12:54:38.169666+00:00,1785243278.169666,telemetry_ack_sent,info,Ground acknowledged received telemetry,519,,,True,True,True,0,0,7,0,0,"{""payload"":""ACK,519""}"
2026-07-28T12:54:38.169666+00:00,1785243278.169666,telemetry_received,info,Received v8 telemetry sequence 519,519,-110,-1.5,True,True,True,0,0,7,0,0,"{""crc_ok"":true,""flight_state"":""ASCENT"",""lost_packets_since_previous"":1,""packet_length"":92,""packet_type"":1,""protocol_version"":8}"
2026-07-28T12:54:45.881653+00:00,1785243285.881653,lora_crc_error,warning,Ground radio reported a LoRa packet CRC error,,,,True,True,True,0,0,8,0,0,{}
2026-07-28T12:54:52.062704+00:00,1785243292.062704,telemetry_ack_sent,info,Ground acknowledged received telemetry,521,,,True,True,True,0,0,8,0,0,"{""payload"":""ACK,521""}"
2026-07-28T12:54:52.064236+00:00,1785243292.064236,telemetry_received,info,Received v8 telemetry sequence 521,521,-106,-4.5,True,True,True,0,0,8,0,0,"{""crc_ok"":true,""flight_state"":""ASCENT"",""lost_packets_since_previous"":1,""packet_length"":92,""packet_type"":1,""protocol_version"":8}"
2026-07-28T12:54:58.891243+00:00,1785243298.891243,dashboard_connected,info,Dashboard WebSocket connected,,,,True,True,True,0,0,8,0,0,"{""active_connections"":5,""client_host"":""2001:4ca0:0:f29f:6331:cfd1:d756:4201"",""client_port"":0}"
2026-07-28T12:55:08.372076+00:00,1785243308.372076,telemetry_ack_sent,info,Ground acknowledged received telemetry,523,,,True,True,True,0,0,8,0,0,"{""payload"":""ACK,523""}"
2026-07-28T12:55:08.372076+00:00,1785243308.372076,telemetry_received,info,Received v8 telemetry sequence 523,523,-108,-7.0,True,True,True,0,0,8,0,0,"{""crc_ok"":true,""flight_state"":""ASCENT"",""lost_packets_since_previous"":1,""packet_length"":92,""packet_type"":1,""protocol_version"":8}"
2026-07-28T12:55:15.765798+00:00,1785243315.765798,lora_crc_error,warning,Ground radio reported a LoRa packet CRC error,,,,True,True,True,0,0,9,0,0,{}
2026-07-28T12:55:20.756239+00:00,1785243320.756239,dashboard_disconnected,info,Dashboard WebSocket disconnected,,,,True,True,True,0,0,9,0,0,"{""active_connections"":4,""client_host"":""2001:4ca0:0:f29f:6331:cfd1:d756:4201"",""client_port"":0}"
2026-07-28T12:55:24.514130+00:00,1785243324.51413,dashboard_connected,info,Dashboard WebSocket connected,,,,True,True,True,0,0,9,0,0,"{""active_connections"":5,""client_host"":""2001:4ca0:0:f29f:6331:cfd1:d756:4201"",""client_port"":0}"
2026-07-28T12:55:25.919229+00:00,1785243325.919229,dashboard_connected,info,Dashboard WebSocket connected,,,,True,True,True,0,0,9,0,0,"{""active_connections"":6,""client_host"":""2001:4ca0:0:f29f:6331:cfd1:d756:4201"",""client_port"":0}"
2026-07-28T12:55:26.945982+00:00,1785243326.945982,telemetry_ack_sent,info,Ground acknowledged received telemetry,525,,,True,True,True,0,0,9,0,0,"{""payload"":""ACK,525""}"
2026-07-28T12:55:26.945982+00:00,1785243326.945982,telemetry_received,info,Received v8 telemetry sequence 525,525,-107,-3.25,True,True,True,0,0,9,0,0,"{""crc_ok"":true,""flight_state"":""ASCENT"",""lost_packets_since_previous"":1,""packet_length"":92,""packet_type"":1,""protocol_version"":8}"
2026-07-28T12:55:37.263302+00:00,1785243337.263302,telemetry_ack_sent,info,Ground acknowledged received telemetry,526,,,True,True,True,0,0,9,0,0,"{""payload"":""ACK,526""}"
2026-07-28T12:55:37.264350+00:00,1785243337.26435,telemetry_received,info,Received v8 telemetry sequence 526,526,-109,-7.75,True,True,True,0,0,9,0,0,"{""crc_ok"":true,""flight_state"":""ASCENT"",""lost_packets_since_previous"":0,""packet_length"":92,""packet_type"":1,""protocol_version"":8}"
2026-07-28T12:55:40.270255+00:00,1785243340.270255,dashboard_disconnected,info,Dashboard WebSocket disconnected,,,,True,True,True,0,0,9,0,0,"{""active_connections"":5,""client_host"":""2001:4ca0:0:f29f:6331:cfd1:d756:4201"",""client_port"":0}"
2026-07-28T12:55:40.276423+00:00,1785243340.276423,dashboard_disconnected,info,Dashboard WebSocket disconnected,,,,True,True,True,0,0,9,0,0,"{""active_connections"":4,""client_host"":""2001:4ca0:0:f29f:6331:cfd1:d756:4201"",""client_port"":0}"
2026-07-28T12:55:56.954371+00:00,1785243356.954371,lora_crc_error,warning,Ground radio reported a LoRa packet CRC error,,,,True,True,True,0,0,10,0,0,{}
2026-07-28T12:56:08.153085+00:00,1785243368.153085,telemetry_ack_sent,info,Ground acknowledged received telemetry,529,,,True,True,True,0,0,10,0,0,"{""payload"":""ACK,529""}"
2026-07-28T12:56:08.153085+00:00,1785243368.153085,telemetry_received,info,Received v8 telemetry sequence 529,529,-105,-5.75,True,True,True,0,0,10,0,0,"{""crc_ok"":true,""flight_state"":""ASCENT"",""lost_packets_since_previous"":2,""packet_length"":92,""packet_type"":1,""protocol_version"":8}"
2026-07-28T12:56:28.758909+00:00,1785243388.758909,telemetry_ack_sent,info,Ground acknowledged received telemetry,531,,,True,True,True,0,0,10,0,0,"{""payload"":""ACK,531""}"
2026-07-28T12:56:28.758909+00:00,1785243388.758909,telemetry_received,info,Received v8 telemetry sequence 531,531,-107,-8.75,True,True,True,0,0,10,0,0,"{""crc_ok"":true,""flight_state"":""ASCENT"",""lost_packets_since_previous"":1,""packet_length"":92,""packet_type"":1,""protocol_version"":8}"
2026-07-28T12:56:39.062618+00:00,1785243399.062618,telemetry_ack_sent,info,Ground acknowledged received telemetry,532,,,True,True,True,0,0,10,0,0,"{""payload"":""ACK,532""}"
2026-07-28T12:56:39.062618+00:00,1785243399.062618,telemetry_received,info,Received v8 telemetry sequence 532,532,-106,-9.0,True,True,True,0,0,10,0,0,"{""crc_ok"":true,""flight_state"":""ASCENT"",""lost_packets_since_previous"":0,""packet_length"":92,""packet_type"":1,""protocol_version"":8}"
2026-07-28T12:56:49.380528+00:00,1785243409.380528,telemetry_ack_sent,info,Ground acknowledged received telemetry,533,,,True,True,True,0,0,10,0,0,"{""payload"":""ACK,533""}"
2026-07-28T12:56:49.380528+00:00,1785243409.380528,telemetry_received,info,Received v8 telemetry sequence 533,533,-110,-3.5,True,True,True,0,0,10,0,0,"{""crc_ok"":true,""flight_state"":""ASCENT"",""lost_packets_since_previous"":0,""packet_length"":92,""packet_type"":1,""protocol_version"":8}"
2026-07-28T12:56:59.768842+00:00,1785243419.768842,telemetry_ack_sent,info,Ground acknowledged received telemetry,534,,,True,True,True,0,0,10,0,0,"{""payload"":""ACK,534""}"
2026-07-28T12:56:59.768842+00:00,1785243419.768842,telemetry_received,info,Received v8 telemetry sequence 534,534,-106,-7.5,True,True,True,0,0,10,0,0,"{""crc_ok"":true,""flight_state"":""ASCENT"",""lost_packets_since_previous"":0,""packet_length"":92,""packet_type"":1,""protocol_version"":8}"
2026-07-28T12:57:09.412280+00:00,1785243429.41228,lora_crc_error,warning,Ground radio reported a LoRa packet CRC error,,,,True,True,True,0,0,11,0,0,{}
2026-07-28T12:57:20.593423+00:00,1785243440.593423,telemetry_ack_sent,info,Ground acknowledged received telemetry,536,,,True,True,True,0,0,11,0,0,"{""payload"":""ACK,536""}"
2026-07-28T12:57:20.594468+00:00,1785243440.594468,telemetry_received,info,Received v8 telemetry sequence 536,536,-107,-4.5,True,True,True,0,0,11,0,0,"{""crc_ok"":true,""flight_state"":""ASCENT"",""lost_packets_since_previous"":1,""packet_length"":92,""packet_type"":1,""protocol_version"":8}"
2026-07-28T12:57:30.968278+00:00,1785243450.968278,telemetry_ack_sent,info,Ground acknowledged received telemetry,537,,,True,True,True,0,0,11,0,0,"{""payload"":""ACK,537""}"
2026-07-28T12:57:30.969847+00:00,1785243450.969847,telemetry_received,info,Received v8 telemetry sequence 537,537,-107,-2.75,True,True,True,0,0,11,0,0,"{""crc_ok"":true,""flight_state"":""ASCENT"",""lost_packets_since_previous"":0,""packet_length"":92,""packet_type"":1,""protocol_version"":8}"
2026-07-28T12:57:31.139132+00:00,1785243451.139132,dashboard_disconnected,info,Dashboard WebSocket disconnected,,,,True,True,True,0,0,11,0,0,"{""active_connections"":3,""client_host"":""162.120.243.47"",""client_port"":0}"
2026-07-28T12:57:31.140645+00:00,1785243451.140645,dashboard_disconnected,info,Dashboard WebSocket disconnected,,,,True,True,True,0,0,11,0,0,"{""active_connections"":2,""client_host"":""162.120.243.47"",""client_port"":0}"
2026-07-28T12:57:41.601308+00:00,1785243461.601308,telemetry_ack_sent,info,Ground acknowledged received telemetry,538,,,True,True,True,0,0,11,0,0,"{""payload"":""ACK,538""}"
2026-07-28T12:57:41.602045+00:00,1785243461.602045,telemetry_received,info,Received v8 telemetry sequence 538,538,-109,-7.75,True,True,True,0,0,11,0,0,"{""crc_ok"":true,""flight_state"":""ASCENT"",""lost_packets_since_previous"":0,""packet_length"":92,""packet_type"":1,""protocol_version"":8}"
2026-07-28T12:58:02.351566+00:00,1785243482.351566,telemetry_ack_sent,info,Ground acknowledged received telemetry,540,,,True,True,True,0,0,11,0,0,"{""payload"":""ACK,540""}"
2026-07-28T12:58:02.351566+00:00,1785243482.351566,telemetry_received,info,Received v8 telemetry sequence 540,540,-107,3.0,True,True,True,0,0,11,0,0,"{""crc_ok"":true,""flight_state"":""ASCENT"",""lost_packets_since_previous"":1,""packet_length"":92,""packet_type"":1,""protocol_version"":8}"
2026-07-28T12:58:11.589798+00:00,1785243491.589798,dashboard_connected,info,Dashboard WebSocket connected,,,,True,True,True,0,0,11,0,0,"{""active_connections"":3,""client_host"":""2001:4ca0:0:f296:7c16:8c1f:207c:c8de"",""client_port"":0}"
2026-07-28T12:58:12.634555+00:00,1785243492.634555,telemetry_ack_sent,info,Ground acknowledged received telemetry,541,,,True,True,True,0,0,11,0,0,"{""payload"":""ACK,541""}"
2026-07-28T12:58:12.635548+00:00,1785243492.635548,telemetry_received,info,Received v8 telemetry sequence 541,541,-110,-3.0,True,True,True,0,0,11,0,0,"{""crc_ok"":true,""flight_state"":""ASCENT"",""lost_packets_since_previous"":0,""packet_length"":92,""packet_type"":1,""protocol_version"":8}"
2026-07-28T12:58:21.350378+00:00,1785243501.350378,lora_crc_error,warning,Ground radio reported a LoRa packet CRC error,,,,True,True,True,0,0,12,0,0,{}
2026-07-28T12:58:27.428331+00:00,1785243507.428331,lora_crc_error,warning,Ground radio reported a LoRa packet CRC error,,,,True,True,True,0,0,13,0,0,{}
2026-07-28T12:58:38.605479+00:00,1785243518.605479,telemetry_ack_sent,info,Ground acknowledged received telemetry,544,,,True,True,True,0,0,13,0,0,"{""payload"":""ACK,544""}"
2026-07-28T12:58:38.605479+00:00,1785243518.605479,telemetry_received,info,Received v8 telemetry sequence 544,544,-109,-6.5,True,True,True,0,0,13,0,0,"{""crc_ok"":true,""flight_state"":""ASCENT"",""lost_packets_since_previous"":2,""packet_length"":92,""packet_type"":1,""protocol_version"":8}"
2026-07-28T12:58:58.368371+00:00,1785243538.368371,lora_crc_error,warning,Ground radio reported a LoRa packet CRC error,,,,True,True,True,0,0,14,0,0,{}
2026-07-28T12:59:09.549541+00:00,1785243549.549541,telemetry_ack_sent,info,Ground acknowledged received telemetry,547,,,True,True,True,0,0,14,0,0,"{""payload"":""ACK,547""}"
2026-07-28T12:59:09.549541+00:00,1785243549.549541,telemetry_received,info,Received v8 telemetry sequence 547,547,-109,-9.5,True,True,True,0,0,14,0,0,"{""crc_ok"":true,""flight_state"":""ASCENT"",""lost_packets_since_previous"":2,""packet_length"":92,""packet_type"":1,""protocol_version"":8}"
2026-07-28T12:59:18.968451+00:00,1785243558.968451,lora_crc_error,warning,Ground radio reported a LoRa packet CRC error,,,,True,True,True,0,0,15,0,0,{}
2026-07-28T12:59:25.154371+00:00,1785243565.154371,telemetry_ack_sent,info,Ground acknowledged received telemetry,549,,,True,True,True,0,0,15,0,0,"{""payload"":""ACK,549""}"
2026-07-28T12:59:25.154371+00:00,1785243565.154371,telemetry_received,info,Received v8 telemetry sequence 549,549,-110,-6.0,True,True,True,0,0,15,0,0,"{""crc_ok"":true,""flight_state"":""ASCENT"",""lost_packets_since_previous"":1,""packet_length"":92,""packet_type"":1,""protocol_version"":8}"
2026-07-28T12:59:55.136591+00:00,1785243595.136591,lora_crc_error,warning,Ground radio reported a LoRa packet CRC error,,,,True,True,True,0,0,16,0,0,{}
2026-07-28T13:00:16.738346+00:00,1785243616.738346,telemetry_ack_sent,info,Ground acknowledged received telemetry,554,,,True,True,True,0,0,16,0,0,"{""payload"":""ACK,554""}"
2026-07-28T13:00:16.738346+00:00,1785243616.738346,telemetry_received,info,Received v8 telemetry sequence 554,554,-108,-6.75,True,True,True,0,0,16,0,0,"{""crc_ok"":true,""flight_state"":""ASCENT"",""lost_packets_since_previous"":4,""packet_length"":92,""packet_type"":1,""protocol_version"":8}"
2026-07-28T13:00:21.705811+00:00,1785243621.705811,dashboard_disconnected,info,Dashboard WebSocket disconnected,,,,True,True,True,0,0,16,0,0,"{""active_connections"":2,""client_host"":""2001:4ca0:0:f296:7c16:8c1f:207c:c8de"",""client_port"":0}"
2026-07-28T13:00:27.044197+00:00,1785243627.044197,telemetry_ack_sent,info,Ground acknowledged received telemetry,555,,,True,True,True,0,0,16,0,0,"{""payload"":""ACK,555""}"
2026-07-28T13:00:27.044197+00:00,1785243627.044197,telemetry_received,info,Received v8 telemetry sequence 555,555,-108,-5.5,True,True,True,0,0,16,0,0,"{""crc_ok"":true,""flight_state"":""ASCENT"",""lost_packets_since_previous"":0,""packet_length"":92,""packet_type"":1,""protocol_version"":8}"
2026-07-28T13:00:37.567153+00:00,1785243637.567153,telemetry_ack_sent,info,Ground acknowledged received telemetry,556,,,True,True,True,0,0,16,0,0,"{""payload"":""ACK,556""}"
2026-07-28T13:00:37.567153+00:00,1785243637.567153,telemetry_received,info,Received v8 telemetry sequence 556,556,-111,-8.0,True,True,True,0,0,16,0,0,"{""crc_ok"":true,""flight_state"":""ASCENT"",""lost_packets_since_previous"":0,""packet_length"":92,""packet_type"":1,""protocol_version"":8}"
2026-07-28T13:00:46.962126+00:00,1785243646.962126,lora_crc_error,warning,Ground radio reported a LoRa packet CRC error,,,,True,True,True,0,0,17,0,0,{}
2026-07-28T13:00:58.528140+00:00,1785243658.52814,telemetry_ack_sent,info,Ground acknowledged received telemetry,558,,,True,True,True,0,0,17,0,0,"{""payload"":""ACK,558""}"
2026-07-28T13:00:58.528140+00:00,1785243658.52814,telemetry_received,info,Received v8 telemetry sequence 558,558,-110,-7.25,True,True,True,0,0,17,0,0,"{""crc_ok"":true,""flight_state"":""ASCENT"",""lost_packets_since_previous"":1,""packet_length"":92,""packet_type"":1,""protocol_version"":8}"
2026-07-28T13:01:07.936872+00:00,1785243667.936872,lora_crc_error,warning,Ground radio reported a LoRa packet CRC error,,,,True,True,True,0,0,18,0,0,{}
2026-07-28T13:01:19.130041+00:00,1785243679.130041,telemetry_ack_sent,info,Ground acknowledged received telemetry,560,,,True,True,True,0,0,18,0,0,"{""payload"":""ACK,560""}"
2026-07-28T13:01:19.131819+00:00,1785243679.131819,telemetry_received,info,Received v8 telemetry sequence 560,560,-111,-3.0,True,True,True,0,0,18,0,0,"{""crc_ok"":true,""flight_state"":""ASCENT"",""lost_packets_since_previous"":1,""packet_length"":92,""packet_type"":1,""protocol_version"":8}"
2026-07-28T13:01:37.365458+00:00,1785243697.365458,dashboard_connected,info,Dashboard WebSocket connected,,,,True,True,True,0,0,18,0,0,"{""active_connections"":3,""client_host"":""2001:4ca0:0:f296:7c16:8c1f:207c:c8de"",""client_port"":0}"
2026-07-28T13:01:51.958198+00:00,1785243711.958198,dashboard_disconnected,info,Dashboard WebSocket disconnected,,,,True,True,True,0,0,18,0,0,"{""active_connections"":2,""client_host"":""2001:4ca0:0:f296:7c16:8c1f:207c:c8de"",""client_port"":0}"
2026-07-28T13:02:01.185148+00:00,1785243721.185148,dashboard_connected,info,Dashboard WebSocket connected,,,,True,True,True,0,0,18,0,0,"{""active_connections"":3,""client_host"":""2001:4ca0:0:f296:7c16:8c1f:207c:c8de"",""client_port"":0}"
2026-07-28T13:02:09.752621+00:00,1785243729.752621,lora_crc_error,warning,Ground radio reported a LoRa packet CRC error,,,,True,True,True,0,0,19,0,0,{}
2026-07-28T13:02:15.065558+00:00,1785243735.065558,lora_crc_error,warning,Ground radio reported a LoRa packet CRC error,,,,True,True,True,0,0,20,0,0,{}
2026-07-28T13:02:17.157499+00:00,1785243737.157499,dashboard_disconnected,info,Dashboard WebSocket disconnected,,,,True,True,True,0,0,20,0,0,"{""active_connections"":2,""client_host"":""2001:4ca0:0:f296:7c16:8c1f:207c:c8de"",""client_port"":0}"
2026-07-28T13:02:36.728910+00:00,1785243756.72891,dashboard_disconnected,info,Dashboard WebSocket disconnected,,,,True,True,True,0,0,20,0,0,"{""active_connections"":1,""client_host"":""2001:4ca0:e:49:497f:7e9e:10d2:4248"",""client_port"":0}"
2026-07-28T13:02:38.948460+00:00,1785243758.94846,dashboard_connected,info,Dashboard WebSocket connected,,,,True,True,True,0,0,20,0,0,"{""active_connections"":2,""client_host"":""2001:4ca0:e:49:497f:7e9e:10d2:4248"",""client_port"":0}"
2026-07-28T13:02:53.705965+00:00,1785243773.705965,lora_crc_error,warning,Ground radio reported a LoRa packet CRC error,,,,True,True,True,0,0,21,0,0,{}
2026-07-28T13:02:56.794712+00:00,1785243776.794712,dashboard_connected,info,Dashboard WebSocket connected,,,,True,True,True,0,0,21,0,0,"{""active_connections"":3,""client_host"":""2a00:16e0:1016:9c02:781d:8ca:cf81:f640"",""client_port"":0}"
2026-07-28T13:03:04.138760+00:00,1785243784.13876,lora_crc_error,warning,Ground radio reported a LoRa packet CRC error,,,,True,True,True,0,0,22,0,0,{}
2026-07-28T13:03:25.212700+00:00,1785243805.2127,lora_crc_error,warning,Ground radio reported a LoRa packet CRC error,,,,True,True,True,0,0,23,0,0,{}
2026-07-28T13:03:35.522413+00:00,1785243815.522413,lora_crc_error,warning,Ground radio reported a LoRa packet CRC error,,,,True,True,True,0,0,24,0,0,{}
2026-07-28T13:03:45.945086+00:00,1785243825.945086,lora_crc_error,warning,Ground radio reported a LoRa packet CRC error,,,,True,True,True,0,0,25,0,0,{}
2026-07-28T13:03:54.485072+00:00,1785243834.485072,dashboard_connected,info,Dashboard WebSocket connected,,,,True,True,True,0,0,25,0,0,"{""active_connections"":4,""client_host"":""2a01:599:920:a822:1553:ea5b:1aa3:2218"",""client_port"":0}"
2026-07-28T13:03:56.250986+00:00,1785243836.250986,lora_crc_error,warning,Ground radio reported a LoRa packet CRC error,,,,True,True,True,0,0,26,0,0,{}
2026-07-28T13:04:00.502785+00:00,1785243840.502785,dashboard_disconnected,info,Dashboard WebSocket disconnected,,,,True,True,True,0,0,26,0,0,"{""active_connections"":3,""client_host"":""2a00:16e0:1016:9c02:781d:8ca:cf81:f640"",""client_port"":0}"
2026-07-28T13:04:27.121268+00:00,1785243867.121268,lora_crc_error,warning,Ground radio reported a LoRa packet CRC error,,,,True,True,True,0,0,27,0,0,{}
2026-07-28T13:04:42.163574+00:00,1785243882.163574,dashboard_disconnected,info,Dashboard WebSocket disconnected,,,,True,True,True,0,0,27,0,0,"{""active_connections"":2,""client_host"":""2a01:599:920:a822:1553:ea5b:1aa3:2218"",""client_port"":0}"
2026-07-28T13:04:50.376093+00:00,1785243890.376093,dashboard_connected,info,Dashboard WebSocket connected,,,,True,True,True,0,0,27,0,0,"{""active_connections"":3,""client_host"":""80.187.83.20"",""client_port"":0}"
2026-07-28T13:05:55.427160+00:00,1785243955.42716,dashboard_connected,info,Dashboard WebSocket connected,,,,True,True,True,0,0,27,0,0,"{""active_connections"":4,""client_host"":""2a00:fbc:eee5:98d0:408b:ed8b:dd54:b70a"",""client_port"":0}"
2026-07-28T13:06:05.200405+00:00,1785243965.200405,dashboard_connected,info,Dashboard WebSocket connected,,,,True,True,True,0,0,27,0,0,"{""active_connections"":5,""client_host"":""2a00:16e0:1016:9c02:781d:8ca:cf81:f640"",""client_port"":0}"
2026-07-28T13:06:10.093636+00:00,1785243970.093636,lora_crc_error,warning,Ground radio reported a LoRa packet CRC error,,,,True,True,True,0,0,28,0,0,{}
2026-07-28T13:06:22.144090+00:00,1785243982.14409,dashboard_disconnected,info,Dashboard WebSocket disconnected,,,,True,True,True,0,0,28,0,0,"{""active_connections"":4,""client_host"":""2a00:16e0:1016:9c02:781d:8ca:cf81:f640"",""client_port"":0}"
2026-07-28T13:06:41.202557+00:00,1785244001.202557,lora_crc_error,warning,Ground radio reported a LoRa packet CRC error,,,,True,True,True,0,0,29,0,0,{}
2026-07-28T13:06:46.246207+00:00,1785244006.246207,dashboard_disconnected,info,Dashboard WebSocket disconnected,,,,True,True,True,0,0,29,0,0,"{""active_connections"":3,""client_host"":""2a00:fbc:eee5:98d0:408b:ed8b:dd54:b70a"",""client_port"":0}"
2026-07-28T13:06:56.776119+00:00,1785244016.776119,lora_crc_error,warning,Ground radio reported a LoRa packet CRC error,,,,True,True,True,0,0,30,0,0,{}
2026-07-28T13:07:13.292177+00:00,1785244033.292177,dashboard_disconnected,info,Dashboard WebSocket disconnected,,,,True,True,True,0,0,30,0,0,"{""active_connections"":2,""client_host"":""80.187.83.20"",""client_port"":0}"
2026-07-28T13:07:16.390045+00:00,1785244036.390045,dashboard_connected,info,Dashboard WebSocket connected,,,,True,True,True,0,0,30,0,0,"{""active_connections"":3,""client_host"":""80.187.83.20"",""client_port"":0}"
2026-07-28T13:07:36.204328+00:00,1785244056.204328,dashboard_disconnected,info,Dashboard WebSocket disconnected,,,,True,True,True,0,0,30,0,0,"{""active_connections"":2,""client_host"":""80.187.83.20"",""client_port"":0}"
2026-07-28T13:08:55.750898+00:00,1785244135.750898,dashboard_connected,info,Dashboard WebSocket connected,,,,True,True,True,0,0,30,0,0,"{""active_connections"":3,""client_host"":""80.187.83.20"",""client_port"":0}"
2026-07-28T13:08:59.758466+00:00,1785244139.758466,dashboard_disconnected,info,Dashboard WebSocket disconnected,,,,True,True,True,0,0,30,0,0,"{""active_connections"":2,""client_host"":""80.187.83.20"",""client_port"":0}"
2026-07-28T13:09:01.603917+00:00,1785244141.603917,telemetry_ack_sent,info,Ground acknowledged received telemetry,607,,,True,True,True,0,0,30,0,0,"{""payload"":""ACK,607""}"
2026-07-28T13:09:01.603917+00:00,1785244141.603917,telemetry_received,info,Received v8 telemetry sequence 607,607,-117,-6.25,True,True,True,0,0,30,0,0,"{""crc_ok"":true,""flight_state"":""ASCENT"",""lost_packets_since_previous"":46,""packet_length"":92,""packet_type"":1,""protocol_version"":8}"
2026-07-28T13:10:10.549824+00:00,1785244210.549824,dashboard_connected,info,Dashboard WebSocket connected,,,,True,True,True,0,0,30,0,0,"{""active_connections"":3,""client_host"":""2a01:599:920:a822:1553:ea5b:1aa3:2218"",""client_port"":0}"
2026-07-28T13:10:15.103783+00:00,1785244215.103783,dashboard_disconnected,info,Dashboard WebSocket disconnected,,,,True,True,True,0,0,30,0,0,"{""active_connections"":2,""client_host"":""2a01:599:920:a822:1553:ea5b:1aa3:2218"",""client_port"":0}"
2026-07-28T13:13:25.297647+00:00,1785244405.297647,lora_crc_error,warning,Ground radio reported a LoRa packet CRC error,,,,True,True,True,0,0,31,0,0,{}
2026-07-28T13:13:44.719476+00:00,1785244424.719476,lora_crc_error,warning,Ground radio reported a LoRa packet CRC error,,,,True,True,True,0,0,32,0,0,{}
2026-07-28T13:14:06.008410+00:00,1785244446.00841,lora_crc_error,warning,Ground radio reported a LoRa packet CRC error,,,,True,True,True,0,0,33,0,0,{}
2026-07-28T13:14:59.619701+00:00,1785244499.619701,dashboard_connected,info,Dashboard WebSocket connected,,,,True,True,True,0,0,33,0,0,"{""active_connections"":3,""client_host"":""2a09:bac2:2960:2478::3a2:10"",""client_port"":0}"
2026-07-28T13:15:19.335852+00:00,1785244519.335852,dashboard_connected,info,Dashboard WebSocket connected,,,,True,True,True,0,0,33,0,0,"{""active_connections"":4,""client_host"":""2a01:599:920:a822:1553:ea5b:1aa3:2218"",""client_port"":0}"
2026-07-28T13:15:39.636775+00:00,1785244539.636775,dashboard_disconnected,info,Dashboard WebSocket disconnected,,,,True,True,True,0,0,33,0,0,"{""active_connections"":3,""client_host"":""2a09:bac2:2960:2478::3a2:10"",""client_port"":0}"
2026-07-28T13:15:48.952420+00:00,1785244548.95242,dashboard_disconnected,info,Dashboard WebSocket disconnected,,,,True,True,True,0,0,33,0,0,"{""active_connections"":2,""client_host"":""2a01:599:920:a822:1553:ea5b:1aa3:2218"",""client_port"":0}"
2026-07-28T13:16:41.113771+00:00,1785244601.113771,lora_crc_error,warning,Ground radio reported a LoRa packet CRC error,,,,True,True,True,0,0,34,0,0,{}
2026-07-28T13:18:00.835665+00:00,1785244680.835665,dashboard_connected,info,Dashboard WebSocket connected,,,,True,True,True,0,0,34,0,0,"{""active_connections"":3,""client_host"":""2001:4ca0:0:f296:bdd7:7b0d:8f90:f259"",""client_port"":0}"
2026-07-28T13:18:03.701061+00:00,1785244683.701061,lora_crc_error,warning,Ground radio reported a LoRa packet CRC error,,,,True,True,True,0,0,35,0,0,{}
2026-07-28T13:19:26.575135+00:00,1785244766.575135,lora_crc_error,warning,Ground radio reported a LoRa packet CRC error,,,,True,True,True,0,0,36,0,0,{}
2026-07-28T13:19:37.760694+00:00,1785244777.760694,telemetry_ack_sent,info,Ground acknowledged received telemetry,670,,,True,True,True,0,0,36,0,0,"{""payload"":""ACK,670""}"
2026-07-28T13:19:37.760694+00:00,1785244777.760694,telemetry_received,info,Received v8 telemetry sequence 670,670,-119,-8.75,True,True,True,0,0,36,0,0,"{""crc_ok"":true,""flight_state"":""ASCENT"",""lost_packets_since_previous"":62,""packet_length"":92,""packet_type"":1,""protocol_version"":8}"
2026-07-28T13:19:58.360080+00:00,1785244798.36008,telemetry_ack_sent,info,Ground acknowledged received telemetry,672,,,True,True,True,0,0,36,0,0,"{""payload"":""ACK,672""}"
2026-07-28T13:19:58.360080+00:00,1785244798.36008,telemetry_received,info,Received v8 telemetry sequence 672,672,-116,-5.25,True,True,True,0,0,36,0,0,"{""crc_ok"":true,""flight_state"":""ASCENT"",""lost_packets_since_previous"":1,""packet_length"":92,""packet_type"":1,""protocol_version"":8}"
2026-07-28T13:20:19.038934+00:00,1785244819.038934,telemetry_ack_sent,info,Ground acknowledged received telemetry,674,,,True,True,True,0,0,36,0,0,"{""payload"":""ACK,674""}"
2026-07-28T13:20:19.038934+00:00,1785244819.038934,telemetry_received,info,Received v8 telemetry sequence 674,674,-115,-0.75,True,True,True,0,0,36,0,0,"{""crc_ok"":true,""flight_state"":""ASCENT"",""lost_packets_since_previous"":1,""packet_length"":92,""packet_type"":1,""protocol_version"":8}"
2026-07-28T13:20:26.903170+00:00,1785244826.90317,dashboard_connected,info,Dashboard WebSocket connected,,,,True,True,True,0,0,36,0,0,"{""active_connections"":4,""client_host"":""2001:638:d:d000:2::171"",""client_port"":0}"
2026-07-28T13:20:29.268345+00:00,1785244829.268345,telemetry_ack_sent,info,Ground acknowledged received telemetry,675,,,True,True,True,0,0,36,0,0,"{""payload"":""ACK,675""}"
2026-07-28T13:20:29.268345+00:00,1785244829.268345,telemetry_received,info,Received v8 telemetry sequence 675,675,-118,-7.25,True,True,True,0,0,36,0,0,"{""crc_ok"":true,""flight_state"":""ASCENT"",""lost_packets_since_previous"":0,""packet_length"":92,""packet_type"":1,""protocol_version"":8}"
2026-07-28T13:20:49.903045+00:00,1785244849.903045,telemetry_ack_sent,info,Ground acknowledged received telemetry,677,,,True,True,True,0,0,36,0,0,"{""payload"":""ACK,677""}"
2026-07-28T13:20:49.903045+00:00,1785244849.903045,telemetry_received,info,Received v8 telemetry sequence 677,677,-120,-4.0,True,True,True,0,0,36,0,0,"{""crc_ok"":true,""flight_state"":""ASCENT"",""lost_packets_since_previous"":1,""packet_length"":92,""packet_type"":1,""protocol_version"":8}"
2026-07-28T13:21:00.165109+00:00,1785244860.165109,telemetry_ack_sent,info,Ground acknowledged received telemetry,678,,,True,True,True,0,0,36,0,0,"{""payload"":""ACK,678""}"
2026-07-28T13:21:00.165109+00:00,1785244860.165109,telemetry_received,info,Received v8 telemetry sequence 678,678,-120,-4.0,True,True,True,0,0,36,0,0,"{""crc_ok"":true,""flight_state"":""ASCENT"",""lost_packets_since_previous"":0,""packet_length"":92,""packet_type"":1,""protocol_version"":8}"
2026-07-28T13:21:09.568436+00:00,1785244869.568436,lora_crc_error,warning,Ground radio reported a LoRa packet CRC error,,,,True,True,True,0,0,37,0,0,{}
2026-07-28T13:21:19.865259+00:00,1785244879.865259,lora_crc_error,warning,Ground radio reported a LoRa packet CRC error,,,,True,True,True,0,0,38,0,0,{}
2026-07-28T13:21:27.414961+00:00,1785244887.414961,dashboard_connected,info,Dashboard WebSocket connected,,,,True,True,True,0,0,38,0,0,"{""active_connections"":5,""client_host"":""2001:4ca0:0:f294:a4ca:7424:3f50:a1e0"",""client_port"":0}"
2026-07-28T13:21:31.038208+00:00,1785244891.038208,telemetry_ack_sent,info,Ground acknowledged received telemetry,681,,,True,True,True,0,0,38,0,0,"{""payload"":""ACK,681""}"
2026-07-28T13:21:31.038208+00:00,1785244891.038208,telemetry_received,info,Received v8 telemetry sequence 681,681,-116,-7.5,True,True,True,0,0,38,0,0,"{""crc_ok"":true,""flight_state"":""ASCENT"",""lost_packets_since_previous"":2,""packet_length"":92,""packet_type"":1,""protocol_version"":8}"
2026-07-28T13:21:51.693764+00:00,1785244911.693764,telemetry_ack_sent,info,Ground acknowledged received telemetry,683,,,True,True,True,0,0,38,0,0,"{""payload"":""ACK,683""}"
2026-07-28T13:21:51.693764+00:00,1785244911.693764,telemetry_received,info,Received v8 telemetry sequence 683,683,-118,-2.0,True,True,True,0,0,38,0,0,"{""crc_ok"":true,""flight_state"":""ASCENT"",""lost_packets_since_previous"":1,""packet_length"":92,""packet_type"":1,""protocol_version"":8}"
2026-07-28T13:22:11.862482+00:00,1785244931.862482,dashboard_disconnected,info,Dashboard WebSocket disconnected,,,,True,True,True,0,0,38,0,0,"{""active_connections"":4,""client_host"":""2001:4ca0:0:f294:a4ca:7424:3f50:a1e0"",""client_port"":0}"
2026-07-28T13:22:12.485099+00:00,1785244932.485099,telemetry_ack_sent,info,Ground acknowledged received telemetry,685,,,True,True,True,0,0,38,0,0,"{""payload"":""ACK,685""}"
2026-07-28T13:22:12.492539+00:00,1785244932.492539,telemetry_received,info,Received v8 telemetry sequence 685,685,-119,-7.5,True,True,True,0,0,38,0,0,"{""crc_ok"":true,""flight_state"":""ASCENT"",""lost_packets_since_previous"":1,""packet_length"":92,""packet_type"":1,""protocol_version"":8}"
2026-07-28T13:22:22.958659+00:00,1785244942.958659,telemetry_ack_sent,info,Ground acknowledged received telemetry,686,,,True,True,True,0,0,38,0,0,"{""payload"":""ACK,686""}"
2026-07-28T13:22:22.958659+00:00,1785244942.958659,telemetry_received,info,Received v8 telemetry sequence 686,686,-119,-4.75,True,True,True,0,0,38,0,0,"{""crc_ok"":true,""flight_state"":""ASCENT"",""lost_packets_since_previous"":0,""packet_length"":92,""packet_type"":1,""protocol_version"":8}"
2026-07-28T13:22:26.876610+00:00,1785244946.87661,dashboard_disconnected,info,Dashboard WebSocket disconnected,,,,True,True,True,0,0,38,0,0,"{""active_connections"":3,""client_host"":""2001:638:d:d000:2::171"",""client_port"":0}"
2026-07-28T13:22:33.036285+00:00,1785244953.036285,lora_crc_error,warning,Ground radio reported a LoRa packet CRC error,,,,True,True,True,0,0,39,0,0,{}
2026-07-28T13:23:24.463738+00:00,1785245004.463738,dashboard_connected,info,Dashboard WebSocket connected,,,,True,True,True,0,0,39,0,0,"{""active_connections"":4,""client_host"":""2001:4ca0:0:f294:a4ca:7424:3f50:a1e0"",""client_port"":0}"
2026-07-28T13:23:27.940604+00:00,1785245007.940604,dashboard_disconnected,info,Dashboard WebSocket disconnected,,,,True,True,True,0,0,39,0,0,"{""active_connections"":3,""client_host"":""2001:4ca0:0:f294:a4ca:7424:3f50:a1e0"",""client_port"":0}"
2026-07-28T13:23:55.670599+00:00,1785245035.670599,lora_crc_error,warning,Ground radio reported a LoRa packet CRC error,,,,True,True,True,0,0,40,0,0,{}
2026-07-28T13:24:06.113940+00:00,1785245046.11394,lora_crc_error,warning,Ground radio reported a LoRa packet CRC error,,,,True,True,True,0,0,41,0,0,{}
2026-07-28T13:24:27.215788+00:00,1785245067.215788,lora_crc_error,warning,Ground radio reported a LoRa packet CRC error,,,,True,True,True,0,0,42,0,0,{}
2026-07-28T13:24:38.386672+00:00,1785245078.386672,telemetry_ack_sent,info,Ground acknowledged received telemetry,699,,,True,True,True,0,0,42,0,0,"{""payload"":""ACK,699""}"
2026-07-28T13:24:38.386672+00:00,1785245078.386672,telemetry_received,info,Received v8 telemetry sequence 699,699,-118,-3.0,True,True,True,0,0,42,0,0,"{""crc_ok"":true,""flight_state"":""ASCENT"",""lost_packets_since_previous"":12,""packet_length"":92,""packet_type"":1,""protocol_version"":8}"
2026-07-28T13:24:48.726321+00:00,1785245088.726321,telemetry_ack_sent,info,Ground acknowledged received telemetry,700,,,True,True,True,0,0,42,0,0,"{""payload"":""ACK,700""}"
2026-07-28T13:24:48.726321+00:00,1785245088.726321,telemetry_received,info,Received v8 telemetry sequence 700,700,-111,-6.75,True,True,True,0,0,42,0,0,"{""crc_ok"":true,""flight_state"":""ASCENT"",""lost_packets_since_previous"":0,""packet_length"":92,""packet_type"":1,""protocol_version"":8}"
2026-07-28T13:24:58.134822+00:00,1785245098.134822,lora_crc_error,warning,Ground radio reported a LoRa packet CRC error,,,,True,True,True,0,0,43,0,0,{}
2026-07-28T13:25:08.418828+00:00,1785245108.418828,lora_crc_error,warning,Ground radio reported a LoRa packet CRC error,,,,True,True,True,0,0,44,0,0,{}
2026-07-28T13:25:18.731689+00:00,1785245118.731689,lora_crc_error,warning,Ground radio reported a LoRa packet CRC error,,,,True,True,True,0,0,45,0,0,{}
2026-07-28T13:25:29.937120+00:00,1785245129.93712,telemetry_ack_sent,info,Ground acknowledged received telemetry,704,,,True,True,True,0,0,45,0,0,"{""payload"":""ACK,704""}"
2026-07-28T13:25:29.937120+00:00,1785245129.93712,telemetry_received,info,Received v8 telemetry sequence 704,704,-118,-9.5,True,True,True,0,0,45,0,0,"{""crc_ok"":true,""flight_state"":""ASCENT"",""lost_packets_since_previous"":3,""packet_length"":92,""packet_type"":1,""protocol_version"":8}"
2026-07-28T13:28:00.975694+00:00,1785245280.975694,dashboard_disconnected,info,Dashboard WebSocket disconnected,,,,True,True,True,0,0,45,0,0,"{""active_connections"":2,""client_host"":""2001:4ca0:0:f296:bdd7:7b0d:8f90:f259"",""client_port"":0}"
2026-07-28T13:28:18.207321+00:00,1785245298.207321,dashboard_disconnected,info,Dashboard WebSocket disconnected,,,,True,True,True,0,0,45,0,0,"{""active_connections"":1,""client_host"":""2001:4ca0:e:49:497f:7e9e:10d2:4248"",""client_port"":0}"
2026-07-28T13:28:18.207321+00:00,1785245298.207321,dashboard_disconnected,info,Dashboard WebSocket disconnected,,,,True,True,True,0,0,45,0,0,"{""active_connections"":0,""client_host"":""2001:4ca0:e:49:497f:7e9e:10d2:4248"",""client_port"":0}"
2026-07-28T13:34:36.040157+00:00,1785245676.040157,dashboard_connected,info,Dashboard WebSocket connected,,,,True,True,True,0,0,45,0,0,"{""active_connections"":1,""client_host"":""127.0.0.1"",""client_port"":52220}"
2026-07-28T13:37:58.771189+00:00,1785245878.771189,dashboard_connected,info,Dashboard WebSocket connected,,,,True,True,True,0,0,45,0,0,"{""active_connections"":2,""client_host"":""79.116.96.75"",""client_port"":0}"
2026-07-28T13:38:34.523884+00:00,1785245914.523884,dashboard_disconnected,info,Dashboard WebSocket disconnected,,,,True,True,True,0,0,45,0,0,"{""active_connections"":1,""client_host"":""79.116.96.75"",""client_port"":0}"
2026-07-28T13:38:48.206670+00:00,1785245928.20667,dashboard_connected,info,Dashboard WebSocket connected,,,,True,True,True,0,0,45,0,0,"{""active_connections"":2,""client_host"":""194.213.108.6"",""client_port"":0}"
2026-07-28T13:44:10.889076+00:00,1785246250.889076,dashboard_disconnected,info,Dashboard WebSocket disconnected,,,,True,True,True,0,0,45,0,0,"{""active_connections"":1,""client_host"":""194.213.108.6"",""client_port"":0}"
2026-07-28T13:47:07.236513+00:00,1785246427.236513,dashboard_connected,info,Dashboard WebSocket connected,,,,True,True,True,0,0,45,0,0,"{""active_connections"":2,""client_host"":""2a00:fbc:ee7b:95da:c066:b023:8f4e:8d06"",""client_port"":0}"
2026-07-28T13:47:52.379572+00:00,1785246472.379572,dashboard_disconnected,info,Dashboard WebSocket disconnected,,,,True,True,True,0,0,45,0,0,"{""active_connections"":1,""client_host"":""2a00:fbc:ee7b:95da:c066:b023:8f4e:8d06"",""client_port"":0}"
2026-07-28T13:49:42.814717+00:00,1785246582.814717,dashboard_connected,info,Dashboard WebSocket connected,,,,True,True,True,0,0,45,0,0,"{""active_connections"":2,""client_host"":""2a00:fbc:ee7b:95da:c066:b023:8f4e:8d06"",""client_port"":0}"
2026-07-28T13:49:43.622598+00:00,1785246583.622598,dashboard_disconnected,info,Dashboard WebSocket disconnected,,,,True,True,True,0,0,45,0,0,"{""active_connections"":1,""client_host"":""2a00:fbc:ee7b:95da:c066:b023:8f4e:8d06"",""client_port"":0}"
2026-07-28T13:49:43.679053+00:00,1785246583.679053,dashboard_connected,info,Dashboard WebSocket connected,,,,True,True,True,0,0,45,0,0,"{""active_connections"":2,""client_host"":""2a00:fbc:ee7b:95da:c066:b023:8f4e:8d06"",""client_port"":0}"
2026-07-28T13:49:43.689963+00:00,1785246583.689963,dashboard_connected,info,Dashboard WebSocket connected,,,,True,True,True,0,0,45,0,0,"{""active_connections"":3,""client_host"":""79.116.96.75"",""client_port"":0}"
2026-07-28T13:49:48.107042+00:00,1785246588.107042,dashboard_disconnected,info,Dashboard WebSocket disconnected,,,,True,True,True,0,0,45,0,0,"{""active_connections"":2,""client_host"":""79.116.96.75"",""client_port"":0}"
2026-07-28T13:49:48.980270+00:00,1785246588.98027,dashboard_connected,info,Dashboard WebSocket connected,,,,True,True,True,0,0,45,0,0,"{""active_connections"":3,""client_host"":""79.116.96.75"",""client_port"":0}"
2026-07-28T13:50:15.001087+00:00,1785246615.001087,dashboard_disconnected,info,Dashboard WebSocket disconnected,,,,True,True,True,0,0,45,0,0,"{""active_connections"":2,""client_host"":""79.116.96.75"",""client_port"":0}"
2026-07-28T13:50:44.268256+00:00,1785246644.268256,dashboard_disconnected,info,Dashboard WebSocket disconnected,,,,True,True,True,0,0,45,0,0,"{""active_connections"":1,""client_host"":""2a00:fbc:ee7b:95da:c066:b023:8f4e:8d06"",""client_port"":0}"
2026-07-28T13:50:51.043952+00:00,1785246651.043952,dashboard_connected,info,Dashboard WebSocket connected,,,,True,True,True,0,0,45,0,0,"{""active_connections"":2,""client_host"":""2a00:fbc:ee7b:95da:c066:b023:8f4e:8d06"",""client_port"":0}"
2026-07-28T13:51:16.831311+00:00,1785246676.831311,dashboard_connected,info,Dashboard WebSocket connected,,,,True,True,True,0,0,45,0,0,"{""active_connections"":3,""client_host"":""79.116.96.75"",""client_port"":0}"
2026-07-28T13:52:01.578137+00:00,1785246721.578137,dashboard_disconnected,info,Dashboard WebSocket disconnected,,,,True,True,True,0,0,45,0,0,"{""active_connections"":2,""client_host"":""79.116.96.75"",""client_port"":0}"
2026-07-28T13:52:29.685429+00:00,1785246749.685429,dashboard_connected,info,Dashboard WebSocket connected,,,,True,True,True,0,0,45,0,0,"{""active_connections"":3,""client_host"":""72.145.83.106"",""client_port"":0}"
2026-07-28T13:53:25.505773+00:00,1785246805.505773,dashboard_disconnected,info,Dashboard WebSocket disconnected,,,,True,True,True,0,0,45,0,0,"{""active_connections"":2,""client_host"":""72.145.83.106"",""client_port"":0}"
2026-07-28T13:54:36.711627+00:00,1785246876.711627,dashboard_disconnected,info,Dashboard WebSocket disconnected,,,,True,True,True,0,0,45,0,0,"{""active_connections"":1,""client_host"":""2a00:fbc:ee7b:95da:c066:b023:8f4e:8d06"",""client_port"":0}"
2026-07-28T13:55:25.964320+00:00,1785246925.96432,dashboard_connected,info,Dashboard WebSocket connected,,,,True,True,True,0,0,45,0,0,"{""active_connections"":2,""client_host"":""72.145.83.106"",""client_port"":0}"
2026-07-28T13:55:27.326919+00:00,1785246927.326919,dashboard_connected,info,Dashboard WebSocket connected,,,,True,True,True,0,0,45,0,0,"{""active_connections"":3,""client_host"":""72.145.83.106"",""client_port"":0}"
2026-07-28T13:55:27.941508+00:00,1785246927.941508,dashboard_connected,info,Dashboard WebSocket connected,,,,True,True,True,0,0,45,0,0,"{""active_connections"":4,""client_host"":""72.145.83.106"",""client_port"":0}"
2026-07-28T13:55:43.930241+00:00,1785246943.930241,dashboard_disconnected,info,Dashboard WebSocket disconnected,,,,True,True,True,0,0,45,0,0,"{""active_connections"":3,""client_host"":""72.145.83.106"",""client_port"":0}"
2026-07-28T13:55:46.162646+00:00,1785246946.162646,dashboard_disconnected,info,Dashboard WebSocket disconnected,,,,True,True,True,0,0,45,0,0,"{""active_connections"":2,""client_host"":""72.145.83.106"",""client_port"":0}"
2026-07-28T13:55:48.921544+00:00,1785246948.921544,dashboard_disconnected,info,Dashboard WebSocket disconnected,,,,True,True,True,0,0,45,0,0,"{""active_connections"":1,""client_host"":""72.145.83.106"",""client_port"":0}"
2026-07-28T13:57:49.606215+00:00,1785247069.606215,dashboard_connected,info,Dashboard WebSocket connected,,,,True,True,True,0,0,45,0,0,"{""active_connections"":2,""client_host"":""2a00:fbc:ee7b:95da:c066:b023:8f4e:8d06"",""client_port"":0}"
2026-07-28T13:58:05.199938+00:00,1785247085.199938,dashboard_connected,info,Dashboard WebSocket connected,,,,True,True,True,0,0,45,0,0,"{""active_connections"":3,""client_host"":""2a00:fbc:ee7b:95da:c066:b023:8f4e:8d06"",""client_port"":0}"
2026-07-28T13:58:07.687960+00:00,1785247087.68796,dashboard_disconnected,info,Dashboard WebSocket disconnected,,,,True,True,True,0,0,45,0,0,"{""active_connections"":2,""client_host"":""2a00:fbc:ee7b:95da:c066:b023:8f4e:8d06"",""client_port"":0}"
2026-07-28T13:58:08.527350+00:00,1785247088.52735,dashboard_connected,info,Dashboard WebSocket connected,,,,True,True,True,0,0,45,0,0,"{""active_connections"":3,""client_host"":""2a00:fbc:ee7b:95da:c066:b023:8f4e:8d06"",""client_port"":0}"
2026-07-28T14:01:23.639170+00:00,1785247283.63917,dashboard_disconnected,info,Dashboard WebSocket disconnected,,,,True,True,True,0,0,45,0,0,"{""active_connections"":2,""client_host"":""2a00:fbc:ee7b:95da:c066:b023:8f4e:8d06"",""client_port"":0}"
2026-07-28T14:01:23.643153+00:00,1785247283.643153,dashboard_disconnected,info,Dashboard WebSocket disconnected,,,,True,True,True,0,0,45,0,0,"{""active_connections"":1,""client_host"":""2a00:fbc:ee7b:95da:c066:b023:8f4e:8d06"",""client_port"":0}"
2026-07-28T14:03:08.494518+00:00,1785247388.494518,dashboard_connected,info,Dashboard WebSocket connected,,,,True,True,True,0,0,45,0,0,"{""active_connections"":2,""client_host"":""79.116.96.75"",""client_port"":0}"
2026-07-28T14:03:09.675260+00:00,1785247389.67526,dashboard_disconnected,info,Dashboard WebSocket disconnected,,,,True,True,True,0,0,45,0,0,"{""active_connections"":1,""client_host"":""79.116.96.75"",""client_port"":0}"
2026-07-28T14:03:10.735434+00:00,1785247390.735434,dashboard_connected,info,Dashboard WebSocket connected,,,,True,True,True,0,0,45,0,0,"{""active_connections"":2,""client_host"":""79.116.96.75"",""client_port"":0}"
2026-07-28T14:03:32.468142+00:00,1785247412.468142,dashboard_disconnected,info,Dashboard WebSocket disconnected,,,,True,True,True,0,0,45,0,0,"{""active_connections"":1,""client_host"":""79.116.96.75"",""client_port"":0}"
2026-07-28T14:03:33.383933+00:00,1785247413.383933,dashboard_connected,info,Dashboard WebSocket connected,,,,True,True,True,0,0,45,0,0,"{""active_connections"":2,""client_host"":""79.116.96.75"",""client_port"":0}"
2026-07-28T14:03:43.380639+00:00,1785247423.380639,dashboard_disconnected,info,Dashboard WebSocket disconnected,,,,True,True,True,0,0,45,0,0,"{""active_connections"":1,""client_host"":""127.0.0.1"",""client_port"":52220}"
2026-07-28T14:03:58.315713+00:00,1785247438.315713,dashboard_disconnected,info,Dashboard WebSocket disconnected,,,,True,True,True,0,0,45,0,0,"{""active_connections"":0,""client_host"":""79.116.96.75"",""client_port"":0}"
2026-07-28T14:03:58.851252+00:00,1785247438.851252,dashboard_connected,info,Dashboard WebSocket connected,,,,True,True,True,0,0,45,0,0,"{""active_connections"":1,""client_host"":""79.116.96.75"",""client_port"":0}"
2026-07-28T14:04:46.239425+00:00,1785247486.239425,dashboard_disconnected,info,Dashboard WebSocket disconnected,,,,True,True,True,0,0,45,0,0,"{""active_connections"":0,""client_host"":""79.116.96.75"",""client_port"":0}"
2026-07-28T14:04:47.111836+00:00,1785247487.111836,dashboard_connected,info,Dashboard WebSocket connected,,,,True,True,True,0,0,45,0,0,"{""active_connections"":1,""client_host"":""79.116.96.75"",""client_port"":0}"
2026-07-28T14:05:15.224671+00:00,1785247515.224671,dashboard_disconnected,info,Dashboard WebSocket disconnected,,,,True,True,True,0,0,45,0,0,"{""active_connections"":0,""client_host"":""79.116.96.75"",""client_port"":0}"
2026-07-28T14:05:15.931444+00:00,1785247515.931444,dashboard_connected,info,Dashboard WebSocket connected,,,,True,True,True,0,0,45,0,0,"{""active_connections"":1,""client_host"":""79.116.96.75"",""client_port"":0}"
2026-07-28T14:05:50.221389+00:00,1785247550.221389,dashboard_connected,info,Dashboard WebSocket connected,,,,True,True,True,0,0,45,0,0,"{""active_connections"":2,""client_host"":""2a09:bac3:2d32:26b4::3db:49"",""client_port"":0}"
2026-07-28T14:06:53.522242+00:00,1785247613.522242,dashboard_disconnected,info,Dashboard WebSocket disconnected,,,,True,True,True,0,0,45,0,0,"{""active_connections"":1,""client_host"":""79.116.96.75"",""client_port"":0}"
2026-07-28T14:07:09.877143+00:00,1785247629.877143,dashboard_connected,info,Dashboard WebSocket connected,,,,True,True,True,0,0,45,0,0,"{""active_connections"":2,""client_host"":""2a00:fbc:ee7b:95da:c066:b023:8f4e:8d06"",""client_port"":0}"
2026-07-28T14:07:10.281470+00:00,1785247630.28147,dashboard_disconnected,info,Dashboard WebSocket disconnected,,,,True,True,True,0,0,45,0,0,"{""active_connections"":1,""client_host"":""2a09:bac3:2d32:26b4::3db:49"",""client_port"":0}"
2026-07-28T14:07:38.576846+00:00,1785247658.576846,dashboard_connected,info,Dashboard WebSocket connected,,,,True,True,True,0,0,45,0,0,"{""active_connections"":2,""client_host"":""79.116.96.75"",""client_port"":0}"
2026-07-28T14:07:49.161946+00:00,1785247669.161946,dashboard_connected,info,Dashboard WebSocket connected,,,,True,True,True,0,0,45,0,0,"{""active_connections"":3,""client_host"":""2a02:26f7:ec54:6609::d"",""client_port"":0}"
2026-07-28T14:08:58.839197+00:00,1785247738.839197,dashboard_disconnected,info,Dashboard WebSocket disconnected,,,,True,True,True,0,0,45,0,0,"{""active_connections"":2,""client_host"":""2a02:26f7:ec54:6609::d"",""client_port"":0}"
2026-07-28T14:09:38.741164+00:00,1785247778.741164,dashboard_disconnected,info,Dashboard WebSocket disconnected,,,,True,True,True,0,0,45,0,0,"{""active_connections"":1,""client_host"":""79.116.96.75"",""client_port"":0}"
2026-07-28T14:09:41.313513+00:00,1785247781.313513,dashboard_connected,info,Dashboard WebSocket connected,,,,True,True,True,0,0,45,0,0,"{""active_connections"":2,""client_host"":""79.116.96.75"",""client_port"":0}"
2026-07-28T14:11:17.407832+00:00,1785247877.407832,dashboard_disconnected,info,Dashboard WebSocket disconnected,,,,True,True,True,0,0,45,0,0,"{""active_connections"":1,""client_host"":""79.116.96.75"",""client_port"":0}"
2026-07-28T14:11:18.187757+00:00,1785247878.187757,dashboard_connected,info,Dashboard WebSocket connected,,,,True,True,True,0,0,45,0,0,"{""active_connections"":2,""client_host"":""79.116.96.75"",""client_port"":0}"
2026-07-28T14:11:53.246042+00:00,1785247913.246042,dashboard_disconnected,info,Dashboard WebSocket disconnected,,,,True,True,True,0,0,45,0,0,"{""active_connections"":1,""client_host"":""79.116.96.75"",""client_port"":0}"
2026-07-28T14:12:24.320488+00:00,1785247944.320488,dashboard_connected,info,Dashboard WebSocket connected,,,,True,True,True,0,0,45,0,0,"{""active_connections"":2,""client_host"":""79.116.96.75"",""client_port"":0}"
2026-07-28T14:13:40.133141+00:00,1785248020.133141,dashboard_disconnected,info,Dashboard WebSocket disconnected,,,,True,True,True,0,0,45,0,0,"{""active_connections"":1,""client_host"":""79.116.96.75"",""client_port"":0}"
2026-07-28T14:13:40.869939+00:00,1785248020.869939,dashboard_connected,info,Dashboard WebSocket connected,,,,True,True,True,0,0,45,0,0,"{""active_connections"":2,""client_host"":""79.116.96.75"",""client_port"":0}"
2026-07-28T14:14:38.093227+00:00,1785248078.093227,dashboard_disconnected,info,Dashboard WebSocket disconnected,,,,True,True,True,0,0,45,0,0,"{""active_connections"":1,""client_host"":""79.116.96.75"",""client_port"":0}"
2026-07-28T14:14:39.035337+00:00,1785248079.035337,dashboard_connected,info,Dashboard WebSocket connected,,,,True,True,True,0,0,45,0,0,"{""active_connections"":2,""client_host"":""79.116.96.75"",""client_port"":0}"
2026-07-28T14:16:57.373478+00:00,1785248217.373478,dashboard_disconnected,info,Dashboard WebSocket disconnected,,,,True,True,True,0,0,45,0,0,"{""active_connections"":1,""client_host"":""2a00:fbc:ee7b:95da:c066:b023:8f4e:8d06"",""client_port"":0}"
2026-07-28T14:18:05.045730+00:00,1785248285.04573,dashboard_disconnected,info,Dashboard WebSocket disconnected,,,,True,True,True,0,0,45,0,0,"{""active_connections"":0,""client_host"":""79.116.96.75"",""client_port"":0}"
2026-07-28T14:18:35.055162+00:00,1785248315.055162,dashboard_connected,info,Dashboard WebSocket connected,,,,True,True,True,0,0,45,0,0,"{""active_connections"":1,""client_host"":""79.116.96.75"",""client_port"":0}"
2026-07-28T14:21:08.326900+00:00,1785248468.3269,dashboard_disconnected,info,Dashboard WebSocket disconnected,,,,True,True,True,0,0,45,0,0,"{""active_connections"":0,""client_host"":""79.116.96.75"",""client_port"":0}"
2026-07-28T14:21:09.152609+00:00,1785248469.152609,dashboard_connected,info,Dashboard WebSocket connected,,,,True,True,True,0,0,45,0,0,"{""active_connections"":1,""client_host"":""79.116.96.75"",""client_port"":0}"
2026-07-28T14:22:37.237179+00:00,1785248557.237179,dashboard_disconnected,info,Dashboard WebSocket disconnected,,,,True,True,True,0,0,45,0,0,"{""active_connections"":0,""client_host"":""79.116.96.75"",""client_port"":0}"
2026-07-28T14:22:50.103362+00:00,1785248570.103362,dashboard_connected,info,Dashboard WebSocket connected,,,,True,True,True,0,0,45,0,0,"{""active_connections"":1,""client_host"":""79.116.96.75"",""client_port"":0}"
2026-07-28T14:22:55.324078+00:00,1785248575.324078,receiver_error,critical,SPI transfer failed after 3 attempts. TX=12 00 last RX=None,,,,False,True,False,0,0,45,0,0,"{""traceback"":""Traceback (most recent call last):\n  File \""C:\\Users\\alber\\Desktop\\TTC STM subsyst\\scsd-lakitu-cubesat-mod1\\ground-station\\backend_server.py\"", line 475, in telemetry_receiver_worker\n    packet = radio.read_packet_if_available()\n             ^^^^^^^^^^^^^^^^^^^^^^^^^^^^^^^^\n  File \""C:\\Users\\alber\\Desktop\\TTC STM subsyst\\scsd-lakitu-cubesat-mod1\\ground-station\\lora_radio.py\"", line 279, in read_packet_if_available\n    irq = self.read_reg(REG_IRQ_FLAGS)\n          ^^^^^^^^^^^^^^^^^^^^^^^^^^^^\n  File \""C:\\Users\\alber\\Desktop\\TTC STM subsyst\\scsd-lakitu-cubesat-mod1\\ground-station\\lora_radio.py\"", line 137, in read_reg\n    rx = self.spi_xfer([addr & 0x7F, 0x00])\n         ^^^^^^^^^^^^^^^^^^^^^^^^^^^^^^^^^^\n  File \""C:\\Users\\alber\\Desktop\\TTC STM subsyst\\scsd-lakitu-cubesat-mod1\\ground-station\\lora_radio.py\"", line 127, in spi_xfer\n    raise RuntimeError(\nRuntimeError: SPI transfer failed after 3 attempts. TX=12 00 last RX=None\n""}"
2026-07-28T14:22:55.331383+00:00,1785248575.331383,receiver_stopped,info,Ground radio receiver thread stopped,,,,False,True,False,0,0,45,0,0,{}
2026-07-28T14:23:03.597479+00:00,1785248583.597479,dashboard_disconnected,info,Dashboard WebSocket disconnected,,,,False,True,False,0,0,45,0,0,"{""active_connections"":0,""client_host"":""79.116.96.75"",""client_port"":0}"
2026-07-28T14:54:13.316522+00:00,1785250453.316522,dashboard_connected,info,Dashboard WebSocket connected,,,,False,True,False,0,0,45,0,0,"{""active_connections"":1,""client_host"":""127.0.0.1"",""client_port"":57022}"
2026-07-28T14:54:44.377703+00:00,1785250484.377703,dashboard_disconnected,info,Dashboard WebSocket disconnected,,,,False,True,False,0,0,45,0,0,"{""active_connections"":0,""client_host"":""127.0.0.1"",""client_port"":57022}"
2026-07-28T14:54:46.189460+00:00,1785250486.18946,dashboard_connected,info,Dashboard WebSocket connected,,,,False,True,False,0,0,45,0,0,"{""active_connections"":1,""client_host"":""127.0.0.1"",""client_port"":59880}"
2026-07-28T14:55:29.082655+00:00,1785250529.082655,dashboard_disconnected,info,Dashboard WebSocket disconnected,,,,False,True,False,0,0,45,0,0,"{""active_connections"":0,""client_host"":""127.0.0.1"",""client_port"":59880}"
2026-07-28T14:55:30.207702+00:00,1785250530.207702,dashboard_connected,info,Dashboard WebSocket connected,,,,False,True,False,0,0,45,0,0,"{""active_connections"":1,""client_host"":""127.0.0.1"",""client_port"":64445}"
2026-07-28T14:55:57.145865+00:00,1785250557.145865,dashboard_disconnected,info,Dashboard WebSocket disconnected,,,,False,True,False,0,0,45,0,0,"{""active_connections"":0,""client_host"":""127.0.0.1"",""client_port"":64445}"
2026-07-28T14:55:57.779474+00:00,1785250557.779474,dashboard_connected,info,Dashboard WebSocket connected,,,,False,True,False,0,0,45,0,0,"{""active_connections"":1,""client_host"":""127.0.0.1"",""client_port"":61660}"
