pc_receive_time_iso,pc_receive_time_unix,lora_downlink_rssi_dbm,lora_downlink_snr_db,lora_crc_error,telemetry_valid,packet_type,protocol_version,packet_type_ok,protocol_version_ok,length_ok,crc_ok,received_crc16,calculated_crc16,sequence_number,sequence_session_reset,lost_packets_since_previous,total_lost_packets,is_duplicate_packet,consecutive_duplicate_packets,total_duplicate_packets,utc_timestamp,obc_uptime_ms,sample_age_ms,gnss_utc_sod,flight_state,flight_state_name,status_flags_raw,GNSS_FIX_VALID,GNSS_TIME_VALID,IMU_VALID,BARO_VALID,BARO_RANGE_VALID,BATTERY_VALID,CORAL_VALID,CORAL_NEW,SD_LOGGING_OK,LAST_LORA_TX_OK,COMMAND_RX_SINCE_LAST,OBC_TIME_FALLBACK,GPS_ERROR,IMU_ERROR,BARO_ERROR,SD_ERROR,battery_mv,battery_v,gnss_fix_type,gnss_satellites_used,latitude_deg,longitude_deg,gnss_altitude_m,ground_speed_ms,vertical_speed_ms,course_deg,latitude_e7,longitude_e7,gnss_altitude_dm,vertical_speed_cms,ground_speed_cms,course_cdeg,baro_pressure_pa,baro_temperature_c,baro_altitude_m,accel_x_ms2,accel_y_ms2,accel_z_ms2,gyro_x_rads,gyro_y_rads,gyro_z_rads,accel_x_mg,accel_y_mg,accel_z_mg,gyro_x_ddeg_s,gyro_y_ddeg_s,gyro_z_ddeg_s,baro_altitude_dm,baro_temperature_cdeg,reset_cause_raw,PIN_RESET,BOR_RESET,SOFTWARE_RESET,IWDG_RESET,WWDG_RESET,LOW_POWER_RESET,OPTION_BYTE_RESET,FIREWALL_RESET,boot_count,sd_error_counter,gnss_fix_valid_raw,gps_valid_raw,imu_accel_x_g,imu_accel_y_g,imu_accel_z_g,imu_accel_mag_g,imu_gyro_x_dps,imu_gyro_y_dps,imu_gyro_z_dps,imu_valid_raw,baro_valid_raw,i2c_bus_state_raw,batt_valid_raw,coral_valid_raw,scv_mission_elapsed_ms,scv_equipment_enabled,scv_equipment_enabled_decoded,scv_equipment_faults,scv_equipment_faults_decoded,scv_sd_fault_count,scv_watchdog_reset_count,reset_reason_name,uplink_last_status,uplink_last_status_name,uplink_last_command_id,uplink_last_ack_status,uplink_last_ack_status_name,lora_last_event,lora_last_event_name,lora_consecutive_failures,lora_recovery_count,lora_rx_mode_active,lora_last_rx_status,lora_last_rx_status_name,lora_ack_timeout_count,lora_tx_fault_count,coral_status,coral_result_age_s,coral_sequence_low,coral_fraction_q16,coral_fraction_percent,coral_payload_text,coral_payload_hex
2026-07-28T11:26:59.497490+00:00,1785238019.49749,-69,12.5,False,True,1,8,True,True,True,True,0x93F8,0x93F8,6,False,0,0,False,0,0,,65000,76,,0,STANDBY,30,False,False,True,True,True,True,True,False,True,True,False,False,False,False,False,False,4012,4.012,0,0,,,,,,,,,,,,,95721.0,27.6,0.4,-9.44380395,-1.08853815,1.4513842,-0.019198621771937627,-0.005235987755982988,-0.026179938779914945,-963,-111,148,-11,-3,-15,4,2760,1,False,False,False,False,False,False,False,False,5,0,0,0,-0.963,-0.111,0.148,0.9806089944519171,-1.1,-0.3,-1.5,1,1,0,1,1,0,0x007F,"GPS, IMU, BARO, CORAL, SD, LORA, EPS_ADC",0x0000,NONE,0,0,POWER_ON,0,NONE,0,0,NONE,13,ACK_TIMEOUT,0,0,1,1,ACTIVE,6,0,0,14,218,511,0.7797360189211872,seq=218 cloud=0.78% status=0x00,da 00 ff 01 00 0e 00
2026-07-28T11:27:09.795764+00:00,1785238029.795764,-61,12.5,False,True,1,8,True,True,True,True,0xB527,0xB527,7,False,0,0,False,0,0,,75000,32,,0,STANDBY,30,False,False,True,True,True,True,True,False,True,True,False,False,False,False,False,False,3996,3.996,0,0,,,,,,,,,,,,,95727.0,27.63,-0.2,-9.375157399999999,-0.980665,0.7453053999999999,0.013962634015954637,0.048869219055841226,-0.08028514559173916,-956,-100,76,8,28,-46,-2,2763,1,False,False,False,False,False,False,False,False,5,0,0,0,-0.956,-0.1,0.076,0.9642157434931251,0.8,2.8,-4.6,1,1,0,1,1,0,0x007F,"GPS, IMU, BARO, CORAL, SD, LORA, EPS_ADC",0x0000,NONE,0,0,POWER_ON,0,NONE,0,1,ACCEPTED,9,RX_OK,0,0,1,2,PACKET_OK,6,0,0,6,219,255,0.38910505836575876,seq=219 cloud=0.39% status=0x00,db 00 ff 00 00 06 00
2026-07-28T11:27:20.105791+00:00,1785238040.105791,-58,12.25,False,True,1,8,True,True,True,True,0xF1AB,0xF1AB,8,False,0,0,False,0,0,,85000,20,,0,STANDBY,30,False,False,True,True,True,True,True,False,True,True,False,False,False,False,False,False,4016,4.016,0,0,,,,,,,,,,,,,95725.0,27.66,0.0,-9.5516771,-0.5197524499999999,-0.5883989999999999,-0.029670597283903602,-0.019198621771937627,0.017453292519943295,-974,-53,-60,-17,-11,10,0,2766,1,False,False,False,False,False,False,False,False,5,0,0,0,-0.974,-0.053,-0.06,0.9772845031002998,-1.7,-1.1,1.0,1,1,0,1,1,0,0x007F,"GPS, IMU, BARO, CORAL, SD, LORA, EPS_ADC",0x0000,NONE,0,0,POWER_ON,0,NONE,0,1,ACCEPTED,9,RX_OK,0,0,1,2,PACKET_OK,6,0,0,17,219,255,0.38910505836575876,seq=219 cloud=0.39% status=0x00,db 00 ff 00 00 11 00
2026-07-28T11:27:30.729751+00:00,1785238050.729751,-55,9.75,False,True,1,8,True,True,True,True,0xA7A9,0xA7A9,9,False,0,0,False,0,0,,96000,40,,0,STANDBY,30,False,False,True,True,True,True,True,False,True,True,False,False,False,False,False,False,3996,3.996,0,0,,,,,,,,,,,,,95725.0,27.69,0.0,-9.54187045,-0.6668522,0.5295591,0.0017453292519943296,-0.0890117918517108,-0.022689280275926284,-973,-68,54,1,-51,-13,0,2769,1,False,False,False,False,False,False,False,False,5,0,0,0,-0.973,-0.068,0.054,0.976866930548885,0.1,-5.1,-1.3,1,1,0,1,1,0,0x007F,"GPS, IMU, BARO, CORAL, SD, LORA, EPS_ADC",0x0000,NONE,0,0,POWER_ON,0,NONE,0,1,ACCEPTED,9,RX_OK,0,0,1,2,PACKET_OK,6,0,0,10,220,1791,2.732890821698329,seq=220 cloud=2.73% status=0x00,dc 00 ff 06 00 0a 00
2026-07-28T11:27:41.018957+00:00,1785238061.018957,-61,11.75,False,True,1,8,True,True,True,True,0xDA25,0xDA25,10,False,0,0,False,0,0,,106000,51,,0,STANDBY,30,False,False,True,True,True,True,True,False,True,True,False,False,False,False,False,False,3996,3.996,0,0,,,,,,,,,,,,,95721.0,27.72,0.4,-9.7085835,-0.65704555,0.16671305,0.0645771823237902,0.13962634015954636,-0.08203047484373349,-990,-67,17,37,80,-47,4,2772,1,False,False,False,False,False,False,False,False,5,0,0,0,-0.99,-0.067,0.017,0.9924101974486155,3.7,8.0,-4.7,1,1,0,1,1,0,0x007F,"GPS, IMU, BARO, CORAL, SD, LORA, EPS_ADC",0x0000,NONE,0,0,POWER_ON,0,NONE,0,1,ACCEPTED,9,RX_OK,0,0,1,2,PACKET_OK,6,0,0,2,221,1279,1.9516289005874723,seq=221 cloud=1.95% status=0x00,dd 00 ff 04 00 02 00
2026-07-28T11:27:51.315883+00:00,1785238071.315883,-60,10.5,False,True,1,8,True,True,True,True,0x5CEB,0x5CEB,11,False,0,0,False,0,0,,116000,65,,0,STANDBY,30,False,False,True,True,True,True,True,False,True,True,False,False,False,False,False,False,4006,4.006,0,0,,,,,,,,,,,,,95720.0,27.75,0.3,-9.414383999999998,0.2353596,-3.138128,-0.03316125578789226,-0.09250245035569947,-0.029670597283903602,-960,24,-320,-19,-53,-17,3,2775,1,False,False,False,False,False,False,False,False,5,0,0,0,-0.96,0.024,-0.32,1.0122134162319723,-1.9,-5.3,-1.7,1,1,0,1,1,0,0x007F,"GPS, IMU, BARO, CORAL, SD, LORA, EPS_ADC",0x0000,NONE,0,0,POWER_ON,0,NONE,0,1,ACCEPTED,9,RX_OK,0,0,1,2,PACKET_OK,6,0,0,13,221,1279,1.9516289005874723,seq=221 cloud=1.95% status=0x00,dd 00 ff 04 00 0d 00
2026-07-28T11:28:01.605673+00:00,1785238081.605673,-56,12.0,False,True,1,8,True,True,True,True,0x2B4B,0x2B4B,12,False,0,0,False,0,0,,127000,11,,0,STANDBY,30,False,False,True,True,True,True,True,False,True,True,False,False,False,False,False,False,4009,4.009,0,0,,,,,,,,,,,,,95726.0,27.78,-0.2,-9.42419065,-0.4216859499999999,0.6080123,-0.06806784082777885,0.005235987755982988,-0.08552113334772216,-961,-43,62,-39,3,-49,-2,2778,1,False,False,False,False,False,False,False,False,5,0,0,0,-0.961,-0.043,0.062,0.9639574679414025,-3.9,0.3,-4.9,1,1,0,1,1,0,0x007F,"GPS, IMU, BARO, CORAL, SD, LORA, EPS_ADC",0x0000,NONE,0,0,POWER_ON,0,NONE,0,1,ACCEPTED,9,RX_OK,0,0,1,2,PACKET_OK,6,0,0,5,222,1791,2.732890821698329,seq=222 cloud=2.73% status=0x00,de 00 ff 06 00 05 00
2026-07-28T11:28:11.977988+00:00,1785238091.977988,-63,12.5,False,True,1,8,True,True,True,True,0x1E1A,0x1E1A,13,False,0,0,False,0,0,,137000,88,,0,STANDBY,30,False,False,True,True,True,True,True,False,True,True,False,False,False,False,False,False,4009,4.009,0,0,,,,,,,,,,,,,95720.0,27.81,0.3,-9.473223899999999,-1.2552512,0.14709974999999997,-0.038397243543875255,-0.038397243543875255,-0.003490658503988659,-966,-128,15,-22,-22,-2,3,2781,1,False,False,False,False,False,False,False,False,5,0,0,0,-0.966,-0.128,0.015,0.9745588745683864,-2.2,-2.2,-0.2,1,1,0,1,1,0,0x007F,"GPS, IMU, BARO, CORAL, SD, LORA, EPS_ADC",0x0000,NONE,0,0,POWER_ON,0,NONE,0,1,ACCEPTED,9,RX_OK,0,0,1,2,PACKET_OK,6,0,0,16,222,1791,2.732890821698329,seq=222 cloud=2.73% status=0x00,de 00 ff 06 00 10 00
2026-07-28T11:28:22.559318+00:00,1785238102.559318,-56,12.0,False,True,1,8,True,True,True,True,0xAFB4,0xAFB4,14,False,0,0,False,0,0,,148000,35,,0,STANDBY,30,False,False,True,True,True,True,True,False,True,True,False,False,False,False,False,False,4003,4.003,0,0,,,,,,,,,,,,,95725.0,27.84,-0.1,-9.60071035,-0.21574629999999997,0.9610517,0.017453292519943295,0.0645771823237902,-0.03316125578789226,-979,-22,98,10,37,-19,-1,2784,1,False,False,False,False,False,False,False,False,5,0,0,0,-0.979,-0.022,0.098,0.9841387097355738,1.0,3.7,-1.9,1,1,0,1,1,0,0x007F,"GPS, IMU, BARO, CORAL, SD, LORA, EPS_ADC",0x0000,NONE,0,0,POWER_ON,0,NONE,0,1,ACCEPTED,9,RX_OK,0,0,1,2,PACKET_OK,6,0,0,9,223,511,0.7797360189211872,seq=223 cloud=0.78% status=0x00,df 00 ff 01 00 09 00
2026-07-28T11:28:32.986490+00:00,1785238112.98649,-67,12.25,False,True,1,8,True,True,True,True,0xB02B,0xB02B,15,False,0,0,False,0,0,,158000,78,,0,STANDBY,30,False,False,True,True,True,True,True,False,True,True,False,False,False,False,False,False,3996,3.996,0,0,,,,,,,,,,,,,95722.0,27.87,0.1,-9.14960445,-0.8727918499999999,0.18632634999999997,-0.015707963267948967,-0.08203047484373349,0.022689280275926284,-933,-89,19,-9,-47,13,1,2787,1,False,False,False,False,False,False,False,False,5,0,0,0,-0.933,-0.089,0.019,0.9374278638914036,-0.9,-4.7,1.3,1,1,0,1,1,0,0x007F,"GPS, IMU, BARO, CORAL, SD, LORA, EPS_ADC",0x0000,NONE,0,0,POWER_ON,0,NONE,0,1,ACCEPTED,9,RX_OK,0,0,1,2,PACKET_OK,6,0,0,1,224,511,0.7797360189211872,seq=224 cloud=0.78% status=0x00,e0 00 ff 01 00 01 00
2026-07-28T11:28:43.277754+00:00,1785238123.277754,-63,12.25,False,True,1,8,True,True,True,True,0xCBFF,0xCBFF,16,False,0,0,False,0,0,,168000,92,,0,STANDBY,30,False,False,True,True,True,True,True,False,True,True,False,False,False,False,False,False,3996,3.996,0,0,,,,,,,,,,,,,95724.0,27.89,-0.1,-9.6889702,-0.4707192,0.73549875,-0.038397243543875255,-0.054105206811824215,-0.0017453292519943296,-988,-48,75,-22,-31,-1,-1,2789,1,False,False,False,False,False,False,False,False,5,0,0,0,-0.988,-0.048,0.075,0.9920045362799507,-2.2,-3.1,-0.1,1,1,0,1,1,0,0x007F,"GPS, IMU, BARO, CORAL, SD, LORA, EPS_ADC",0x0000,NONE,0,0,POWER_ON,0,NONE,0,1,ACCEPTED,9,RX_OK,0,0,1,2,PACKET_OK,6,0,0,12,224,511,0.7797360189211872,seq=224 cloud=0.78% status=0x00,e0 00 ff 01 00 0c 00
2026-07-28T11:28:53.583601+00:00,1785238133.583601,-59,12.0,False,True,1,8,True,True,True,True,0xB2B9,0xB2B9,17,False,0,0,False,0,0,,179000,72,,0,STANDBY,30,False,False,True,True,True,True,True,False,True,True,False,False,False,False,False,False,3996,3.996,0,0,,,,,,,,,,,,,95724.0,27.92,-0.1,-9.7674234,-0.00980665,0.25497289999999995,0.005235987755982988,0.21118483949131386,-0.059341194567807204,-996,-1,26,3,121,-34,-1,2792,1,False,False,False,False,False,False,False,False,5,0,0,0,-0.996,-0.001,0.026,0.9963398014733729,0.3,12.1,-3.4,1,1,0,1,1,0,0x007F,"GPS, IMU, BARO, CORAL, SD, LORA, EPS_ADC",0x0000,NONE,0,0,POWER_ON,0,NONE,0,1,ACCEPTED,9,RX_OK,0,0,1,2,PACKET_OK,6,0,0,4,225,255,0.38910505836575876,seq=225 cloud=0.39% status=0x00,e1 00 ff 00 00 04 00
2026-07-28T11:29:03.878174+00:00,1785238143.878174,-67,12.25,False,True,1,8,True,True,True,True,0xE5FB,0xE5FB,18,False,0,0,False,0,0,,189000,89,,0,STANDBY,30,False,False,True,True,True,True,True,False,True,True,False,False,False,False,False,False,3993,3.993,0,0,,,,,,,,,,,,,95728.0,27.95,-0.4,-9.6301303,-0.0980665,0.7256921,0.005235987755982988,-0.13439035240356337,0.017453292519943295,-982,-10,74,3,-77,10,-4,2795,1,False,False,False,False,False,False,False,False,5,0,0,0,-0.982,-0.01,0.074,0.9848350115628506,0.3,-7.7,1.0,1,1,0,1,1,0,0x007F,"GPS, IMU, BARO, CORAL, SD, LORA, EPS_ADC",0x0000,NONE,0,0,POWER_ON,0,NONE,0,1,ACCEPTED,9,RX_OK,0,0,1,2,PACKET_OK,6,0,0,15,225,255,0.38910505836575876,seq=225 cloud=0.39% status=0x00,e1 00 ff 00 00 0f 00
2026-07-28T11:29:14.194789+00:00,1785238154.194789,-57,12.0,False,True,1,8,True,True,True,True,0xA27D,0xA27D,19,False,0,0,False,0,0,,199000,39,,0,STANDBY,30,False,False,True,True,True,True,True,False,True,True,False,False,False,False,False,False,4006,4.006,0,0,,,,,,,,,,,,,95727.0,27.98,-0.2,-2.3143694,-0.0588399,-10.198916,-0.013962634015954637,0.07679448708775051,0.08203047484373349,-236,-6,-1040,-8,44,47,-2,2798,1,False,False,False,False,False,False,False,False,5,0,0,0,-0.236,-0.006,-1.04,1.0664576878620173,-0.8,4.4,4.7,1,1,0,1,1,0,0x007F,"GPS, IMU, BARO, CORAL, SD, LORA, EPS_ADC",0x0000,NONE,0,0,POWER_ON,0,NONE,0,1,ACCEPTED,9,RX_OK,0,0,1,2,PACKET_OK,6,0,0,7,226,511,0.7797360189211872,seq=226 cloud=0.78% status=0x00,e2 00 ff 01 00 07 00
2026-07-28T11:29:24.488259+00:00,1785238164.488259,-62,12.25,False,True,1,8,True,True,True,True,0xDEC7,0xDEC7,20,False,0,0,False,0,0,,210000,79,,0,STANDBY,30,False,False,True,True,True,True,True,False,True,True,False,False,False,False,False,False,4003,4.003,0,0,,,,,,,,,,,,,95724.0,28.0,0.1,-0.9414384,1.5886772999999998,-8.8848249,-0.7993607974134029,-1.0402162341886205,-0.582939970166106,-96,162,-906,-458,-596,-334,1,2800,1,False,False,False,False,False,False,False,False,5,0,0,0,-0.096,0.162,-0.906,0.9253626316207069,-45.8,-59.6,-33.4,1,1,0,1,1,0,0x007F,"GPS, IMU, BARO, CORAL, SD, LORA, EPS_ADC",0x0000,NONE,0,0,POWER_ON,0,NONE,0,1,ACCEPTED,9,RX_OK,0,0,1,2,PACKET_OK,6,0,0,0,227,2047,3.1235217822537575,seq=227 cloud=3.12% status=0x00,e3 00 ff 07 00 00 00
2026-07-28T11:29:34.772207+00:00,1785238174.772207,-70,12.25,False,True,1,8,True,True,True,True,0x4EA1,0x4EA1,21,False,0,0,False,0,0,,220000,65,,0,STANDBY,30,False,False,True,True,True,True,True,False,True,True,False,False,False,False,False,False,3996,3.996,0,0,,,,,,,,,,,,,95725.0,28.02,-0.1,-4.834678449999999,0.9610517,-7.3157609,-0.8098327729253689,0.9686577348568529,0.1361356816555577,-493,98,-746,-464,555,78,-1,2802,1,False,False,False,False,False,False,False,False,5,0,0,0,-0.493,0.098,-0.746,0.8995382148636043,-46.4,55.5,7.8,1,1,0,1,1,0,0x007F,"GPS, IMU, BARO, CORAL, SD, LORA, EPS_ADC",0x0000,NONE,0,0,POWER_ON,0,NONE,0,1,ACCEPTED,9,RX_OK,0,0,1,2,PACKET_OK,6,0,0,10,227,2047,3.1235217822537575,seq=227 cloud=3.12% status=0x00,e3 00 ff 07 00 0a 00
2026-07-28T11:29:45.071290+00:00,1785238185.07129,-67,12.5,False,True,1,8,True,True,True,True,0xD4A2,0xD4A2,22,False,0,0,False,0,0,,230000,81,,0,STANDBY,30,False,False,True,True,True,True,True,False,True,True,False,False,False,False,False,False,3996,3.996,0,0,,,,,,,,,,,,,95726.0,28.04,-0.2,-10.5323421,1.1866046499999998,3.1087080499999997,-0.0715584993317675,0.23736477827122882,0.2181661564992912,-1074,121,317,-41,136,125,-2,2804,1,False,False,False,False,False,False,False,False,5,0,0,0,-1.074,0.121,0.317,1.1263241096593823,-4.1,13.6,12.5,1,1,0,1,1,0,0x007F,"GPS, IMU, BARO, CORAL, SD, LORA, EPS_ADC",0x0000,NONE,0,0,POWER_ON,0,NONE,0,1,ACCEPTED,9,RX_OK,0,0,1,2,PACKET_OK,6,0,0,3,228,2559,3.9047837033646142,seq=228 cloud=3.90% status=0x00,e4 00 ff 09 00 03 00
2026-07-28T11:29:55.374546+00:00,1785238195.374546,-67,12.0,False,True,1,8,True,True,True,True,0xD7EB,0xD7EB,23,False,0,0,False,0,0,,240000,13,,0,STANDBY,30,False,False,True,True,True,True,True,False,True,True,False,False,False,False,False,False,3984,3.984,0,0,,,,,,,,,,,,,95723.0,28.05,0.0,-5.6290170999999996,-2.4320492,6.59987545,0.3700098014227979,0.22514747350726852,-0.35779249665883756,-574,-248,673,212,129,-205,0,2805,1,False,False,False,False,False,False,False,False,5,0,0,0,-0.574,-0.248,0.673,0.9186451981042518,21.2,12.9,-20.5,1,1,0,1,1,0,0x007F,"GPS, IMU, BARO, CORAL, SD, LORA, EPS_ADC",0x0000,NONE,0,0,POWER_ON,0,NONE,0,1,ACCEPTED,9,RX_OK,0,0,1,2,PACKET_OK,6,0,0,14,228,2559,3.9047837033646142,seq=228 cloud=3.90% status=0x00,e4 00 ff 09 00 0e 00
2026-07-28T11:30:05.712350+00:00,1785238205.71235,-76,11.5,False,True,1,8,True,True,True,True,0x9203,0x9203,24,False,0,0,False,0,0,,251000,80,,0,STANDBY,30,False,False,True,True,True,True,True,False,True,True,False,False,False,False,False,False,4000,4.0,0,0,,,,,,,,,,,,,95724.0,28.07,0.0,-4.020726499999999,-0.48052585,8.149326149999998,-0.048869219055841226,0.15358897417550102,0.158824961931484,-410,-49,831,-28,88,91,0,2807,1,False,False,False,False,False,False,False,False,5,0,0,0,-0.41,-0.049,0.831,0.9279342649131995,-2.8,8.8,9.1,1,1,0,1,1,0,0x007F,"GPS, IMU, BARO, CORAL, SD, LORA, EPS_ADC",0x0000,NONE,0,0,POWER_ON,0,NONE,0,1,ACCEPTED,9,RX_OK,0,0,1,2,PACKET_OK,6,0,0,7,229,6399,9.764248111696041,seq=229 cloud=9.76% status=0x00,e5 00 ff 18 00 07 00
2026-07-28T11:30:15.989161+00:00,1785238215.989161,-63,12.5,False,True,1,8,True,True,True,True,0x911B,0x911B,25,False,0,0,False,0,0,,261000,79,,0,STANDBY,30,False,False,True,True,True,True,True,False,True,True,False,False,False,False,False,False,4003,4.003,0,0,,,,,,,,,,,,,95724.0,28.09,0.0,-3.6480737999999997,-1.8436502,8.6886919,0.5375614096142535,0.11344640137963143,-0.3420845333908886,-372,-188,886,308,65,-196,0,2809,1,False,False,False,False,False,False,False,False,5,0,0,0,-0.372,-0.188,0.886,0.9791445245723432,30.8,6.5,-19.6,1,1,0,1,1,0,0x007F,"GPS, IMU, BARO, CORAL, SD, LORA, EPS_ADC",0x0000,NONE,0,0,POWER_ON,0,NONE,0,1,ACCEPTED,9,RX_OK,0,0,1,2,PACKET_OK,6,0,0,0,230,0,0.0,seq=230 cloud=0.00% status=0x00,e6 00 00 00 00 00 00
2026-07-28T11:30:26.283505+00:00,1785238226.283505,-61,12.25,False,True,1,8,True,True,True,True,0x3AD1,0x3AD1,26,False,0,0,False,0,0,,271000,54,,0,STANDBY,30,False,False,True,True,True,True,True,False,True,True,False,False,False,False,False,False,3996,3.996,0,0,,,,,,,,,,,,,95728.0,28.11,-0.3,-3.63826715,0.02941995,8.91424485,-0.10122909661567112,-0.06806784082777885,0.12566370614359174,-371,3,909,-58,-39,72,-3,2811,1,False,False,False,False,False,False,False,False,5,0,0,0,-0.371,0.003,0.909,0.9817998777755068,-5.8,-3.9,7.2,1,1,0,1,1,0,0x007F,"GPS, IMU, BARO, CORAL, SD, LORA, EPS_ADC",0x0000,NONE,0,0,POWER_ON,0,NONE,0,1,ACCEPTED,9,RX_OK,0,0,1,2,PACKET_OK,6,0,0,10,230,0,0.0,seq=230 cloud=0.00% status=0x00,e6 00 00 00 00 0a 00
2026-07-28T11:30:36.592405+00:00,1785238236.592405,-67,12.0,False,True,1,8,True,True,True,True,0xBD48,0xBD48,27,False,0,0,False,0,0,,282000,81,,0,STANDBY,30,False,False,True,True,True,True,True,False,True,True,False,False,False,False,False,False,3996,3.996,0,0,,,,,,,,,,,,,95726.0,28.13,-0.1,-4.314926,-0.9610517,7.8257067,0.11693705988362008,0.04014257279586958,0.26878070480712674,-440,-98,798,67,23,154,-1,2813,1,False,False,False,False,False,False,False,False,5,0,0,0,-0.44,-0.098,0.798,0.9165195033385815,6.7,2.3,15.4,1,1,0,1,1,0,0x007F,"GPS, IMU, BARO, CORAL, SD, LORA, EPS_ADC",0x0000,NONE,0,0,POWER_ON,0,NONE,0,1,ACCEPTED,9,RX_OK,0,0,1,2,PACKET_OK,6,0,0,3,231,0,0.0,seq=231 cloud=0.00% status=0x00,e7 00 00 00 00 03 00
2026-07-28T11:30:46.899447+00:00,1785238246.899447,-69,12.0,False,True,1,8,True,True,True,True,0x4C82,0x4C82,28,False,0,0,False,0,0,,292000,33,,0,STANDBY,30,False,False,True,True,True,True,True,False,True,True,False,False,False,False,False,False,3996,3.996,0,0,,,,,,,,,,,,,95725.0,28.16,0.1,-1.99074995,-2.2163029,9.2770909,0.2181661564992912,0.015707963267948967,-0.21467549799530256,-203,-226,946,125,9,-123,1,2816,1,False,False,False,False,False,False,False,False,5,0,0,0,-0.203,-0.226,0.946,0.9935798911008616,12.5,0.9,-12.3,1,1,0,1,1,0,0x007F,"GPS, IMU, BARO, CORAL, SD, LORA, EPS_ADC",0x0000,NONE,0,0,POWER_ON,0,NONE,0,1,ACCEPTED,9,RX_OK,0,0,1,2,PACKET_OK,6,0,0,14,231,0,0.0,seq=231 cloud=0.00% status=0x00,e7 00 00 00 00 0e 00
2026-07-28T11:30:57.194503+00:00,1785238257.194503,-72,12.25,False,True,1,8,True,True,True,True,0x7662,0x7662,29,False,0,0,False,0,0,,302000,84,,0,STANDBY,30,False,False,True,True,True,True,True,False,True,True,False,False,False,False,False,False,4003,4.003,0,0,,,,,,,,,,,,,95726.0,28.19,0.1,-3.87362675,-0.48052585,8.73772515,0.008726646259971648,0.20245819323134223,-0.11519173063162574,-395,-49,891,5,116,-66,1,2819,1,False,False,False,False,False,False,False,False,5,0,0,0,-0.395,-0.049,0.891,0.9758621828926459,0.5,11.6,-6.6,1,1,0,1,1,0,0x007F,"GPS, IMU, BARO, CORAL, SD, LORA, EPS_ADC",0x0000,NONE,0,0,POWER_ON,0,NONE,0,1,ACCEPTED,9,RX_OK,0,0,1,2,PACKET_OK,6,0,0,7,232,255,0.38910505836575876,seq=232 cloud=0.39% status=0x00,e8 00 ff 00 00 07 00
2026-07-28T11:31:07.481097+00:00,1785238267.481097,-79,12.0,False,True,1,8,True,True,True,True,0xCA83,0xCA83,30,False,0,0,False,0,0,,313000,61,,0,STANDBY,30,False,False,True,True,True,True,True,False,True,True,False,False,False,False,False,False,4009,4.009,0,0,,,,,,,,,,,,,95725.0,28.23,0.2,-4.0403398,0.2353596,8.845598299999999,0.5183627878423158,0.7504915783575618,-0.24085543677521748,-412,24,902,297,430,-138,2,2823,1,False,False,False,False,False,False,False,False,5,0,0,0,-0.412,0.024,0.902,0.991929432973939,29.7,43.0,-13.8,1,1,0,1,1,0,0x007F,"GPS, IMU, BARO, CORAL, SD, LORA, EPS_ADC",0x0000,NONE,0,0,POWER_ON,0,NONE,0,1,ACCEPTED,9,RX_OK,0,0,1,2,PACKET_OK,6,0,0,0,233,2559,3.9047837033646142,seq=233 cloud=3.90% status=0x00,e9 00 ff 09 00 00 00
2026-07-28T11:31:17.787673+00:00,1785238277.787673,-76,11.5,False,True,1,8,True,True,True,True,0x2135,0x2135,31,False,0,0,False,0,0,,323000,91,,0,STANDBY,30,False,False,True,True,True,True,True,False,True,True,False,False,False,False,False,False,4003,4.003,0,0,,,,,,,,,,,,,95727.0,28.28,0.0,-8.56120545,-3.7853669,-0.6864655000000001,0.5934119456780721,-0.4310963252425994,-0.14835298641951802,-873,-386,-70,340,-247,-85,0,2828,1,False,False,False,False,False,False,False,False,5,0,0,0,-0.873,-0.386,-0.07,0.9570919496056792,34.0,-24.7,-8.5,1,1,0,1,1,0,0x007F,"GPS, IMU, BARO, CORAL, SD, LORA, EPS_ADC",0x0000,NONE,0,0,POWER_ON,0,NONE,0,1,ACCEPTED,9,RX_OK,0,0,1,2,PACKET_OK,6,0,0,10,233,2559,3.9047837033646142,seq=233 cloud=3.90% status=0x00,e9 00 ff 09 00 0a 00
2026-07-28T11:31:28.080369+00:00,1785238288.080369,-72,12.25,False,True,1,8,True,True,True,True,0xB89B,0xB89B,32,False,0,0,False,0,0,,333000,52,,0,STANDBY,30,False,False,True,True,True,True,True,False,True,True,False,False,False,False,False,False,4006,4.006,0,0,,,,,,,,,,,,,95718.0,28.33,0.5,-2.3339827,1.2944778,8.9632781,-0.05759586531581287,0.41538836197465046,-0.26878070480712674,-238,132,914,-33,238,-154,5,2833,1,False,False,False,False,False,False,False,False,5,0,0,0,-0.238,0.132,0.914,0.9536582196992799,-3.3,23.8,-15.4,1,1,0,1,1,0,0x007F,"GPS, IMU, BARO, CORAL, SD, LORA, EPS_ADC",0x0000,NONE,0,0,POWER_ON,0,NONE,0,1,ACCEPTED,9,RX_OK,0,0,1,2,PACKET_OK,6,0,0,3,234,2559,3.9047837033646142,seq=234 cloud=3.90% status=0x00,ea 00 ff 09 00 03 00
2026-07-28T11:31:38.384514+00:00,1785238298.384514,-72,12.25,False,True,1,8,True,True,True,True,0xA637,0xA637,33,False,0,0,False,0,0,,343000,35,,0,STANDBY,30,False,False,True,True,True,True,True,False,True,True,False,False,False,False,False,False,4006,4.006,0,0,,,,,,,,,,,,,95718.0,28.38,0.2,-9.473223899999999,-0.26477955,1.0591182,0.08028514559173916,-0.16406094968746698,0.024434609527920613,-966,-27,108,46,-94,14,2,2838,1,False,False,False,False,False,False,False,False,5,0,0,0,-0.966,-0.027,0.108,0.9723934388918921,4.6,-9.4,1.4,1,1,0,1,1,0,0x007F,"GPS, IMU, BARO, CORAL, SD, LORA, EPS_ADC",0x0000,NONE,0,0,POWER_ON,0,NONE,0,1,ACCEPTED,9,RX_OK,0,0,1,2,PACKET_OK,6,0,0,14,234,2559,3.9047837033646142,seq=234 cloud=3.90% status=0x00,ea 00 ff 09 00 0e 00
2026-07-28T11:31:48.663311+00:00,1785238308.663311,-71,12.25,False,True,1,8,True,True,True,True,0x5788,0x5788,34,False,0,0,False,0,0,,354000,76,,0,STANDBY,30,False,False,True,True,True,True,True,False,True,True,False,False,False,False,False,False,4003,4.003,0,0,,,,,,,,,,,,,95716.0,28.43,0.2,-8.306232549999999,-1.12776475,4.5993188499999995,0.19896753472735357,-0.09773843811168245,-0.36477381366681483,-847,-115,469,114,-56,-209,2,2843,1,False,False,False,False,False,False,False,False,5,0,0,0,-0.847,-0.115,0.469,0.9749846152632358,11.4,-5.6,-20.9,1,1,0,1,1,0,0x007F,"GPS, IMU, BARO, CORAL, SD, LORA, EPS_ADC",0x0000,NONE,0,0,POWER_ON,0,NONE,0,1,ACCEPTED,9,RX_OK,0,0,1,2,PACKET_OK,6,0,0,1,235,255,0.38910505836575876,seq=235 cloud=0.39% status=0x00,eb 00 ff 00 00 01 00
2026-07-28T11:31:58.964097+00:00,1785238318.964097,-75,11.75,False,True,1,8,True,True,True,True,0xC38A,0xC38A,35,False,0,0,False,0,0,,364000,66,,0,STANDBY,30,False,False,True,True,True,True,True,False,True,True,False,False,False,False,False,False,3993,3.993,0,0,,,,,,,,,,,,,95730.0,28.48,-0.6,-5.874183349999999,0.784532,6.962721499999999,-0.026179938779914945,0.06632251157578452,-0.19896753472735357,-599,80,710,-15,38,-114,-6,2848,1,False,False,False,False,False,False,False,False,5,0,0,0,-0.599,0.08,0.71,0.932363126684019,-1.5,3.8,-11.4,1,1,0,1,1,0,0x007F,"GPS, IMU, BARO, CORAL, SD, LORA, EPS_ADC",0x0000,NONE,0,0,POWER_ON,0,NONE,0,1,ACCEPTED,9,RX_OK,0,0,1,2,PACKET_OK,6,0,0,11,235,255,0.38910505836575876,seq=235 cloud=0.39% status=0x00,eb 00 ff 00 00 0b 00
2026-07-28T11:32:09.260334+00:00,1785238329.260334,-72,12.5,False,True,1,8,True,True,True,True,0xE4E5,0xE4E5,36,False,0,0,False,0,0,,374000,64,,0,STANDBY,30,False,False,True,True,True,True,True,False,True,True,False,False,False,False,False,False,3996,3.996,0,0,,,,,,,,,,,,,95726.0,28.53,-0.2,-7.87473995,1.55925735,4.93274495,0.006981317007977318,-0.010471975511965976,-0.03316125578789226,-803,159,503,4,-6,-19,-2,2853,1,False,False,False,False,False,False,False,False,5,0,0,0,-0.803,0.159,0.503,0.9607804119568634,0.4,-0.6,-1.9,1,1,0,1,1,0,0x007F,"GPS, IMU, BARO, CORAL, SD, LORA, EPS_ADC",0x0000,NONE,0,0,POWER_ON,0,NONE,0,1,ACCEPTED,9,RX_OK,0,0,1,2,PACKET_OK,6,0,0,4,236,767,1.1703669794766156,seq=236 cloud=1.17% status=0x00,ec 00 ff 02 00 04 00
2026-07-28T11:32:19.566970+00:00,1785238339.56697,-77,11.5,False,True,1,8,True,True,True,True,0xB048,0xB048,37,False,0,0,False,0,0,,385000,13,,0,STANDBY,30,False,False,True,True,True,True,True,False,True,True,False,False,False,False,False,False,4009,4.009,0,0,,,,,,,,,,,,,95727.0,28.57,-0.2,-3.4911673999999997,-1.5886772999999998,7.14904785,-0.0645771823237902,0.09250245035569947,0.6318091892219474,-356,-162,729,-37,53,362,-2,2857,1,False,False,False,False,False,False,False,False,5,0,0,0,-0.356,-0.162,0.729,0.8272974072242701,-3.7,5.3,36.2,1,1,0,1,1,0,0x007F,"GPS, IMU, BARO, CORAL, SD, LORA, EPS_ADC",0x0000,NONE,0,0,POWER_ON,0,NONE,0,1,ACCEPTED,9,RX_OK,0,0,1,2,PACKET_OK,6,0,0,15,236,767,1.1703669794766156,seq=236 cloud=1.17% status=0x00,ec 00 ff 02 00 0f 00
2026-07-28T11:32:30.138318+00:00,1785238350.138318,-71,10.5,False,True,1,8,True,True,True,True,0x509E,0x509E,38,False,0,0,False,0,0,,395000,50,,0,STANDBY,30,False,False,True,True,True,True,True,False,True,True,False,False,False,False,False,False,3996,3.996,0,0,,,,,,,,,,,,,95726.0,28.62,-0.1,-6.44296905,2.38301595,9.845876599999999,0.1117010721276371,-0.012217304763960306,0.2181661564992912,-657,243,1004,64,-7,125,-1,2862,1,False,False,False,False,False,False,False,False,5,0,0,0,-0.657,0.243,1.004,1.2242197515152253,6.4,-0.7,12.5,1,1,0,1,1,0,0x007F,"GPS, IMU, BARO, CORAL, SD, LORA, EPS_ADC",0x0000,NONE,0,0,POWER_ON,0,NONE,0,1,ACCEPTED,9,RX_OK,0,0,1,2,PACKET_OK,6,0,0,8,237,1023,1.560997940032044,seq=237 cloud=1.56% status=0x00,ed 00 ff 03 00 08 00
2026-07-28T11:32:40.525611+00:00,1785238360.525611,-63,12.0,False,True,1,8,True,True,True,True,0x1CD4,0x1CD4,39,False,0,0,False,0,0,,406000,11,,0,STANDBY,30,False,False,True,True,True,True,True,False,True,True,False,False,False,False,False,False,3996,3.996,0,0,,,,,,,,,,,,,95725.0,28.67,0.0,-3.32445435,0.9512450499999999,5.89379665,-0.5881759579220891,0.4363323129985824,0.11519173063162574,-339,97,601,-337,250,66,0,2867,1,False,False,False,False,False,False,False,False,5,0,0,0,-0.339,0.097,0.601,0.6968005453499588,-33.7,25.0,6.6,1,1,0,1,1,0,0x007F,"GPS, IMU, BARO, CORAL, SD, LORA, EPS_ADC",0x0000,NONE,0,0,POWER_ON,0,NONE,0,1,ACCEPTED,9,RX_OK,0,0,1,2,PACKET_OK,6,0,0,1,238,767,1.1703669794766156,seq=238 cloud=1.17% status=0x00,ee 00 ff 02 00 01 00
2026-07-28T11:32:51.072858+00:00,1785238371.072858,-59,12.0,False,True,1,8,True,True,True,True,0xB11C,0xB11C,40,False,0,0,False,0,0,,416000,23,,0,STANDBY,30,False,False,True,True,True,True,True,False,True,True,False,False,False,False,False,False,3996,3.996,0,0,,,,,,,,,,,,,95721.0,28.73,0.2,-5.5407572499999995,-2.8145085499999998,3.65788045,0.13788101090755203,-0.33510321638291124,-0.13788101090755203,-565,-287,373,79,-192,-79,2,2873,1,False,False,False,False,False,False,False,False,5,0,0,0,-0.565,-0.287,0.373,0.735338697472124,7.9,-19.2,-7.9,1,1,0,1,1,0,0x007F,"GPS, IMU, BARO, CORAL, SD, LORA, EPS_ADC",0x0000,NONE,0,0,POWER_ON,0,NONE,0,1,ACCEPTED,9,RX_OK,0,0,1,2,PACKET_OK,6,0,0,12,238,767,1.1703669794766156,seq=238 cloud=1.17% status=0x00,ee 00 ff 02 00 0c 00
2026-07-28T11:33:01.645645+00:00,1785238381.645645,-61,12.25,False,True,1,8,True,True,True,True,0xF04A,0xF04A,41,False,0,0,False,0,0,,427000,81,,0,STANDBY,30,False,False,True,True,True,True,True,False,True,True,False,False,False,False,False,False,3993,3.993,0,0,,,,,,,,,,,,,95722.0,28.78,0.0,-9.1594111,0.14709974999999997,2.7066354,-0.2565634000431664,-0.3700098014227979,-0.36826447217080355,-934,15,276,-147,-212,-211,0,2878,1,False,False,False,False,False,False,False,False,5,0,0,0,-0.934,0.015,0.276,0.9740415802212964,-14.7,-21.2,-21.1,1,1,0,1,1,0,0x007F,"GPS, IMU, BARO, CORAL, SD, LORA, EPS_ADC",0x0000,NONE,0,0,POWER_ON,0,NONE,0,1,ACCEPTED,9,RX_OK,0,0,1,2,PACKET_OK,6,0,0,5,239,3583,5.467307545586328,seq=239 cloud=5.47% status=0x00,ef 00 ff 0d 00 05 00
2026-07-28T11:33:11.944455+00:00,1785238391.944455,-55,11.25,False,True,1,8,True,True,True,True,0x144A,0x144A,42,False,0,0,False,0,0,,437000,25,,0,STANDBY,30,False,False,True,True,True,True,True,False,True,True,False,False,False,False,False,False,4003,4.003,0,0,,,,,,,,,,,,,95725.0,28.84,-0.2,-6.0801229999999995,-0.1569064,8.414105699999999,-0.21118483949131386,-0.2897246558310587,0.2234021442552742,-620,-16,858,-121,-166,128,-2,2884,1,False,False,False,False,False,False,False,False,5,0,0,0,-0.62,-0.016,0.858,1.0586878671260949,-12.1,-16.6,12.8,1,1,0,1,1,0,0x007F,"GPS, IMU, BARO, CORAL, SD, LORA, EPS_ADC",0x0000,NONE,0,0,POWER_ON,0,NONE,0,1,ACCEPTED,9,RX_OK,0,0,1,2,PACKET_OK,6,0,0,16,239,3583,5.467307545586328,seq=239 cloud=5.47% status=0x00,ef 00 ff 0d 00 10 00
2026-07-28T11:33:22.233106+00:00,1785238402.233106,-66,9.25,False,True,1,8,True,True,True,True,0xB881,0xB881,43,False,0,0,False,0,0,,447000,85,,0,STANDBY,30,False,False,True,True,True,True,True,False,True,True,False,False,False,False,False,False,4000,4.0,0,0,,,,,,,,,,,,,95715.0,28.9,0.6,-8.85540495,-3.16754795,-1.4415775499999999,0.143116998663535,-0.2007128639793479,-0.143116998663535,-903,-323,-147,82,-115,-82,6,2890,1,False,False,False,False,False,False,False,False,5,0,0,0,-0.903,-0.323,-0.147,0.970230385011725,8.2,-11.5,-8.2,1,1,0,1,1,0,0x007F,"GPS, IMU, BARO, CORAL, SD, LORA, EPS_ADC",0x0000,NONE,0,0,POWER_ON,0,NONE,0,1,ACCEPTED,9,RX_OK,0,0,1,2,PACKET_OK,6,0,0,9,240,1279,1.9516289005874723,seq=240 cloud=1.95% status=0x00,f0 00 ff 04 00 09 00
2026-07-28T11:33:32.534119+00:00,1785238412.534119,-64,12.0,False,True,1,8,True,True,True,True,0x6B41,0x6B41,44,False,0,0,False,0,0,,458000,57,,0,STANDBY,30,False,False,True,True,True,True,True,False,True,True,False,False,False,False,False,False,3996,3.996,0,0,,,,,,,,,,,,,95723.0,28.97,-0.2,-2.9616082999999995,-6.56064885,2.9812215999999996,0.31066860685499065,-0.7208209810736581,-0.048869219055841226,-302,-669,304,178,-413,-28,-2,2897,1,False,False,False,False,False,False,False,False,5,0,0,0,-0.302,-0.669,0.304,0.7944690050593541,17.8,-41.3,-2.8,1,1,0,1,1,0,0x007F,"GPS, IMU, BARO, CORAL, SD, LORA, EPS_ADC",0x0000,NONE,0,0,POWER_ON,0,NONE,0,1,ACCEPTED,9,RX_OK,0,0,1,2,PACKET_OK,6,0,0,2,241,2303,3.514152742809186,seq=241 cloud=3.51% status=0x00,f1 00 ff 08 00 02 00
2026-07-28T11:33:42.841117+00:00,1785238422.841117,-71,12.0,False,True,1,8,True,True,True,True,0xBCBC,0xBCBC,45,False,0,0,False,0,0,,468000,53,,0,STANDBY,30,False,False,True,True,True,True,True,False,True,True,False,False,False,False,False,False,3987,3.987,0,0,,,,,,,,,,,,,95724.0,29.03,-0.3,-9.022118,-1.8632635,-0.6962721499999999,0.41015237421866746,0.2583087292951608,0.5305800926062761,-920,-190,-71,235,148,304,-3,2903,1,False,False,False,False,False,False,False,False,5,0,0,0,-0.92,-0.19,-0.071,0.9420939443601153,23.5,14.8,30.4,1,1,0,1,1,0,0x007F,"GPS, IMU, BARO, CORAL, SD, LORA, EPS_ADC",0x0000,NONE,0,0,POWER_ON,0,NONE,0,1,ACCEPTED,9,RX_OK,0,0,1,2,PACKET_OK,6,0,0,12,241,2303,3.514152742809186,seq=241 cloud=3.51% status=0x00,f1 00 ff 08 00 0c 00
2026-07-28T11:33:53.137386+00:00,1785238433.137386,-79,12.75,False,True,1,8,True,True,True,True,0x4D9D,0x4D9D,46,False,0,0,False,0,0,,478000,79,,0,STANDBY,30,False,False,True,True,True,True,True,False,True,True,False,False,False,False,False,False,3996,3.996,0,0,,,,,,,,,,,,,95725.0,29.09,-0.1,-7.4138274,-4.314926,5.1190713,0.1308996938995747,0.031415926535897934,0.21991148575128552,-756,-440,522,75,18,126,-1,2909,1,False,False,False,False,False,False,False,False,5,0,0,0,-0.756,-0.44,0.522,1.0186363433532106,7.5,1.8,12.6,1,1,0,1,1,0,0x007F,"GPS, IMU, BARO, CORAL, SD, LORA, EPS_ADC",0x0000,NONE,0,0,POWER_ON,0,NONE,0,1,ACCEPTED,9,RX_OK,0,0,1,2,PACKET_OK,6,0,0,5,242,0,0.0,seq=242 cloud=0.00% status=0x00,f2 00 00 00 00 05 00
2026-07-28T11:34:03.433879+00:00,1785238443.433879,-85,11.5,False,True,1,8,True,True,True,True,0x60D7,0x60D7,47,False,0,0,False,0,0,,488000,33,,0,STANDBY,30,False,False,True,True,True,True,True,False,True,True,False,False,False,False,False,False,3993,3.993,0,0,,,,,,,,,,,,,95727.0,29.14,-0.2,-8.6886919,-3.3538743,4.8444851,-0.23736477827122882,-0.031415926535897934,-0.026179938779914945,-886,-342,494,-136,-18,-15,-2,2914,1,False,False,False,False,False,False,False,False,5,0,0,0,-0.886,-0.342,0.494,1.0705120270225832,-13.6,-1.8,-1.5,1,1,0,1,1,0,0x007F,"GPS, IMU, BARO, CORAL, SD, LORA, EPS_ADC",0x0000,NONE,0,0,POWER_ON,0,NONE,0,1,ACCEPTED,9,RX_OK,0,0,1,2,PACKET_OK,6,0,0,15,242,0,0.0,seq=242 cloud=0.00% status=0x00,f2 00 00 00 00 0f 00
2026-07-28T11:34:13.732299+00:00,1785238453.732299,-88,12.0,False,True,1,8,True,True,True,True,0x0745,0x0745,48,False,0,0,False,0,0,,499000,98,,0,STANDBY,30,False,False,True,True,True,True,True,False,True,True,False,False,False,False,False,False,4006,4.006,0,0,,,,,,,,,,,,,95734.0,29.19,-0.3,-9.54187045,-0.73549875,1.16699135,-0.015707963267948967,0.003490658503988659,-0.019198621771937627,-973,-75,119,-9,2,-11,-3,2919,1,False,False,False,False,False,False,False,False,5,0,0,0,-0.973,-0.075,0.119,0.9831149475010539,-0.9,0.2,-1.1,1,1,0,1,1,0,0x007F,"GPS, IMU, BARO, CORAL, SD, LORA, EPS_ADC",0x0000,NONE,0,0,POWER_ON,0,NONE,0,1,ACCEPTED,9,RX_OK,0,0,1,2,PACKET_OK,6,0,0,8,243,18687,28.514534218356605,seq=243 cloud=28.51% status=0x00,f3 00 ff 48 00 08 00
2026-07-28T11:34:24.031830+00:00,1785238464.03183,-89,12.0,False,True,1,8,True,True,True,True,0xB40C,0xB40C,49,False,0,0,False,0,0,,509000,97,,0,STANDBY,30,False,False,True,True,True,True,True,False,True,True,False,False,False,False,False,False,3987,3.987,0,0,,,,,,,,,,,,,95737.0,29.24,-0.3,-9.5320638,-0.7551120499999999,1.08853815,-0.019198621771937627,0.006981317007977318,-0.017453292519943295,-972,-77,111,-11,4,-10,-3,2924,1,False,False,False,False,False,False,False,False,5,0,0,0,-0.972,-0.077,0.111,0.9813429573803442,-1.1,0.4,-1.0,1,1,0,1,1,0,0x007F,"GPS, IMU, BARO, CORAL, SD, LORA, EPS_ADC",0x0000,NONE,0,0,POWER_ON,0,NONE,0,1,ACCEPTED,9,RX_OK,0,0,1,2,PACKET_OK,6,0,0,2,244,255,0.38910505836575876,seq=244 cloud=0.39% status=0x00,f4 00 ff 00 00 02 00
2026-07-28T11:34:34.338449+00:00,1785238474.338449,-88,12.25,False,True,1,8,True,True,True,True,0xE36F,0xE36F,50,False,0,0,False,0,0,,519000,27,,0,STANDBY,30,False,False,True,True,True,True,True,False,True,True,False,False,False,False,False,False,3984,3.984,0,0,,,,,,,,,,,,,95738.0,29.29,-0.3,-9.5124505,-0.784532,0.99047165,-0.020943951023931952,0.003490658503988659,-0.020943951023931952,-970,-80,101,-12,2,-12,-3,2929,1,False,False,False,False,False,False,False,False,5,0,0,0,-0.97,-0.08,0.101,0.9785198005150432,-1.2,0.2,-1.2,1,1,0,1,1,0,0x007F,"GPS, IMU, BARO, CORAL, SD, LORA, EPS_ADC",0x0000,NONE,0,0,POWER_ON,0,NONE,0,1,ACCEPTED,9,RX_OK,0,0,1,2,PACKET_OK,6,0,0,12,244,255,0.38910505836575876,seq=244 cloud=0.39% status=0x00,f4 00 ff 00 00 0c 00
2026-07-28T11:34:44.635839+00:00,1785238484.635839,-96,11.25,False,True,1,8,True,True,True,True,0x69AC,0x69AC,51,False,0,0,False,0,0,,530000,48,,0,STANDBY,14,False,False,True,True,True,True,False,False,True,True,False,False,False,False,False,False,3996,3.996,0,0,,,,,,,,,,,,,95739.0,29.34,-0.3,-9.473223899999999,-0.8237586,1.10815145,-0.020943951023931952,0.003490658503988659,-0.019198621771937627,-966,-84,113,-12,2,-11,-3,2934,1,False,False,False,False,False,False,False,False,5,0,0,0,-0.966,-0.084,0.113,0.9762074574597348,-1.2,0.2,-1.1,1,1,0,1,0,0,0x007F,"GPS, IMU, BARO, CORAL, SD, LORA, EPS_ADC",0x0000,NONE,0,0,POWER_ON,0,NONE,0,1,ACCEPTED,9,RX_OK,0,0,1,2,PACKET_OK,6,0,1,22,244,255,0.38910505836575876,seq=244 cloud=0.39% status=0x01,f4 00 ff 00 01 16 00
2026-07-28T11:34:54.991316+00:00,1785238494.991316,-92,11.75,False,True,1,8,True,True,True,True,0x9C3F,0x9C3F,52,False,0,0,False,0,0,,540000,13,,0,STANDBY,14,False,False,True,True,True,True,False,False,True,True,False,False,False,False,False,False,3993,3.993,2,3,,,,,,,,,,,,,95734.0,29.39,0.2,-9.54187045,-0.83356525,1.01008495,-0.015707963267948967,0.003490658503988659,-0.020943951023931952,-973,-85,103,-9,2,-12,2,2939,1,False,False,False,False,False,False,False,False,5,0,0,0,-0.973,-0.085,0.103,0.9821216828886327,-0.9,0.2,-1.2,1,1,0,1,0,0,0x007F,"GPS, IMU, BARO, CORAL, SD, LORA, EPS_ADC",0x0008,CORAL,0,0,POWER_ON,0,NONE,0,1,ACCEPTED,9,RX_OK,0,0,1,2,PACKET_OK,6,0,1,32,244,255,0.38910505836575876,seq=244 cloud=0.39% status=0x01,f4 00 ff 00 01 20 00
2026-07-28T11:35:05.245241+00:00,1785238505.245241,-93,12.0,False,True,1,8,True,True,True,True,0x4B10,0x4B10,53,False,0,0,False,0,0,,550000,94,,0,STANDBY,30,False,False,True,True,True,True,True,False,True,True,False,False,False,False,False,False,3987,3.987,2,3,,,,,,,,,,,,,95732.0,29.44,0.4,-9.5320638,-0.83356525,1.0787315,-0.015707963267948967,0.0017453292519943296,-0.019198621771937627,-972,-85,110,-9,1,-11,4,2944,1,False,False,False,False,False,False,False,False,5,0,0,0,-0.972,-0.085,0.11,0.9818905234291652,-0.9,0.1,-1.1,1,1,0,1,1,0,0x007F,"GPS, IMU, BARO, CORAL, SD, LORA, EPS_ADC",0x0000,NONE,0,0,POWER_ON,0,NONE,0,1,ACCEPTED,9,RX_OK,0,0,1,2,PACKET_OK,6,0,0,8,246,255,0.38910505836575876,seq=246 cloud=0.39% status=0x00,f6 00 ff 00 00 08 00
2026-07-28T11:35:15.522793+00:00,1785238515.522793,-92,10.25,False,True,1,8,True,True,True,True,0x1AB3,0x1AB3,54,False,0,0,False,0,0,,560000,15,,0,STANDBY,30,False,False,True,True,True,True,True,False,True,True,False,False,False,False,False,False,4003,4.003,0,0,,,,,,,,,,,,,95734.0,29.5,0.2,-9.54187045,-0.784532,1.0296982499999998,-0.019198621771937627,0.003490658503988659,-0.017453292519943295,-973,-80,105,-11,2,-10,2,2950,1,False,False,False,False,False,False,False,False,5,0,0,0,-0.973,-0.08,0.105,0.981913438140043,-1.1,0.2,-1.0,1,1,0,1,1,0,0x007F,"GPS, IMU, BARO, CORAL, SD, LORA, EPS_ADC",0x0000,NONE,0,0,POWER_ON,0,NONE,0,1,ACCEPTED,9,RX_OK,0,0,1,2,PACKET_OK,6,0,0,1,247,511,0.7797360189211872,seq=247 cloud=0.78% status=0x00,f7 00 ff 01 00 01 00
2026-07-28T11:35:25.827643+00:00,1785238525.827643,-95,12.0,False,True,1,8,True,True,True,True,0x7DD5,0x7DD5,55,False,0,0,False,0,0,41725,571000,86,41725,0,STANDBY,31,True,True,True,True,True,True,True,False,True,True,False,False,False,False,False,False,3974,3.974,3,5,48.0881729,11.295866,582.0,0.64,0.53,194.31,480881729,112958660,5820,53,64,19431,95736.0,29.55,0.0,-9.5320638,-0.8237586,1.0493115499999999,-0.019198621771937627,0.0017453292519943296,-0.020943951023931952,-972,-84,107,-11,1,-12,0,2955,1,False,False,False,False,False,False,False,False,5,0,1,1,-0.972,-0.084,0.107,0.9814728727784584,-1.1,0.1,-1.2,1,1,0,1,1,0,0x007F,"GPS, IMU, BARO, CORAL, SD, LORA, EPS_ADC",0x0000,NONE,0,0,POWER_ON,0,NONE,0,1,ACCEPTED,9,RX_OK,0,0,1,2,PACKET_OK,6,0,0,12,247,511,0.7797360189211872,seq=247 cloud=0.78% status=0x00,f7 00 ff 01 00 0c 00
2026-07-28T11:35:36.131455+00:00,1785238536.131455,-94,12.25,False,True,1,8,True,True,True,True,0xD70D,0xD70D,56,False,0,0,False,0,0,41736,581000,55,41736,0,STANDBY,31,True,True,True,True,True,True,True,False,True,True,False,False,False,False,False,False,3974,3.974,3,5,48.0881844,11.2958469,585.0,0.66,0.2,243.62,480881844,112958469,5850,20,66,24362,95738.0,29.6,-0.2,-9.502643849999998,-0.8629851999999999,1.0198915999999998,-0.019198621771937627,0.0017453292519943296,-0.017453292519943295,-969,-88,104,-11,1,-10,-2,2960,1,False,False,False,False,False,False,False,False,5,0,1,1,-0.969,-0.088,0.104,0.9785300199789478,-1.1,0.1,-1.0,1,1,0,1,1,0,0x007F,"GPS, IMU, BARO, CORAL, SD, LORA, EPS_ADC",0x0000,NONE,0,0,POWER_ON,0,NONE,0,1,ACCEPTED,9,RX_OK,0,0,1,2,PACKET_OK,6,0,0,5,248,1023,1.560997940032044,seq=248 cloud=1.56% status=0x00,f8 00 ff 03 00 05 00
2026-07-28T11:35:46.699166+00:00,1785238546.699166,-88,12.25,False,True,1,8,True,True,True,True,0xEDA1,0xEDA1,57,False,0,0,False,0,0,41746,591000,275,41746,0,STANDBY,31,True,True,True,True,True,True,True,False,True,True,False,False,False,False,False,False,3987,3.987,3,5,48.0881691,11.2958298,591.0,1.94,0.02,150.53,480881691,112958298,5910,2,194,15053,95734.0,29.66,0.1,-9.561483749999999,-0.8727918499999999,0.9610517,-0.017453292519943295,0.003490658503988659,-0.017453292519943295,-975,-89,98,-10,2,-10,1,2966,1,False,False,False,False,False,False,False,False,5,0,1,1,-0.975,-0.089,0.098,0.9839461367371691,-1.0,0.2,-1.0,1,1,0,1,1,0,0x007F,"GPS, IMU, BARO, CORAL, SD, LORA, EPS_ADC",0x0000,NONE,0,0,POWER_ON,0,NONE,0,1,ACCEPTED,9,RX_OK,0,0,1,2,PACKET_OK,6,0,0,15,248,1023,1.560997940032044,seq=248 cloud=1.56% status=0x00,f8 00 ff 03 00 0f 00
2026-07-28T11:35:57.161988+00:00,1785238557.161988,-91,12.0,False,True,1,8,True,True,True,True,0xEA15,0xEA15,58,False,0,0,False,0,0,41757,602000,233,41757,0,STANDBY,31,True,True,True,True,True,True,True,False,True,True,False,False,False,False,False,False,3996,3.996,3,5,48.0881195,11.2959385,591.0,0.68,0.65,127.4,480881195,112959385,5910,65,68,12740,95737.0,29.71,-0.1,-9.590903699999998,-0.8433718999999998,1.0002783,-0.015707963267948967,0.006981317007977318,-0.017453292519943295,-978,-86,102,-9,4,-10,-1,2971,1,False,False,False,False,False,False,False,False,5,0,1,1,-0.978,-0.086,0.102,0.9870582556262827,-0.9,0.4,-1.0,1,1,0,1,1,0,0x007F,"GPS, IMU, BARO, CORAL, SD, LORA, EPS_ADC",0x0000,NONE,0,0,POWER_ON,0,NONE,0,1,ACCEPTED,9,RX_OK,0,0,1,2,PACKET_OK,6,0,0,7,249,1279,1.9516289005874723,seq=249 cloud=1.95% status=0x00,f9 00 ff 04 00 07 00
2026-07-28T11:36:07.434452+00:00,1785238567.434452,-88,11.5,False,True,1,8,True,True,True,True,0x5B05,0x5B05,59,False,0,0,False,0,0,41767,612000,50,41767,0,STANDBY,31,True,True,True,True,True,True,True,False,True,True,False,False,False,False,False,False,3996,3.996,3,5,48.0880966,11.2959566,597.0,0.58,0.18,124.32,480880966,112959566,5970,18,58,12432,95741.0,29.77,-0.5,-9.492837199999999,-0.8433718999999998,0.99047165,-0.019198621771937627,0.0017453292519943296,-0.017453292519943295,-968,-86,101,-11,1,-10,-5,2977,1,False,False,False,False,False,False,False,False,5,0,1,1,-0.968,-0.086,0.101,0.977047081772419,-1.1,0.1,-1.0,1,1,0,1,1,0,0x007F,"GPS, IMU, BARO, CORAL, SD, LORA, EPS_ADC",0x0000,NONE,0,0,POWER_ON,0,NONE,0,1,ACCEPTED,9,RX_OK,0,0,1,2,PACKET_OK,6,0,0,1,250,2047,3.1235217822537575,seq=250 cloud=3.12% status=0x00,fa 00 ff 07 00 01 00
2026-07-28T11:36:17.743246+00:00,1785238577.743246,-85,12.0,False,True,1,8,True,True,True,True,0xA974,0xA974,60,False,0,0,False,0,0,41777,623000,5,41777,0,STANDBY,31,True,True,True,True,True,True,True,False,True,True,False,False,False,False,False,False,3996,3.996,3,5,48.0881386,11.2958288,595.0,0.31,-0.25,226.94,480881386,112958288,5950,-25,31,22694,95737.0,29.83,0.0,-9.52225715,-0.99047165,0.9414384,-0.019198621771937627,0.003490658503988659,-0.019198621771937627,-971,-101,96,-11,2,-11,0,2983,1,False,False,False,False,False,False,False,False,5,0,1,1,-0.971,-0.101,0.096,0.9809475011436647,-1.1,0.2,-1.1,1,1,0,1,1,0,0x007F,"GPS, IMU, BARO, CORAL, SD, LORA, EPS_ADC",0x0000,NONE,0,0,POWER_ON,0,NONE,0,1,ACCEPTED,9,RX_OK,0,0,1,2,PACKET_OK,6,0,0,11,250,2047,3.1235217822537575,seq=250 cloud=3.12% status=0x00,fa 00 ff 07 00 0b 00
2026-07-28T11:36:28.046975+00:00,1785238588.046975,-90,11.75,False,True,1,8,True,True,True,True,0x959B,0x959B,61,False,0,0,False,0,0,41788,633000,40,41788,0,STANDBY,31,True,True,True,True,True,True,True,False,True,True,False,False,False,False,False,False,3993,3.993,3,5,48.0882187,11.2959051,572.0,1.02,-1.07,226.94,480882187,112959051,5720,-107,102,22694,95738.0,29.87,-0.1,-9.5320638,-0.97085835,0.97085835,-0.020943951023931952,0.0017453292519943296,-0.019198621771937627,-972,-99,99,-12,1,-11,-1,2987,1,False,False,False,False,False,False,False,False,5,0,1,1,-0.972,-0.099,0.099,0.9820315677207122,-1.2,0.1,-1.1,1,1,0,1,1,0,0x007F,"GPS, IMU, BARO, CORAL, SD, LORA, EPS_ADC",0x0000,NONE,0,0,POWER_ON,0,NONE,0,1,ACCEPTED,9,RX_OK,0,0,1,2,PACKET_OK,6,0,0,4,251,767,1.1703669794766156,seq=251 cloud=1.17% status=0x00,fb 00 ff 02 00 04 00
2026-07-28T11:36:38.374054+00:00,1785238598.374054,-92,10.25,False,True,1,8,True,True,True,True,0xDC77,0xDC77,62,False,0,0,False,0,0,41798,643000,97,41798,0,STANDBY,31,True,True,True,True,True,True,True,False,True,True,False,False,False,False,False,False,3996,3.996,3,5,48.0881577,11.2959127,572.0,1.56,-0.28,158.54,480881577,112959127,5720,-28,156,15854,95737.0,29.93,0.0,-9.5124505,-1.0296982499999998,0.9414384,-0.017453292519943295,0.003490658503988659,-0.017453292519943295,-970,-105,96,-10,2,-10,0,2993,1,False,False,False,False,False,False,False,False,5,0,1,1,-0.97,-0.105,0.096,0.9803779883289914,-1.0,0.2,-1.0,1,1,0,1,1,0,0x007F,"GPS, IMU, BARO, CORAL, SD, LORA, EPS_ADC",0x0000,NONE,0,0,POWER_ON,0,NONE,0,1,ACCEPTED,9,RX_OK,0,0,1,2,PACKET_OK,6,0,0,15,251,767,1.1703669794766156,seq=251 cloud=1.17% status=0x00,fb 00 ff 02 00 0f 00
2026-07-28T11:36:48.646165+00:00,1785238608.646165,-90,12.0,False,True,1,8,True,True,True,True,0x41E0,0x41E0,63,False,0,0,False,0,0,41808,653000,48,41808,0,STANDBY,31,True,True,True,True,True,True,True,False,True,True,False,False,False,False,False,False,3984,3.984,3,5,48.0881577,11.2959623,574.0,2.24,-0.24,153.28,480881577,112959623,5740,-24,224,15328,95732.0,29.98,0.4,-9.5124505,-1.0591182,0.9120184499999999,-0.020943951023931952,0.003490658503988659,-0.022689280275926284,-970,-108,93,-12,2,-13,4,2998,1,False,False,False,False,False,False,False,False,5,0,1,1,-0.97,-0.108,0.093,0.9804147081720062,-1.2,0.2,-1.3,1,1,0,1,1,0,0x007F,"GPS, IMU, BARO, CORAL, SD, LORA, EPS_ADC",0x0000,NONE,0,0,POWER_ON,0,NONE,0,1,ACCEPTED,9,RX_OK,0,0,1,2,PACKET_OK,6,0,0,8,252,511,0.7797360189211872,seq=252 cloud=0.78% status=0x00,fc 00 ff 01 00 08 00
2026-07-28T11:36:59.203736+00:00,1785238619.203736,-97,11.75,False,True,1,8,True,True,True,True,0x15CF,0x15CF,64,False,0,0,False,0,0,41818,664000,420,41818,0,STANDBY,31,True,True,True,True,True,True,True,False,True,True,False,False,False,False,False,False,3993,3.993,3,4,48.0881882,11.2959404,578.0,2.26,0.35,153.28,480881882,112959404,5780,35,226,15328,95743.0,30.03,-0.6,-9.5124505,-1.0591182,0.8629851999999999,-0.017453292519943295,0.0017453292519943296,-0.017453292519943295,-970,-108,88,-10,1,-10,-6,3003,1,False,False,False,False,False,False,False,False,5,0,1,1,-0.97,-0.108,0.088,0.9799530601003295,-1.0,0.1,-1.0,1,1,0,1,1,0,0x007F,"GPS, IMU, BARO, CORAL, SD, LORA, EPS_ADC",0x0000,NONE,0,0,POWER_ON,0,NONE,0,1,ACCEPTED,9,RX_OK,0,0,1,2,PACKET_OK,6,0,0,1,253,255,0.38910505836575876,seq=253 cloud=0.39% status=0x00,fd 00 ff 00 00 01 00
2026-07-28T11:37:09.622342+00:00,1785238629.622342,-93,11.75,False,True,1,8,True,True,True,True,0x9993,0x9993,65,False,0,0,False,0,0,41829,674000,224,41829,0,STANDBY,31,True,True,True,True,True,True,True,False,True,True,False,False,False,False,False,False,3996,3.996,3,5,48.08815,11.2959261,580.0,1.03,0.06,234.47,480881500,112959261,5800,6,103,23447,95736.0,30.08,0.0,-9.5124505,-0.97085835,0.8531785499999999,-0.020943951023931952,0.003490658503988659,-0.020943951023931952,-970,-99,87,-12,2,-12,0,3008,1,False,False,False,False,False,False,False,False,5,0,1,1,-0.97,-0.099,0.087,0.9789126620899333,-1.2,0.2,-1.2,1,1,0,1,1,0,0x007F,"GPS, IMU, BARO, CORAL, SD, LORA, EPS_ADC",0x0000,NONE,0,0,POWER_ON,0,NONE,0,1,ACCEPTED,9,RX_OK,0,0,1,2,PACKET_OK,6,0,0,12,253,255,0.38910505836575876,seq=253 cloud=0.39% status=0x00,fd 00 ff 00 00 0c 00
2026-07-28T11:37:19.966053+00:00,1785238639.966053,-92,12.25,False,True,1,8,True,True,True,True,0xCD33,0xCD33,66,False,0,0,False,0,0,41840,685000,65,41840,0,STANDBY,31,True,True,True,True,True,True,True,False,True,True,False,False,False,False,False,False,3996,3.996,3,5,48.0881691,11.2959709,571.0,0.71,-0.14,151.24,480881691,112959709,5710,-14,71,15124,95732.0,30.13,0.4,-9.483030549999999,-1.0787315,0.9022117999999999,-0.019198621771937627,0.005235987755982988,-0.019198621771937627,-967,-110,92,-11,3,-11,4,3013,1,False,False,False,False,False,False,False,False,5,0,1,1,-0.967,-0.11,0.092,0.9775750610566944,-1.1,0.3,-1.1,1,1,0,1,1,0,0x007F,"GPS, IMU, BARO, CORAL, SD, LORA, EPS_ADC",0x0000,NONE,0,0,POWER_ON,0,NONE,0,1,ACCEPTED,9,RX_OK,0,0,1,2,PACKET_OK,6,0,0,5,254,511,0.7797360189211872,seq=254 cloud=0.78% status=0x00,fe 00 ff 01 00 05 00
2026-07-28T11:37:30.296715+00:00,1785238650.296715,-91,11.5,False,True,1,8,True,True,True,True,0x26BE,0x26BE,67,False,0,0,False,0,0,41850,695000,53,41850,0,STANDBY,31,True,True,True,True,True,True,True,False,True,True,False,False,False,False,False,False,4006,4.006,3,5,48.0881844,11.2959957,569.0,0.43,-0.33,151.24,480881844,112959957,5690,-33,43,15124,95734.0,30.18,0.2,-9.483030549999999,-1.1179581,0.9218251,-0.017453292519943295,0.008726646259971648,-0.020943951023931952,-967,-114,94,-10,5,-12,2,3018,1,False,False,False,False,False,False,False,False,5,0,1,1,-0.967,-0.114,0.094,0.9782233896201827,-1.0,0.5,-1.2,1,1,0,1,1,0,0x007F,"GPS, IMU, BARO, CORAL, SD, LORA, EPS_ADC",0x0000,NONE,0,0,POWER_ON,0,NONE,0,1,ACCEPTED,9,RX_OK,0,0,1,2,PACKET_OK,6,0,0,15,254,511,0.7797360189211872,seq=254 cloud=0.78% status=0x00,fe 00 ff 01 00 0f 00
2026-07-28T11:37:40.828317+00:00,1785238660.828317,-89,12.0,False,True,1,8,True,True,True,True,0xE32D,0xE32D,68,False,0,0,False,0,0,41860,706000,100,41860,0,STANDBY,31,True,True,True,True,True,True,True,False,True,True,False,False,False,False,False,False,3987,3.987,3,5,48.08815,11.2960091,573.0,1.38,0.71,234.51,480881500,112960091,5730,71,138,23451,95737.0,30.23,-0.1,-9.5516771,-1.0296982499999998,0.8727918499999999,-0.015707963267948967,-0.0017453292519943296,-0.019198621771937627,-974,-105,89,-9,-1,-11,-1,3023,1,False,False,False,False,False,False,False,False,5,0,1,1,-0.974,-0.105,0.089,0.9836777927756628,-0.9,-0.1,-1.1,1,1,0,1,1,0,0x007F,"GPS, IMU, BARO, CORAL, SD, LORA, EPS_ADC",0x0000,NONE,0,0,POWER_ON,0,NONE,0,1,ACCEPTED,9,RX_OK,0,0,1,2,PACKET_OK,6,0,0,9,255,767,1.1703669794766156,seq=255 cloud=1.17% status=0x00,ff 00 ff 02 00 09 00
2026-07-28T11:37:51.260979+00:00,1785238671.260979,,,True,False,,,,,,False,,,,,,,,,,,,,,,,,,,,,,,,,,,,,,,,,,,,,,,,,,,,,,,,,,,,,,,,,,,,,,,,,,,,,,,,,,,,,,,,,,,,,,,,,,,,,,,,,,,,,,,,,,,,,,,,,,,,,,,
2026-07-28T11:38:01.572371+00:00,1785238681.572371,-89,11.75,False,True,1,8,True,True,True,True,0x267A,0x267A,70,False,1,1,False,0,0,41881,726000,84,41881,0,STANDBY,31,True,True,True,True,True,True,True,False,True,True,False,False,False,False,False,False,3990,3.99,3,5,48.0881996,11.2958488,576.0,1.27,0.04,290.33,480881996,112958488,5760,4,127,29033,95737.0,30.31,-0.1,-9.46341725,-1.06892485,0.8825985,-0.020943951023931952,0.0017453292519943296,-0.019198621771937627,-965,-109,90,-12,1,-11,-1,3031,1,False,False,False,False,False,False,False,False,5,0,1,1,-0.965,-0.109,0.09,0.975297903207015,-1.2,0.1,-1.1,1,1,0,1,1,0,0x007F,"GPS, IMU, BARO, CORAL, SD, LORA, EPS_ADC",0x0000,NONE,0,0,POWER_ON,0,NONE,0,1,ACCEPTED,13,ACK_TIMEOUT,0,0,1,1,ACTIVE,7,0,0,12,256,1023,1.560997940032044,seq=256 cloud=1.56% status=0x00,00 01 ff 03 00 0c 00
2026-07-28T11:38:11.880547+00:00,1785238691.880547,-88,12.0,False,True,1,8,True,True,True,True,0x1FE7,0x1FE7,71,False,0,1,False,0,0,41892,737000,45,41892,0,STANDBY,31,True,True,True,True,True,True,True,False,True,True,False,False,False,False,False,False,3984,3.984,3,5,48.0882072,11.2959328,563.0,2.29,-0.59,303.22,480882072,112959328,5630,-59,229,30322,95730.0,30.34,0.4,-9.52225715,-1.0591182,0.9120184499999999,-0.019198621771937627,0.003490658503988659,-0.017453292519943295,-971,-108,93,-11,2,-10,4,3034,1,False,False,False,False,False,False,False,False,5,0,1,1,-0.971,-0.108,0.093,0.9814040961805692,-1.1,0.2,-1.0,1,1,0,1,1,0,0x007F,"GPS, IMU, BARO, CORAL, SD, LORA, EPS_ADC",0x0000,NONE,0,0,POWER_ON,0,NONE,0,1,ACCEPTED,9,RX_OK,0,0,1,2,PACKET_OK,7,0,0,6,257,1535,2.342259861142901,seq=257 cloud=2.34% status=0x00,01 01 ff 05 00 06 00
2026-07-28T11:38:22.179281+00:00,1785238702.179281,-88,12.0,False,True,1,8,True,True,True,True,0x9838,0x9838,72,False,0,1,False,0,0,41902,747000,33,41902,0,STANDBY,31,True,True,True,True,True,True,True,False,True,True,False,False,False,False,False,False,4003,4.003,3,4,48.0883064,11.2957993,565.0,1.54,-0.24,303.22,480883064,112957993,5650,-24,154,30322,95735.0,30.38,0.0,-9.52225715,-1.0983448,1.01008495,-0.020943951023931952,0.0017453292519943296,-0.017453292519943295,-971,-112,103,-12,1,-10,0,3038,1,False,False,False,False,False,False,False,False,5,0,1,1,-0.971,-0.112,0.103,0.9828499376812311,-1.2,0.1,-1.0,1,1,0,1,1,0,0x007F,"GPS, IMU, BARO, CORAL, SD, LORA, EPS_ADC",0x0000,NONE,0,0,POWER_ON,0,NONE,0,1,ACCEPTED,9,RX_OK,0,0,1,2,PACKET_OK,7,0,0,16,257,1535,2.342259861142901,seq=257 cloud=2.34% status=0x00,01 01 ff 05 00 10 00
2026-07-28T11:38:32.519074+00:00,1785238712.519074,-67,12.5,False,True,1,8,True,True,True,True,0x4E98,0x4E98,73,False,0,1,False,0,0,41912,757000,13,41912,0,STANDBY,31,True,True,True,True,True,True,True,False,True,True,False,False,False,False,False,False,3996,3.996,3,5,48.0882721,11.2956638,574.0,2.09,0.37,302.79,480882721,112956638,5740,37,209,30279,95721.0,30.42,0.8,-8.8848249,-0.196133,-1.7161637499999998,-0.7330382858376184,-0.16231562043547265,-0.2426007660272118,-906,-20,-175,-420,-93,-139,8,3042,1,False,False,False,False,False,False,False,False,5,0,1,1,-0.906,-0.02,-0.175,0.9229631628618772,-42.0,-9.3,-13.9,1,1,0,1,1,0,0x007F,"GPS, IMU, BARO, CORAL, SD, LORA, EPS_ADC",0x0000,NONE,0,0,POWER_ON,0,NONE,0,1,ACCEPTED,9,RX_OK,0,0,1,2,PACKET_OK,7,0,0,9,258,2047,3.1235217822537575,seq=258 cloud=3.12% status=0x00,02 01 ff 07 00 09 00
2026-07-28T11:38:42.782743+00:00,1785238722.782743,-65,11.25,False,True,1,8,True,True,True,True,0xBAC1,0xBAC1,74,False,0,1,False,0,0,41922,768000,72,41922,0,STANDBY,31,True,True,True,True,True,True,True,False,True,True,False,False,False,False,False,False,3990,3.99,3,6,48.0881119,11.2957764,585.0,1.66,0.74,272.84,480881119,112957764,5850,74,166,27284,95722.0,30.46,0.2,-10.326402449999998,-1.3337044,-3.6480737999999997,-0.23212879051524585,-0.08552113334772216,-0.2827433388230814,-1053,-136,-372,-133,-49,-162,2,3046,1,False,False,False,False,False,False,False,False,5,0,1,1,-1.053,-0.136,-0.372,1.1250284440848597,-13.3,-4.9,-16.2,1,1,0,1,1,0,0x007F,"GPS, IMU, BARO, CORAL, SD, LORA, EPS_ADC",0x0000,NONE,0,0,POWER_ON,0,NONE,0,1,ACCEPTED,9,RX_OK,0,0,1,2,PACKET_OK,7,0,0,2,259,255,0.38910505836575876,seq=259 cloud=0.39% status=0x00,03 01 ff 00 00 02 00
2026-07-28T11:38:53.077171+00:00,1785238733.077171,-62,11.75,False,True,1,8,True,True,True,True,0xB52C,0xB52C,75,False,0,1,False,0,0,41933,778000,48,41933,0,STANDBY,31,True,True,True,True,True,True,True,False,True,True,False,False,False,False,False,False,3996,3.996,3,5,48.0879555,11.2959728,566.0,1.1,-0.54,172.17,480879555,112959728,5660,-54,110,17217,95721.0,30.49,0.0,-8.7083052,0.5982056499999999,-2.0790097999999997,0.16231562043547265,0.006981317007977318,-0.08203047484373349,-888,61,-212,93,4,-47,0,3049,1,False,False,False,False,False,False,False,False,5,0,1,1,-0.888,0.061,-0.212,0.9149912567888285,9.3,0.4,-4.7,1,1,0,1,1,0,0x007F,"GPS, IMU, BARO, CORAL, SD, LORA, EPS_ADC",0x0000,NONE,0,0,POWER_ON,0,NONE,0,1,ACCEPTED,9,RX_OK,0,0,1,2,PACKET_OK,7,0,0,13,259,255,0.38910505836575876,seq=259 cloud=0.39% status=0x00,03 01 ff 00 00 0d 00
2026-07-28T11:39:03.400926+00:00,1785238743.400926,-57,12.0,False,True,1,8,True,True,True,True,0x8990,0x8990,76,False,0,1,False,0,0,41933,788000,12,41933,0,STANDBY,30,False,False,True,True,True,True,True,False,True,True,False,False,False,False,False,False,3984,3.984,0,0,48.0879555,11.2959728,566.0,1.1,-0.54,172.17,480879555,112959728,5660,-54,110,17217,95715.0,30.52,0.4,-11.454167199999999,-2.0986230999999997,-2.3045627499999997,-0.005235987755982988,-0.027925268031909273,-0.35779249665883756,-1168,-214,-235,-3,-16,-205,4,3052,1,False,False,False,False,False,False,False,False,5,0,0,0,-1.168,-0.214,-0.235,1.2104730480270927,-0.3,-1.6,-20.5,1,1,0,1,1,0,0x007F,"GPS, IMU, BARO, CORAL, SD, LORA, EPS_ADC",0x0000,NONE,0,0,POWER_ON,0,NONE,0,1,ACCEPTED,9,RX_OK,0,0,1,2,PACKET_OK,7,0,0,6,260,1279,1.9516289005874723,seq=260 cloud=1.95% status=0x00,04 01 ff 04 00 06 00
2026-07-28T11:39:13.723337+00:00,1785238753.723337,-65,11.75,False,True,1,8,True,True,True,True,0x635F,0x635F,77,False,0,1,False,0,0,41933,798000,35,41933,0,STANDBY,30,False,False,True,True,True,True,True,False,True,True,False,False,False,False,False,False,4006,4.006,0,0,48.0879555,11.2959728,566.0,1.1,-0.54,172.17,480879555,112959728,5660,-54,110,17217,95718.0,30.56,0.0,-9.67916355,-1.0198915999999998,-0.5883989999999999,-0.029670597283903602,0.08552113334772216,-0.012217304763960306,-987,-104,-60,-17,49,-7,0,3056,1,False,False,False,False,False,False,False,False,5,0,0,0,-0.987,-0.104,-0.06,0.9942761185908068,-1.7,4.9,-0.7,1,1,0,1,1,0,0x007F,"GPS, IMU, BARO, CORAL, SD, LORA, EPS_ADC",0x0000,NONE,0,0,POWER_ON,0,NONE,0,1,ACCEPTED,9,RX_OK,0,0,1,2,PACKET_OK,7,0,0,16,260,1279,1.9516289005874723,seq=260 cloud=1.95% status=0x00,04 01 ff 04 00 10 00
2026-07-28T11:39:24.179767+00:00,1785238764.179767,-58,12.5,False,True,1,8,True,True,True,True,0x6386,0x6386,78,False,0,1,False,0,0,41933,809000,88,41933,0,STANDBY,30,False,False,True,True,True,True,True,False,True,True,False,False,False,False,False,False,3984,3.984,0,0,48.0879555,11.2959728,566.0,1.1,-0.54,172.17,480879555,112959728,5660,-54,110,17217,95719.0,30.59,-0.1,-9.54187045,-1.01008495,1.01008495,-0.038397243543875255,-0.054105206811824215,0.020943951023931952,-973,-103,103,-22,-31,12,-1,3059,1,False,False,False,False,False,False,False,False,5,0,0,0,-0.973,-0.103,0.103,0.9838429752760345,-2.2,-3.1,1.2,1,1,0,1,1,0,0x007F,"GPS, IMU, BARO, CORAL, SD, LORA, EPS_ADC",0x0000,NONE,0,0,POWER_ON,0,NONE,0,1,ACCEPTED,9,RX_OK,0,0,1,2,PACKET_OK,7,0,0,10,261,11519,17.57686732280461,seq=261 cloud=17.58% status=0x00,05 01 ff 2c 00 0a 00
2026-07-28T11:39:34.468725+00:00,1785238774.468725,-63,12.25,False,True,1,8,True,True,True,True,0x3A68,0x3A68,79,False,0,1,False,0,0,41933,819000,47,41933,0,STANDBY,30,False,False,True,True,True,True,True,False,True,True,False,False,False,False,False,False,3993,3.993,0,0,48.0879555,11.2959728,566.0,1.1,-0.54,172.17,480879555,112959728,5660,-54,110,17217,95719.0,30.62,-0.1,-8.2964259,-1.569064,3.93246665,-0.05585053606381855,0.031415926535897934,0.07330382858376185,-846,-160,401,-32,18,42,-1,3062,1,False,False,False,False,False,False,False,False,5,0,0,0,-0.846,-0.16,0.401,0.9497983996617386,-3.2,1.8,4.2,1,1,0,1,1,0,0x007F,"GPS, IMU, BARO, CORAL, SD, LORA, EPS_ADC",0x0000,NONE,0,0,POWER_ON,0,NONE,0,1,ACCEPTED,9,RX_OK,0,0,1,2,PACKET_OK,7,0,0,3,262,8191,12.498664835584039,seq=262 cloud=12.50% status=0x00,06 01 ff 1f 00 03 00
2026-07-28T11:39:44.784164+00:00,1785238784.784164,-60,10.75,False,True,1,8,True,True,True,True,0xDDE7,0xDDE7,80,False,0,1,False,0,0,41933,830000,37,41933,0,STANDBY,30,False,False,True,True,True,True,True,False,True,True,False,False,False,False,False,False,3993,3.993,0,0,48.0879555,11.2959728,566.0,1.1,-0.54,172.17,480879555,112959728,5660,-54,110,17217,95717.0,30.64,0.1,-9.44380395,-1.1571847,-0.0392266,0.09773843811168245,0.3036872898470133,-0.005235987755982988,-963,-118,-4,56,174,-3,1,3064,1,False,False,False,False,False,False,False,False,5,0,0,0,-0.963,-0.118,-0.004,0.9702108018363844,5.6,17.4,-0.3,1,1,0,1,1,0,0x007F,"GPS, IMU, BARO, CORAL, SD, LORA, EPS_ADC",0x0000,NONE,0,0,POWER_ON,0,NONE,0,1,ACCEPTED,9,RX_OK,0,0,1,2,PACKET_OK,7,0,0,13,262,8191,12.498664835584039,seq=262 cloud=12.50% status=0x00,06 01 ff 1f 00 0d 00
2026-07-28T11:39:55.075034+00:00,1785238795.075034,-60,9.25,False,True,1,8,True,True,True,True,0x0A6B,0x0A6B,81,False,0,1,False,0,0,41933,840000,16,41933,0,STANDBY,30,False,False,True,True,True,True,True,False,True,True,False,False,False,False,False,False,3984,3.984,0,0,48.0879555,11.2959728,566.0,1.1,-0.54,172.17,480879555,112959728,5660,-54,110,17217,95719.0,30.68,-0.1,-9.6889702,-0.08825984999999999,0.8629851999999999,-0.048869219055841226,-0.0645771823237902,0.013962634015954637,-988,-9,88,-28,-37,8,-1,3068,1,False,False,False,False,False,False,False,False,5,0,0,0,-0.988,-0.009,0.088,0.991952115779789,-2.8,-3.7,0.8,1,1,0,1,1,0,0x007F,"GPS, IMU, BARO, CORAL, SD, LORA, EPS_ADC",0x0000,NONE,0,0,POWER_ON,0,NONE,0,1,ACCEPTED,9,RX_OK,0,0,1,2,PACKET_OK,7,0,0,6,263,3839,5.857938506141756,seq=263 cloud=5.86% status=0x00,07 01 ff 0e 00 06 00
2026-07-28T11:40:05.360287+00:00,1785238805.360287,-63,12.25,False,True,1,8,True,True,True,True,0x8B92,0x8B92,82,False,0,1,False,0,0,41933,850000,4,41933,0,STANDBY,30,False,False,True,True,True,True,True,False,True,True,False,False,False,False,False,False,3980,3.98,0,0,48.0879555,11.2959728,566.0,1.1,-0.54,172.17,480879555,112959728,5660,-54,110,17217,95719.0,30.7,-0.1,-9.473223899999999,-0.50013915,-0.0588399,-0.10821041362364843,0.03490658503988659,-0.005235987755982988,-966,-51,-6,-62,20,-3,-1,3070,1,False,False,False,False,False,False,False,False,5,0,0,0,-0.966,-0.051,-0.006,0.9673639439218313,-6.2,2.0,-0.3,1,1,0,1,1,0,0x007F,"GPS, IMU, BARO, CORAL, SD, LORA, EPS_ADC",0x0000,NONE,0,0,POWER_ON,0,NONE,0,1,ACCEPTED,9,RX_OK,0,0,1,2,PACKET_OK,7,0,0,16,263,3839,5.857938506141756,seq=263 cloud=5.86% status=0x00,07 01 ff 0e 00 10 00
2026-07-28T11:40:15.662646+00:00,1785238815.662646,-63,12.0,False,True,1,8,True,True,True,True,0x91C9,0x91C9,83,False,0,1,False,0,0,41933,860000,27,41933,0,STANDBY,30,False,False,True,True,True,True,True,False,True,True,False,False,False,False,False,False,3987,3.987,0,0,48.0879555,11.2959728,566.0,1.1,-0.54,172.17,480879555,112959728,5660,-54,110,17217,95718.0,30.73,0.0,-10.2185293,-0.3138128,-0.02941995,-0.07679448708775051,-0.16406094968746698,0.19198621771937624,-1042,-32,-3,-44,-94,110,0,3073,1,False,False,False,False,False,False,False,False,5,0,0,0,-1.042,-0.032,-0.003,1.0424955635397208,-4.4,-9.4,11.0,1,1,0,1,1,0,0x007F,"GPS, IMU, BARO, CORAL, SD, LORA, EPS_ADC",0x0000,NONE,0,0,POWER_ON,0,NONE,0,1,ACCEPTED,9,RX_OK,0,0,1,2,PACKET_OK,7,0,0,9,264,255,0.38910505836575876,seq=264 cloud=0.39% status=0x00,08 01 ff 00 00 09 00
2026-07-28T11:40:25.954369+00:00,1785238825.954369,-69,12.5,False,True,1,8,True,True,True,True,0x2569,0x2569,84,False,0,1,False,0,0,41933,871000,93,41933,0,STANDBY,30,False,False,True,True,True,True,True,False,True,True,False,False,False,False,False,False,3996,3.996,0,0,48.0879555,11.2959728,566.0,1.1,-0.54,172.17,480879555,112959728,5660,-54,110,17217,95715.0,30.76,0.2,-9.1594111,-0.8041453,0.0980665,-0.04363323129985824,-0.12566370614359174,0.0017453292519943296,-934,-82,10,-25,-72,1,2,3076,1,False,False,False,False,False,False,False,False,5,0,0,0,-0.934,-0.082,0.01,0.9376459886332368,-2.5,-7.2,0.1,1,1,0,1,1,0,0x007F,"GPS, IMU, BARO, CORAL, SD, LORA, EPS_ADC",0x0000,NONE,0,0,POWER_ON,0,NONE,0,1,ACCEPTED,9,RX_OK,0,0,1,2,PACKET_OK,7,0,0,2,265,767,1.1703669794766156,seq=265 cloud=1.17% status=0x00,09 01 ff 02 00 02 00
2026-07-28T11:40:36.254139+00:00,1785238836.254139,-65,12.0,False,True,1,8,True,True,True,True,0xD745,0xD745,85,False,0,1,False,0,0,41933,881000,81,41933,0,STANDBY,30,False,False,True,True,True,True,True,False,True,True,False,False,False,False,False,False,4006,4.006,0,0,48.0879555,11.2959728,566.0,1.1,-0.54,172.17,480879555,112959728,5660,-54,110,17217,95718.0,30.77,0.0,-9.581097049999999,-0.4707192,0.5491724,-0.05585053606381855,-0.22165681500327983,0.022689280275926284,-977,-48,56,-32,-127,13,0,3077,1,False,False,False,False,False,False,False,False,5,0,0,0,-0.977,-0.048,0.056,0.9797800773643032,-3.2,-12.7,1.3,1,1,0,1,1,0,0x007F,"GPS, IMU, BARO, CORAL, SD, LORA, EPS_ADC",0x0000,NONE,0,0,POWER_ON,0,NONE,0,1,ACCEPTED,9,RX_OK,0,0,1,2,PACKET_OK,7,0,0,12,265,767,1.1703669794766156,seq=265 cloud=1.17% status=0x00,09 01 ff 02 00 0c 00
2026-07-28T11:40:46.648323+00:00,1785238846.648323,-63,11.75,False,True,1,8,True,True,True,True,0xF7EA,0xF7EA,86,False,0,1,False,0,0,41933,891000,246,41933,0,STANDBY,30,False,False,True,True,True,True,True,False,True,True,False,False,False,False,False,False,3996,3.996,0,0,48.0879555,11.2959728,566.0,1.1,-0.54,172.17,480879555,112959728,5660,-54,110,17217,95719.0,30.8,-0.2,-9.875296549999998,0.02941995,2.0201699,-0.015707963267948967,0.008726646259971648,-0.03490658503988659,-1007,3,206,-9,5,-20,-2,3080,1,False,False,False,False,False,False,False,False,5,0,0,0,-1.007,0.003,0.206,1.027858939738328,-0.9,0.5,-2.0,1,1,0,1,1,0,0x007F,"GPS, IMU, BARO, CORAL, SD, LORA, EPS_ADC",0x0000,NONE,0,0,POWER_ON,0,NONE,0,1,ACCEPTED,9,RX_OK,0,0,1,2,PACKET_OK,7,0,0,4,266,511,0.7797360189211872,seq=266 cloud=0.78% status=0x00,0a 01 ff 01 00 04 00
2026-07-28T11:40:57.329940+00:00,1785238857.32994,-67,12.0,False,True,1,8,True,True,True,True,0x762E,0x762E,87,False,0,1,False,0,0,41933,902000,265,41933,0,STANDBY,30,False,False,True,True,True,True,True,False,True,True,False,False,False,False,False,False,3891,3.891,0,0,48.0879555,11.2959728,566.0,1.1,-0.54,172.17,480879555,112959728,5660,-54,110,17217,95719.0,30.82,-0.2,-9.855683249999998,0.14709974999999997,1.8338435499999999,-0.024434609527920613,-0.10995574287564276,-0.019198621771937627,-1005,15,187,-14,-63,-11,-2,3082,1,False,False,False,False,False,False,False,False,5,0,0,0,-1.005,0.015,0.187,1.0223595258029339,-1.4,-6.3,-1.1,1,1,0,1,1,0,0x007F,"GPS, IMU, BARO, CORAL, SD, LORA, EPS_ADC",0x0000,NONE,0,0,POWER_ON,0,NONE,0,1,ACCEPTED,9,RX_OK,0,0,1,2,PACKET_OK,7,0,0,15,266,511,0.7797360189211872,seq=266 cloud=0.78% status=0x00,0a 01 ff 01 00 0f 00
2026-07-28T11:41:07.609998+00:00,1785238867.609998,-56,12.25,False,True,1,8,True,True,True,True,0xD4FA,0xD4FA,88,False,0,1,False,0,0,41933,912000,53,41933,0,STANDBY,30,False,False,True,True,True,True,True,False,True,True,False,False,False,False,False,False,3984,3.984,0,0,48.0879555,11.2959728,566.0,1.1,-0.54,172.17,480879555,112959728,5660,-54,110,17217,95720.0,30.85,-0.2,-9.492837199999999,-0.17651969999999997,-1.55925735,-0.006981317007977318,-0.005235987755982988,-0.03665191429188092,-968,-18,-159,-4,-3,-21,-2,3085,1,False,False,False,False,False,False,False,False,5,0,0,0,-0.968,-0.018,-0.159,0.9811365858024049,-0.4,-0.3,-2.1,1,1,0,1,1,0,0x007F,"GPS, IMU, BARO, CORAL, SD, LORA, EPS_ADC",0x0000,NONE,0,0,POWER_ON,0,NONE,0,1,ACCEPTED,9,RX_OK,0,0,1,2,PACKET_OK,7,0,0,8,267,1279,1.9516289005874723,seq=267 cloud=1.95% status=0x00,0b 01 ff 04 00 08 00
2026-07-28T11:41:17.918449+00:00,1785238877.918449,-58,12.25,False,True,1,8,True,True,True,True,0x4CD8,0x4CD8,89,False,0,1,False,0,0,41933,923000,9,41933,0,STANDBY,30,False,False,True,True,True,True,True,False,True,True,False,False,False,False,False,False,3996,3.996,0,0,48.0879555,11.2959728,566.0,1.1,-0.54,172.17,480879555,112959728,5660,-54,110,17217,95713.0,30.87,0.4,-10.051816249999998,-0.18632634999999997,0.0784532,0.005235987755982988,0.14486232791552936,-0.012217304763960306,-1025,-19,8,3,83,-7,4,3087,1,False,False,False,False,False,False,False,False,5,0,0,0,-1.025,-0.019,0.008,1.0252072961113767,0.3,8.3,-0.7,1,1,0,1,1,0,0x007F,"GPS, IMU, BARO, CORAL, SD, LORA, EPS_ADC",0x0000,NONE,0,0,POWER_ON,0,NONE,0,1,ACCEPTED,9,RX_OK,0,0,1,2,PACKET_OK,7,0,0,1,268,1279,1.9516289005874723,seq=268 cloud=1.95% status=0x00,0c 01 ff 04 00 01 00
2026-07-28T11:41:28.210161+00:00,1785238888.210161,-60,10.75,False,True,1,8,True,True,True,True,0xCDBE,0xCDBE,90,False,0,1,False,0,0,41933,933000,52,41933,0,STANDBY,30,False,False,True,True,True,True,True,False,True,True,False,False,False,False,False,False,3984,3.984,0,0,48.0879555,11.2959728,566.0,1.1,-0.54,172.17,480879555,112959728,5660,-54,110,17217,95713.0,30.89,0.3,-10.4146623,-0.8531785499999999,1.5200307499999999,-0.04014257279586958,0.022689280275926284,0.09250245035569947,-1062,-87,155,-23,13,53,3,3089,1,False,False,False,False,False,False,False,False,5,0,0,0,-1.062,-0.087,0.155,1.0767720278684807,-2.3,1.3,5.3,1,1,0,1,1,0,0x007F,"GPS, IMU, BARO, CORAL, SD, LORA, EPS_ADC",0x0000,NONE,0,0,POWER_ON,0,NONE,0,1,ACCEPTED,9,RX_OK,0,0,1,2,PACKET_OK,7,0,0,11,268,1279,1.9516289005874723,seq=268 cloud=1.95% status=0x00,0c 01 ff 04 00 0b 00
2026-07-28T11:41:38.515808+00:00,1785238898.515808,-64,12.0,False,True,1,8,True,True,True,True,0x2A91,0x2A91,91,False,0,1,False,0,0,41933,943000,10,41933,0,STANDBY,30,False,False,True,True,True,True,True,False,True,True,False,False,False,False,False,False,3990,3.99,0,0,48.0879555,11.2959728,566.0,1.1,-0.54,172.17,480879555,112959728,5660,-54,110,17217,95716.0,30.91,0.0,-10.0616229,0.25497289999999995,0.44129925,-0.038397243543875255,0.03665191429188092,-0.019198621771937627,-1026,26,45,-22,21,-11,0,3091,1,False,False,False,False,False,False,False,False,5,0,0,0,-1.026,0.026,0.045,1.027315433545121,-2.2,2.1,-1.1,1,1,0,1,1,0,0x007F,"GPS, IMU, BARO, CORAL, SD, LORA, EPS_ADC",0x0000,NONE,0,0,POWER_ON,0,NONE,0,1,ACCEPTED,9,RX_OK,0,0,1,2,PACKET_OK,7,0,0,4,269,1023,1.560997940032044,seq=269 cloud=1.56% status=0x00,0d 01 ff 03 00 04 00
2026-07-28T11:41:48.826225+00:00,1785238908.826225,-69,12.25,False,True,1,8,True,True,True,True,0xFD90,0xFD90,92,False,0,1,False,0,0,41933,954000,44,41933,0,STANDBY,30,False,False,True,True,True,True,True,False,True,True,False,False,False,False,False,False,3984,3.984,0,0,48.0879555,11.2959728,566.0,1.1,-0.54,172.17,480879555,112959728,5660,-54,110,17217,95710.0,30.94,0.5,-9.7085835,-0.4903325,-0.29419949999999995,-0.08726646259971647,-0.015707963267948967,-0.04363323129985824,-990,-50,-30,-50,-9,-25,5,3094,1,False,False,False,False,False,False,False,False,5,0,0,0,-0.99,-0.05,-0.03,0.9917156850630123,-5.0,-0.9,-2.5,1,1,0,1,1,0,0x007F,"GPS, IMU, BARO, CORAL, SD, LORA, EPS_ADC",0x0000,NONE,0,0,POWER_ON,0,NONE,0,1,ACCEPTED,9,RX_OK,0,0,1,2,PACKET_OK,7,0,0,14,269,1023,1.560997940032044,seq=269 cloud=1.56% status=0x00,0d 01 ff 03 00 0e 00
2026-07-28T11:41:59.353529+00:00,1785238919.353529,-60,11.75,False,True,1,8,True,True,True,True,0x08A7,0x08A7,93,False,0,1,False,0,0,41933,964000,450,41933,0,STANDBY,30,False,False,True,True,True,True,True,False,True,True,False,False,False,False,False,False,3987,3.987,0,0,48.0879555,11.2959728,566.0,1.1,-0.54,172.17,480879555,112959728,5660,-54,110,17217,95716.0,30.96,0.0,-9.46341725,-0.0980665,0.81395195,-0.04014257279586958,-0.05235987755982989,-0.027925268031909273,-965,-10,83,-23,-30,-16,0,3096,1,False,False,False,False,False,False,False,False,5,0,0,0,-0.965,-0.01,0.083,0.9686144743911274,-2.3,-3.0,-1.6,1,1,0,1,1,0,0x007F,"GPS, IMU, BARO, CORAL, SD, LORA, EPS_ADC",0x0000,NONE,0,0,POWER_ON,0,NONE,0,1,ACCEPTED,9,RX_OK,0,0,1,2,PACKET_OK,7,0,0,7,270,1279,1.9516289005874723,seq=270 cloud=1.95% status=0x00,0e 01 ff 04 00 07 00
2026-07-28T11:42:09.910734+00:00,1785238929.910734,-64,12.0,False,True,1,8,True,True,True,True,0xF461,0xF461,94,False,0,1,False,0,0,41933,975000,360,41933,0,STANDBY,30,False,False,True,True,True,True,True,False,True,True,False,False,False,False,False,False,3971,3.971,0,0,48.0879555,11.2959728,566.0,1.1,-0.54,172.17,480879555,112959728,5660,-54,110,17217,95715.0,30.98,0.1,-9.9635564,0.6962721499999999,1.4415775499999999,-0.010471975511965976,-0.0017453292519943296,-0.020943951023931952,-1016,71,147,-6,-1,-12,1,3098,1,False,False,False,False,False,False,False,False,5,0,0,0,-1.016,0.071,0.147,1.0290315835774917,-0.6,-0.1,-1.2,1,1,0,1,1,0,0x007F,"GPS, IMU, BARO, CORAL, SD, LORA, EPS_ADC",0x0000,NONE,0,0,POWER_ON,0,NONE,0,1,ACCEPTED,9,RX_OK,0,0,1,2,PACKET_OK,7,0,0,0,271,255,0.38910505836575876,seq=271 cloud=0.39% status=0x00,0f 01 ff 00 00 00 00
2026-07-28T11:42:20.389616+00:00,1785238940.389616,-59,12.25,False,True,1,8,True,True,True,True,0xB93F,0xB93F,95,False,0,1,False,0,0,41933,985000,292,41933,0,STANDBY,30,False,False,True,True,True,True,True,False,True,True,False,False,False,False,False,False,3984,3.984,0,0,48.0879555,11.2959728,566.0,1.1,-0.54,172.17,480879555,112959728,5660,-54,110,17217,95715.0,31.0,0.1,-9.7281968,0.0,0.48052585,-0.0645771823237902,-0.11344640137963143,-0.07679448708775051,-992,0,49,-37,-65,-44,1,3100,1,False,False,False,False,False,False,False,False,5,0,0,0,-0.992,0.0,0.049,0.9932094441757991,-3.7,-6.5,-4.4,1,1,0,1,1,0,0x007F,"GPS, IMU, BARO, CORAL, SD, LORA, EPS_ADC",0x0000,NONE,0,0,POWER_ON,0,NONE,0,1,ACCEPTED,9,RX_OK,0,0,1,2,PACKET_OK,7,0,0,10,271,255,0.38910505836575876,seq=271 cloud=0.39% status=0x00,0f 01 ff 00 00 0a 00
2026-07-28T11:42:30.699037+00:00,1785238950.699037,-66,11.25,False,True,1,8,True,True,True,True,0xDA29,0xDA29,96,False,0,1,False,0,0,41933,995000,39,41933,0,STANDBY,30,False,False,True,True,True,True,True,False,True,True,False,False,False,False,False,False,3987,3.987,0,0,48.0879555,11.2959728,566.0,1.1,-0.54,172.17,480879555,112959728,5660,-54,110,17217,95718.0,31.02,-0.2,-9.26728425,0.26477955,2.1378497,-0.06283185307179587,0.006981317007977318,-0.07504915783575616,-945,27,218,-36,4,-43,-2,3102,1,False,False,False,False,False,False,False,False,5,0,0,0,-0.945,0.027,0.218,0.9701948257953141,-3.6,0.4,-4.3,1,1,0,1,1,0,0x007F,"GPS, IMU, BARO, CORAL, SD, LORA, EPS_ADC",0x0000,NONE,0,0,POWER_ON,0,NONE,0,1,ACCEPTED,9,RX_OK,0,0,1,2,PACKET_OK,7,0,0,3,272,255,0.38910505836575876,seq=272 cloud=0.39% status=0x00,10 01 ff 00 00 03 00
2026-07-28T11:42:41.024452+00:00,1785238961.024452,-65,11.75,False,True,1,8,True,True,True,True,0x1673,0x1673,97,False,0,1,False,0,0,41933,1006000,44,41933,0,STANDBY,30,False,False,True,True,True,True,True,False,True,True,False,False,False,False,False,False,3987,3.987,0,0,48.0879555,11.2959728,566.0,1.1,-0.54,172.17,480879555,112959728,5660,-54,110,17217,95720.0,31.03,-0.3,-9.1005712,0.3138128,1.7553903499999999,-0.03316125578789226,0.04014257279586958,-0.06283185307179587,-928,32,179,-19,23,-36,-3,3103,1,False,False,False,False,False,False,False,False,5,0,0,0,-0.928,0.032,0.179,0.9456473972892857,-1.9,2.3,-3.6,1,1,0,1,1,0,0x007F,"GPS, IMU, BARO, CORAL, SD, LORA, EPS_ADC",0x0000,NONE,0,0,POWER_ON,0,NONE,0,1,ACCEPTED,9,RX_OK,0,0,1,2,PACKET_OK,7,0,0,13,272,255,0.38910505836575876,seq=272 cloud=0.39% status=0x00,10 01 ff 00 00 0d 00
2026-07-28T11:42:51.613383+00:00,1785238971.613383,-62,12.25,False,True,1,8,True,True,True,True,0x991D,0x991D,98,False,0,1,False,0,0,41933,1016000,38,41933,0,STANDBY,30,False,False,True,True,True,True,True,False,True,True,False,False,False,False,False,False,3993,3.993,0,0,48.0879555,11.2959728,566.0,1.1,-0.54,172.17,480879555,112959728,5660,-54,110,17217,95725.0,31.04,-0.5,-9.218250999999999,-0.55897905,3.3146477,0.019198621771937627,-0.054105206811824215,0.024434609527920613,-940,-57,338,11,-31,14,-5,3104,1,False,False,False,False,False,False,False,False,5,0,0,0,-0.94,-0.057,0.338,1.0005463507504289,1.1,-3.1,1.4,1,1,0,1,1,0,0x007F,"GPS, IMU, BARO, CORAL, SD, LORA, EPS_ADC",0x0000,NONE,0,0,POWER_ON,0,NONE,0,1,ACCEPTED,9,RX_OK,0,0,1,2,PACKET_OK,7,0,0,6,273,255,0.38910505836575876,seq=273 cloud=0.39% status=0x00,11 01 ff 00 00 06 00
2026-07-28T11:43:03.124932+00:00,1785238983.124932,-62,12.25,False,True,1,8,True,True,True,True,0x3920,0x3920,99,False,0,1,False,0,0,41933,1028000,872,41933,0,STANDBY,30,False,False,True,True,True,True,True,False,True,True,False,False,False,False,False,False,3968,3.968,0,0,48.0879555,11.2959728,566.0,1.1,-0.54,172.17,480879555,112959728,5660,-54,110,17217,95721.0,31.05,-0.1,-10.198916,-0.26477955,5.20733115,-0.010471975511965976,-0.08203047484373349,-0.12740903539558607,-1040,-27,531,-6,-47,-73,-1,3105,1,False,False,False,False,False,False,False,False,5,0,0,0,-1.04,-0.027,0.531,1.1680282530829467,-0.6,-4.7,-7.3,1,1,0,1,1,0,0x007F,"GPS, IMU, BARO, CORAL, SD, LORA, EPS_ADC",0x0000,NONE,0,0,POWER_ON,0,NONE,0,1,ACCEPTED,9,RX_OK,0,0,1,2,PACKET_OK,7,0,0,0,274,511,0.7797360189211872,seq=274 cloud=0.78% status=0x00,12 01 ff 01 00 00 00
2026-07-28T11:43:13.492128+00:00,1785238993.492128,-61,12.0,False,True,1,8,True,True,True,True,0x8B03,0x8B03,100,False,0,1,False,0,0,41933,1038000,224,41933,0,STANDBY,30,False,False,True,True,True,True,True,False,True,True,False,False,False,False,False,False,3974,3.974,0,0,48.0879555,11.2959728,566.0,1.1,-0.54,172.17,480879555,112959728,5660,-54,110,17217,95722.0,31.07,-0.2,-9.16921775,-0.5295591,3.1185147,-0.015707963267948967,0.006981317007977318,-0.008726646259971648,-935,-54,318,-9,4,-5,-2,3107,1,False,False,False,False,False,False,False,False,5,0,0,0,-0.935,-0.054,0.318,0.9890727981296423,-0.9,0.4,-0.5,1,1,0,1,1,0,0x007F,"GPS, IMU, BARO, CORAL, SD, LORA, EPS_ADC",0x0000,NONE,0,0,POWER_ON,0,NONE,0,1,ACCEPTED,9,RX_OK,0,0,1,2,PACKET_OK,7,0,0,11,274,511,0.7797360189211872,seq=274 cloud=0.78% status=0x00,12 01 ff 01 00 0b 00
2026-07-28T11:43:23.793676+00:00,1785239003.793676,-61,12.25,False,True,1,8,True,True,True,True,0xF689,0xF689,101,False,0,1,False,0,0,41933,1048000,68,41933,0,STANDBY,30,False,False,True,True,True,True,True,False,True,True,False,False,False,False,False,False,3984,3.984,0,0,48.0879555,11.2959728,566.0,1.1,-0.54,172.17,480879555,112959728,5660,-54,110,17217,95719.0,31.07,0.1,-9.1594111,-0.10787314999999999,2.26533615,-0.0471238898038469,0.0,-0.048869219055841226,-934,-11,231,-27,0,-28,1,3107,1,False,False,False,False,False,False,False,False,5,0,0,0,-0.934,-0.011,0.231,0.9622047599133982,-2.7,0.0,-2.8,1,1,0,1,1,0,0x007F,"GPS, IMU, BARO, CORAL, SD, LORA, EPS_ADC",0x0000,NONE,0,0,POWER_ON,0,NONE,0,1,ACCEPTED,9,RX_OK,0,0,1,2,PACKET_OK,7,0,0,3,275,767,1.1703669794766156,seq=275 cloud=1.17% status=0x00,13 01 ff 02 00 03 00
2026-07-28T11:43:34.066294+00:00,1785239014.066294,-63,12.0,False,True,1,8,True,True,True,True,0x4EB2,0x4EB2,102,False,0,1,False,0,0,41933,1059000,3,41933,0,STANDBY,30,False,False,True,True,True,True,True,False,True,True,False,False,False,False,False,False,3980,3.98,0,0,48.0879555,11.2959728,566.0,1.1,-0.54,172.17,480879555,112959728,5660,-54,110,17217,95717.0,31.08,0.0,-9.52225715,-0.0588399,2.20649625,0.022689280275926284,-0.03490658503988659,-0.031415926535897934,-971,-6,225,13,-20,-18,0,3108,1,False,False,False,False,False,False,False,False,5,0,0,0,-0.971,-0.006,0.225,0.9967457047813149,1.3,-2.0,-1.8,1,1,0,1,1,0,0x007F,"GPS, IMU, BARO, CORAL, SD, LORA, EPS_ADC",0x0000,NONE,0,0,POWER_ON,0,NONE,0,1,ACCEPTED,9,RX_OK,0,0,1,2,PACKET_OK,7,0,0,14,275,767,1.1703669794766156,seq=275 cloud=1.17% status=0x00,13 01 ff 02 00 0e 00
2026-07-28T11:43:44.624818+00:00,1785239024.624818,-63,12.0,False,True,1,8,True,True,True,True,0x43CC,0x43CC,103,False,0,1,False,0,0,41933,1069000,52,41933,0,STANDBY,30,False,False,True,True,True,True,True,False,True,True,False,False,False,False,False,False,3977,3.977,0,0,48.0879555,11.2959728,566.0,1.1,-0.54,172.17,480879555,112959728,5660,-54,110,17217,95714.0,31.1,0.1,-9.46341725,-0.5295591,2.28494945,0.0017453292519943296,-0.015707963267948967,-0.04537856055185257,-965,-54,233,1,-9,-26,1,3110,1,False,False,False,False,False,False,False,False,5,0,0,0,-0.965,-0.054,0.233,0.9941981693807327,0.1,-0.9,-2.6,1,1,0,1,1,0,0x007F,"GPS, IMU, BARO, CORAL, SD, LORA, EPS_ADC",0x0000,NONE,0,0,POWER_ON,0,NONE,0,1,ACCEPTED,9,RX_OK,0,0,1,2,PACKET_OK,7,0,0,7,276,1791,2.732890821698329,seq=276 cloud=2.73% status=0x00,14 01 ff 06 00 07 00
2026-07-28T11:43:55.714166+00:00,1785239035.714166,-58,12.5,False,True,1,8,True,True,True,True,0xAFEE,0xAFEE,104,False,0,1,False,0,0,41933,1080000,294,41933,0,STANDBY,30,False,False,True,True,True,True,True,False,True,True,False,False,False,False,False,False,3977,3.977,0,0,48.0879555,11.2959728,566.0,1.1,-0.54,172.17,480879555,112959728,5660,-54,110,17217,95714.0,31.11,0.2,-8.95347145,0.1372931,0.81395195,-0.10122909661567112,0.09599310885968812,0.0471238898038469,-913,14,83,-58,55,27,2,3111,1,False,False,False,False,False,False,False,False,5,0,0,0,-0.913,0.014,0.083,0.9168718558228298,-5.8,5.5,2.7,1,1,0,1,1,0,0x007F,"GPS, IMU, BARO, CORAL, SD, LORA, EPS_ADC",0x0000,NONE,0,0,POWER_ON,0,NONE,0,1,ACCEPTED,9,RX_OK,0,0,1,2,PACKET_OK,7,0,0,0,277,767,1.1703669794766156,seq=277 cloud=1.17% status=0x00,15 01 ff 02 00 00 00
2026-07-28T11:44:06.010460+00:00,1785239046.01046,-56,12.25,False,True,1,8,True,True,True,True,0x2766,0x2766,105,False,0,1,False,0,0,41933,1091000,92,41933,0,STANDBY,30,False,False,True,True,True,True,True,False,True,True,False,False,False,False,False,False,3993,3.993,0,0,48.0879555,11.2959728,566.0,1.1,-0.54,172.17,480879555,112959728,5660,-54,110,17217,95712.0,31.12,0.4,-9.81645665,-0.28439285,1.06892485,0.015707963267948967,-0.024434609527920613,-0.048869219055841226,-1001,-29,109,9,-14,-28,4,3112,1,False,False,False,False,False,False,False,False,5,0,0,0,-1.001,-0.029,0.109,1.0073346018081577,0.9,-1.4,-2.8,1,1,0,1,1,0,0x007F,"GPS, IMU, BARO, CORAL, SD, LORA, EPS_ADC",0x0000,NONE,0,0,POWER_ON,0,NONE,0,1,ACCEPTED,9,RX_OK,0,0,1,2,PACKET_OK,7,0,0,10,277,767,1.1703669794766156,seq=277 cloud=1.17% status=0x00,15 01 ff 02 00 0a 00
2026-07-28T11:44:16.307899+00:00,1785239056.307899,-61,9.5,False,True,1,8,True,True,True,True,0x6D5D,0x6D5D,106,False,0,1,False,0,0,41933,1101000,74,41933,0,STANDBY,30,False,False,True,True,True,True,True,False,True,True,False,False,False,False,False,False,3987,3.987,0,0,48.0879555,11.2959728,566.0,1.1,-0.54,172.17,480879555,112959728,5660,-54,110,17217,95714.0,31.14,0.2,-9.42419065,-0.00980665,1.2552512,-0.008726646259971648,0.015707963267948967,-0.05759586531581287,-961,-1,128,-5,9,-33,2,3114,1,False,False,False,False,False,False,False,False,5,0,0,0,-0.961,-0.001,0.128,0.969487493472711,-0.5,0.9,-3.3,1,1,0,1,1,0,0x007F,"GPS, IMU, BARO, CORAL, SD, LORA, EPS_ADC",0x0000,NONE,0,0,POWER_ON,0,NONE,0,1,ACCEPTED,9,RX_OK,0,0,1,2,PACKET_OK,7,0,0,3,278,4351,6.6392004272526135,seq=278 cloud=6.64% status=0x00,16 01 ff 10 00 03 00
2026-07-28T11:44:26.619492+00:00,1785239066.619492,-64,12.5,False,True,1,8,True,True,True,True,0x9024,0x9024,107,False,0,1,False,0,0,41933,1111000,44,41933,0,STANDBY,30,False,False,True,True,True,True,True,False,True,True,False,False,False,False,False,False,3990,3.99,0,0,48.0879555,11.2959728,566.0,1.1,-0.54,172.17,480879555,112959728,5660,-54,110,17217,95717.0,31.14,-0.2,-9.326124149999998,-0.06864655,2.3928225999999997,-0.0715584993317675,-0.06981317007977318,-0.07330382858376185,-951,-7,244,-41,-40,-42,-2,3114,1,False,False,False,False,False,False,False,False,5,0,0,0,-0.951,-0.007,0.244,0.9818278871574182,-4.1,-4.0,-4.2,1,1,0,1,1,0,0x007F,"GPS, IMU, BARO, CORAL, SD, LORA, EPS_ADC",0x0000,NONE,0,0,POWER_ON,0,NONE,0,1,ACCEPTED,9,RX_OK,0,0,1,2,PACKET_OK,7,0,0,13,278,4351,6.6392004272526135,seq=278 cloud=6.64% status=0x00,16 01 ff 10 00 0d 00
2026-07-28T11:44:36.925382+00:00,1785239076.925382,-61,12.0,False,True,1,8,True,True,True,True,0x5CF7,0x5CF7,108,False,0,1,False,0,0,41933,1122000,25,41933,0,STANDBY,30,False,False,True,True,True,True,True,False,True,True,False,False,False,False,False,False,3980,3.98,0,0,48.0879555,11.2959728,566.0,1.1,-0.54,172.17,480879555,112959728,5660,-54,110,17217,95709.0,31.14,0.3,-9.483030549999999,-0.53936575,-0.02941995,0.024434609527920613,0.3944444109507185,0.038397243543875255,-967,-55,-3,14,226,22,3,3114,1,False,False,False,False,False,False,False,False,5,0,0,0,-0.967,-0.055,-0.003,0.9685674989385097,1.4,22.6,2.2,1,1,0,1,1,0,0x007F,"GPS, IMU, BARO, CORAL, SD, LORA, EPS_ADC",0x0000,NONE,0,0,POWER_ON,0,NONE,0,1,ACCEPTED,9,RX_OK,0,0,1,2,PACKET_OK,7,0,0,6,279,1791,2.732890821698329,seq=279 cloud=2.73% status=0x00,17 01 ff 06 00 06 00
2026-07-28T11:44:47.231963+00:00,1785239087.231963,-67,12.0,False,True,1,8,True,True,True,True,0xD2A9,0xD2A9,109,False,0,1,False,0,0,41933,1132000,62,41933,0,STANDBY,30,False,False,True,True,True,True,True,False,True,True,False,False,False,False,False,False,3977,3.977,0,0,48.0879555,11.2959728,566.0,1.1,-0.54,172.17,480879555,112959728,5660,-54,110,17217,95707.0,31.16,0.3,-8.89463155,0.0,3.1087080499999997,-0.05585053606381855,-0.04537856055185257,-0.0645771823237902,-907,0,317,-32,-26,-37,3,3116,1,False,False,False,False,False,False,False,False,5,0,0,0,-0.907,0.0,0.317,0.9608007077432864,-3.2,-2.6,-3.7,1,1,0,1,1,0,0x007F,"GPS, IMU, BARO, CORAL, SD, LORA, EPS_ADC",0x0000,NONE,0,0,POWER_ON,0,NONE,0,1,ACCEPTED,9,RX_OK,0,0,1,2,PACKET_OK,7,0,0,16,279,1791,2.732890821698329,seq=279 cloud=2.73% status=0x00,17 01 ff 06 00 10 00
2026-07-28T11:44:57.529854+00:00,1785239097.529854,-65,11.25,False,True,1,8,True,True,True,True,0x24A9,0x24A9,110,False,0,1,False,0,0,41933,1142000,60,41933,0,STANDBY,30,False,False,True,True,True,True,True,False,True,True,False,False,False,False,False,False,3993,3.993,0,0,48.0879555,11.2959728,566.0,1.1,-0.54,172.17,480879555,112959728,5660,-54,110,17217,95708.0,31.15,0.1,-8.46313895,0.0392266,3.8049801999999997,-0.006981317007977318,-0.017453292519943295,-0.11344640137963143,-863,4,388,-4,-10,-65,1,3115,1,False,False,False,False,False,False,False,False,5,0,0,0,-0.863,0.004,0.388,0.946218262347541,-0.4,-1.0,-6.5,1,1,0,1,1,0,0x007F,"GPS, IMU, BARO, CORAL, SD, LORA, EPS_ADC",0x0000,NONE,0,0,POWER_ON,0,NONE,0,1,ACCEPTED,9,RX_OK,0,0,1,2,PACKET_OK,7,0,0,9,280,2559,3.9047837033646142,seq=280 cloud=3.90% status=0x00,18 01 ff 09 00 09 00
2026-07-28T11:45:07.824646+00:00,1785239107.824646,-73,12.5,False,True,1,8,True,True,True,True,0x27CB,0x27CB,111,False,0,1,False,0,0,41933,1152000,72,41933,0,STANDBY,30,False,False,True,True,True,True,True,False,True,True,False,False,False,False,False,False,3984,3.984,0,0,48.0879555,11.2959728,566.0,1.1,-0.54,172.17,480879555,112959728,5660,-54,110,17217,95708.0,31.14,0.1,-8.67888525,-0.3334261,4.4522191,0.026179938779914945,0.05585053606381855,-0.020943951023931952,-885,-34,454,15,32,-12,1,3114,1,False,False,False,False,False,False,False,False,5,0,0,0,-0.885,-0.034,0.454,0.9952371576664529,1.5,3.2,-1.2,1,1,0,1,1,0,0x007F,"GPS, IMU, BARO, CORAL, SD, LORA, EPS_ADC",0x0000,NONE,0,0,POWER_ON,0,NONE,0,1,ACCEPTED,9,RX_OK,0,0,1,2,PACKET_OK,7,0,0,1,281,9471,14.451819638361181,seq=281 cloud=14.45% status=0x00,19 01 ff 24 00 01 00
2026-07-28T11:45:18.117306+00:00,1785239118.117306,-58,12.5,False,True,1,8,True,True,True,True,0xA5B3,0xA5B3,112,False,0,1,False,0,0,41933,1163000,92,41933,0,STANDBY,30,False,False,True,True,True,True,True,False,True,True,False,False,False,False,False,False,3987,3.987,0,0,48.0879555,11.2959728,566.0,1.1,-0.54,172.17,480879555,112959728,5660,-54,110,17217,95714.0,31.15,-0.4,-9.67916355,-0.46091255,1.0198915999999998,-0.05061454830783556,-0.12042771838760874,-0.0942477796076938,-987,-47,104,-29,-69,-54,-4,3115,1,False,False,False,False,False,False,False,False,5,0,0,0,-0.987,-0.047,0.104,0.9935763684790415,-2.9,-6.9,-5.4,1,1,0,1,1,0,0x007F,"GPS, IMU, BARO, CORAL, SD, LORA, EPS_ADC",0x0000,NONE,0,0,POWER_ON,0,NONE,0,1,ACCEPTED,9,RX_OK,0,0,1,2,PACKET_OK,7,0,0,12,281,9471,14.451819638361181,seq=281 cloud=14.45% status=0x00,19 01 ff 24 00 0c 00
2026-07-28T11:45:28.428411+00:00,1785239128.428411,-57,12.25,False,True,1,8,True,True,True,True,0x2A7A,0x2A7A,113,False,0,1,False,0,0,41933,1173000,4,41933,0,STANDBY,30,False,False,True,True,True,True,True,False,True,True,False,False,False,False,False,False,3987,3.987,0,0,48.0879555,11.2959728,566.0,1.1,-0.54,172.17,480879555,112959728,5660,-54,110,17217,95710.0,31.15,0.1,-9.502643849999998,-0.21574629999999997,0.7649187,-0.022689280275926284,-0.0017453292519943296,-0.024434609527920613,-969,-22,78,-13,-1,-14,1,3115,1,False,False,False,False,False,False,False,False,5,0,0,0,-0.969,-0.022,0.078,0.9723831549343088,-1.3,-0.1,-1.4,1,1,0,1,1,0,0x007F,"GPS, IMU, BARO, CORAL, SD, LORA, EPS_ADC",0x0000,NONE,0,0,POWER_ON,0,NONE,0,1,ACCEPTED,9,RX_OK,0,0,1,2,PACKET_OK,7,0,0,5,282,3327,5.076676585030899,seq=282 cloud=5.08% status=0x00,1a 01 ff 0c 00 05 00
2026-07-28T11:45:38.789821+00:00,1785239138.789821,-69,11.75,False,True,1,8,True,True,True,True,0x54BA,0x54BA,114,False,0,1,False,0,0,41933,1183000,217,41933,0,STANDBY,30,False,False,True,True,True,True,True,False,True,True,False,False,False,False,False,False,3993,3.993,0,0,48.0879555,11.2959728,566.0,1.1,-0.54,172.17,480879555,112959728,5660,-54,110,17217,95717.0,31.16,-0.4,-9.54187045,-0.34323275000000003,1.3533177,-0.019198621771937627,0.20769418098732523,-0.05061454830783556,-973,-35,138,-11,119,-29,-4,3116,1,False,False,False,False,False,False,False,False,5,0,0,0,-0.973,-0.035,0.138,0.9833605645946963,-1.1,11.9,-2.9,1,1,0,1,1,0,0x007F,"GPS, IMU, BARO, CORAL, SD, LORA, EPS_ADC",0x0000,NONE,0,0,POWER_ON,0,NONE,0,1,ACCEPTED,9,RX_OK,0,0,1,2,PACKET_OK,7,0,0,15,282,3327,5.076676585030899,seq=282 cloud=5.08% status=0x00,1a 01 ff 0c 00 0f 00
2026-07-28T11:45:49.091164+00:00,1785239149.091164,-60,11.0,False,True,1,8,True,True,True,True,0xCBE3,0xCBE3,115,False,0,1,False,0,0,41933,1194000,62,41933,0,STANDBY,30,False,False,True,True,True,True,True,False,True,True,False,False,False,False,False,False,4003,4.003,0,0,48.0879555,11.2959728,566.0,1.1,-0.54,172.17,480879555,112959728,5660,-54,110,17217,95713.0,31.17,0.0,-9.502643849999998,-0.24516625,1.0395048999999998,-0.013962634015954637,0.09599310885968812,-0.024434609527920613,-969,-25,106,-8,55,-14,0,3117,1,False,False,False,False,False,False,False,False,5,0,0,0,-0.969,-0.025,0.106,0.9751010204076294,-0.8,5.5,-1.4,1,1,0,1,1,0,0x007F,"GPS, IMU, BARO, CORAL, SD, LORA, EPS_ADC",0x0000,NONE,0,0,POWER_ON,0,NONE,0,1,ACCEPTED,9,RX_OK,0,0,1,2,PACKET_OK,7,0,0,1,283,511,0.7797360189211872,seq=283 cloud=0.78% status=0x00,1b 01 ff 01 00 01 00
2026-07-28T11:45:59.391119+00:00,1785239159.391119,-61,11.5,False,True,1,8,True,True,True,True,0x2543,0x2543,116,False,0,1,False,0,0,41933,1204000,5,41933,0,STANDBY,30,False,False,True,True,True,True,True,False,True,True,False,False,False,False,False,False,3977,3.977,0,0,48.0879555,11.2959728,566.0,1.1,-0.54,172.17,480879555,112959728,5660,-54,110,17217,95718.0,31.18,-0.1,-9.502643849999998,-0.4118793,1.0198915999999998,0.0,0.005235987755982988,-0.015707963267948967,-969,-42,104,0,3,-9,-1,3118,1,False,False,False,False,False,False,False,False,5,0,0,0,-0.969,-0.042,0.104,0.9754696304857471,0.0,0.3,-0.9,1,1,0,1,1,0,0x007F,"GPS, IMU, BARO, CORAL, SD, LORA, EPS_ADC",0x0000,NONE,0,0,POWER_ON,0,NONE,0,1,ACCEPTED,9,RX_OK,0,0,1,2,PACKET_OK,7,0,0,11,283,511,0.7797360189211872,seq=283 cloud=0.78% status=0x00,1b 01 ff 01 00 0b 00
2026-07-28T11:46:09.908261+00:00,1785239169.908261,-56,12.0,False,True,1,8,True,True,True,True,0x9214,0x9214,117,False,0,1,False,0,0,41933,1214000,47,41933,0,STANDBY,30,False,False,True,True,True,True,True,False,True,True,False,False,False,False,False,False,3984,3.984,0,0,48.0879555,11.2959728,566.0,1.1,-0.54,172.17,480879555,112959728,5660,-54,110,17217,95720.0,31.18,-0.2,-9.9439431,-0.29419949999999995,0.8825985,0.0017453292519943296,-0.06283185307179587,0.04014257279586958,-1014,-30,90,1,-36,23,-2,3118,1,False,False,False,False,False,False,False,False,5,0,0,0,-1.014,-0.03,0.09,1.0184282007093086,0.1,-3.6,2.3,1,1,0,1,1,0,0x007F,"GPS, IMU, BARO, CORAL, SD, LORA, EPS_ADC",0x0000,NONE,0,0,POWER_ON,0,NONE,0,1,ACCEPTED,9,RX_OK,0,0,1,2,PACKET_OK,7,0,0,4,284,7679,11.717402914473181,seq=284 cloud=11.72% status=0x00,1c 01 ff 1d 00 04 00
2026-07-28T11:46:20.206284+00:00,1785239180.206284,-58,12.0,False,True,1,8,True,True,True,True,0x986D,0x986D,118,False,0,1,False,0,0,41933,1225000,85,41933,0,STANDBY,30,False,False,True,True,True,True,True,False,True,True,False,False,False,False,False,False,4006,4.006,0,0,48.0879555,11.2959728,566.0,1.1,-0.54,172.17,480879555,112959728,5660,-54,110,17217,95714.0,31.19,0.3,-9.4536106,-0.6962721499999999,1.16699135,-0.005235987755982988,0.005235987755982988,-0.010471975511965976,-964,-71,119,-3,3,-6,3,3119,1,False,False,False,False,False,False,False,False,5,0,0,0,-0.964,-0.071,0.119,0.9739086199433702,-0.3,0.3,-0.6,1,1,0,1,1,0,0x007F,"GPS, IMU, BARO, CORAL, SD, LORA, EPS_ADC",0x0000,NONE,0,0,POWER_ON,0,NONE,0,1,ACCEPTED,9,RX_OK,0,0,1,2,PACKET_OK,7,0,0,14,284,7679,11.717402914473181,seq=284 cloud=11.72% status=0x00,1c 01 ff 1d 00 0e 00
2026-07-28T11:46:30.501705+00:00,1785239190.501705,-57,12.25,False,True,1,8,True,True,True,True,0xD832,0xD832,119,False,0,1,False,0,0,41933,1235000,75,41933,0,STANDBY,30,False,False,True,True,True,True,True,False,True,True,False,False,False,False,False,False,3984,3.984,0,0,48.0879555,11.2959728,566.0,1.1,-0.54,172.17,480879555,112959728,5660,-54,110,17217,95716.0,31.21,0.1,-9.414383999999998,-0.4118793,0.784532,-0.04014257279586958,0.0,-0.006981317007977318,-960,-42,80,-23,0,-4,1,3121,1,False,False,False,False,False,False,False,False,5,0,0,0,-0.96,-0.042,0.08,0.9642427080356895,-2.3,0.0,-0.4,1,1,0,1,1,0,0x007F,"GPS, IMU, BARO, CORAL, SD, LORA, EPS_ADC",0x0000,NONE,0,0,POWER_ON,0,NONE,0,1,ACCEPTED,9,RX_OK,0,0,1,2,PACKET_OK,7,0,0,7,285,2559,3.9047837033646142,seq=285 cloud=3.90% status=0x00,1d 01 ff 09 00 07 00
2026-07-28T11:46:40.780692+00:00,1785239200.780692,-59,12.0,False,True,1,8,True,True,True,True,0xEAEA,0xEAEA,120,False,0,1,False,0,0,41933,1245000,19,41933,0,STANDBY,30,False,False,True,True,True,True,True,False,True,True,False,False,False,False,False,False,3987,3.987,0,0,48.0879555,11.2959728,566.0,1.1,-0.54,172.17,480879555,112959728,5660,-54,110,17217,95713.0,31.21,0.2,-8.669078599999999,-0.02941995,1.46119085,0.027925268031909273,0.008726646259971648,-0.031415926535897934,-884,-3,149,16,5,-18,2,3121,1,False,False,False,False,False,False,False,False,5,0,0,0,-0.884,-0.003,0.149,0.8964742048715066,1.6,0.5,-1.8,1,1,0,1,1,0,0x007F,"GPS, IMU, BARO, CORAL, SD, LORA, EPS_ADC",0x0000,NONE,0,0,POWER_ON,0,NONE,0,1,ACCEPTED,9,RX_OK,0,0,1,2,PACKET_OK,7,0,0,0,286,6399,9.764248111696041,seq=286 cloud=9.76% status=0x00,1e 01 ff 18 00 00 00
2026-07-28T11:46:51.095876+00:00,1785239211.095876,-59,11.5,False,True,1,8,True,True,True,True,0xAB1A,0xAB1A,121,False,0,1,False,0,0,41933,1256000,25,41933,0,STANDBY,30,False,False,True,True,True,True,True,False,True,True,False,False,False,False,False,False,3984,3.984,0,0,48.0879555,11.2959728,566.0,1.1,-0.54,172.17,480879555,112959728,5660,-54,110,17217,95712.0,31.22,0.2,-9.924329799999999,-0.0588399,0.77472535,-0.026179938779914945,0.022689280275926284,-0.010471975511965976,-1012,-6,79,-15,13,-6,2,3122,1,False,False,False,False,False,False,False,False,5,0,0,0,-1.012,-0.006,0.079,1.0150965471323403,-1.5,1.3,-0.6,1,1,0,1,1,0,0x007F,"GPS, IMU, BARO, CORAL, SD, LORA, EPS_ADC",0x0000,NONE,0,0,POWER_ON,0,NONE,0,1,ACCEPTED,9,RX_OK,0,0,1,2,PACKET_OK,7,0,0,10,286,6399,9.764248111696041,seq=286 cloud=9.76% status=0x00,1e 01 ff 18 00 0a 00
2026-07-28T11:47:01.406434+00:00,1785239221.406434,-60,11.75,False,True,1,8,True,True,True,True,0xC092,0xC092,122,False,0,1,False,0,0,41933,1266000,25,41933,0,STANDBY,30,False,False,True,True,True,True,True,False,True,True,False,False,False,False,False,False,3974,3.974,0,0,48.0879555,11.2959728,566.0,1.1,-0.54,172.17,480879555,112959728,5660,-54,110,17217,95714.0,31.23,0.0,-9.483030549999999,-0.4118793,0.17651969999999997,-0.041887902047863905,-0.010471975511965976,-0.04014257279586958,-967,-42,18,-24,-6,-23,0,3123,1,False,False,False,False,False,False,False,False,5,0,0,0,-0.967,-0.042,0.018,0.968079025699865,-2.4,-0.6,-2.3,1,1,0,1,1,0,0x007F,"GPS, IMU, BARO, CORAL, SD, LORA, EPS_ADC",0x0000,NONE,0,0,POWER_ON,0,NONE,0,1,ACCEPTED,9,RX_OK,0,0,1,2,PACKET_OK,7,0,0,3,287,5375,8.201724269474326,seq=287 cloud=8.20% status=0x00,1f 01 ff 14 00 03 00
2026-07-28T11:47:11.940191+00:00,1785239231.940191,-57,12.0,False,True,1,8,True,True,True,True,0xF7DE,0xF7DE,123,False,0,1,False,0,0,41933,1276000,307,41933,0,STANDBY,30,False,False,True,True,True,True,True,False,True,True,False,False,False,False,False,False,3996,3.996,0,0,48.0879555,11.2959728,566.0,1.1,-0.54,172.17,480879555,112959728,5660,-54,110,17217,95720.0,31.25,-0.4,-9.52225715,-1.14737805,0.4903325,-0.026179938779914945,0.013962634015954637,-0.05585053606381855,-971,-117,50,-15,8,-32,-4,3125,1,False,False,False,False,False,False,False,False,5,0,0,0,-0.971,-0.117,0.05,0.9793007709585446,-1.5,0.8,-3.2,1,1,0,1,1,0,0x007F,"GPS, IMU, BARO, CORAL, SD, LORA, EPS_ADC",0x0000,NONE,0,0,POWER_ON,0,NONE,0,1,ACCEPTED,9,RX_OK,0,0,1,2,PACKET_OK,7,0,0,13,287,5375,8.201724269474326,seq=287 cloud=8.20% status=0x00,1f 01 ff 14 00 0d 00
2026-07-28T11:47:22.362460+00:00,1785239242.36246,-55,11.5,False,True,1,8,True,True,True,True,0xDDB3,0xDDB3,124,False,0,1,False,0,0,41933,1287000,226,41933,0,STANDBY,30,False,False,True,True,True,True,True,False,True,True,False,False,False,False,False,False,3993,3.993,0,0,48.0879555,11.2959728,566.0,1.1,-0.54,172.17,480879555,112959728,5660,-54,110,17217,95714.0,31.25,0.3,-9.63993695,-0.77472535,0.28439285,-0.013962634015954637,-0.020943951023931952,-0.08028514559173916,-983,-79,29,-8,-12,-46,3,3125,1,False,False,False,False,False,False,False,False,5,0,0,0,-0.983,-0.079,0.029,0.9865956618595076,-0.8,-1.2,-4.6,1,1,0,1,1,0,0x007F,"GPS, IMU, BARO, CORAL, SD, LORA, EPS_ADC",0x0000,NONE,0,0,POWER_ON,0,NONE,0,1,ACCEPTED,9,RX_OK,0,0,1,2,PACKET_OK,7,0,0,6,288,255,0.38910505836575876,seq=288 cloud=0.39% status=0x00,20 01 ff 00 00 06 00
2026-07-28T11:47:33.014208+00:00,1785239253.014208,-55,12.0,False,True,1,8,True,True,True,True,0x24E0,0x24E0,125,False,0,1,False,0,0,41933,1297000,99,41933,0,STANDBY,30,False,False,True,True,True,True,True,False,True,True,False,False,False,False,False,False,3996,3.996,0,0,48.0879555,11.2959728,566.0,1.1,-0.54,172.17,480879555,112959728,5660,-54,110,17217,95720.0,31.26,-0.2,-9.561483749999999,-1.2846711499999999,-0.1372931,-0.024434609527920613,0.020943951023931952,-0.03316125578789226,-975,-131,-14,-14,12,-19,-2,3126,1,False,False,False,False,False,False,False,False,5,0,0,0,-0.975,-0.131,-0.014,0.9838607625065652,-1.4,1.2,-1.9,1,1,0,1,1,0,0x007F,"GPS, IMU, BARO, CORAL, SD, LORA, EPS_ADC",0x0000,NONE,0,0,POWER_ON,0,NONE,0,1,ACCEPTED,9,RX_OK,0,0,1,2,PACKET_OK,7,0,0,16,288,255,0.38910505836575876,seq=288 cloud=0.39% status=0x00,20 01 ff 00 00 10 00
2026-07-28T11:47:43.654291+00:00,1785239263.654291,-53,12.0,False,True,1,8,True,True,True,True,0xD0C7,0xD0C7,126,False,0,1,False,0,0,41933,1308000,32,41933,0,STANDBY,30,False,False,True,True,True,True,True,False,True,True,False,False,False,False,False,False,3971,3.971,0,0,48.0879555,11.2959728,566.0,1.1,-0.54,172.17,480879555,112959728,5660,-54,110,17217,95712.0,31.27,0.3,-9.571290399999999,-1.5200307499999999,-0.3138128,-0.005235987755982988,0.0,-0.008726646259971648,-976,-155,-32,-3,0,-5,3,3127,1,False,False,False,False,False,False,False,False,5,0,0,0,-0.976,-0.155,-0.032,0.9887492098606198,-0.3,0.0,-0.5,1,1,0,1,1,0,0x007F,"GPS, IMU, BARO, CORAL, SD, LORA, EPS_ADC",0x0000,NONE,0,0,POWER_ON,0,NONE,0,1,ACCEPTED,9,RX_OK,0,0,1,2,PACKET_OK,7,0,0,10,289,767,1.1703669794766156,seq=289 cloud=1.17% status=0x00,21 01 ff 02 00 0a 00
2026-07-28T11:47:54.033689+00:00,1785239274.033689,-58,12.25,False,True,1,8,True,True,True,True,0xC17B,0xC17B,127,False,0,1,False,0,0,41933,1318000,243,41933,0,STANDBY,30,False,False,True,True,True,True,True,False,True,True,False,False,False,False,False,False,3984,3.984,0,0,48.0879555,11.2959728,566.0,1.1,-0.54,172.17,480879555,112959728,5660,-54,110,17217,95714.0,31.27,0.2,-9.6889702,-2.0005566,-0.0196133,0.019198621771937627,0.0942477796076938,0.027925268031909273,-988,-204,-2,11,54,16,2,3127,1,False,False,False,False,False,False,False,False,5,0,0,0,-0.988,-0.204,-0.002,1.0088429015461227,1.1,5.4,1.6,1,1,0,1,1,0,0x007F,"GPS, IMU, BARO, CORAL, SD, LORA, EPS_ADC",0x0000,NONE,0,0,POWER_ON,0,NONE,0,1,ACCEPTED,9,RX_OK,0,0,1,2,PACKET_OK,7,0,0,2,290,767,1.1703669794766156,seq=290 cloud=1.17% status=0x00,22 01 ff 02 00 02 00
2026-07-28T11:48:04.669334+00:00,1785239284.669334,-60,11.75,False,True,1,8,True,True,True,True,0x4E3E,0x4E3E,128,False,0,1,False,0,0,41933,1329000,286,41933,0,STANDBY,30,False,False,True,True,True,True,True,False,True,True,False,False,False,False,False,False,3996,3.996,0,0,48.0879555,11.2959728,566.0,1.1,-0.54,172.17,480879555,112959728,5660,-54,110,17217,95713.0,31.29,0.3,-9.6889702,-1.7259703999999998,0.0,-0.022689280275926284,0.04014257279586958,-0.04014257279586958,-988,-176,0,-13,23,-23,3,3129,1,False,False,False,False,False,False,False,False,5,0,0,0,-0.988,-0.176,0.0,1.003553685659118,-1.3,2.3,-2.3,1,1,0,1,1,0,0x007F,"GPS, IMU, BARO, CORAL, SD, LORA, EPS_ADC",0x0000,NONE,0,0,POWER_ON,0,NONE,0,1,ACCEPTED,9,RX_OK,0,0,1,2,PACKET_OK,7,0,0,13,290,767,1.1703669794766156,seq=290 cloud=1.17% status=0x00,22 01 ff 02 00 0d 00
2026-07-28T11:48:14.958041+00:00,1785239294.958041,-57,12.0,False,True,1,8,True,True,True,True,0xEAC2,0xEAC2,129,False,0,1,False,0,0,41933,1339000,82,41933,0,STANDBY,30,False,False,True,True,True,True,True,False,True,True,False,False,False,False,False,False,3990,3.99,0,0,48.0879555,11.2959728,566.0,1.1,-0.54,172.17,480879555,112959728,5660,-54,110,17217,95718.0,31.29,0.1,-9.5320638,-2.3437893499999998,-0.2353596,-0.006981317007977318,-0.04537856055185257,-0.026179938779914945,-972,-239,-24,-4,-26,-15,1,3129,1,False,False,False,False,False,False,False,False,5,0,0,0,-0.972,-0.239,-0.024,1.0012397315328632,-0.4,-2.6,-1.5,1,1,0,1,1,0,0x007F,"GPS, IMU, BARO, CORAL, SD, LORA, EPS_ADC",0x0000,NONE,0,0,POWER_ON,0,NONE,0,1,ACCEPTED,9,RX_OK,0,0,1,2,PACKET_OK,7,0,0,6,291,1279,1.9516289005874723,seq=291 cloud=1.95% status=0x00,23 01 ff 04 00 06 00
2026-07-28T11:48:25.429360+00:00,1785239305.42936,-55,11.75,False,True,1,8,True,True,True,True,0xBC07,0xBC07,130,False,0,1,False,0,0,41933,1350000,276,41933,0,STANDBY,30,False,False,True,True,True,True,True,False,True,True,False,False,False,False,False,False,3984,3.984,0,0,48.0879555,11.2959728,566.0,1.1,-0.54,172.17,480879555,112959728,5660,-54,110,17217,95717.0,31.3,0.1,-9.1594111,-2.0201699,-0.7943386499999999,-0.038397243543875255,0.038397243543875255,0.027925268031909273,-934,-206,-81,-22,22,16,1,3130,1,False,False,False,False,False,False,False,False,5,0,0,0,-0.934,-0.206,-0.081,0.9598713455458499,-2.2,2.2,1.6,1,1,0,1,1,0,0x007F,"GPS, IMU, BARO, CORAL, SD, LORA, EPS_ADC",0x0000,NONE,0,0,POWER_ON,0,NONE,0,1,ACCEPTED,9,RX_OK,0,0,1,2,PACKET_OK,7,0,0,16,291,1279,1.9516289005874723,seq=291 cloud=1.95% status=0x00,23 01 ff 04 00 10 00
2026-07-28T11:48:35.913773+00:00,1785239315.913773,-57,12.0,False,True,1,8,True,True,True,True,0xA97E,0xA97E,131,False,0,1,False,0,0,41933,1360000,225,41933,0,STANDBY,30,False,False,True,True,True,True,True,False,True,True,False,False,False,False,False,False,3984,3.984,0,0,48.0879555,11.2959728,566.0,1.1,-0.54,172.17,480879555,112959728,5660,-54,110,17217,95726.0,31.3,-0.7,-8.7083052,-1.4219642499999998,-0.43149259999999995,-0.026179938779914945,0.029670597283903602,0.03665191429188092,-888,-145,-44,-15,17,21,-7,3130,1,False,False,False,False,False,False,False,False,5,0,0,0,-0.888,-0.145,-0.044,0.9008357230927291,-1.5,1.7,2.1,1,1,0,1,1,0,0x007F,"GPS, IMU, BARO, CORAL, SD, LORA, EPS_ADC",0x0000,NONE,0,0,POWER_ON,0,NONE,0,1,ACCEPTED,9,RX_OK,0,0,1,2,PACKET_OK,7,0,0,9,292,2815,4.295414663920043,seq=292 cloud=4.30% status=0x00,24 01 ff 0a 00 09 00
2026-07-28T11:48:46.215298+00:00,1785239326.215298,-57,12.25,False,True,1,8,True,True,True,True,0xECA0,0xECA0,132,False,0,1,False,0,0,41933,1371000,62,41933,0,STANDBY,30,False,False,True,True,True,True,True,False,True,True,False,False,False,False,False,False,3984,3.984,0,0,48.0879555,11.2959728,566.0,1.1,-0.54,172.17,480879555,112959728,5660,-54,110,17217,95715.0,31.31,0.2,-9.6301303,-1.1571847,0.3138128,-0.013962634015954637,0.005235987755982988,-0.031415926535897934,-982,-118,32,-8,3,-18,2,3131,1,False,False,False,False,False,False,False,False,5,0,0,0,-0.982,-0.118,0.032,0.9895817298232623,-0.8,0.3,-1.8,1,1,0,1,1,0,0x007F,"GPS, IMU, BARO, CORAL, SD, LORA, EPS_ADC",0x0000,NONE,0,0,POWER_ON,0,NONE,0,1,ACCEPTED,9,RX_OK,0,0,1,2,PACKET_OK,7,0,0,2,293,2303,3.514152742809186,seq=293 cloud=3.51% status=0x00,25 01 ff 08 00 02 00
2026-07-28T11:48:56.546751+00:00,1785239336.546751,-55,10.75,False,True,1,8,True,True,True,True,0x7E0D,0x7E0D,133,False,0,1,False,0,0,41933,1381000,81,41933,0,STANDBY,30,False,False,True,True,True,True,True,False,True,True,False,False,False,False,False,False,3993,3.993,0,0,48.0879555,11.2959728,566.0,1.1,-0.54,172.17,480879555,112959728,5660,-54,110,17217,95712.0,31.32,0.5,-9.5124505,-1.06892485,0.21574629999999997,-0.020943951023931952,0.005235987755982988,-0.005235987755982988,-970,-109,22,-12,3,-3,5,3132,1,False,False,False,False,False,False,False,False,5,0,0,0,-0.97,-0.109,0.022,0.9763529075083456,-1.2,0.3,-0.3,1,1,0,1,1,0,0x007F,"GPS, IMU, BARO, CORAL, SD, LORA, EPS_ADC",0x0000,NONE,0,0,POWER_ON,0,NONE,0,1,ACCEPTED,9,RX_OK,0,0,1,2,PACKET_OK,7,0,0,12,293,2303,3.514152742809186,seq=293 cloud=3.51% status=0x00,25 01 ff 08 00 0c 00
2026-07-28T11:49:07.053156+00:00,1785239347.053156,-58,12.5,False,True,1,8,True,True,True,True,0xAF7B,0xAF7B,134,False,0,1,False,0,0,41933,1391000,92,41933,0,STANDBY,30,False,False,True,True,True,True,True,False,True,True,False,False,False,False,False,False,3984,3.984,3,5,48.0879555,11.2959728,566.0,1.1,-0.54,172.17,480879555,112959728,5660,-54,110,17217,95719.0,31.32,-0.1,-9.659550249999999,-1.08853815,-0.25497289999999995,-0.03316125578789226,0.005235987755982988,-0.03490658503988659,-985,-111,-26,-19,3,-20,-1,3132,1,False,False,False,False,False,False,False,False,5,0,0,0,-0.985,-0.111,-0.026,0.9915755140179693,-1.9,0.3,-2.0,1,1,0,1,1,0,0x007F,"GPS, IMU, BARO, CORAL, SD, LORA, EPS_ADC",0x0000,NONE,0,0,POWER_ON,0,NONE,0,1,ACCEPTED,9,RX_OK,0,0,1,2,PACKET_OK,7,0,0,5,294,3327,5.076676585030899,seq=294 cloud=5.08% status=0x00,26 01 ff 0c 00 05 00
2026-07-28T11:49:17.323310+00:00,1785239357.32331,-57,12.5,False,True,1,8,True,True,True,True,0x21F2,0x21F2,135,False,0,1,False,0,0,41933,1402000,39,41933,0,STANDBY,30,False,False,True,True,True,True,True,False,True,True,False,False,False,False,False,False,3990,3.99,0,0,48.0879555,11.2959728,566.0,1.1,-0.54,172.17,480879555,112959728,5660,-54,110,17217,95718.0,31.33,0.0,-9.875296549999998,-1.32389775,-0.5491724,-0.015707963267948967,-0.003490658503988659,-0.019198621771937627,-1007,-135,-56,-9,-2,-11,0,3133,1,False,False,False,False,False,False,False,False,5,0,0,0,-1.007,-0.135,-0.056,1.017550981523776,-0.9,-0.2,-1.1,1,1,0,1,1,0,0x007F,"GPS, IMU, BARO, CORAL, SD, LORA, EPS_ADC",0x0000,NONE,0,0,POWER_ON,0,NONE,0,1,ACCEPTED,9,RX_OK,0,0,1,2,PACKET_OK,7,0,0,15,294,3327,5.076676585030899,seq=294 cloud=5.08% status=0x00,26 01 ff 0c 00 0f 00
2026-07-28T11:49:27.629308+00:00,1785239367.629308,-57,13.75,False,True,1,8,True,True,True,True,0x1840,0x1840,136,False,0,1,False,0,0,41933,1412000,83,41933,0,STANDBY,30,False,False,True,True,True,True,True,False,True,True,False,False,False,False,False,False,3987,3.987,0,0,48.0879555,11.2959728,566.0,1.1,-0.54,172.17,480879555,112959728,5660,-54,110,17217,95715.0,31.34,0.2,-9.44380395,-1.5004174499999998,-0.14709974999999997,-0.010471975511965976,-0.0471238898038469,-0.008726646259971648,-963,-153,-15,-6,-27,-5,2,3134,1,False,False,False,False,False,False,False,False,5,0,0,0,-0.963,-0.153,-0.015,0.9751938268877628,-0.6,-2.7,-0.5,1,1,0,1,1,0,0x007F,"GPS, IMU, BARO, CORAL, SD, LORA, EPS_ADC",0x0000,NONE,0,0,POWER_ON,0,NONE,0,1,ACCEPTED,9,RX_OK,0,0,1,2,PACKET_OK,7,0,0,8,295,511,0.7797360189211872,seq=295 cloud=0.78% status=0x00,27 01 ff 01 00 08 00
2026-07-28T11:49:37.911219+00:00,1785239377.911219,-54,12.25,False,True,1,8,True,True,True,True,0xA443,0xA443,137,False,0,1,False,0,0,41933,1422000,24,41933,0,STANDBY,30,False,False,True,True,True,True,True,False,True,True,False,False,False,False,False,False,3980,3.98,0,0,48.0879555,11.2959728,566.0,1.1,-0.54,172.17,480879555,112959728,5660,-54,110,17217,95716.0,31.35,0.0,-9.6889702,-1.12776475,-0.12748644999999997,0.005235987755982988,0.0017453292519943296,-0.010471975511965976,-988,-115,-13,3,1,-6,0,3135,1,False,False,False,False,False,False,False,False,5,0,0,0,-0.988,-0.115,-0.013,0.9947552462792041,0.3,0.1,-0.6,1,1,0,1,1,0,0x007F,"GPS, IMU, BARO, CORAL, SD, LORA, EPS_ADC",0x0000,NONE,0,0,POWER_ON,0,NONE,0,1,ACCEPTED,9,RX_OK,0,0,1,2,PACKET_OK,7,0,1,18,295,511,0.7797360189211872,seq=295 cloud=0.78% status=0x01,27 01 ff 01 01 12 00
2026-07-28T11:49:48.225455+00:00,1785239388.225455,-59,12.0,False,True,1,8,True,True,True,True,0x95AD,0x95AD,138,False,0,1,False,0,0,41933,1433000,10,41933,0,STANDBY,14,False,False,True,True,True,True,False,False,True,True,False,False,False,False,False,False,3987,3.987,0,0,48.0879555,11.2959728,566.0,1.1,-0.54,172.17,480879555,112959728,5660,-54,110,17217,95723.0,31.35,-0.5,-9.914523149999999,-1.3337044,1.01008495,-0.041887902047863905,-0.0942477796076938,0.0017453292519943296,-1011,-136,103,-24,-54,1,-5,3135,1,False,False,False,False,False,False,False,False,5,0,0,0,-1.011,-0.136,0.103,1.0252931288173153,-2.4,-5.4,0.1,1,1,0,1,0,0,0x007F,"GPS, IMU, BARO, CORAL, SD, LORA, EPS_ADC",0x0008,CORAL,0,0,POWER_ON,0,NONE,0,1,ACCEPTED,9,RX_OK,0,0,1,2,PACKET_OK,7,0,1,28,295,511,0.7797360189211872,seq=295 cloud=0.78% status=0x01,27 01 ff 01 01 1c 00
2026-07-28T11:49:58.518586+00:00,1785239398.518586,-56,12.5,False,True,1,8,True,True,True,True,0xE694,0xE694,139,False,0,1,False,0,0,41933,1443000,87,41933,0,STANDBY,30,False,False,True,True,True,True,True,False,True,True,False,False,False,False,False,False,3987,3.987,0,0,48.0879555,11.2959728,566.0,1.1,-0.54,172.17,480879555,112959728,5660,-54,110,17217,95717.0,31.35,0.1,-9.492837199999999,-1.2552512,0.6472389,-0.03490658503988659,0.015707963267948967,-0.05585053606381855,-968,-128,66,-20,9,-32,1,3135,1,False,False,False,False,False,False,False,False,5,0,0,0,-0.968,-0.128,0.066,0.9786541779402977,-2.0,0.9,-3.2,1,1,0,1,1,0,0x007F,"GPS, IMU, BARO, CORAL, SD, LORA, EPS_ADC",0x0000,NONE,0,0,POWER_ON,0,NONE,0,1,ACCEPTED,9,RX_OK,0,0,1,2,PACKET_OK,7,0,0,3,297,3071,4.686045624475471,seq=297 cloud=4.69% status=0x00,29 01 ff 0b 00 03 00
2026-07-28T11:50:08.819954+00:00,1785239408.819954,-61,12.0,False,True,1,8,True,True,True,True,0x5BF9,0x5BF9,140,False,0,1,False,0,0,41933,1453000,75,41933,0,STANDBY,30,False,False,True,True,True,True,True,False,True,True,False,False,False,False,False,False,3984,3.984,0,0,48.0879555,11.2959728,566.0,1.1,-0.54,172.17,480879555,112959728,5660,-54,110,17217,95715.0,31.36,0.3,-9.855683249999998,-0.8041453,1.14737805,-0.06981317007977318,-0.029670597283903602,-0.10471975511965978,-1005,-82,117,-40,-17,-60,3,3136,1,False,False,False,False,False,False,False,False,5,0,0,0,-1.005,-0.082,0.117,1.0151049206855416,-4.0,-1.7,-6.0,1,1,0,1,1,0,0x007F,"GPS, IMU, BARO, CORAL, SD, LORA, EPS_ADC",0x0000,NONE,0,0,POWER_ON,0,NONE,0,1,ACCEPTED,9,RX_OK,0,0,1,2,PACKET_OK,7,0,0,14,297,3071,4.686045624475471,seq=297 cloud=4.69% status=0x00,29 01 ff 0b 00 0e 00
2026-07-28T11:50:19.119537+00:00,1785239419.119537,-62,12.25,False,True,1,8,True,True,True,True,0x2C9B,0x2C9B,141,False,0,1,False,0,0,41933,1463000,52,41933,0,STANDBY,30,False,False,True,True,True,True,True,False,True,True,False,False,False,False,False,False,3977,3.977,0,0,48.0879555,11.2959728,566.0,1.1,-0.54,172.17,480879555,112959728,5660,-54,110,17217,95718.0,31.36,0.0,-9.492837199999999,-1.4415775499999999,0.38245935,0.003490658503988659,-0.03490658503988659,0.0,-968,-147,39,2,-20,0,0,3136,1,False,False,False,False,False,False,False,False,5,0,0,0,-0.968,-0.147,0.039,0.9798744817577402,0.2,-2.0,0.0,1,1,0,1,1,0,0x007F,"GPS, IMU, BARO, CORAL, SD, LORA, EPS_ADC",0x0000,NONE,0,0,POWER_ON,0,NONE,0,1,ACCEPTED,9,RX_OK,0,0,1,2,PACKET_OK,7,0,0,6,298,1535,2.342259861142901,seq=298 cloud=2.34% status=0x00,2a 01 ff 05 00 06 00
2026-07-28T11:50:29.429590+00:00,1785239429.42959,-60,10.5,False,True,1,8,True,True,True,True,0x19A8,0x19A8,142,False,0,1,False,0,0,41933,1474000,21,41933,0,STANDBY,30,False,False,True,True,True,True,True,False,True,True,False,False,False,False,False,False,3984,3.984,0,0,48.0879555,11.2959728,566.0,1.1,-0.54,172.17,480879555,112959728,5660,-54,110,17217,95717.0,31.35,0.0,-8.54159215,-0.22555294999999997,0.7551120499999999,-0.04537856055185257,-0.08203047484373349,-0.143116998663535,-871,-23,77,-26,-47,-82,0,3135,1,False,False,False,False,False,False,False,False,5,0,0,0,-0.871,-0.023,0.077,0.8746993769290109,-2.6,-4.7,-8.2,1,1,0,1,1,0,0x007F,"GPS, IMU, BARO, CORAL, SD, LORA, EPS_ADC",0x0000,NONE,0,0,POWER_ON,0,NONE,0,1,ACCEPTED,9,RX_OK,0,0,1,2,PACKET_OK,7,0,0,17,298,1535,2.342259861142901,seq=298 cloud=2.34% status=0x00,2a 01 ff 05 00 11 00
2026-07-28T11:50:40.105930+00:00,1785239440.10593,-56,11.25,False,True,1,8,True,True,True,True,0x8D12,0x8D12,143,False,0,1,False,0,0,41933,1484000,16,41933,0,STANDBY,30,False,False,True,True,True,True,True,False,True,True,False,False,False,False,False,False,3984,3.984,0,0,48.0879555,11.2959728,566.0,1.1,-0.54,172.17,480879555,112959728,5660,-54,110,17217,95713.0,31.34,0.3,-9.5516771,-0.7060787999999999,-1.8828768,0.038397243543875255,0.15707963267948966,-0.010471975511965976,-974,-72,-192,22,90,-6,3,3134,1,False,False,False,False,False,False,False,False,5,0,0,0,-0.974,-0.072,-0.192,0.9953511943027948,2.2,9.0,-0.6,1,1,0,1,1,0,0x007F,"GPS, IMU, BARO, CORAL, SD, LORA, EPS_ADC",0x0000,NONE,0,0,POWER_ON,0,NONE,0,1,ACCEPTED,9,RX_OK,0,0,1,2,PACKET_OK,7,0,0,10,299,3839,5.857938506141756,seq=299 cloud=5.86% status=0x00,2b 01 ff 0e 00 0a 00
2026-07-28T11:50:50.433371+00:00,1785239450.433371,-55,11.0,False,True,1,8,True,True,True,True,0x0249,0x0249,144,False,0,1,False,0,0,41933,1495000,82,41933,0,STANDBY,30,False,False,True,True,True,True,True,False,True,True,False,False,False,False,False,False,3987,3.987,0,0,48.0879555,11.2959728,566.0,1.1,-0.54,172.17,480879555,112959728,5660,-54,110,17217,95720.0,31.34,-0.2,-10.012589649999999,-1.6082906,0.61781895,-0.019198621771937627,-0.04014257279586958,-0.017453292519943295,-1021,-164,63,-11,-23,-10,-2,3134,1,False,False,False,False,False,False,False,False,5,0,0,0,-1.021,-0.164,0.063,1.0360048262435844,-1.1,-2.3,-1.0,1,1,0,1,1,0,0x007F,"GPS, IMU, BARO, CORAL, SD, LORA, EPS_ADC",0x0000,NONE,0,0,POWER_ON,0,NONE,0,1,ACCEPTED,9,RX_OK,0,0,1,2,PACKET_OK,7,0,0,2,300,767,1.1703669794766156,seq=300 cloud=1.17% status=0x00,2c 01 ff 02 00 02 00
2026-07-28T11:51:00.715483+00:00,1785239460.715483,-55,11.25,False,True,1,8,True,True,True,True,0x9CCA,0x9CCA,145,False,0,1,False,0,0,41933,1505000,17,41933,0,STANDBY,30,False,False,True,True,True,True,True,False,True,True,False,False,False,False,False,False,3993,3.993,0,0,48.0879555,11.2959728,566.0,1.1,-0.54,172.17,480879555,112959728,5660,-54,110,17217,95721.0,31.35,-0.2,-9.747810099999999,-1.3337044,0.14709974999999997,-0.029670597283903602,0.20420352248333654,-0.029670597283903602,-994,-136,15,-17,117,-17,-2,3135,1,False,False,False,False,False,False,False,False,5,0,0,0,-0.994,-0.136,0.015,1.0033728120693723,-1.7,11.7,-1.7,1,1,0,1,1,0,0x007F,"GPS, IMU, BARO, CORAL, SD, LORA, EPS_ADC",0x0000,NONE,0,0,POWER_ON,0,NONE,0,1,ACCEPTED,9,RX_OK,0,0,1,2,PACKET_OK,7,0,0,13,300,767,1.1703669794766156,seq=300 cloud=1.17% status=0x00,2c 01 ff 02 00 0d 00
2026-07-28T11:51:11.051369+00:00,1785239471.051369,-56,10.75,False,True,1,8,True,True,True,True,0x7E0F,0x7E0F,146,False,0,1,False,0,0,41933,1515000,36,41933,0,STANDBY,30,False,False,True,True,True,True,True,False,True,True,False,False,False,False,False,False,3996,3.996,0,0,48.0879555,11.2959728,566.0,1.1,-0.54,172.17,480879555,112959728,5660,-54,110,17217,95715.0,31.35,0.3,-9.52225715,-0.784532,0.9512450499999999,-0.029670597283903602,-0.03490658503988659,0.03316125578789226,-971,-80,97,-17,-20,19,3,3135,1,False,False,False,False,False,False,False,False,5,0,0,0,-0.971,-0.08,0.097,0.9791067357545856,-1.7,-2.0,1.9,1,1,0,1,1,0,0x007F,"GPS, IMU, BARO, CORAL, SD, LORA, EPS_ADC",0x0000,NONE,0,0,POWER_ON,0,NONE,0,1,ACCEPTED,9,RX_OK,0,0,1,2,PACKET_OK,7,0,0,5,301,4095,6.248569466697185,seq=301 cloud=6.25% status=0x00,2d 01 ff 0f 00 05 00
2026-07-28T11:51:21.364495+00:00,1785239481.364495,-54,11.25,False,True,1,8,True,True,True,True,0x86C3,0x86C3,147,False,0,1,False,0,0,41933,1526000,55,41933,0,STANDBY,30,False,False,True,True,True,True,True,False,True,True,False,False,False,False,False,False,3984,3.984,0,0,48.0879555,11.2959728,566.0,1.1,-0.54,172.17,480879555,112959728,5660,-54,110,17217,95717.0,31.35,0.1,-8.825985,-0.980665,0.97085835,-0.291469985083053,-0.3508111796508603,0.04537856055185257,-900,-100,99,-167,-201,26,1,3135,1,False,False,False,False,False,False,False,False,5,0,0,0,-0.9,-0.1,0.099,0.9109341359286082,-16.7,-20.1,2.6,1,1,0,1,1,0,0x007F,"GPS, IMU, BARO, CORAL, SD, LORA, EPS_ADC",0x0000,NONE,0,0,POWER_ON,0,NONE,0,1,ACCEPTED,9,RX_OK,0,0,1,2,PACKET_OK,7,0,0,15,301,4095,6.248569466697185,seq=301 cloud=6.25% status=0x00,2d 01 ff 0f 00 0f 00
2026-07-28T11:51:31.652631+00:00,1785239491.652631,-64,12.0,False,True,1,8,True,True,True,True,0xDABD,0xDABD,148,False,0,1,False,0,0,41933,1536000,51,41933,0,STANDBY,30,False,False,True,True,True,True,True,False,True,True,False,False,False,False,False,False,3987,3.987,0,0,48.0879555,11.2959728,566.0,1.1,-0.54,172.17,480879555,112959728,5660,-54,110,17217,95710.0,31.36,0.4,-10.993254649999999,0.8531785499999999,0.36284605,-0.03665191429188092,0.24434609527920614,-0.21642082724729686,-1121,87,37,-21,140,-124,4,3136,1,False,False,False,False,False,False,False,False,5,0,0,0,-1.121,0.087,0.037,1.1249795553697852,-2.1,14.0,-12.4,1,1,0,1,1,0,0x007F,"GPS, IMU, BARO, CORAL, SD, LORA, EPS_ADC",0x0000,NONE,0,0,POWER_ON,0,NONE,0,1,ACCEPTED,9,RX_OK,0,0,1,2,PACKET_OK,7,0,0,8,302,0,0.0,seq=302 cloud=0.00% status=0x00,2e 01 00 00 00 08 00
2026-07-28T11:51:41.934229+00:00,1785239501.934229,-64,12.0,False,True,1,8,True,True,True,True,0x107F,0x107F,149,False,0,1,False,0,0,41933,1546000,96,41933,0,STANDBY,30,False,False,True,True,True,True,True,False,True,True,False,False,False,False,False,False,3980,3.98,0,0,48.0879555,11.2959728,566.0,1.1,-0.54,172.17,480879555,112959728,5660,-54,110,17217,95709.0,31.36,0.3,-10.0420096,-0.1176798,-0.00980665,0.031415926535897934,-0.14486232791552936,-0.19198621771937624,-1024,-12,-1,18,-83,-110,3,3136,1,False,False,False,False,False,False,False,False,5,0,0,0,-1.024,-0.012,-0.001,1.024070798333787,1.8,-8.3,-11.0,1,1,0,1,1,0,0x007F,"GPS, IMU, BARO, CORAL, SD, LORA, EPS_ADC",0x0000,NONE,0,0,POWER_ON,0,NONE,0,1,ACCEPTED,9,RX_OK,0,0,1,2,PACKET_OK,7,0,0,1,303,0,0.0,seq=303 cloud=0.00% status=0x00,2f 01 00 00 00 01 00
2026-07-28T11:51:52.244837+00:00,1785239512.244837,-74,12.0,False,True,1,8,True,True,True,True,0x00FF,0x00FF,150,False,0,1,False,0,0,41933,1557000,92,41933,0,STANDBY,30,False,False,True,True,True,True,True,False,True,True,False,False,False,False,False,False,3977,3.977,0,0,48.0879555,11.2959728,566.0,1.1,-0.54,172.17,480879555,112959728,5660,-54,110,17217,95709.0,31.36,0.2,-7.93357985,0.21574629999999997,0.81395195,0.16406094968746698,-0.0715584993317675,-0.23561944901923448,-809,22,83,94,-41,-135,2,3136,1,False,False,False,False,False,False,False,False,5,0,0,0,-0.809,0.022,0.083,0.8135440983745136,9.4,-4.1,-13.5,1,1,0,1,1,0,0x007F,"GPS, IMU, BARO, CORAL, SD, LORA, EPS_ADC",0x0000,NONE,0,0,POWER_ON,0,NONE,0,1,ACCEPTED,9,RX_OK,0,0,1,2,PACKET_OK,7,0,0,11,303,0,0.0,seq=303 cloud=0.00% status=0x00,2f 01 00 00 00 0b 00
2026-07-28T11:52:02.584294+00:00,1785239522.584294,-81,12.25,False,True,1,8,True,True,True,True,0x756A,0x756A,151,False,0,1,False,0,0,42722,1567000,55,42722,0,STANDBY,31,True,True,True,True,True,True,True,False,True,True,False,False,False,False,False,False,3993,3.993,3,5,48.0880089,11.2961092,562.0,0.72,1.85,0.0,480880089,112961092,5620,185,72,0,95712.0,31.36,-0.2,-10.326402449999998,0.20593965,0.4118793,0.4869468613064179,0.31066860685499065,-0.22689280275926285,-1053,21,42,279,178,-130,-2,3136,1,False,False,False,False,False,False,False,False,5,0,1,1,-1.053,0.021,0.042,1.0540464885383376,27.9,17.8,-13.0,1,1,0,1,1,0,0x007F,"GPS, IMU, BARO, CORAL, SD, LORA, EPS_ADC",0x0000,NONE,0,0,POWER_ON,0,NONE,0,1,ACCEPTED,9,RX_OK,0,0,1,2,PACKET_OK,7,0,0,4,304,255,0.38910505836575876,seq=304 cloud=0.39% status=0x00,30 01 ff 00 00 04 00
2026-07-28T11:52:12.838035+00:00,1785239532.838035,-66,12.0,False,True,1,8,True,True,True,True,0x0648,0x0648,152,False,0,1,False,0,0,42733,1577000,62,42733,0,STANDBY,31,True,True,True,True,True,True,True,False,True,True,False,False,False,False,False,False,3990,3.99,3,5,48.0880241,11.2959747,586.0,1.01,1.15,323.81,480880241,112959747,5860,115,101,32381,95709.0,31.37,0.1,-9.63993695,0.0980665,0.16671305,0.020943951023931952,-0.03490658503988659,0.041887902047863905,-983,10,17,12,-20,24,1,3137,1,False,False,False,False,False,False,False,False,5,0,1,1,-0.983,0.01,0.017,0.9831978437730627,1.2,-2.0,2.4,1,1,0,1,1,0,0x007F,"GPS, IMU, BARO, CORAL, SD, LORA, EPS_ADC",0x0000,NONE,0,0,POWER_ON,0,NONE,0,1,ACCEPTED,9,RX_OK,0,0,1,2,PACKET_OK,7,0,0,15,304,255,0.38910505836575876,seq=304 cloud=0.39% status=0x00,30 01 ff 00 00 0f 00
2026-07-28T11:52:23.146909+00:00,1785239543.146909,-65,12.75,False,True,1,8,True,True,True,True,0xD6BE,0xD6BE,153,False,0,1,False,0,0,42743,1587000,90,42743,0,STANDBY,31,True,True,True,True,True,True,True,False,True,True,False,False,False,False,False,False,3990,3.99,3,6,48.0881119,11.2959671,568.0,0.59,0.41,323.81,480881119,112959671,5680,41,59,32381,95711.0,31.37,0.0,-9.228057649999998,0.28439285,-0.6668522,-0.13962634015954636,-0.10995574287564276,-0.0471238898038469,-941,29,-68,-80,-63,-27,0,3137,1,False,False,False,False,False,False,False,False,5,0,1,1,-0.941,0.029,-0.068,0.9438993590420537,-8.0,-6.3,-2.7,1,1,0,1,1,0,0x007F,"GPS, IMU, BARO, CORAL, SD, LORA, EPS_ADC",0x0000,NONE,0,0,POWER_ON,0,NONE,0,1,ACCEPTED,9,RX_OK,0,0,1,2,PACKET_OK,7,0,0,8,305,0,0.0,seq=305 cloud=0.00% status=0x00,31 01 00 00 00 08 00
2026-07-28T11:52:33.434995+00:00,1785239553.434995,-65,12.0,False,True,1,8,True,True,True,True,0xB495,0xB495,154,False,0,1,False,0,0,42753,1598000,36,42753,0,STANDBY,31,True,True,True,True,True,True,True,False,True,True,False,False,False,False,False,False,3984,3.984,3,5,48.0879784,11.2961111,584.0,1.59,1.89,103.42,480879784,112961111,5840,189,159,10342,95715.0,31.38,-0.3,-9.46341725,0.57859235,0.12748644999999997,0.006981317007977318,0.04363323129985824,-0.019198621771937627,-965,59,13,4,25,-11,-3,3138,1,False,False,False,False,False,False,False,False,5,0,1,1,-0.965,0.059,0.013,0.9668893421689991,0.4,2.5,-1.1,1,1,0,1,1,0,0x007F,"GPS, IMU, BARO, CORAL, SD, LORA, EPS_ADC",0x0000,NONE,0,0,POWER_ON,0,NONE,0,1,ACCEPTED,9,RX_OK,0,0,1,2,PACKET_OK,7,0,0,1,306,255,0.38910505836575876,seq=306 cloud=0.39% status=0x00,32 01 ff 00 00 01 00
2026-07-28T11:52:43.727478+00:00,1785239563.727478,-66,11.75,False,True,1,8,True,True,True,True,0xD165,0xD165,155,False,0,1,False,0,0,42763,1608000,57,42763,0,STANDBY,31,True,True,True,True,True,True,True,False,True,True,False,False,False,False,False,False,3977,3.977,3,4,48.0879669,11.2961044,589.0,0.96,1.37,118.79,480879669,112961044,5890,137,96,11879,95715.0,31.39,-0.2,-9.473223899999999,0.5491724,0.4903325,0.0,-0.003490658503988659,-0.041887902047863905,-966,56,50,0,-2,-24,-2,3139,1,False,False,False,False,False,False,False,False,5,0,1,1,-0.966,0.056,0.05,0.968912792773426,0.0,-0.2,-2.4,1,1,0,1,1,0,0x007F,"GPS, IMU, BARO, CORAL, SD, LORA, EPS_ADC",0x0000,NONE,0,0,POWER_ON,0,NONE,0,1,ACCEPTED,9,RX_OK,0,0,1,2,PACKET_OK,7,0,0,11,306,255,0.38910505836575876,seq=306 cloud=0.39% status=0x00,32 01 ff 00 00 0b 00
2026-07-28T11:52:54.013219+00:00,1785239574.013219,,,True,False,,,,,,False,,,,,,,,,,,,,,,,,,,,,,,,,,,,,,,,,,,,,,,,,,,,,,,,,,,,,,,,,,,,,,,,,,,,,,,,,,,,,,,,,,,,,,,,,,,,,,,,,,,,,,,,,,,,,,,,,,,,,,,
2026-07-28T11:53:04.326990+00:00,1785239584.32699,-94,12.0,False,True,1,8,True,True,True,True,0x04FC,0x04FC,157,False,1,2,False,0,0,42784,1629000,85,42784,0,STANDBY,31,True,True,True,True,True,True,True,False,True,True,False,False,False,False,False,False,3996,3.996,3,5,48.0879478,11.2960958,607.0,1.25,0.88,215.94,480879478,112960958,6070,88,125,21594,95722.0,31.4,-0.3,-9.80665,-1.4808041499999998,-0.9120184499999999,0.048869219055841226,-0.031415926535897934,0.015707963267948967,-1000,-151,-93,28,-18,9,-3,3140,1,False,False,False,False,False,False,False,False,5,0,1,1,-1.0,-0.151,-0.093,1.0156032689982837,2.8,-1.8,0.9,1,1,0,1,1,0,0x007F,"GPS, IMU, BARO, CORAL, SD, LORA, EPS_ADC",0x0000,NONE,0,0,POWER_ON,0,NONE,0,1,ACCEPTED,13,ACK_TIMEOUT,0,0,1,1,ACTIVE,8,0,0,15,307,0,0.0,seq=307 cloud=0.00% status=0x00,33 01 00 00 00 0f 00
2026-07-28T11:53:14.894668+00:00,1785239594.894668,-88,12.25,False,True,1,8,True,True,True,True,0x2B08,0x2B08,158,False,0,2,False,0,0,42794,1639000,521,42794,0,STANDBY,31,True,True,True,True,True,True,True,False,True,True,False,False,False,False,False,False,3987,3.987,3,7,48.0879898,11.2960234,592.0,1.43,0.16,263.89,480879898,112960234,5920,16,143,26389,95718.0,31.41,0.2,-9.3555441,-1.12776475,2.1182364,-0.015707963267948967,-0.003490658503988659,-0.026179938779914945,-954,-115,216,-9,-2,-15,2,3141,1,False,False,False,False,False,False,False,False,5,0,1,1,-0.954,-0.115,0.216,0.9848842571591852,-0.9,-0.2,-1.5,1,1,0,1,1,0,0x007F,"GPS, IMU, BARO, CORAL, SD, LORA, EPS_ADC",0x0000,NONE,0,0,POWER_ON,0,NONE,0,1,ACCEPTED,9,RX_OK,0,0,1,2,PACKET_OK,8,0,0,8,308,5119,7.811093308918898,seq=308 cloud=7.81% status=0x00,34 01 ff 13 00 08 00
2026-07-28T11:53:25.399071+00:00,1785239605.399071,-97,11.5,False,True,1,8,True,True,True,True,0xDC78,0xDC78,159,False,0,2,False,0,0,42805,1650000,214,42805,0,STANDBY,31,True,True,True,True,True,True,True,False,True,True,False,False,False,False,False,False,3977,3.977,3,7,48.0880661,11.2960215,572.0,0.9,-0.83,326.02,480880661,112960215,5720,-83,90,32602,95721.0,31.41,0.0,-9.2770909,-1.06892485,2.2163029,-0.019198621771937627,0.0,-0.012217304763960306,-946,-109,226,-11,0,-7,0,3141,1,False,False,False,False,False,False,False,False,5,0,1,1,-0.946,-0.109,0.226,0.9787098650774907,-1.1,0.0,-0.7,1,1,0,1,1,0,0x007F,"GPS, IMU, BARO, CORAL, SD, LORA, EPS_ADC",0x0000,NONE,0,0,POWER_ON,0,NONE,0,1,ACCEPTED,9,RX_OK,0,0,1,2,PACKET_OK,8,0,0,1,309,1791,2.732890821698329,seq=309 cloud=2.73% status=0x00,35 01 ff 06 00 01 00
2026-07-28T11:53:35.923297+00:00,1785239615.923297,-86,12.0,False,True,1,8,True,True,True,True,0xA680,0xA680,160,False,0,2,False,0,0,42815,1660000,255,42815,0,STANDBY,31,True,True,True,True,True,True,True,False,True,True,False,False,False,False,False,False,3968,3.968,3,7,48.0880318,11.2960529,573.0,1.38,0.05,62.03,480880318,112960529,5730,5,138,6203,95722.0,31.42,0.0,-9.228057649999998,-1.10815145,2.22610955,-0.015707963267948967,-0.005235987755982988,-0.024434609527920613,-941,-113,227,-9,-3,-14,0,3142,1,False,False,False,False,False,False,False,False,5,0,1,1,-0.941,-0.113,0.227,0.9745660572788281,-0.9,-0.3,-1.4,1,1,0,1,1,0,0x007F,"GPS, IMU, BARO, CORAL, SD, LORA, EPS_ADC",0x0000,NONE,0,0,POWER_ON,0,NONE,0,1,ACCEPTED,9,RX_OK,0,0,1,2,PACKET_OK,8,0,0,12,309,1791,2.732890821698329,seq=309 cloud=2.73% status=0x00,35 01 ff 06 00 0c 00
2026-07-28T11:53:46.258450+00:00,1785239626.25845,-79,12.0,False,True,1,8,True,True,True,True,0x8627,0x8627,161,False,0,2,False,0,0,42826,1670000,78,42826,0,STANDBY,31,True,True,True,True,True,True,True,False,True,True,False,False,False,False,False,False,3980,3.98,3,7,48.0880394,11.2960377,576.0,0.09,0.01,348.17,480880394,112960377,5760,1,9,34817,95724.0,31.42,-0.3,-9.208444349999999,-1.1866046499999998,2.3241760499999997,-0.020943951023931952,0.010471975511965976,-0.015707963267948967,-939,-121,237,-12,6,-9,-3,3142,1,False,False,False,False,False,False,False,False,5,0,1,1,-0.939,-0.121,0.237,0.9759769464490439,-1.2,0.6,-0.9,1,1,0,1,1,0,0x007F,"GPS, IMU, BARO, CORAL, SD, LORA, EPS_ADC",0x0000,NONE,0,0,POWER_ON,0,NONE,0,1,ACCEPTED,9,RX_OK,0,0,1,2,PACKET_OK,8,0,0,5,310,2047,3.1235217822537575,seq=310 cloud=3.12% status=0x00,36 01 ff 07 00 05 00
2026-07-28T11:53:56.679396+00:00,1785239636.679396,-88,12.25,False,True,1,8,True,True,True,True,0xEC5B,0xEC5B,162,False,0,2,False,0,0,42836,1681000,35,42836,0,STANDBY,31,True,True,True,True,True,True,True,False,True,True,False,False,False,False,False,False,3984,3.984,3,8,48.0880203,11.2960434,579.0,0.14,-0.12,131.48,480880203,112960434,5790,-12,14,13148,95728.0,31.43,-0.6,-9.228057649999998,-1.12776475,2.3732092999999996,-0.019198621771937627,0.0,-0.020943951023931952,-941,-115,242,-11,0,-12,-6,3143,1,False,False,False,False,False,False,False,False,5,0,1,1,-0.941,-0.115,0.242,0.9784017579706201,-1.1,0.0,-1.2,1,1,0,1,1,0,0x007F,"GPS, IMU, BARO, CORAL, SD, LORA, EPS_ADC",0x0000,NONE,0,0,POWER_ON,0,NONE,0,1,ACCEPTED,9,RX_OK,0,0,1,2,PACKET_OK,8,0,0,15,310,2047,3.1235217822537575,seq=310 cloud=3.12% status=0x00,36 01 ff 07 00 0f 00
2026-07-28T11:54:07.301515+00:00,1785239647.301515,-66,11.75,False,True,1,8,True,True,True,True,0xF2C7,0xF2C7,163,False,0,2,False,0,0,42847,1692000,67,42847,0,STANDBY,31,True,True,True,True,True,True,True,False,True,True,False,False,False,False,False,False,3980,3.98,3,8,48.0879936,11.2960415,580.0,2.19,0.46,145.5,480879936,112960415,5800,46,219,14550,95714.0,31.44,0.5,-12.4936721,-0.6668522,1.2356379,-0.5480333851262195,-0.019198621771937627,-0.17627825445142728,-1274,-68,126,-314,-11,-101,5,3144,1,False,False,False,False,False,False,False,False,5,0,1,1,-1.274,-0.068,0.126,1.2820202806508172,-31.4,-1.1,-10.1,1,1,0,1,1,0,0x007F,"GPS, IMU, BARO, CORAL, SD, LORA, EPS_ADC",0x0000,NONE,0,0,POWER_ON,0,NONE,0,1,ACCEPTED,9,RX_OK,0,0,1,2,PACKET_OK,8,0,0,8,311,3327,5.076676585030899,seq=311 cloud=5.08% status=0x00,37 01 ff 0c 00 08 00
2026-07-28T11:54:17.844062+00:00,1785239657.844062,-55,11.75,False,True,1,8,True,True,True,True,0x5FB9,0x5FB9,164,False,0,2,False,0,0,42858,1702000,40,42858,0,STANDBY,31,True,True,True,True,True,True,True,False,True,True,False,False,False,False,False,False,3971,3.971,3,6,48.0878792,11.2960672,577.0,0.59,-0.48,166.66,480878792,112960672,5770,-48,59,16666,95712.0,31.44,0.1,-9.502643849999998,1.12776475,3.530394,-0.14835298641951802,-0.26005405854715513,-0.24609142453120045,-969,115,360,-85,-149,-141,1,3144,1,False,False,False,False,False,False,False,False,5,0,1,1,-0.969,0.115,0.36,1.0400894192327887,-8.5,-14.9,-14.1,1,1,0,1,1,0,0x007F,"GPS, IMU, BARO, CORAL, SD, LORA, EPS_ADC",0x0000,NONE,0,0,POWER_ON,0,NONE,0,1,ACCEPTED,9,RX_OK,0,0,1,2,PACKET_OK,8,0,0,2,312,5119,7.811093308918898,seq=312 cloud=7.81% status=0x00,38 01 ff 13 00 02 00
2026-07-28T11:54:28.126423+00:00,1785239668.126423,-60,11.25,False,True,1,8,True,True,True,True,0x49A9,0x49A9,165,False,0,2,False,0,0,42868,1712000,42,42868,0,STANDBY,31,True,True,True,True,True,True,True,False,True,True,False,False,False,False,False,False,3971,3.971,3,4,48.0879707,11.2960119,568.0,1.94,0.03,319.04,480879707,112960119,5680,3,194,31904,95712.0,31.45,-0.2,-9.1790244,0.63743225,0.6668522,-0.16580627893946132,0.0715584993317675,-0.2932153143350474,-936,65,68,-95,41,-168,-2,3145,1,False,False,False,False,False,False,False,False,5,0,1,1,-0.936,0.065,0.068,0.9407151534869629,-9.5,4.1,-16.8,1,1,0,1,1,0,0x007F,"GPS, IMU, BARO, CORAL, SD, LORA, EPS_ADC",0x0000,NONE,0,0,POWER_ON,0,NONE,0,1,ACCEPTED,9,RX_OK,0,0,1,2,PACKET_OK,8,0,0,12,312,5119,7.811093308918898,seq=312 cloud=7.81% status=0x00,38 01 ff 13 00 0c 00
2026-07-28T11:54:38.433016+00:00,1785239678.433016,-59,12.0,False,True,1,8,True,True,True,True,0x24F3,0x24F3,166,False,0,2,False,0,0,42868,1723000,30,42868,0,STANDBY,30,False,False,True,True,True,True,True,False,True,True,False,False,False,False,False,False,3984,3.984,0,0,48.0879707,11.2960119,568.0,1.94,0.03,319.04,480879707,112960119,5680,3,194,31904,95710.0,31.46,-0.1,-9.5516771,-1.4121575999999998,0.21574629999999997,-0.022689280275926284,-0.006981317007977318,-0.10297442586766545,-974,-144,22,-13,-4,-59,-1,3146,1,False,False,False,False,False,False,False,False,5,0,0,0,-0.974,-0.144,0.022,0.9848329807637435,-1.3,-0.4,-5.9,1,1,0,1,1,0,0x007F,"GPS, IMU, BARO, CORAL, SD, LORA, EPS_ADC",0x0000,NONE,0,0,POWER_ON,0,NONE,0,1,ACCEPTED,9,RX_OK,0,0,1,2,PACKET_OK,8,0,0,4,313,255,0.38910505836575876,seq=313 cloud=0.39% status=0x00,39 01 ff 00 00 04 00
2026-07-28T11:54:48.725631+00:00,1785239688.725631,-63,12.0,False,True,1,8,True,True,True,True,0x022A,0x022A,167,False,0,2,False,0,0,42868,1733000,13,42868,0,STANDBY,30,False,False,True,True,True,True,True,False,True,True,False,False,False,False,False,False,3987,3.987,0,0,48.0879707,11.2960119,568.0,1.94,0.03,319.04,480879707,112960119,5680,3,194,31904,95719.0,31.48,-0.8,-8.1002929,-0.83356525,2.8929617499999996,0.1308996938995747,-0.38222710618675815,-0.06283185307179587,-826,-85,295,75,-219,-36,-8,3148,1,False,False,False,False,False,False,False,False,5,0,0,0,-0.826,-0.085,0.295,0.8812071266166654,7.5,-21.9,-3.6,1,1,0,1,1,0,0x007F,"GPS, IMU, BARO, CORAL, SD, LORA, EPS_ADC",0x0000,NONE,0,0,POWER_ON,0,NONE,0,1,ACCEPTED,9,RX_OK,0,0,1,2,PACKET_OK,8,0,0,14,313,255,0.38910505836575876,seq=313 cloud=0.39% status=0x00,39 01 ff 00 00 0e 00
2026-07-28T11:54:59.025521+00:00,1785239699.025521,-71,11.25,False,True,1,8,True,True,True,True,0x4BF1,0x4BF1,168,False,0,2,False,0,0,42868,1743000,97,42868,0,STANDBY,30,False,False,True,True,True,True,True,False,True,True,False,False,False,False,False,False,3980,3.98,0,0,48.0879707,11.2960119,568.0,1.94,0.03,319.04,480879707,112960119,5680,3,194,31904,95716.0,31.5,-0.3,-9.5320638,-0.5099457999999999,1.36312435,-0.003490658503988659,0.04537856055185257,0.03490658503988659,-972,-52,139,-2,26,20,-3,3150,1,False,False,False,False,False,False,False,False,5,0,0,0,-0.972,-0.052,0.139,0.9832644608649292,-0.2,2.6,2.0,1,1,0,1,1,0,0x007F,"GPS, IMU, BARO, CORAL, SD, LORA, EPS_ADC",0x0000,NONE,0,0,POWER_ON,0,NONE,0,1,ACCEPTED,9,RX_OK,0,0,1,2,PACKET_OK,8,0,0,7,314,3327,5.076676585030899,seq=314 cloud=5.08% status=0x00,3a 01 ff 0c 00 07 00
2026-07-28T11:55:09.339370+00:00,1785239709.33937,-68,12.5,False,True,1,8,True,True,True,True,0xCF29,0xCF29,169,False,0,2,False,0,0,42868,1754000,3,42868,0,STANDBY,30,False,False,True,True,True,True,True,False,True,True,False,False,False,False,False,False,3961,3.961,0,0,48.0879707,11.2960119,568.0,1.94,0.03,319.04,480879707,112960119,5680,3,194,31904,95713.0,31.51,0.0,-9.973363049999998,-0.37265269999999995,1.01008495,-0.06283185307179587,0.027925268031909273,-0.15184364492350666,-1017,-38,103,-36,16,-87,0,3151,1,False,False,False,False,False,False,False,False,5,0,0,0,-1.017,-0.038,0.103,1.0229085980672954,-3.6,1.6,-8.7,1,1,0,1,1,0,0x007F,"GPS, IMU, BARO, CORAL, SD, LORA, EPS_ADC",0x0000,NONE,0,0,POWER_ON,0,NONE,0,1,ACCEPTED,9,RX_OK,0,0,1,2,PACKET_OK,8,0,0,1,315,2559,3.9047837033646142,seq=315 cloud=3.90% status=0x00,3b 01 ff 09 00 01 00
2026-07-28T11:55:19.626664+00:00,1785239719.626664,-60,11.75,False,True,1,8,True,True,True,True,0x8A36,0x8A36,170,False,0,2,False,0,0,42868,1764000,22,42868,0,STANDBY,30,False,False,True,True,True,True,True,False,True,True,False,False,False,False,False,False,3968,3.968,0,0,48.0879707,11.2960119,568.0,1.94,0.03,319.04,480879707,112960119,5680,3,194,31904,95713.0,31.52,0.0,-9.738003449999999,-0.43149259999999995,0.0784532,-0.019198621771937627,0.08028514559173916,-0.03316125578789226,-993,-44,8,-11,46,-19,0,3152,1,False,False,False,False,False,False,False,False,5,0,0,0,-0.993,-0.044,0.008,0.9940065392139027,-1.1,4.6,-1.9,1,1,0,1,1,0,0x007F,"GPS, IMU, BARO, CORAL, SD, LORA, EPS_ADC",0x0000,NONE,0,0,POWER_ON,0,NONE,0,1,ACCEPTED,9,RX_OK,0,0,1,2,PACKET_OK,8,0,0,11,315,2559,3.9047837033646142,seq=315 cloud=3.90% status=0x00,3b 01 ff 09 00 0b 00
2026-07-28T11:55:29.942751+00:00,1785239729.942751,-67,12.25,False,True,1,8,True,True,True,True,0x534D,0x534D,171,False,0,2,False,0,0,42868,1774000,22,42868,0,STANDBY,30,False,False,True,True,True,True,True,False,True,True,False,False,False,False,False,False,3974,3.974,0,0,48.0879707,11.2960119,568.0,1.94,0.03,319.04,480879707,112960119,5680,3,194,31904,95719.0,31.54,-0.5,-10.0616229,-0.28439285,-0.38245935,-0.013962634015954637,0.12740903539558607,-0.13962634015954636,-1026,-29,-39,-8,73,-80,-5,3154,1,False,False,False,False,False,False,False,False,5,0,0,0,-1.026,-0.029,-0.039,1.0271504271527128,-0.8,7.3,-8.0,1,1,0,1,1,0,0x007F,"GPS, IMU, BARO, CORAL, SD, LORA, EPS_ADC",0x0000,NONE,0,0,POWER_ON,0,NONE,0,1,ACCEPTED,9,RX_OK,0,0,1,2,PACKET_OK,8,0,0,4,316,2815,4.295414663920043,seq=316 cloud=4.30% status=0x00,3c 01 ff 0a 00 04 00
2026-07-28T11:55:40.240754+00:00,1785239740.240754,-75,12.0,False,True,1,8,True,True,True,True,0x04B9,0x04B9,172,False,0,2,False,0,0,42868,1784000,4,42868,0,STANDBY,30,False,False,True,True,True,True,True,False,True,True,False,False,False,False,False,False,3987,3.987,0,0,48.0879707,11.2960119,568.0,1.94,0.03,319.04,480879707,112960119,5680,3,194,31904,95708.0,31.55,0.3,-9.571290399999999,-0.3334261,0.0196133,-0.026179938779914945,0.022689280275926284,-0.0017453292519943296,-976,-34,2,-15,13,-1,3,3155,1,False,False,False,False,False,False,False,False,5,0,0,0,-0.976,-0.034,0.002,0.9765940814893361,-1.5,1.3,-0.1,1,1,0,1,1,0,0x007F,"GPS, IMU, BARO, CORAL, SD, LORA, EPS_ADC",0x0000,NONE,0,0,POWER_ON,0,NONE,0,1,ACCEPTED,9,RX_OK,0,0,1,2,PACKET_OK,8,0,0,14,316,2815,4.295414663920043,seq=316 cloud=4.30% status=0x00,3c 01 ff 0a 00 0e 00
2026-07-28T11:55:50.535470+00:00,1785239750.53547,-63,12.25,False,True,1,8,True,True,True,True,0x8078,0x8078,173,False,0,2,False,0,0,42868,1795000,25,42868,0,STANDBY,30,False,False,True,True,True,True,True,False,True,True,False,False,False,False,False,False,3980,3.98,0,0,48.0879707,11.2960119,568.0,1.94,0.03,319.04,480879707,112960119,5680,3,194,31904,95714.0,31.57,-0.3,-9.6301303,-0.3138128,0.1569064,-0.03665191429188092,-0.003490658503988659,-0.015707963267948967,-982,-32,16,-21,-2,-9,-3,3157,1,False,False,False,False,False,False,False,False,5,0,0,0,-0.982,-0.032,0.016,0.9826515150347045,-2.1,-0.2,-0.9,1,1,0,1,1,0,0x007F,"GPS, IMU, BARO, CORAL, SD, LORA, EPS_ADC",0x0000,NONE,0,0,POWER_ON,0,NONE,0,1,ACCEPTED,9,RX_OK,0,0,1,2,PACKET_OK,8,0,0,7,317,1023,1.560997940032044,seq=317 cloud=1.56% status=0x00,3d 01 ff 03 00 07 00
2026-07-28T11:56:00.861766+00:00,1785239760.861766,-68,12.0,False,True,1,8,True,True,True,True,0x44B9,0x44B9,174,False,0,2,False,0,0,42868,1805000,12,42868,0,STANDBY,30,False,False,True,True,True,True,True,False,True,True,False,False,False,False,False,False,3990,3.99,0,0,48.0879707,11.2960119,568.0,1.94,0.03,319.04,480879707,112960119,5680,3,194,31904,95712.0,31.6,-0.1,-9.6889702,-0.7158854499999999,-0.48052585,-0.05061454830783556,-0.008726646259971648,-0.06981317007977318,-988,-73,-49,-29,-5,-40,-1,3160,1,False,False,False,False,False,False,False,False,5,0,0,0,-0.988,-0.073,-0.049,0.9919042292479653,-2.9,-0.5,-4.0,1,1,0,1,1,0,0x007F,"GPS, IMU, BARO, CORAL, SD, LORA, EPS_ADC",0x0000,NONE,0,0,POWER_ON,0,NONE,0,1,ACCEPTED,9,RX_OK,0,0,1,2,PACKET_OK,8,0,0,0,318,2559,3.9047837033646142,seq=318 cloud=3.90% status=0x00,3e 01 ff 09 00 00 00
2026-07-28T11:56:11.188435+00:00,1785239771.188435,-60,12.25,False,True,1,8,True,True,True,True,0x3647,0x3647,175,False,0,2,False,0,0,42868,1815000,99,42868,0,STANDBY,30,False,False,True,True,True,True,True,False,True,True,False,False,False,False,False,False,3977,3.977,0,0,48.0879707,11.2960119,568.0,1.94,0.03,319.04,480879707,112960119,5680,3,194,31904,95709.0,31.62,0.1,-9.581097049999999,-1.0983448,-0.25497289999999995,0.0017453292519943296,-0.020943951023931952,-0.0471238898038469,-977,-112,-26,1,-12,-27,1,3162,1,False,False,False,False,False,False,False,False,5,0,0,0,-0.977,-0.112,-0.026,0.9837423443158274,0.1,-1.2,-2.7,1,1,0,1,1,0,0x007F,"GPS, IMU, BARO, CORAL, SD, LORA, EPS_ADC",0x0000,NONE,0,0,POWER_ON,0,NONE,0,1,ACCEPTED,9,RX_OK,0,0,1,2,PACKET_OK,8,0,0,10,318,2559,3.9047837033646142,seq=318 cloud=3.90% status=0x00,3e 01 ff 09 00 0a 00
2026-07-28T11:56:21.486392+00:00,1785239781.486392,-66,11.75,False,True,1,8,True,True,True,True,0xCBD1,0xCBD1,176,False,0,2,False,0,0,42868,1826000,75,42868,0,STANDBY,30,False,False,True,True,True,True,True,False,True,True,False,False,False,False,False,False,3974,3.974,0,0,48.0879707,11.2960119,568.0,1.94,0.03,319.04,480879707,112960119,5680,3,194,31904,95712.0,31.65,-0.2,-9.80665,0.4216859499999999,0.5295591,-0.010471975511965976,-0.03490658503988659,0.008726646259971648,-1000,43,54,-6,-20,5,-2,3165,1,False,False,False,False,False,False,False,False,5,0,0,0,-1.0,0.043,0.054,1.0023796685887039,-0.6,-2.0,0.5,1,1,0,1,1,0,0x007F,"GPS, IMU, BARO, CORAL, SD, LORA, EPS_ADC",0x0000,NONE,0,0,POWER_ON,0,NONE,0,1,ACCEPTED,9,RX_OK,0,0,1,2,PACKET_OK,8,0,0,3,319,511,0.7797360189211872,seq=319 cloud=0.78% status=0x00,3f 01 ff 01 00 03 00
2026-07-28T11:56:31.811417+00:00,1785239791.811417,-64,12.25,False,True,1,8,True,True,True,True,0x0107,0x0107,177,False,0,2,False,0,0,42868,1836000,98,42868,0,STANDBY,30,False,False,True,True,True,True,True,False,True,True,False,False,False,False,False,False,3971,3.971,0,0,48.0879707,11.2960119,568.0,1.94,0.03,319.04,480879707,112960119,5680,3,194,31904,95706.0,31.66,0.3,-9.67916355,-0.2745862,-0.0196133,-0.09075712110370514,-0.020943951023931952,-0.0017453292519943296,-987,-28,-2,-52,-12,-1,3,3166,1,False,False,False,False,False,False,False,False,5,0,0,0,-0.987,-0.028,-0.002,0.9873991087701062,-5.2,-1.2,-0.1,1,1,0,1,1,0,0x007F,"GPS, IMU, BARO, CORAL, SD, LORA, EPS_ADC",0x0000,NONE,0,0,POWER_ON,0,NONE,0,1,ACCEPTED,9,RX_OK,0,0,1,2,PACKET_OK,8,0,0,13,319,511,0.7797360189211872,seq=319 cloud=0.78% status=0x00,3f 01 ff 01 00 0d 00
2026-07-28T11:56:42.121658+00:00,1785239802.121658,-61,12.0,False,True,1,8,True,True,True,True,0x834F,0x834F,178,False,0,2,False,0,0,42868,1846000,79,42868,0,STANDBY,30,False,False,True,True,True,True,True,False,True,True,False,False,False,False,False,False,3974,3.974,0,0,48.0879707,11.2960119,568.0,1.94,0.03,319.04,480879707,112960119,5680,3,194,31904,95708.0,31.69,0.1,-9.561483749999999,-0.22555294999999997,0.34323275000000003,-0.020943951023931952,0.003490658503988659,-0.020943951023931952,-975,-23,35,-12,2,-12,1,3169,1,False,False,False,False,False,False,False,False,5,0,0,0,-0.975,-0.023,0.035,0.9758990726504457,-1.2,0.2,-1.2,1,1,0,1,1,0,0x007F,"GPS, IMU, BARO, CORAL, SD, LORA, EPS_ADC",0x0000,NONE,0,0,POWER_ON,0,NONE,0,1,ACCEPTED,9,RX_OK,0,0,1,2,PACKET_OK,8,0,0,6,320,255,0.38910505836575876,seq=320 cloud=0.39% status=0x00,40 01 ff 00 00 06 00
2026-07-28T11:56:52.428676+00:00,1785239812.428676,-77,12.25,False,True,1,8,True,True,True,True,0xB473,0xB473,179,False,0,2,False,0,0,42868,1857000,45,42868,0,STANDBY,30,False,False,True,True,True,True,True,False,True,True,False,False,False,False,False,False,3984,3.984,0,0,48.0879707,11.2960119,568.0,1.94,0.03,319.04,480879707,112960119,5680,3,194,31904,95711.0,31.7,-0.1,-9.0025047,3.6088471999999996,-1.14737805,1.2252211349000195,0.1291543646475804,-1.4119713648634127,-918,368,-117,702,74,-809,-1,3170,1,False,False,False,False,False,False,False,False,5,0,0,0,-0.918,0.368,-0.117,0.9959101365083096,70.2,7.4,-80.9,1,1,0,1,1,0,0x007F,"GPS, IMU, BARO, CORAL, SD, LORA, EPS_ADC",0x0000,NONE,0,0,POWER_ON,0,NONE,0,1,ACCEPTED,9,RX_OK,0,0,1,2,PACKET_OK,8,0,0,16,320,255,0.38910505836575876,seq=320 cloud=0.39% status=0x00,40 01 ff 00 00 10 00
2026-07-28T11:57:02.751720+00:00,1785239822.75172,-55,11.5,False,True,1,8,True,True,True,True,0x9946,0x9946,180,False,0,2,False,0,0,42868,1867000,23,42868,0,STANDBY,30,False,False,True,True,True,True,True,False,True,True,False,False,False,False,False,False,3984,3.984,0,0,48.0879707,11.2960119,568.0,1.94,0.03,319.04,480879707,112960119,5680,3,194,31904,95713.0,31.71,-0.2,9.973363049999998,0.00980665,-0.9120184499999999,-0.017453292519943295,-0.006981317007977318,-0.020943951023931952,1017,1,-93,-10,-4,-12,-2,3171,1,False,False,False,False,False,False,False,False,5,0,0,0,1.017,0.001,-0.093,1.021243849430683,-1.0,-0.4,-1.2,1,1,0,1,1,0,0x007F,"GPS, IMU, BARO, CORAL, SD, LORA, EPS_ADC",0x0000,NONE,0,0,POWER_ON,0,NONE,0,1,ACCEPTED,9,RX_OK,0,0,1,2,PACKET_OK,8,0,0,9,321,1535,2.342259861142901,seq=321 cloud=2.34% status=0x00,41 01 ff 05 00 09 00
2026-07-28T11:57:13.390357+00:00,1785239833.390357,-55,10.5,False,True,1,8,True,True,True,True,0x63F8,0x63F8,181,False,0,2,False,0,0,42868,1877000,99,42868,0,STANDBY,30,False,False,True,True,True,True,True,False,True,True,False,False,False,False,False,False,3984,3.984,0,0,48.0879707,11.2960119,568.0,1.94,0.03,319.04,480879707,112960119,5680,3,194,31904,95715.0,31.72,-0.2,10.0223963,-0.12748644999999997,-0.8531785499999999,-0.019198621771937627,0.003490658503988659,-0.019198621771937627,1022,-13,-87,-11,2,-11,-2,3172,1,False,False,False,False,False,False,False,False,5,0,0,0,1.022,-0.013,-0.087,1.0257787285764899,-1.1,0.2,-1.1,1,1,0,1,1,0,0x007F,"GPS, IMU, BARO, CORAL, SD, LORA, EPS_ADC",0x0000,NONE,0,0,POWER_ON,0,NONE,0,1,ACCEPTED,9,RX_OK,0,0,1,2,PACKET_OK,8,0,0,2,322,0,0.0,seq=322 cloud=0.00% status=0x00,42 01 00 00 00 02 00
2026-07-28T11:57:23.363803+00:00,1785239843.363803,-66,11.75,False,True,1,8,True,True,True,True,0xEEC0,0xEEC0,182,False,0,2,False,0,0,42868,1887000,93,42868,0,STANDBY,30,False,False,True,True,True,True,True,False,True,True,False,False,False,False,False,False,3980,3.98,0,0,48.0879707,11.2960119,568.0,1.94,0.03,319.04,480879707,112960119,5680,3,194,31904,95709.0,31.72,0.3,9.80665,-0.29419949999999995,-1.0787315,-0.015707963267948967,0.0,-0.022689280275926284,1000,-30,-110,-9,0,-13,3,3172,1,False,False,False,False,False,False,False,False,5,0,0,0,1.0,-0.03,-0.11,1.0064790112068904,-0.9,0.0,-1.3,1,1,0,1,1,0,0x007F,"GPS, IMU, BARO, CORAL, SD, LORA, EPS_ADC",0x0000,NONE,0,0,POWER_ON,0,NONE,0,1,ACCEPTED,9,RX_OK,0,0,1,2,PACKET_OK,8,0,0,12,322,0,0.0,seq=322 cloud=0.00% status=0x00,42 01 00 00 00 0c 00
2026-07-28T11:57:33.692614+00:00,1785239853.692614,-73,12.25,False,True,1,8,True,True,True,True,0xBB9D,0xBB9D,183,False,0,2,False,0,0,42868,1898000,20,42868,0,STANDBY,30,False,False,True,True,True,True,True,False,True,True,False,False,False,False,False,False,3977,3.977,0,0,48.0879707,11.2960119,568.0,1.94,0.03,319.04,480879707,112960119,5680,3,194,31904,95719.0,31.74,-0.5,9.924329799999999,-0.18632634999999997,-0.8825985,-0.020943951023931952,-0.003490658503988659,-0.019198621771937627,1012,-19,-90,-12,-2,-11,-5,3174,1,False,False,False,False,False,False,False,False,5,0,0,0,1.012,-0.019,-0.09,1.0161717374538617,-1.2,-0.2,-1.1,1,1,0,1,1,0,0x007F,"GPS, IMU, BARO, CORAL, SD, LORA, EPS_ADC",0x0000,NONE,0,0,POWER_ON,0,NONE,0,1,ACCEPTED,9,RX_OK,0,0,1,2,PACKET_OK,8,0,0,5,323,511,0.7797360189211872,seq=323 cloud=0.78% status=0x00,43 01 ff 01 00 05 00
2026-07-28T11:57:43.959848+00:00,1785239863.959848,-60,12.75,False,True,1,8,True,True,True,True,0x76F2,0x76F2,184,False,0,2,False,0,0,42868,1908000,81,42868,0,STANDBY,30,False,False,True,True,True,True,True,False,True,True,False,False,False,False,False,False,3971,3.971,0,0,48.0879707,11.2960119,568.0,1.94,0.03,319.04,480879707,112960119,5680,3,194,31904,95714.0,31.74,-0.1,9.7085835,-0.8825985,2.157463,-0.017453292519943295,-0.005235987755982988,-0.010471975511965976,990,-90,220,-10,-3,-6,-1,3174,1,False,False,False,False,False,False,False,False,5,0,0,0,0.99,-0.09,0.22,1.0181355508968342,-1.0,-0.3,-0.6,1,1,0,1,1,0,0x007F,"GPS, IMU, BARO, CORAL, SD, LORA, EPS_ADC",0x0000,NONE,0,0,POWER_ON,0,NONE,0,1,ACCEPTED,9,RX_OK,0,0,1,2,PACKET_OK,8,0,0,15,323,511,0.7797360189211872,seq=323 cloud=0.78% status=0x00,43 01 ff 01 00 0f 00
2026-07-28T11:57:54.282260+00:00,1785239874.28226,-58,12.25,False,True,1,8,True,True,True,True,0x7564,0x7564,185,False,0,2,False,0,0,42868,1918000,24,42868,0,STANDBY,30,False,False,True,True,True,True,True,False,True,True,False,False,False,False,False,False,3984,3.984,0,0,48.0879707,11.2960119,568.0,1.94,0.03,319.04,480879707,112960119,5680,3,194,31904,95709.0,31.75,0.3,-0.7158854499999999,-1.53964405,9.9439431,-0.031415926535897934,0.024434609527920613,0.05759586531581287,-73,-157,1014,-18,14,33,3,3175,1,False,False,False,False,False,False,False,False,5,0,0,0,-0.073,-0.157,1.014,1.0286758478743439,-1.8,1.4,3.3,1,1,0,1,1,0,0x007F,"GPS, IMU, BARO, CORAL, SD, LORA, EPS_ADC",0x0000,NONE,0,0,POWER_ON,0,NONE,0,1,ACCEPTED,9,RX_OK,0,0,1,2,PACKET_OK,8,0,0,8,324,255,0.38910505836575876,seq=324 cloud=0.39% status=0x00,44 01 ff 00 00 08 00
2026-07-28T11:58:04.591641+00:00,1785239884.591641,-54,12.25,False,True,1,8,True,True,True,True,0xAAF8,0xAAF8,186,False,0,2,False,0,0,42868,1929000,16,42868,0,STANDBY,30,False,False,True,True,True,True,True,False,True,True,False,False,False,False,False,False,3984,3.984,0,0,48.0879707,11.2960119,568.0,1.94,0.03,319.04,480879707,112960119,5680,3,194,31904,95711.0,31.76,0.0,-0.7551120499999999,-1.22583125,9.5320638,-0.0471238898038469,-0.0017453292519943296,0.04014257279586958,-77,-125,972,-27,-1,23,0,3176,1,False,False,False,False,False,False,False,False,5,0,0,0,-0.077,-0.125,0.972,0.9830249233869912,-2.7,-0.1,2.3,1,1,0,1,1,0,0x007F,"GPS, IMU, BARO, CORAL, SD, LORA, EPS_ADC",0x0000,NONE,0,0,POWER_ON,0,NONE,0,1,ACCEPTED,9,RX_OK,0,0,1,2,PACKET_OK,8,0,0,1,325,767,1.1703669794766156,seq=325 cloud=1.17% status=0x00,45 01 ff 02 00 01 00
2026-07-28T11:58:14.863123+00:00,1785239894.863123,-54,12.0,False,True,1,8,True,True,True,True,0x3BD4,0x3BD4,187,False,0,2,False,0,0,42868,1939000,95,42868,0,STANDBY,30,False,False,True,True,True,True,True,False,True,True,False,False,False,False,False,False,3980,3.98,0,0,48.0879707,11.2960119,568.0,1.94,0.03,319.04,480879707,112960119,5680,3,194,31904,95707.0,31.76,0.2,0.2745862,-1.7946169499999998,10.787315,0.04014257279586958,-0.029670597283903602,-1.6091935703387719,28,-183,1100,23,-17,-922,2,3176,1,False,False,False,False,False,False,False,False,5,0,0,0,0.028,-0.183,1.1,1.115469856159278,2.3,-1.7,-92.2,1,1,0,1,1,0,0x007F,"GPS, IMU, BARO, CORAL, SD, LORA, EPS_ADC",0x0000,NONE,0,0,POWER_ON,0,NONE,0,1,ACCEPTED,9,RX_OK,0,0,1,2,PACKET_OK,8,0,0,11,325,767,1.1703669794766156,seq=325 cloud=1.17% status=0x00,45 01 ff 02 00 0b 00
2026-07-28T11:58:25.163130+00:00,1785239905.16313,-59,12.25,False,True,1,8,True,True,True,True,0x4755,0x4755,188,False,0,2,False,0,0,42868,1949000,25,42868,0,STANDBY,30,False,False,True,True,True,True,True,False,True,True,False,False,False,False,False,False,3977,3.977,0,0,48.0879707,11.2960119,568.0,1.94,0.03,319.04,480879707,112960119,5680,3,194,31904,95707.0,31.77,0.1,-3.9618866,-6.56064885,6.1683828499999995,-0.5375614096142535,-1.3508848410436112,-3.8536869884034797,-404,-669,629,-308,-774,-2208,1,3177,1,False,False,False,False,False,False,False,False,5,0,0,0,-0.404,-0.669,0.629,1.0032038676161492,-30.8,-77.4,-220.8,1,1,0,1,1,0,0x007F,"GPS, IMU, BARO, CORAL, SD, LORA, EPS_ADC",0x0000,NONE,0,0,POWER_ON,0,NONE,0,1,ACCEPTED,9,RX_OK,0,0,1,2,PACKET_OK,8,0,0,4,326,1279,1.9516289005874723,seq=326 cloud=1.95% status=0x00,46 01 ff 04 00 04 00
2026-07-28T11:58:35.454890+00:00,1785239915.45489,-52,12.0,False,True,1,8,True,True,True,True,0xD7D9,0xD7D9,189,False,0,2,False,0,0,42868,1960000,48,42868,0,STANDBY,30,False,False,True,True,True,True,True,False,True,True,False,False,False,False,False,False,3977,3.977,0,0,48.0879707,11.2960119,568.0,1.94,0.03,319.04,480879707,112960119,5680,3,194,31904,95698.0,31.78,0.7,-7.9629998,0.8237586,0.26477955,-0.4520402762665313,-0.13439035240356337,0.5951572749300664,-812,84,27,-259,-77,341,7,3178,1,False,False,False,False,False,False,False,False,5,0,0,0,-0.812,0.084,0.027,0.816779652048213,-25.9,-7.7,34.1,1,1,0,1,1,0,0x007F,"GPS, IMU, BARO, CORAL, SD, LORA, EPS_ADC",0x0000,NONE,0,0,POWER_ON,0,NONE,0,1,ACCEPTED,9,RX_OK,0,0,1,2,PACKET_OK,8,0,0,14,326,1279,1.9516289005874723,seq=326 cloud=1.95% status=0x00,46 01 ff 04 00 0e 00
2026-07-28T11:58:45.770329+00:00,1785239925.770329,-61,11.75,False,True,1,8,True,True,True,True,0xB813,0xB813,190,False,0,2,False,0,0,42868,1970000,79,42868,0,STANDBY,30,False,False,True,True,True,True,True,False,True,True,False,False,False,False,False,False,3974,3.974,0,0,48.0879707,11.2960119,568.0,1.94,0.03,319.04,480879707,112960119,5680,3,194,31904,95702.0,31.79,0.1,-1.5886772999999998,-0.17651969999999997,-9.953749749999998,-0.022689280275926284,0.020943951023931952,-0.022689280275926284,-162,-18,-1015,-13,12,-13,1,3179,1,False,False,False,False,False,False,False,False,5,0,0,0,-0.162,-0.018,-1.015,1.0280043774225864,-1.3,1.2,-1.3,1,1,0,1,1,0,0x007F,"GPS, IMU, BARO, CORAL, SD, LORA, EPS_ADC",0x0000,NONE,0,0,POWER_ON,0,NONE,0,1,ACCEPTED,9,RX_OK,0,0,1,2,PACKET_OK,8,0,0,7,327,1023,1.560997940032044,seq=327 cloud=1.56% status=0x00,47 01 ff 03 00 07 00
2026-07-28T11:58:56.051975+00:00,1785239936.051975,-42,12.0,False,True,1,8,True,True,True,True,0x0557,0x0557,191,False,0,2,False,0,0,42868,1980000,68,42868,0,STANDBY,30,False,False,True,True,True,True,True,False,True,True,False,False,False,False,False,False,3974,3.974,0,0,48.0879707,11.2960119,568.0,1.94,0.03,319.04,480879707,112960119,5680,3,194,31904,95707.0,31.81,-0.4,2.0593964999999996,5.4132708,-7.698220249999999,0.14835298641951802,1.233947781159991,-1.1623892818282233,210,552,-785,85,707,-666,-4,3181,1,False,False,False,False,False,False,False,False,5,0,0,0,0.21,0.552,-0.785,0.9823588957198891,8.5,70.7,-66.6,1,1,0,1,1,0,0x007F,"GPS, IMU, BARO, CORAL, SD, LORA, EPS_ADC",0x0000,NONE,0,0,POWER_ON,0,NONE,0,1,ACCEPTED,9,RX_OK,0,0,1,2,PACKET_OK,8,0,0,0,328,6655,10.154879072251468,seq=328 cloud=10.15% status=0x00,48 01 ff 19 00 00 00
2026-07-28T11:59:06.370879+00:00,1785239946.370879,-58,12.5,False,True,1,8,True,True,True,True,0x5B8D,0x5B8D,192,False,0,2,False,0,0,42868,1990000,80,42868,0,STANDBY,30,False,False,True,True,True,True,True,False,True,True,False,False,False,False,False,False,3971,3.971,0,0,48.0879707,11.2960119,568.0,1.94,0.03,319.04,480879707,112960119,5680,3,194,31904,95703.0,31.83,0.2,-0.7158854499999999,-0.81395195,-10.09104285,-0.005235987755982988,0.006981317007977318,-0.020943951023931952,-73,-83,-1029,-3,4,-12,2,3183,1,False,False,False,False,False,False,False,False,5,0,0,0,-0.073,-0.083,-1.029,1.0349198036563025,-0.3,0.4,-1.2,1,1,0,1,1,0,0x007F,"GPS, IMU, BARO, CORAL, SD, LORA, EPS_ADC",0x0000,NONE,0,0,POWER_ON,0,NONE,0,1,ACCEPTED,9,RX_OK,0,0,1,2,PACKET_OK,8,0,0,10,328,6655,10.154879072251468,seq=328 cloud=10.15% status=0x00,48 01 ff 19 00 0a 00
2026-07-28T11:59:16.695217+00:00,1785239956.695217,-57,12.25,False,True,1,8,True,True,True,True,0xA737,0xA737,193,False,0,2,False,0,0,42868,2001000,46,42868,0,STANDBY,30,False,False,True,True,True,True,True,False,True,True,False,False,False,False,False,False,3977,3.977,0,0,48.0879707,11.2960119,568.0,1.94,0.03,319.04,480879707,112960119,5680,3,194,31904,95708.0,31.85,-0.2,-0.4707192,-2.4908891,-10.100849499999999,-0.1291543646475804,0.03316125578789226,-0.013962634015954637,-48,-254,-1030,-74,19,-8,-2,3185,1,False,False,False,False,False,False,False,False,5,0,0,0,-0.048,-0.254,-1.03,1.061941617980951,-7.4,1.9,-0.8,1,1,0,1,1,0,0x007F,"GPS, IMU, BARO, CORAL, SD, LORA, EPS_ADC",0x0000,NONE,0,0,POWER_ON,0,NONE,0,1,ACCEPTED,9,RX_OK,0,0,1,2,PACKET_OK,8,0,0,3,329,8191,12.498664835584039,seq=329 cloud=12.50% status=0x00,49 01 ff 1f 00 03 00
2026-07-28T11:59:26.947562+00:00,1785239966.947562,-58,11.75,False,True,1,8,True,True,True,True,0xFAAF,0xFAAF,194,False,0,2,False,0,0,42868,2011000,75,42868,0,STANDBY,30,False,False,True,True,True,True,True,False,True,True,False,False,False,False,False,False,3996,3.996,0,0,48.0879707,11.2960119,568.0,1.94,0.03,319.04,480879707,112960119,5680,3,194,31904,95707.0,31.86,0.1,-0.6472389,-1.57887065,-10.100849499999999,0.16057029118347832,0.005235987755982988,-0.03665191429188092,-66,-161,-1030,92,3,-21,1,3186,1,False,False,False,False,False,False,False,False,5,0,0,0,-0.066,-0.161,-1.03,1.0445941795740583,9.2,0.3,-2.1,1,1,0,1,1,0,0x007F,"GPS, IMU, BARO, CORAL, SD, LORA, EPS_ADC",0x0000,NONE,0,0,POWER_ON,0,NONE,0,1,ACCEPTED,9,RX_OK,0,0,1,2,PACKET_OK,8,0,0,14,329,8191,12.498664835584039,seq=329 cloud=12.50% status=0x00,49 01 ff 1f 00 0e 00
2026-07-28T11:59:37.239900+00:00,1785239977.2399,-57,12.0,False,True,1,8,True,True,True,True,0xBED8,0xBED8,195,False,0,2,False,0,0,42868,2021000,61,42868,0,STANDBY,30,False,False,True,True,True,True,True,False,True,True,False,False,False,False,False,False,3984,3.984,0,0,48.0879707,11.2960119,568.0,1.94,0.03,319.04,480879707,112960119,5680,3,194,31904,95713.0,31.87,-0.3,-0.7453053999999999,-2.69682875,-9.80665,-0.3700098014227979,-0.05759586531581287,0.029670597283903602,-76,-275,-1000,-212,-33,17,-3,3187,1,False,False,False,False,False,False,False,False,5,0,0,0,-0.076,-0.275,-1.0,1.039904322522029,-21.2,-3.3,1.7,1,1,0,1,1,0,0x007F,"GPS, IMU, BARO, CORAL, SD, LORA, EPS_ADC",0x0000,NONE,0,0,POWER_ON,0,NONE,0,1,ACCEPTED,9,RX_OK,0,0,1,2,PACKET_OK,8,0,0,7,330,1279,1.9516289005874723,seq=330 cloud=1.95% status=0x00,4a 01 ff 04 00 07 00
2026-07-28T11:59:47.553317+00:00,1785239987.553317,-57,12.5,False,True,1,8,True,True,True,True,0x9457,0x9457,196,False,0,2,False,0,0,42868,2032000,72,42868,0,STANDBY,30,False,False,True,True,True,True,True,False,True,True,False,False,False,False,False,False,3961,3.961,0,0,48.0879707,11.2960119,568.0,1.94,0.03,319.04,480879707,112960119,5680,3,194,31904,95711.0,31.89,0.0,-0.32361945,-5.1779112,-8.7083052,-0.019198621771937627,0.006981317007977318,-0.024434609527920613,-33,-528,-888,-11,4,-14,0,3189,1,False,False,False,False,False,False,False,False,5,0,0,0,-0.033,-0.528,-0.888,1.033642588131894,-1.1,0.4,-1.4,1,1,0,1,1,0,0x007F,"GPS, IMU, BARO, CORAL, SD, LORA, EPS_ADC",0x0000,NONE,0,0,POWER_ON,0,NONE,0,1,ACCEPTED,9,RX_OK,0,0,1,2,PACKET_OK,8,0,0,17,330,1279,1.9516289005874723,seq=330 cloud=1.95% status=0x00,4a 01 ff 04 00 11 00
2026-07-28T11:59:57.842173+00:00,1785239997.842173,-57,12.25,False,True,1,8,True,True,True,True,0x387A,0x387A,197,False,0,2,False,0,0,42868,2042000,90,42868,0,STANDBY,30,False,False,True,True,True,True,True,False,True,True,False,False,False,False,False,False,3955,3.955,0,0,48.0879707,11.2960119,568.0,1.94,0.03,319.04,480879707,112960119,5680,3,194,31904,95712.0,31.9,0.2,-0.44129925,-4.922938299999999,-8.87501825,0.05759586531581287,0.010471975511965976,-0.019198621771937627,-45,-502,-905,33,6,-11,2,3190,1,False,False,False,False,False,False,False,False,5,0,0,0,-0.045,-0.502,-0.905,1.035883198048892,3.3,0.6,-1.1,1,1,0,1,1,0,0x007F,"GPS, IMU, BARO, CORAL, SD, LORA, EPS_ADC",0x0000,NONE,0,0,POWER_ON,0,NONE,0,1,ACCEPTED,9,RX_OK,0,0,1,2,PACKET_OK,8,0,0,2,331,511,0.7797360189211872,seq=331 cloud=0.78% status=0x00,4b 01 ff 01 00 02 00
2026-07-28T12:00:08.385205+00:00,1785240008.385205,-54,11.75,False,True,1,8,True,True,True,True,0x2041,0x2041,198,False,0,2,False,0,0,42868,2052000,279,42868,0,STANDBY,30,False,False,True,True,True,True,True,False,True,True,False,False,False,False,False,False,3984,3.984,0,0,48.0879707,11.2960119,568.0,1.94,0.03,319.04,480879707,112960119,5680,3,194,31904,95716.0,31.92,-0.2,-0.35303939999999995,-4.63854545,-9.0417313,-0.003490658503988659,-0.005235987755982988,-0.020943951023931952,-36,-473,-922,-2,-3,-12,-2,3192,1,False,False,False,False,False,False,False,False,5,0,0,0,-0.036,-0.473,-0.922,1.0368746308016221,-0.2,-0.3,-1.2,1,1,0,1,1,0,0x007F,"GPS, IMU, BARO, CORAL, SD, LORA, EPS_ADC",0x0000,NONE,0,0,POWER_ON,0,NONE,0,1,ACCEPTED,9,RX_OK,0,0,1,2,PACKET_OK,8,0,0,12,331,511,0.7797360189211872,seq=331 cloud=0.78% status=0x00,4b 01 ff 01 00 0c 00
2026-07-28T12:00:18.808874+00:00,1785240018.808874,-58,12.5,False,True,1,8,True,True,True,True,0xC60B,0xC60B,199,False,0,2,False,0,0,42868,2063000,234,42868,0,STANDBY,30,False,False,True,True,True,True,True,False,True,True,False,False,False,False,False,False,3971,3.971,0,0,48.0879707,11.2960119,568.0,1.94,0.03,319.04,480879707,112960119,5680,3,194,31904,95716.0,31.93,-0.1,0.0,-5.08965135,-8.747531799999999,-0.008726646259971648,-0.027925268031909273,-0.0017453292519943296,0,-519,-892,-5,-16,-1,-1,3193,1,False,False,False,False,False,False,False,False,5,0,0,0,0.0,-0.519,-0.892,1.0320004844960105,-0.5,-1.6,-0.1,1,1,0,1,1,0,0x007F,"GPS, IMU, BARO, CORAL, SD, LORA, EPS_ADC",0x0000,NONE,0,0,POWER_ON,0,NONE,0,1,ACCEPTED,9,RX_OK,0,0,1,2,PACKET_OK,8,0,0,6,332,255,0.38910505836575876,seq=332 cloud=0.39% status=0x00,4c 01 ff 00 00 06 00
2026-07-28T12:00:29.086789+00:00,1785240029.086789,-52,12.0,False,True,1,8,True,True,True,True,0x43BA,0x43BA,200,False,0,2,False,0,0,42868,2073000,54,42868,0,STANDBY,30,False,False,True,True,True,True,True,False,True,True,False,False,False,False,False,False,3987,3.987,0,0,48.0879707,11.2960119,568.0,1.94,0.03,319.04,480879707,112960119,5680,3,194,31904,95717.0,31.94,-0.3,-0.4118793,-5.707470299999999,-8.36507245,-0.005235987755982988,0.013962634015954637,-0.026179938779914945,-42,-582,-853,-3,8,-15,-3,3194,1,False,False,False,False,False,False,False,False,5,0,0,0,-0.042,-0.582,-0.853,1.0334877841561554,-0.3,0.8,-1.5,1,1,0,1,1,0,0x007F,"GPS, IMU, BARO, CORAL, SD, LORA, EPS_ADC",0x0000,NONE,0,0,POWER_ON,0,NONE,0,1,ACCEPTED,9,RX_OK,0,0,1,2,PACKET_OK,8,0,0,16,332,255,0.38910505836575876,seq=332 cloud=0.39% status=0x00,4c 01 ff 00 00 10 00
2026-07-28T12:00:39.801863+00:00,1785240039.801863,-58,12.0,False,True,1,8,True,True,True,True,0x46E2,0x46E2,201,False,0,2,False,0,0,42868,2084000,64,42868,0,STANDBY,30,False,False,True,True,True,True,True,False,True,True,False,False,False,False,False,False,3961,3.961,0,0,48.0879707,11.2960119,568.0,1.94,0.03,319.04,480879707,112960119,5680,3,194,31904,95715.0,31.96,-0.1,-0.1176798,-3.8049801999999997,-9.326124149999998,0.0890117918517108,0.015707963267948967,-0.03316125578789226,-12,-388,-951,51,9,-19,-1,3196,1,False,False,False,False,False,False,False,False,5,0,0,0,-0.012,-0.388,-0.951,1.0271752528171616,5.1,0.9,-1.9,1,1,0,1,1,0,0x007F,"GPS, IMU, BARO, CORAL, SD, LORA, EPS_ADC",0x0000,NONE,0,0,POWER_ON,0,NONE,0,1,ACCEPTED,9,RX_OK,0,0,1,2,PACKET_OK,8,0,0,10,333,1279,1.9516289005874723,seq=333 cloud=1.95% status=0x00,4d 01 ff 04 00 0a 00
2026-07-28T12:00:50.108560+00:00,1785240050.10856,-55,12.25,False,True,1,8,True,True,True,True,0xDBCD,0xDBCD,202,False,0,2,False,0,0,42868,2094000,91,42868,0,STANDBY,30,False,False,True,True,True,True,True,False,True,True,False,False,False,False,False,False,3971,3.971,0,0,48.0879707,11.2960119,568.0,1.94,0.03,319.04,480879707,112960119,5680,3,194,31904,95708.0,31.97,0.5,-0.46091255,-2.8537351499999994,-9.77723005,-0.008726646259971648,0.008726646259971648,-0.024434609527920613,-47,-291,-997,-5,5,-14,5,3197,1,False,False,False,False,False,False,False,False,5,0,0,0,-0.047,-0.291,-0.997,1.0396629261448156,-0.5,0.5,-1.4,1,1,0,1,1,0,0x007F,"GPS, IMU, BARO, CORAL, SD, LORA, EPS_ADC",0x0000,NONE,0,0,POWER_ON,0,NONE,0,1,ACCEPTED,9,RX_OK,0,0,1,2,PACKET_OK,8,0,0,3,334,1279,1.9516289005874723,seq=334 cloud=1.95% status=0x00,4e 01 ff 04 00 03 00
2026-07-28T12:01:00.403283+00:00,1785240060.403283,-53,12.0,False,True,1,8,True,True,True,True,0x9319,0x9319,203,False,0,2,False,0,0,42868,2104000,45,42868,0,STANDBY,30,False,False,True,True,True,True,True,False,True,True,False,False,False,False,False,False,3961,3.961,0,0,48.0879707,11.2960119,568.0,1.94,0.03,319.04,480879707,112960119,5680,3,194,31904,95712.0,31.99,0.0,-0.61781895,-2.61837555,-9.81645665,-0.019198621771937627,0.0017453292519943296,-0.015707963267948967,-63,-267,-1001,-11,1,-9,0,3199,1,False,False,False,False,False,False,False,False,5,0,0,0,-0.063,-0.267,-1.001,1.0379108824942533,-1.1,0.1,-0.9,1,1,0,1,1,0,0x007F,"GPS, IMU, BARO, CORAL, SD, LORA, EPS_ADC",0x0000,NONE,0,0,POWER_ON,0,NONE,0,1,ACCEPTED,9,RX_OK,0,0,1,2,PACKET_OK,8,0,0,13,334,1279,1.9516289005874723,seq=334 cloud=1.95% status=0x00,4e 01 ff 04 00 0d 00
2026-07-28T12:01:10.775701+00:00,1785240070.775701,-55,11.0,False,True,1,8,True,True,True,True,0x4511,0x4511,204,False,0,2,False,0,0,42868,2115000,52,42868,0,STANDBY,30,False,False,True,True,True,True,True,False,True,True,False,False,False,False,False,False,3980,3.98,0,0,48.0879707,11.2960119,568.0,1.94,0.03,319.04,480879707,112960119,5680,3,194,31904,95708.0,32.01,0.3,-0.5883989999999999,-2.5301157,-9.81645665,-0.013962634015954637,0.003490658503988659,-0.020943951023931952,-60,-258,-1001,-8,2,-12,3,3201,1,False,False,False,False,False,False,False,False,5,0,0,0,-0.06,-0.258,-1.001,1.0354540067043054,-0.8,0.2,-1.2,1,1,0,1,1,0,0x007F,"GPS, IMU, BARO, CORAL, SD, LORA, EPS_ADC",0x0000,NONE,0,0,POWER_ON,0,NONE,0,1,ACCEPTED,9,RX_OK,0,0,1,2,PACKET_OK,8,0,0,6,335,1791,2.732890821698329,seq=335 cloud=2.73% status=0x00,4f 01 ff 06 00 06 00
2026-07-28T12:01:21.590065+00:00,1785240081.590065,-56,11.75,False,True,1,8,True,True,True,True,0x3163,0x3163,205,False,0,2,False,0,0,42868,2125000,522,42868,0,STANDBY,30,False,False,True,True,True,True,True,False,True,True,False,False,False,False,False,False,3980,3.98,0,0,48.0879707,11.2960119,568.0,1.94,0.03,319.04,480879707,112960119,5680,3,194,31904,95716.0,32.02,-0.4,-0.5982056499999999,-2.4614691499999997,-9.81645665,-0.010471975511965976,0.0017453292519943296,-0.017453292519943295,-61,-251,-1001,-6,1,-10,-4,3202,1,False,False,False,False,False,False,False,False,5,0,0,0,-0.061,-0.251,-1.001,1.0337905977517883,-0.6,0.1,-1.0,1,1,0,1,1,0,0x007F,"GPS, IMU, BARO, CORAL, SD, LORA, EPS_ADC",0x0000,NONE,0,0,POWER_ON,0,NONE,0,1,ACCEPTED,9,RX_OK,0,0,1,2,PACKET_OK,8,0,0,0,336,767,1.1703669794766156,seq=336 cloud=1.17% status=0x00,50 01 ff 02 00 00 00
2026-07-28T12:01:32.042133+00:00,1785240092.042133,-55,12.0,False,True,1,8,True,True,True,True,0x311E,0x311E,206,False,0,2,False,0,0,42868,2136000,224,42868,0,STANDBY,30,False,False,True,True,True,True,True,False,True,True,False,False,False,False,False,False,3971,3.971,0,0,48.0879707,11.2960119,568.0,1.94,0.03,319.04,480879707,112960119,5680,3,194,31904,95710.0,32.04,0.2,-0.6962721499999999,-2.5693422999999997,-9.826263299999999,-0.03316125578789226,-0.005235987755982988,-0.015707963267948967,-71,-262,-1002,-19,-3,-9,2,3204,1,False,False,False,False,False,False,False,False,5,0,0,0,-0.071,-0.262,-1.002,1.0381180087061392,-1.9,-0.3,-0.9,1,1,0,1,1,0,0x007F,"GPS, IMU, BARO, CORAL, SD, LORA, EPS_ADC",0x0000,NONE,0,0,POWER_ON,0,NONE,0,1,ACCEPTED,9,RX_OK,0,0,1,2,PACKET_OK,8,0,0,10,336,767,1.1703669794766156,seq=336 cloud=1.17% status=0x00,50 01 ff 02 00 0a 00
2026-07-28T12:01:42.297757+00:00,1785240102.297757,-56,11.75,False,True,1,8,True,True,True,True,0x3D80,0x3D80,207,False,0,2,False,0,0,42868,2146000,17,42868,0,STANDBY,30,False,False,True,True,True,True,True,False,True,True,False,False,False,False,False,False,3974,3.974,0,0,48.0879707,11.2960119,568.0,1.94,0.03,319.04,480879707,112960119,5680,3,194,31904,95715.0,32.05,-0.3,-0.61781895,-2.4810824499999997,-9.79684335,-0.012217304763960306,0.0017453292519943296,-0.019198621771937627,-63,-253,-999,-7,1,-11,-3,3205,1,False,False,False,False,False,False,False,False,5,0,0,0,-0.063,-0.253,-0.999,1.032462590121308,-0.7,0.1,-1.1,1,1,0,1,1,0,0x007F,"GPS, IMU, BARO, CORAL, SD, LORA, EPS_ADC",0x0000,NONE,0,0,POWER_ON,0,NONE,0,1,ACCEPTED,9,RX_OK,0,0,1,2,PACKET_OK,8,0,0,4,337,1023,1.560997940032044,seq=337 cloud=1.56% status=0x00,51 01 ff 03 00 04 00
2026-07-28T12:01:52.641257+00:00,1785240112.641257,-52,12.0,False,True,1,8,True,True,True,True,0xB4B0,0xB4B0,208,False,0,2,False,0,0,42868,2157000,60,42868,0,STANDBY,30,False,False,True,True,True,True,True,False,True,True,False,False,False,False,False,False,3974,3.974,0,0,48.0879707,11.2960119,568.0,1.94,0.03,319.04,480879707,112960119,5680,3,194,31904,95712.0,32.07,0.1,-0.61781895,-2.42224255,-9.875296549999998,-0.03490658503988659,0.0017453292519943296,-0.015707963267948967,-63,-247,-1007,-20,1,-9,1,3207,1,False,False,False,False,False,False,False,False,5,0,0,0,-0.063,-0.247,-1.007,1.038762244211831,-2.0,0.1,-0.9,1,1,0,1,1,0,0x007F,"GPS, IMU, BARO, CORAL, SD, LORA, EPS_ADC",0x0000,NONE,0,0,POWER_ON,0,NONE,0,1,ACCEPTED,9,RX_OK,0,0,1,2,PACKET_OK,8,0,0,14,337,1023,1.560997940032044,seq=337 cloud=1.56% status=0x00,51 01 ff 03 00 0e 00
2026-07-28T12:02:03.219472+00:00,1785240123.219472,-52,12.25,False,True,1,8,True,True,True,True,0xC840,0xC840,209,False,0,2,False,0,0,42868,2167000,80,42868,0,STANDBY,30,False,False,True,True,True,True,True,False,True,True,False,False,False,False,False,False,3984,3.984,0,0,48.0879707,11.2960119,568.0,1.94,0.03,319.04,480879707,112960119,5680,3,194,31904,95709.0,32.09,0.3,-0.6472389,-2.2751428,-9.894909849999998,0.010471975511965976,0.0,-0.022689280275926284,-66,-232,-1009,6,0,-13,3,3209,1,False,False,False,False,False,False,False,False,5,0,0,0,-0.066,-0.232,-1.009,1.0374299976383947,0.6,0.0,-1.3,1,1,0,1,1,0,0x007F,"GPS, IMU, BARO, CORAL, SD, LORA, EPS_ADC",0x0000,NONE,0,0,POWER_ON,0,NONE,0,1,ACCEPTED,9,RX_OK,0,0,1,2,PACKET_OK,8,0,0,7,338,2303,3.514152742809186,seq=338 cloud=3.51% status=0x00,52 01 ff 08 00 07 00
2026-07-28T12:02:13.527098+00:00,1785240133.527098,-53,12.25,False,True,1,8,True,True,True,True,0x9D85,0x9D85,210,False,0,2,False,0,0,42868,2177000,38,42868,0,STANDBY,30,False,False,True,True,True,True,True,False,True,True,False,False,False,False,False,False,3974,3.974,0,0,48.0879707,11.2960119,568.0,1.94,0.03,319.04,480879707,112960119,5680,3,194,31904,95716.0,32.1,-0.3,-0.6864655000000001,-2.4516625,-9.845876599999999,0.0890117918517108,0.0,-0.03316125578789226,-70,-250,-1004,51,0,-19,-3,3210,1,False,False,False,False,False,False,False,False,5,0,0,0,-0.07,-0.25,-1.004,1.0370226612760205,5.1,0.0,-1.9,1,1,0,1,1,0,0x007F,"GPS, IMU, BARO, CORAL, SD, LORA, EPS_ADC",0x0000,NONE,0,0,POWER_ON,0,NONE,0,1,ACCEPTED,9,RX_OK,0,0,1,2,PACKET_OK,8,0,0,1,339,255,0.38910505836575876,seq=339 cloud=0.39% status=0x00,53 01 ff 00 00 01 00
2026-07-28T12:02:23.814877+00:00,1785240143.814877,-54,11.75,False,True,1,8,True,True,True,True,0x617C,0x617C,211,False,0,2,False,0,0,42868,2188000,60,42868,0,STANDBY,30,False,False,True,True,True,True,True,False,True,True,False,False,False,False,False,False,3968,3.968,0,0,48.0879707,11.2960119,568.0,1.94,0.03,319.04,480879707,112960119,5680,3,194,31904,95710.0,32.12,0.1,-0.7158854499999999,-2.3339827,-9.924329799999999,-0.158824961931484,0.003490658503988659,-0.003490658503988659,-73,-238,-1012,-91,2,-2,1,3212,1,False,False,False,False,False,False,False,False,5,0,0,0,-0.073,-0.238,-1.012,1.0421693720312453,-9.1,0.2,-0.2,1,1,0,1,1,0,0x007F,"GPS, IMU, BARO, CORAL, SD, LORA, EPS_ADC",0x0000,NONE,0,0,POWER_ON,0,NONE,0,1,ACCEPTED,9,RX_OK,0,0,1,2,PACKET_OK,8,0,0,11,339,255,0.38910505836575876,seq=339 cloud=0.39% status=0x00,53 01 ff 00 00 0b 00
2026-07-28T12:02:34.112338+00:00,1785240154.112338,-52,12.0,False,True,1,8,True,True,True,True,0x09D2,0x09D2,212,False,0,2,False,0,0,42868,2198000,91,42868,0,STANDBY,30,False,False,True,True,True,True,True,False,True,True,False,False,False,False,False,False,3977,3.977,0,0,48.0879707,11.2960119,568.0,1.94,0.03,319.04,480879707,112960119,5680,3,194,31904,95712.0,32.14,0.0,-0.61781895,-2.4516625,-9.875296549999998,0.0,0.0017453292519943296,-0.022689280275926284,-63,-250,-1007,0,1,-13,0,3214,1,False,False,False,False,False,False,False,False,5,0,0,0,-0.063,-0.25,-1.007,1.039479677531023,0.0,0.1,-1.3,1,1,0,1,1,0,0x007F,"GPS, IMU, BARO, CORAL, SD, LORA, EPS_ADC",0x0000,NONE,0,0,POWER_ON,0,NONE,0,1,ACCEPTED,9,RX_OK,0,0,1,2,PACKET_OK,8,0,0,4,340,511,0.7797360189211872,seq=340 cloud=0.78% status=0x00,54 01 ff 01 00 04 00
2026-07-28T12:02:44.404672+00:00,1785240164.404672,-58,12.0,False,True,1,8,True,True,True,True,0x373E,0x373E,213,False,0,2,False,0,0,42868,2208000,65,42868,0,STANDBY,30,False,False,True,True,True,True,True,False,True,True,False,False,False,False,False,False,3987,3.987,0,0,48.0879707,11.2960119,568.0,1.94,0.03,319.04,480879707,112960119,5680,3,194,31904,95707.0,32.16,0.5,-0.57859235,-2.40262925,-9.855683249999998,0.0,0.005235987755982988,-0.022689280275926284,-59,-245,-1005,0,3,-13,5,3216,1,False,False,False,False,False,False,False,False,5,0,0,0,-0.059,-0.245,-1.005,1.0361134107808854,0.0,0.3,-1.3,1,1,0,1,1,0,0x007F,"GPS, IMU, BARO, CORAL, SD, LORA, EPS_ADC",0x0000,NONE,0,0,POWER_ON,0,NONE,0,1,ACCEPTED,9,RX_OK,0,0,1,2,PACKET_OK,8,0,0,14,340,511,0.7797360189211872,seq=340 cloud=0.78% status=0x00,54 01 ff 01 00 0e 00
2026-07-28T12:02:54.699293+00:00,1785240174.699293,-57,12.25,False,True,1,8,True,True,True,True,0x6561,0x6561,214,False,0,2,False,0,0,42868,2219000,68,42868,0,STANDBY,30,False,False,True,True,True,True,True,False,True,True,False,False,False,False,False,False,3977,3.977,0,0,48.0879707,11.2960119,568.0,1.94,0.03,319.04,480879707,112960119,5680,3,194,31904,95715.0,32.17,-0.2,-0.5883989999999999,-2.5693422999999997,-9.9047165,-0.0017453292519943296,0.003490658503988659,-0.019198621771937627,-60,-262,-1010,-1,2,-11,-2,3217,1,False,False,False,False,False,False,False,False,5,0,0,0,-0.06,-0.262,-1.01,1.0451526204339727,-0.1,0.2,-1.1,1,1,0,1,1,0,0x007F,"GPS, IMU, BARO, CORAL, SD, LORA, EPS_ADC",0x0000,NONE,0,0,POWER_ON,0,NONE,0,1,ACCEPTED,9,RX_OK,0,0,1,2,PACKET_OK,8,0,0,7,341,4095,6.248569466697185,seq=341 cloud=6.25% status=0x00,55 01 ff 0f 00 07 00
2026-07-28T12:03:05.012603+00:00,1785240185.012603,-53,12.25,False,True,1,8,True,True,True,True,0xE446,0xE446,215,False,0,2,False,0,0,42868,2229000,57,42868,0,STANDBY,30,False,False,True,True,True,True,True,False,True,True,False,False,False,False,False,False,3968,3.968,0,0,48.0879707,11.2960119,568.0,1.94,0.03,319.04,480879707,112960119,5680,3,194,31904,95713.0,32.18,0.1,-0.55897905,-2.63798885,-9.8851032,0.006981317007977318,0.005235987755982988,-0.024434609527920613,-57,-269,-1008,4,3,-14,1,3218,1,False,False,False,False,False,False,False,False,5,0,0,0,-0.057,-0.269,-1.008,1.0448320439190215,0.4,0.3,-1.4,1,1,0,1,1,0,0x007F,"GPS, IMU, BARO, CORAL, SD, LORA, EPS_ADC",0x0000,NONE,0,0,POWER_ON,0,NONE,0,1,ACCEPTED,9,RX_OK,0,0,1,2,PACKET_OK,8,0,0,1,342,2047,3.1235217822537575,seq=342 cloud=3.12% status=0x00,56 01 ff 07 00 01 00
2026-07-28T12:03:15.292819+00:00,1785240195.292819,-54,12.0,False,True,1,8,True,True,True,True,0xDFB4,0xDFB4,216,False,0,2,False,0,0,42868,2239000,42,42868,0,STANDBY,30,False,False,True,True,True,True,True,False,True,True,False,False,False,False,False,False,3980,3.98,0,0,48.0879707,11.2960119,568.0,1.94,0.03,319.04,480879707,112960119,5680,3,194,31904,95712.0,32.2,0.0,-0.65704555,-2.4516625,-9.79684335,-0.013962634015954637,-0.0017453292519943296,-0.017453292519943295,-67,-250,-999,-8,-1,-10,0,3220,1,False,False,False,False,False,False,False,False,5,0,0,0,-0.067,-0.25,-0.999,1.0319835270003104,-0.8,-0.1,-1.0,1,1,0,1,1,0,0x007F,"GPS, IMU, BARO, CORAL, SD, LORA, EPS_ADC",0x0000,NONE,0,0,POWER_ON,0,NONE,0,1,ACCEPTED,9,RX_OK,0,0,1,2,PACKET_OK,8,0,0,11,342,2047,3.1235217822537575,seq=342 cloud=3.12% status=0x00,56 01 ff 07 00 0b 00
2026-07-28T12:03:25.595865+00:00,1785240205.595865,-55,12.25,False,True,1,8,True,True,True,True,0xF152,0xF152,217,False,0,2,False,0,0,42868,2250000,55,42868,0,STANDBY,30,False,False,True,True,True,True,True,False,True,True,False,False,False,False,False,False,3971,3.971,0,0,48.0879707,11.2960119,568.0,1.94,0.03,319.04,480879707,112960119,5680,3,194,31904,95715.0,32.22,-0.2,-0.83356525,-2.59876225,-9.81645665,0.16580627893946132,0.026179938779914945,-0.041887902047863905,-85,-265,-1001,95,15,-24,-2,3222,1,False,False,False,False,False,False,False,False,5,0,0,0,-0.085,-0.265,-1.001,1.038966313217132,9.5,1.5,-2.4,1,1,0,1,1,0,0x007F,"GPS, IMU, BARO, CORAL, SD, LORA, EPS_ADC",0x0000,NONE,0,0,POWER_ON,0,NONE,0,1,ACCEPTED,9,RX_OK,0,0,1,2,PACKET_OK,8,0,0,4,343,1791,2.732890821698329,seq=343 cloud=2.73% status=0x00,57 01 ff 06 00 04 00
2026-07-28T12:03:35.901265+00:00,1785240215.901265,-58,12.5,False,True,1,8,True,True,True,True,0x7485,0x7485,218,False,0,2,False,0,0,42868,2260000,50,42868,0,STANDBY,30,False,False,True,True,True,True,True,False,True,True,False,False,False,False,False,False,3980,3.98,0,0,48.0879707,11.2960119,568.0,1.94,0.03,319.04,480879707,112960119,5680,3,194,31904,95712.0,32.24,0.0,-0.6864655000000001,-2.4516625,-9.80665,-0.03665191429188092,-0.003490658503988659,-0.019198621771937627,-70,-250,-1000,-21,-2,-11,0,3224,1,False,False,False,False,False,False,False,False,5,0,0,0,-0.07,-0.25,-1.0,1.0331505214633538,-2.1,-0.2,-1.1,1,1,0,1,1,0,0x007F,"GPS, IMU, BARO, CORAL, SD, LORA, EPS_ADC",0x0000,NONE,0,0,POWER_ON,0,NONE,0,1,ACCEPTED,9,RX_OK,0,0,1,2,PACKET_OK,8,0,0,14,343,1791,2.732890821698329,seq=343 cloud=2.73% status=0x00,57 01 ff 06 00 0e 00
2026-07-28T12:03:46.191483+00:00,1785240226.191483,-55,12.25,False,True,1,8,True,True,True,True,0x0793,0x0793,219,False,0,2,False,0,0,42868,2270000,74,42868,0,STANDBY,30,False,False,True,True,True,True,True,False,True,True,False,False,False,False,False,False,3977,3.977,0,0,48.0879707,11.2960119,568.0,1.94,0.03,319.04,480879707,112960119,5680,3,194,31904,95710.0,32.26,0.0,-0.5197524499999999,-2.4516625,-9.914523149999999,-0.019198621771937627,0.0017453292519943296,-0.020943951023931952,-53,-250,-1011,-11,1,-12,0,3226,1,False,False,False,False,False,False,False,False,5,0,0,0,-0.053,-0.25,-1.011,1.042799117759504,-1.1,0.1,-1.2,1,1,0,1,1,0,0x007F,"GPS, IMU, BARO, CORAL, SD, LORA, EPS_ADC",0x0000,NONE,0,0,POWER_ON,0,NONE,0,1,ACCEPTED,9,RX_OK,0,0,1,2,PACKET_OK,8,0,0,7,344,4351,6.6392004272526135,seq=344 cloud=6.64% status=0x00,58 01 ff 10 00 07 00
2026-07-28T12:03:56.479640+00:00,1785240236.47964,-59,12.25,False,True,1,8,True,True,True,True,0x0784,0x0784,220,False,0,2,False,0,0,42868,2280000,73,42868,0,STANDBY,30,False,False,True,True,True,True,True,False,True,True,False,False,False,False,False,False,3984,3.984,0,0,48.0879707,11.2960119,568.0,1.94,0.03,319.04,480879707,112960119,5680,3,194,31904,95710.0,32.27,0.0,-0.67665885,-2.4908891,-9.845876599999999,-0.022689280275926284,0.003490658503988659,-0.015707963267948967,-69,-254,-1004,-13,2,-9,0,3227,1,False,False,False,False,False,False,False,False,5,0,0,0,-0.069,-0.254,-1.004,1.037927261420568,-1.3,0.2,-0.9,1,1,0,1,1,0,0x007F,"GPS, IMU, BARO, CORAL, SD, LORA, EPS_ADC",0x0000,NONE,0,0,POWER_ON,0,NONE,0,1,ACCEPTED,9,RX_OK,0,0,1,2,PACKET_OK,8,0,0,0,345,3071,4.686045624475471,seq=345 cloud=4.69% status=0x00,59 01 ff 0b 00 00 00
2026-07-28T12:04:06.786709+00:00,1785240246.786709,-63,12.75,False,True,1,8,True,True,True,True,0xE152,0xE152,221,False,0,2,False,0,0,42868,2291000,37,42868,0,STANDBY,30,False,False,True,True,True,True,True,False,True,True,False,False,False,False,False,False,3971,3.971,0,0,48.0879707,11.2960119,568.0,1.94,0.03,319.04,480879707,112960119,5680,3,194,31904,95709.0,32.29,0.1,-0.5883989999999999,-2.22610955,-9.934136449999999,-0.010471975511965976,-0.003490658503988659,-0.019198621771937627,-60,-227,-1013,-6,-2,-11,1,3229,1,False,False,False,False,False,False,False,False,5,0,0,0,-0.06,-0.227,-1.013,1.0398547975558894,-0.6,-0.2,-1.1,1,1,0,1,1,0,0x007F,"GPS, IMU, BARO, CORAL, SD, LORA, EPS_ADC",0x0000,NONE,0,0,POWER_ON,0,NONE,0,1,ACCEPTED,9,RX_OK,0,0,1,2,PACKET_OK,8,0,0,11,345,3071,4.686045624475471,seq=345 cloud=4.69% status=0x00,59 01 ff 0b 00 0b 00
2026-07-28T12:04:17.088651+00:00,1785240257.088651,-53,12.25,False,True,1,8,True,True,True,True,0x4256,0x4256,222,False,0,2,False,0,0,42868,2301000,83,42868,0,STANDBY,30,False,False,True,True,True,True,True,False,True,True,False,False,False,False,False,False,3974,3.974,0,0,48.0879707,11.2960119,568.0,1.94,0.03,319.04,480879707,112960119,5680,3,194,31904,95713.0,32.3,-0.1,-0.7256921,-2.0005566,-9.99297635,0.16057029118347832,0.0017453292519943296,-0.041887902047863905,-74,-204,-1019,92,1,-24,-1,3230,1,False,False,False,False,False,False,False,False,5,0,0,0,-0.074,-0.204,-1.019,1.041850757066481,9.2,0.1,-2.4,1,1,0,1,1,0,0x007F,"GPS, IMU, BARO, CORAL, SD, LORA, EPS_ADC",0x0000,NONE,0,0,POWER_ON,0,NONE,0,1,ACCEPTED,9,RX_OK,0,0,1,2,PACKET_OK,8,0,0,4,346,2047,3.1235217822537575,seq=346 cloud=3.12% status=0x00,5a 01 ff 07 00 04 00
2026-07-28T12:04:27.366482+00:00,1785240267.366482,-55,12.75,False,True,1,8,True,True,True,True,0x41C4,0x41C4,223,False,0,2,False,0,0,42868,2311000,72,42868,0,STANDBY,30,False,False,True,True,True,True,True,False,True,True,False,False,False,False,False,False,3968,3.968,0,0,48.0879707,11.2960119,568.0,1.94,0.03,319.04,480879707,112960119,5680,3,194,31904,95701.0,32.32,0.7,-9.953749749999998,-0.9512450499999999,0.5491724,-0.5096361415823443,-0.1832595714594046,-0.2775073510670984,-1015,-97,56,-292,-105,-159,7,3232,1,False,False,False,False,False,False,False,False,5,0,0,0,-1.015,-0.097,0.056,1.021161103842092,-29.2,-10.5,-15.9,1,1,0,1,1,0,0x007F,"GPS, IMU, BARO, CORAL, SD, LORA, EPS_ADC",0x0000,NONE,0,0,POWER_ON,0,NONE,0,1,ACCEPTED,9,RX_OK,0,0,1,2,PACKET_OK,8,0,0,14,346,2047,3.1235217822537575,seq=346 cloud=3.12% status=0x00,5a 01 ff 07 00 0e 00
2026-07-28T12:04:37.676155+00:00,1785240277.676155,-57,12.0,False,True,1,8,True,True,True,True,0xC30B,0xC30B,224,False,0,2,False,0,0,42868,2322000,24,42868,0,STANDBY,30,False,False,True,True,True,True,True,False,True,True,False,False,False,False,False,False,3971,3.971,3,4,48.0879707,11.2960119,568.0,1.94,0.03,319.04,480879707,112960119,5680,3,194,31904,95710.0,32.35,-0.2,-9.571290399999999,0.5687857,-1.3337044,-0.15707963267948966,0.05235987755982989,-0.10297442586766545,-976,58,-136,-90,30,-59,-2,3235,1,False,False,False,False,False,False,False,False,5,0,0,0,-0.976,0.058,-0.136,0.987135249092038,-9.0,3.0,-5.9,1,1,0,1,1,0,0x007F,"GPS, IMU, BARO, CORAL, SD, LORA, EPS_ADC",0x0000,NONE,0,0,POWER_ON,0,NONE,0,1,ACCEPTED,9,RX_OK,0,0,1,2,PACKET_OK,8,0,0,7,347,7679,11.717402914473181,seq=347 cloud=11.72% status=0x00,5b 01 ff 1d 00 07 00
2026-07-28T12:04:47.978273+00:00,1785240287.978273,-55,12.0,False,True,1,8,True,True,True,True,0xF8B8,0xF8B8,225,False,0,2,False,0,0,42868,2332000,77,42868,0,STANDBY,30,False,False,True,True,True,True,True,False,True,True,False,False,False,False,False,False,3958,3.958,0,0,48.0879707,11.2960119,568.0,1.94,0.03,319.04,480879707,112960119,5680,3,194,31904,95709.0,32.38,-0.1,-9.5516771,-0.5099457999999999,0.5197524499999999,-0.022689280275926284,0.022689280275926284,-0.017453292519943295,-974,-52,53,-13,13,-10,-1,3238,1,False,False,False,False,False,False,False,False,5,0,0,0,-0.974,-0.052,0.053,0.9768259824554217,-1.3,1.3,-1.0,1,1,0,1,1,0,0x007F,"GPS, IMU, BARO, CORAL, SD, LORA, EPS_ADC",0x0000,NONE,0,0,POWER_ON,0,NONE,0,1,ACCEPTED,9,RX_OK,0,0,1,2,PACKET_OK,8,0,0,0,348,1023,1.560997940032044,seq=348 cloud=1.56% status=0x00,5c 01 ff 03 00 00 00
2026-07-28T12:04:58.274060+00:00,1785240298.27406,-57,12.0,False,True,1,8,True,True,True,True,0xC837,0xC837,226,False,0,2,False,0,0,42868,2342000,61,42868,0,STANDBY,30,False,False,True,True,True,True,True,False,True,True,False,False,False,False,False,False,3958,3.958,0,0,48.0879707,11.2960119,568.0,1.94,0.03,319.04,480879707,112960119,5680,3,194,31904,95706.0,32.41,0.0,-9.659550249999999,-0.2745862,-0.17651969999999997,-0.026179938779914945,0.04537856055185257,0.0,-985,-28,-18,-15,26,0,0,3241,1,False,False,False,False,False,False,False,False,5,0,0,0,-0.985,-0.028,-0.018,0.9855622760637707,-1.5,2.6,0.0,1,1,0,1,1,0,0x007F,"GPS, IMU, BARO, CORAL, SD, LORA, EPS_ADC",0x0000,NONE,0,0,POWER_ON,0,NONE,0,1,ACCEPTED,9,RX_OK,0,0,1,2,PACKET_OK,8,0,0,11,348,1023,1.560997940032044,seq=348 cloud=1.56% status=0x00,5c 01 ff 03 00 0b 00
2026-07-28T12:05:08.562767+00:00,1785240308.562767,-59,11.75,False,True,1,8,True,True,True,True,0xD649,0xD649,227,False,0,2,False,0,0,42868,2352000,29,42868,0,STANDBY,30,False,False,True,True,True,True,True,False,True,True,False,False,False,False,False,False,3968,3.968,0,0,48.0879707,11.2960119,568.0,1.94,0.03,319.04,480879707,112960119,5680,3,194,31904,95714.0,32.44,-0.4,-9.757616749999999,0.4216859499999999,-1.4906107999999998,-0.019198621771937627,0.010471975511965976,-0.012217304763960306,-995,43,-152,-11,6,-7,-4,3244,1,False,False,False,False,False,False,False,False,5,0,0,0,-0.995,0.043,-0.152,1.0074611655046561,-1.1,0.6,-0.7,1,1,0,1,1,0,0x007F,"GPS, IMU, BARO, CORAL, SD, LORA, EPS_ADC",0x0000,NONE,0,0,POWER_ON,0,NONE,0,1,ACCEPTED,9,RX_OK,0,0,1,2,PACKET_OK,8,0,0,3,349,511,0.7797360189211872,seq=349 cloud=0.78% status=0x00,5d 01 ff 01 00 03 00
2026-07-28T12:05:19.096254+00:00,1785240319.096254,-58,11.75,False,True,1,8,True,True,True,True,0xBC44,0xBC44,228,False,0,2,False,0,0,42868,2363000,276,42868,0,STANDBY,30,False,False,True,True,True,True,True,False,True,True,False,False,False,False,False,False,3964,3.964,0,0,48.0879707,11.2960119,568.0,1.94,0.03,319.04,480879707,112960119,5680,3,194,31904,95708.0,32.47,0.2,-8.659271949999999,-0.22555294999999997,-0.24516625,-1.165879940332212,0.06632251157578452,0.14835298641951802,-883,-23,-25,-668,38,85,2,3247,1,False,False,False,False,False,False,False,False,5,0,0,0,-0.883,-0.023,-0.025,0.8836532125217449,-66.8,3.8,8.5,1,1,0,1,1,0,0x007F,"GPS, IMU, BARO, CORAL, SD, LORA, EPS_ADC",0x0000,NONE,0,0,POWER_ON,0,NONE,0,1,ACCEPTED,9,RX_OK,0,0,1,2,PACKET_OK,8,0,0,14,349,511,0.7797360189211872,seq=349 cloud=0.78% status=0x00,5d 01 ff 01 00 0e 00
2026-07-28T12:05:29.413335+00:00,1785240329.413335,-59,12.0,False,True,1,8,True,True,True,True,0xE97E,0xE97E,229,False,0,2,False,0,0,42868,2373000,13,42868,0,STANDBY,30,False,False,True,True,True,True,True,False,True,True,False,False,False,False,False,False,3964,3.964,0,0,48.0879707,11.2960119,568.0,1.94,0.03,319.04,480879707,112960119,5680,3,194,31904,95709.0,32.5,0.0,-9.3555441,-1.0983448,1.4513842,-0.026179938779914945,0.017453292519943295,-0.019198621771937627,-954,-112,148,-15,10,-11,0,3250,1,False,False,False,False,False,False,False,False,5,0,0,0,-0.954,-0.112,0.148,0.9718868246869077,-1.5,1.0,-1.1,1,1,0,1,1,0,0x007F,"GPS, IMU, BARO, CORAL, SD, LORA, EPS_ADC",0x0000,NONE,0,0,POWER_ON,0,NONE,0,1,ACCEPTED,9,RX_OK,0,0,1,2,PACKET_OK,8,0,0,7,350,767,1.1703669794766156,seq=350 cloud=1.17% status=0x00,5e 01 ff 02 00 07 00
2026-07-28T12:05:39.800997+00:00,1785240339.800997,-59,12.5,False,True,1,8,True,True,True,True,0x43EC,0x43EC,230,False,0,2,False,0,0,42868,2384000,112,42868,0,STANDBY,30,False,False,True,True,True,True,True,False,True,True,False,False,False,False,False,False,3942,3.942,0,0,48.0879707,11.2960119,568.0,1.94,0.03,319.04,480879707,112960119,5680,3,194,31904,95702.0,32.53,0.6,-9.375157399999999,-0.97085835,-0.0980665,-0.041887902047863905,0.06806784082777885,-0.012217304763960306,-956,-99,-10,-24,39,-7,6,3253,1,False,False,False,False,False,False,False,False,5,0,0,0,-0.956,-0.099,-0.01,0.9611643980089982,-2.4,3.9,-0.7,1,1,0,1,1,0,0x007F,"GPS, IMU, BARO, CORAL, SD, LORA, EPS_ADC",0x0000,NONE,0,0,POWER_ON,0,NONE,0,1,ACCEPTED,9,RX_OK,0,0,1,2,PACKET_OK,8,0,0,0,351,255,0.38910505836575876,seq=351 cloud=0.39% status=0x00,5f 01 ff 00 00 00 00
2026-07-28T12:05:50.096526+00:00,1785240350.096526,-57,12.5,False,True,1,8,True,True,True,True,0x786D,0x786D,231,False,0,2,False,0,0,42868,2394000,79,42868,0,STANDBY,30,False,False,True,True,True,True,True,False,True,True,False,False,False,False,False,False,3964,3.964,0,0,48.0879707,11.2960119,568.0,1.94,0.03,319.04,480879707,112960119,5680,3,194,31904,95709.0,32.56,-0.1,-10.051816249999998,-0.61781895,1.26505785,0.006981317007977318,-0.013962634015954637,-0.22689280275926285,-1025,-63,129,4,-8,-130,-1,3256,1,False,False,False,False,False,False,False,False,5,0,0,0,-1.025,-0.063,0.129,1.0350048309066,0.4,-0.8,-13.0,1,1,0,1,1,0,0x007F,"GPS, IMU, BARO, CORAL, SD, LORA, EPS_ADC",0x0000,NONE,0,0,POWER_ON,0,NONE,0,1,ACCEPTED,9,RX_OK,0,0,1,2,PACKET_OK,8,0,0,10,351,255,0.38910505836575876,seq=351 cloud=0.39% status=0x00,5f 01 ff 00 00 0a 00
2026-07-28T12:06:00.410515+00:00,1785240360.410515,-58,12.25,False,True,1,8,True,True,True,True,0xECCB,0xECCB,232,False,0,2,False,0,0,42868,2404000,33,42868,0,STANDBY,30,False,False,True,True,True,True,True,False,True,True,False,False,False,False,False,False,3971,3.971,0,0,48.0879707,11.2960119,568.0,1.94,0.03,319.04,480879707,112960119,5680,3,194,31904,95711.0,32.59,-0.3,-9.1201845,-1.0198915999999998,0.6962721499999999,-0.031415926535897934,-0.019198621771937627,0.03665191429188092,-930,-104,71,-18,-11,21,-3,3259,1,False,False,False,False,False,False,False,False,5,0,0,0,-0.93,-0.104,0.071,0.938486547586059,-1.8,-1.1,2.1,1,1,0,1,1,0,0x007F,"GPS, IMU, BARO, CORAL, SD, LORA, EPS_ADC",0x0000,NONE,0,0,POWER_ON,0,NONE,0,1,ACCEPTED,9,RX_OK,0,0,1,2,PACKET_OK,8,0,0,3,352,255,0.38910505836575876,seq=352 cloud=0.39% status=0x00,60 01 ff 00 00 03 00
2026-07-28T12:06:10.693910+00:00,1785240370.69391,-62,12.5,False,True,1,8,True,True,True,True,0x713A,0x713A,233,False,0,2,False,0,0,42868,2415000,52,42868,0,STANDBY,30,False,False,True,True,True,True,True,False,True,True,False,False,False,False,False,False,3961,3.961,0,0,48.0879707,11.2960119,568.0,1.94,0.03,319.04,480879707,112960119,5680,3,194,31904,95710.0,32.61,-0.2,-9.5320638,-1.3337044,1.2552512,-0.017453292519943295,-0.19373154697137057,0.027925268031909273,-972,-136,128,-10,-111,16,-2,3261,1,False,False,False,False,False,False,False,False,5,0,0,0,-0.972,-0.136,0.128,0.9897797734849909,-1.0,-11.1,1.6,1,1,0,1,1,0,0x007F,"GPS, IMU, BARO, CORAL, SD, LORA, EPS_ADC",0x0000,NONE,0,0,POWER_ON,0,NONE,0,1,ACCEPTED,9,RX_OK,0,0,1,2,PACKET_OK,8,0,0,13,352,255,0.38910505836575876,seq=352 cloud=0.39% status=0x00,60 01 ff 00 00 0d 00
2026-07-28T12:06:21.033558+00:00,1785240381.033558,-54,8.25,False,True,1,8,True,True,True,True,0x201B,0x201B,234,False,0,2,False,0,0,42868,2425000,34,42868,0,STANDBY,30,False,False,True,True,True,True,True,False,True,True,False,False,False,False,False,False,3974,3.974,0,0,48.0879707,11.2960119,568.0,1.94,0.03,319.04,480879707,112960119,5680,3,194,31904,95700.0,32.63,0.4,-9.79684335,-0.3138128,-0.44129925,0.4921828490624009,0.32986722862692824,-0.19198621771937624,-999,-32,-45,282,189,-110,4,3263,1,False,False,False,False,False,False,False,False,5,0,0,0,-0.999,-0.032,-0.045,1.0005248622598042,28.2,18.9,-11.0,1,1,0,1,1,0,0x007F,"GPS, IMU, BARO, CORAL, SD, LORA, EPS_ADC",0x0000,NONE,0,0,POWER_ON,0,NONE,0,1,ACCEPTED,9,RX_OK,0,0,1,2,PACKET_OK,8,0,0,6,353,255,0.38910505836575876,seq=353 cloud=0.39% status=0x00,61 01 ff 00 00 06 00
2026-07-28T12:06:31.323973+00:00,1785240391.323973,-62,12.0,False,True,1,8,True,True,True,True,0xA3FE,0xA3FE,235,False,0,2,False,0,0,42868,2435000,54,42868,0,STANDBY,30,False,False,True,True,True,True,True,False,True,True,False,False,False,False,False,False,3984,3.984,0,0,48.0879707,11.2960119,568.0,1.94,0.03,319.04,480879707,112960119,5680,3,194,31904,95708.0,32.66,-0.3,-7.394214099999999,-1.2160246,-1.0395048999999998,0.7400196028455958,0.9704030641088472,0.1884955592153876,-754,-124,-106,424,556,108,-3,3266,1,False,False,False,False,False,False,False,False,5,0,0,0,-0.754,-0.124,-0.106,0.771445396641914,42.4,55.6,10.8,1,1,0,1,1,0,0x007F,"GPS, IMU, BARO, CORAL, SD, LORA, EPS_ADC",0x0000,NONE,0,0,POWER_ON,0,NONE,0,1,ACCEPTED,9,RX_OK,0,0,1,2,PACKET_OK,8,0,0,16,353,255,0.38910505836575876,seq=353 cloud=0.39% status=0x00,61 01 ff 00 00 10 00
2026-07-28T12:06:41.620157+00:00,1785240401.620157,-71,12.0,False,True,1,8,True,True,True,True,0x1A12,0x1A12,236,False,0,2,False,0,0,42868,2445000,24,42868,0,STANDBY,30,False,False,True,True,True,True,True,False,True,True,False,False,False,False,False,False,3968,3.968,0,0,48.0879707,11.2960119,568.0,1.94,0.03,319.04,480879707,112960119,5680,3,194,31904,95708.0,32.68,0.0,-9.62032365,-1.0395048999999998,-0.06864655,-0.015707963267948967,-0.2129301687433082,-0.0715584993317675,-981,-106,-7,-9,-122,-41,0,3268,1,False,False,False,False,False,False,False,False,5,0,0,0,-0.981,-0.106,-0.007,0.9867350201548539,-0.9,-12.2,-4.1,1,1,0,1,1,0,0x007F,"GPS, IMU, BARO, CORAL, SD, LORA, EPS_ADC",0x0000,NONE,0,0,POWER_ON,0,NONE,0,1,ACCEPTED,9,RX_OK,0,0,1,2,PACKET_OK,8,0,0,9,354,2047,3.1235217822537575,seq=354 cloud=3.12% status=0x00,62 01 ff 07 00 09 00
2026-07-28T12:06:51.917657+00:00,1785240411.917657,-54,11.5,False,True,1,8,True,True,True,True,0x33EF,0x33EF,237,False,0,2,False,0,0,42868,2456000,61,42868,0,STANDBY,30,False,False,True,True,True,True,True,False,True,True,False,False,False,False,False,False,3971,3.971,0,0,48.0879707,11.2960119,568.0,1.94,0.03,319.04,480879707,112960119,5680,3,194,31904,95708.0,32.7,0.1,-9.228057649999998,-0.67665885,-0.7453053999999999,-0.16057029118347832,-0.5707226654021458,0.7278022980816354,-941,-69,-76,-92,-327,417,1,3270,1,False,False,False,False,False,False,False,False,5,0,0,0,-0.941,-0.069,-0.076,0.9465822732335525,-9.2,-32.7,41.7,1,1,0,1,1,0,0x007F,"GPS, IMU, BARO, CORAL, SD, LORA, EPS_ADC",0x0000,NONE,0,0,POWER_ON,0,NONE,0,1,ACCEPTED,9,RX_OK,0,0,1,2,PACKET_OK,8,0,0,2,355,3071,4.686045624475471,seq=355 cloud=4.69% status=0x00,63 01 ff 0b 00 02 00
2026-07-28T12:07:02.209623+00:00,1785240422.209623,-54,11.75,False,True,1,8,True,True,True,True,0xE700,0xE700,238,False,0,2,False,0,0,42868,2466000,58,42868,0,STANDBY,30,False,False,True,True,True,True,True,False,True,True,False,False,False,False,False,False,3971,3.971,0,0,48.0879707,11.2960119,568.0,1.94,0.03,319.04,480879707,112960119,5680,3,194,31904,95719.0,32.72,-0.7,-7.9433865,-0.5982056499999999,-1.46119085,0.04363323129985824,-0.0942477796076938,0.11868238913561441,-810,-61,-149,25,-54,68,-7,3272,1,False,False,False,False,False,False,False,False,5,0,0,0,-0.81,-0.061,-0.149,0.8258462326607782,2.5,-5.4,6.8,1,1,0,1,1,0,0x007F,"GPS, IMU, BARO, CORAL, SD, LORA, EPS_ADC",0x0000,NONE,0,0,POWER_ON,0,NONE,0,1,ACCEPTED,9,RX_OK,0,0,1,2,PACKET_OK,8,0,0,12,355,3071,4.686045624475471,seq=355 cloud=4.69% status=0x00,63 01 ff 0b 00 0c 00
2026-07-28T12:07:12.501539+00:00,1785240432.501539,-57,12.25,False,True,1,8,True,True,True,True,0x7AE5,0x7AE5,239,False,0,2,False,0,0,42868,2476000,54,42868,0,STANDBY,30,False,False,True,True,True,True,True,False,True,True,False,False,False,False,False,False,3980,3.98,0,0,48.0879707,11.2960119,568.0,1.94,0.03,319.04,480879707,112960119,5680,3,194,31904,95711.0,32.74,0.1,-9.208444349999999,-0.6864655000000001,-1.53964405,-0.017453292519943295,-0.015707963267948967,-0.05585053606381855,-939,-70,-157,-10,-9,-32,1,3274,1,False,False,False,False,False,False,False,False,5,0,0,0,-0.939,-0.07,-0.157,0.9546046302003778,-1.0,-0.9,-3.2,1,1,0,1,1,0,0x007F,"GPS, IMU, BARO, CORAL, SD, LORA, EPS_ADC",0x0000,NONE,0,0,POWER_ON,0,NONE,0,1,ACCEPTED,9,RX_OK,0,0,1,2,PACKET_OK,8,0,0,5,356,511,0.7797360189211872,seq=356 cloud=0.78% status=0x00,64 01 ff 01 00 05 00
2026-07-28T12:07:22.805991+00:00,1785240442.805991,-55,11.75,False,True,1,8,True,True,True,True,0x8E32,0x8E32,240,False,0,2,False,0,0,42868,2487000,6,42868,0,STANDBY,30,False,False,True,True,True,True,True,False,True,True,False,False,False,False,False,False,3977,3.977,0,0,48.0879707,11.2960119,568.0,1.94,0.03,319.04,480879707,112960119,5680,3,194,31904,95707.0,32.77,0.4,-9.414383999999998,-0.7158854499999999,-2.10842975,-0.024434609527920613,-0.27576202181510406,-0.09773843811168245,-960,-73,-215,-14,-158,-56,4,3277,1,False,False,False,False,False,False,False,False,5,0,0,0,-0.96,-0.073,-0.215,0.9864856815990792,-1.4,-15.8,-5.6,1,1,0,1,1,0,0x007F,"GPS, IMU, BARO, CORAL, SD, LORA, EPS_ADC",0x0000,NONE,0,0,POWER_ON,0,NONE,0,1,ACCEPTED,9,RX_OK,0,0,1,2,PACKET_OK,8,0,0,15,356,511,0.7797360189211872,seq=356 cloud=0.78% status=0x00,64 01 ff 01 00 0f 00
2026-07-28T12:07:33.101062+00:00,1785240453.101062,-56,12.0,False,True,1,8,True,True,True,True,0xA229,0xA229,241,False,0,2,False,0,0,42868,2497000,20,42868,0,STANDBY,30,False,False,True,True,True,True,True,False,True,True,False,False,False,False,False,False,3974,3.974,0,0,48.0879707,11.2960119,568.0,1.94,0.03,319.04,480879707,112960119,5680,3,194,31904,95708.0,32.79,0.2,-8.85540495,-0.6472389,0.14709974999999997,-0.06632251157578452,-0.11519173063162574,0.03665191429188092,-903,-66,15,-38,-66,21,2,3279,1,False,False,False,False,False,False,False,False,5,0,0,0,-0.903,-0.066,0.015,0.9055329922206038,-3.8,-6.6,2.1,1,1,0,1,1,0,0x007F,"GPS, IMU, BARO, CORAL, SD, LORA, EPS_ADC",0x0000,NONE,0,0,POWER_ON,0,NONE,0,1,ACCEPTED,9,RX_OK,0,0,1,2,PACKET_OK,8,0,0,8,357,255,0.38910505836575876,seq=357 cloud=0.39% status=0x00,65 01 ff 00 00 08 00
2026-07-28T12:07:43.412537+00:00,1785240463.412537,-66,12.0,False,True,1,8,True,True,True,True,0x6326,0x6326,242,False,0,2,False,0,0,42868,2507000,65,42868,0,STANDBY,30,False,False,True,True,True,True,True,False,True,True,False,False,False,False,False,False,3971,3.971,0,0,48.0879707,11.2960119,568.0,1.94,0.03,319.04,480879707,112960119,5680,3,194,31904,95707.0,32.8,0.3,-8.95347145,-0.73549875,0.10787314999999999,-0.32637657012293964,-0.1954768762233649,-0.10995574287564276,-913,-75,11,-187,-112,-63,3,3280,1,False,False,False,False,False,False,False,False,5,0,0,0,-0.913,-0.075,0.011,0.9161413646375761,-18.7,-11.2,-6.3,1,1,0,1,1,0,0x007F,"GPS, IMU, BARO, CORAL, SD, LORA, EPS_ADC",0x0000,NONE,0,0,POWER_ON,0,NONE,0,1,ACCEPTED,9,RX_OK,0,0,1,2,PACKET_OK,8,0,0,1,358,2047,3.1235217822537575,seq=358 cloud=3.12% status=0x00,66 01 ff 07 00 01 00
2026-07-28T12:07:53.695205+00:00,1785240473.695205,-53,12.5,False,True,1,8,True,True,True,True,0xFF1E,0xFF1E,243,False,0,2,False,0,0,42868,2517000,17,42868,0,STANDBY,30,False,False,True,True,True,True,True,False,True,True,False,False,False,False,False,False,3968,3.968,0,0,48.0879707,11.2960119,568.0,1.94,0.03,319.04,480879707,112960119,5680,3,194,31904,95709.0,32.82,0.0,-9.34573745,-0.5687857,-0.20593965,1.1205013797803596,-0.19024088846738194,-0.5218534463463045,-953,-58,-21,642,-109,-299,0,3282,1,False,False,False,False,False,False,False,False,5,0,0,0,-0.953,-0.058,-0.021,0.9549942408203308,64.2,-10.9,-29.9,1,1,0,1,1,0,0x007F,"GPS, IMU, BARO, CORAL, SD, LORA, EPS_ADC",0x0000,NONE,0,0,POWER_ON,0,NONE,0,1,ACCEPTED,9,RX_OK,0,0,1,2,PACKET_OK,8,0,0,11,358,2047,3.1235217822537575,seq=358 cloud=3.12% status=0x00,66 01 ff 07 00 0b 00
2026-07-28T12:08:03.995819+00:00,1785240483.995819,-65,12.0,False,True,1,8,True,True,True,True,0xF069,0xF069,244,False,0,2,False,0,0,42868,2528000,44,42868,0,STANDBY,30,False,False,True,True,True,True,True,False,True,True,False,False,False,False,False,False,3964,3.964,0,0,48.0879707,11.2960119,568.0,1.94,0.03,319.04,480879707,112960119,5680,3,194,31904,95709.0,32.84,-0.2,-9.286897549999999,-1.0002783,-1.7455836999999998,-0.022689280275926284,0.020943951023931952,-0.006981317007977318,-947,-102,-178,-13,12,-4,-2,3284,1,False,False,False,False,False,False,False,False,5,0,0,0,-0.947,-0.102,-0.178,0.9689669757014425,-1.3,1.2,-0.4,1,1,0,1,1,0,0x007F,"GPS, IMU, BARO, CORAL, SD, LORA, EPS_ADC",0x0000,NONE,0,0,POWER_ON,0,NONE,0,1,ACCEPTED,9,RX_OK,0,0,1,2,PACKET_OK,8,0,0,4,359,1023,1.560997940032044,seq=359 cloud=1.56% status=0x00,67 01 ff 03 00 04 00
2026-07-28T12:08:14.292364+00:00,1785240494.292364,-60,11.25,False,True,1,8,True,True,True,True,0x05CF,0x05CF,245,False,0,2,False,0,0,42868,2538000,89,42868,0,STANDBY,30,False,False,True,True,True,True,True,False,True,True,False,False,False,False,False,False,3955,3.955,0,0,48.0879707,11.2960119,568.0,1.94,0.03,319.04,480879707,112960119,5680,3,194,31904,95712.0,32.86,-0.2,-9.953749749999998,-0.9512450499999999,-1.2062179499999999,-0.061086523819801536,0.010471975511965976,0.006981317007977318,-1015,-97,-123,-35,6,4,-2,3286,1,False,False,False,False,False,False,False,False,5,0,0,0,-1.015,-0.097,-0.123,1.0270165529337878,-3.5,0.6,0.4,1,1,0,1,1,0,0x007F,"GPS, IMU, BARO, CORAL, SD, LORA, EPS_ADC",0x0000,NONE,0,0,POWER_ON,0,NONE,0,1,ACCEPTED,9,RX_OK,0,0,1,2,PACKET_OK,8,0,0,14,359,1023,1.560997940032044,seq=359 cloud=1.56% status=0x00,67 01 ff 03 00 0e 00
2026-07-28T12:08:24.605979+00:00,1785240504.605979,-76,12.25,False,True,1,8,True,True,True,True,0x617E,0x617E,246,False,0,2,False,0,0,42868,2548000,16,42868,0,STANDBY,30,False,False,True,True,True,True,True,False,True,True,False,False,False,False,False,False,3961,3.961,0,0,48.0879707,11.2960119,568.0,1.94,0.03,319.04,480879707,112960119,5680,3,194,31904,95715.0,32.88,-0.2,-9.208444349999999,-1.10815145,-0.67665885,0.5759586531581288,0.3717551306747922,0.5427973973702365,-939,-113,-69,330,213,311,-2,3288,1,False,False,False,False,False,False,False,False,5,0,0,0,-0.939,-0.113,-0.069,0.9482884582235512,33.0,21.3,31.1,1,1,0,1,1,0,0x007F,"GPS, IMU, BARO, CORAL, SD, LORA, EPS_ADC",0x0000,NONE,0,0,POWER_ON,0,NONE,0,1,ACCEPTED,9,RX_OK,0,0,1,2,PACKET_OK,8,0,0,7,360,3071,4.686045624475471,seq=360 cloud=4.69% status=0x00,68 01 ff 0b 00 07 00
2026-07-28T12:08:35.244340+00:00,1785240515.24434,-65,12.0,False,True,1,8,True,True,True,True,0xEEC3,0xEEC3,247,False,0,2,False,0,0,42868,2559000,38,42868,0,STANDBY,30,False,False,True,True,True,True,True,False,True,True,False,False,False,False,False,False,3971,3.971,0,0,48.0879707,11.2960119,568.0,1.94,0.03,319.04,480879707,112960119,5680,3,194,31904,95718.0,32.9,-0.4,-8.119906199999999,-0.08825984999999999,-5.697663649999999,-0.029670597283903602,0.017453292519943295,-0.003490658503988659,-828,-9,-581,-17,10,-2,-4,3290,1,False,False,False,False,False,False,False,False,5,0,0,0,-0.828,-0.009,-0.581,1.0115463410047016,-1.7,1.0,-0.2,1,1,0,1,1,0,0x007F,"GPS, IMU, BARO, CORAL, SD, LORA, EPS_ADC",0x0000,NONE,0,0,POWER_ON,0,NONE,0,1,ACCEPTED,9,RX_OK,0,0,1,2,PACKET_OK,8,0,0,0,361,767,1.1703669794766156,seq=361 cloud=1.17% status=0x00,69 01 ff 02 00 00 00
2026-07-28T12:08:45.723080+00:00,1785240525.72308,-80,11.5,False,True,1,8,True,True,True,True,0x1F52,0x1F52,248,False,0,2,False,0,0,42868,2569000,89,42868,0,STANDBY,30,False,False,True,True,True,True,True,False,True,True,False,False,False,False,False,False,3971,3.971,0,0,48.0879707,11.2960119,568.0,1.94,0.03,319.04,480879707,112960119,5680,3,194,31904,95713.0,32.91,0.0,-7.982613099999999,-0.00980665,-5.815343449999999,-0.026179938779914945,0.008726646259971648,-0.013962634015954637,-814,-1,-593,-15,5,-8,0,3291,1,False,False,False,False,False,False,False,False,5,0,0,0,-0.814,-0.001,-0.593,1.0070978105427497,-1.5,0.5,-0.8,1,1,0,1,1,0,0x007F,"GPS, IMU, BARO, CORAL, SD, LORA, EPS_ADC",0x0000,NONE,0,0,POWER_ON,0,NONE,0,1,ACCEPTED,9,RX_OK,0,0,1,2,PACKET_OK,8,0,0,11,361,767,1.1703669794766156,seq=361 cloud=1.17% status=0x00,69 01 ff 02 00 0b 00
2026-07-28T12:08:56.254220+00:00,1785240536.25422,-62,12.0,False,True,1,8,True,True,True,True,0x7764,0x7764,249,False,0,2,False,0,0,42868,2580000,44,42868,0,STANDBY,30,False,False,True,True,True,True,True,False,True,True,False,False,False,False,False,False,3964,3.964,0,0,48.0879707,11.2960119,568.0,1.94,0.03,319.04,480879707,112960119,5680,3,194,31904,95704.0,32.92,0.5,-7.9629998,0.0392266,-5.8545700499999995,-0.015707963267948967,-0.008726646259971648,-0.022689280275926284,-812,4,-597,-9,-5,-13,5,3292,1,False,False,False,False,False,False,False,False,5,0,0,0,-0.812,0.004,-0.597,1.0078536600122063,-0.9,-0.5,-1.3,1,1,0,1,1,0,0x007F,"GPS, IMU, BARO, CORAL, SD, LORA, EPS_ADC",0x0000,NONE,0,0,POWER_ON,0,NONE,0,1,ACCEPTED,9,RX_OK,0,0,1,2,PACKET_OK,8,0,0,4,362,767,1.1703669794766156,seq=362 cloud=1.17% status=0x00,6a 01 ff 02 00 04 00
2026-07-28T12:09:06.543417+00:00,1785240546.543417,-63,12.25,False,True,1,8,True,True,True,True,0xF269,0xF269,250,False,0,2,False,0,0,42868,2590000,9,42868,0,STANDBY,30,False,False,True,True,True,True,True,False,True,True,False,False,False,False,False,False,3952,3.952,0,0,48.0879707,11.2960119,568.0,1.94,0.03,319.04,480879707,112960119,5680,3,194,31904,95710.0,32.93,0.0,-7.71783355,0.2745862,-6.089929649999999,-0.024434609527920613,-0.005235987755982988,-0.015707963267948967,-787,28,-621,-14,-3,-9,0,3293,1,False,False,False,False,False,False,False,False,5,0,0,0,-0.787,0.028,-0.621,1.0028928158083494,-1.4,-0.3,-0.9,1,1,0,1,1,0,0x007F,"GPS, IMU, BARO, CORAL, SD, LORA, EPS_ADC",0x0000,NONE,0,0,POWER_ON,0,NONE,0,1,ACCEPTED,9,RX_OK,0,0,1,2,PACKET_OK,8,0,0,14,362,767,1.1703669794766156,seq=362 cloud=1.17% status=0x00,6a 01 ff 02 00 0e 00
2026-07-28T12:09:16.848037+00:00,1785240556.848037,-67,12.5,False,True,1,8,True,True,True,True,0x4B15,0x4B15,251,False,0,2,False,0,0,42868,2601000,52,42868,0,STANDBY,30,False,False,True,True,True,True,True,False,True,True,False,False,False,False,False,False,3964,3.964,0,0,48.0879707,11.2960119,568.0,1.94,0.03,319.04,480879707,112960119,5680,3,194,31904,95710.0,32.95,-0.1,-7.71783355,0.5295591,-5.9428298999999996,-0.0017453292519943296,-0.031415926535897934,0.026179938779914945,-787,54,-606,-1,-18,15,-1,3295,1,False,False,False,False,False,False,False,False,5,0,0,0,-0.787,0.054,-0.606,0.9947467014270518,-0.1,-1.8,1.5,1,1,0,1,1,0,0x007F,"GPS, IMU, BARO, CORAL, SD, LORA, EPS_ADC",0x0000,NONE,0,0,POWER_ON,0,NONE,0,1,ACCEPTED,9,RX_OK,0,0,1,2,PACKET_OK,8,0,0,7,363,1279,1.9516289005874723,seq=363 cloud=1.95% status=0x00,6b 01 ff 04 00 07 00
2026-07-28T12:09:27.234736+00:00,1785240567.234736,-62,12.25,False,True,1,8,True,True,True,True,0xDFB1,0xDFB1,252,False,0,2,False,0,0,42868,2611000,628,42868,0,STANDBY,30,False,False,True,True,True,True,True,False,True,True,False,False,False,False,False,False,3961,3.961,0,0,48.0879707,11.2960119,568.0,1.94,0.03,319.04,480879707,112960119,5680,3,194,31904,95707.0,32.95,0.1,-10.34601575,-0.392266,2.28494945,0.03316125578789226,-0.06981317007977318,-0.10995574287564276,-1055,-40,233,19,-40,-63,1,3295,1,False,False,False,False,False,False,False,False,5,0,0,0,-1.055,-0.04,0.233,1.081163262416921,1.9,-4.0,-6.3,1,1,0,1,1,0,0x007F,"GPS, IMU, BARO, CORAL, SD, LORA, EPS_ADC",0x0000,NONE,0,0,POWER_ON,0,NONE,0,1,ACCEPTED,9,RX_OK,0,0,1,2,PACKET_OK,8,0,0,0,364,255,0.38910505836575876,seq=364 cloud=0.39% status=0x00,6c 01 ff 00 00 00 00
2026-07-28T12:09:37.731553+00:00,1785240577.731553,-59,12.0,False,True,1,8,True,True,True,True,0xCA42,0xCA42,253,False,0,2,False,0,0,42868,2621000,270,42868,0,STANDBY,30,False,False,True,True,True,True,True,False,True,True,False,False,False,False,False,False,3987,3.987,0,0,48.0879707,11.2960119,568.0,1.94,0.03,319.04,480879707,112960119,5680,3,194,31904,95709.0,32.97,0.2,-9.9047165,-0.5687857,1.1964112999999998,-0.04537856055185257,0.08203047484373349,0.003490658503988659,-1010,-58,122,-26,47,2,2,3297,1,False,False,False,False,False,False,False,False,5,0,0,0,-1.01,-0.058,0.122,1.0189936211772868,-2.6,4.7,0.2,1,1,0,1,1,0,0x007F,"GPS, IMU, BARO, CORAL, SD, LORA, EPS_ADC",0x0000,NONE,0,0,POWER_ON,0,NONE,0,1,ACCEPTED,9,RX_OK,0,0,1,2,PACKET_OK,8,0,0,11,364,255,0.38910505836575876,seq=364 cloud=0.39% status=0x00,6c 01 ff 00 00 0b 00
2026-07-28T12:09:48.315311+00:00,1785240588.315311,-55,12.25,False,True,1,8,True,True,True,True,0x1A53,0x1A53,254,False,0,2,False,0,0,42868,2632000,262,42868,0,STANDBY,30,False,False,True,True,True,True,True,False,True,True,False,False,False,False,False,False,3968,3.968,0,0,48.0879707,11.2960119,568.0,1.94,0.03,319.04,480879707,112960119,5680,3,194,31904,95716.0,32.99,-0.4,-9.4536106,-1.0296982499999998,0.50013915,-0.008726646259971648,-0.10122909661567112,0.031415926535897934,-964,-105,51,-5,-58,18,-4,3299,1,False,False,False,False,False,False,False,False,5,0,0,0,-0.964,-0.105,0.051,0.9710417086819699,-0.5,-5.8,1.8,1,1,0,1,1,0,0x007F,"GPS, IMU, BARO, CORAL, SD, LORA, EPS_ADC",0x0000,NONE,0,0,POWER_ON,0,NONE,0,1,ACCEPTED,9,RX_OK,0,0,1,2,PACKET_OK,8,0,0,4,365,1535,2.342259861142901,seq=365 cloud=2.34% status=0x00,6d 01 ff 05 00 04 00
2026-07-28T12:09:58.891225+00:00,1785240598.891225,-56,12.75,False,True,1,8,True,True,True,True,0xDA68,0xDA68,255,False,0,2,False,0,0,42868,2642000,266,42868,0,STANDBY,30,False,False,True,True,True,True,True,False,True,True,False,False,False,False,False,False,3971,3.971,0,0,48.0879707,11.2960119,568.0,1.94,0.03,319.04,480879707,112960119,5680,3,194,31904,95714.0,33.01,-0.1,-9.60071035,0.20593965,1.10815145,-0.012217304763960306,0.008726646259971648,-0.017453292519943295,-979,21,113,-7,5,-10,-1,3301,1,False,False,False,False,False,False,False,False,5,0,0,0,-0.979,0.021,0.113,0.9857235920885733,-0.7,0.5,-1.0,1,1,0,1,1,0,0x007F,"GPS, IMU, BARO, CORAL, SD, LORA, EPS_ADC",0x0000,NONE,0,0,POWER_ON,0,NONE,0,1,ACCEPTED,9,RX_OK,0,0,1,2,PACKET_OK,8,0,0,14,365,1535,2.342259861142901,seq=365 cloud=2.34% status=0x00,6d 01 ff 05 00 0e 00
2026-07-28T12:10:09.321573+00:00,1785240609.321573,-57,12.25,False,True,1,8,True,True,True,True,0xE455,0xE455,256,False,0,2,False,0,0,42868,2653000,224,42868,0,STANDBY,30,False,False,True,True,True,True,True,False,True,True,False,False,False,False,False,False,3977,3.977,0,0,48.0879707,11.2960119,568.0,1.94,0.03,319.04,480879707,112960119,5680,3,194,31904,95713.0,33.03,0.0,-9.7674234,0.21574629999999997,0.55897905,0.0017453292519943296,0.09250245035569947,0.031415926535897934,-996,22,57,1,53,18,0,3303,1,False,False,False,False,False,False,False,False,5,0,0,0,-0.996,0.022,0.057,0.9978722363108415,0.1,5.3,1.8,1,1,0,1,1,0,0x007F,"GPS, IMU, BARO, CORAL, SD, LORA, EPS_ADC",0x0000,NONE,0,0,POWER_ON,0,NONE,0,1,ACCEPTED,9,RX_OK,0,0,1,2,PACKET_OK,8,0,0,7,366,1791,2.732890821698329,seq=366 cloud=2.73% status=0x00,6e 01 ff 06 00 07 00
2026-07-28T12:10:19.949616+00:00,1785240619.949616,-58,12.25,False,True,1,8,True,True,True,True,0xBA7C,0xBA7C,257,False,0,2,False,0,0,42868,2664000,420,42868,0,STANDBY,30,False,False,True,True,True,True,True,False,True,True,False,False,False,False,False,False,3964,3.964,0,0,48.0879707,11.2960119,568.0,1.94,0.03,319.04,480879707,112960119,5680,3,194,31904,95709.0,33.04,0.1,-9.24767095,-0.20593965,1.9122967499999999,-0.05759586531581287,0.020943951023931952,-0.03665191429188092,-943,-21,195,-33,12,-21,1,3304,1,False,False,False,False,False,False,False,False,5,0,0,0,-0.943,-0.021,0.195,0.96317963018328,-3.3,1.2,-2.1,1,1,0,1,1,0,0x007F,"GPS, IMU, BARO, CORAL, SD, LORA, EPS_ADC",0x0000,NONE,0,0,POWER_ON,0,NONE,0,1,ACCEPTED,9,RX_OK,0,0,1,2,PACKET_OK,8,0,0,0,367,255,0.38910505836575876,seq=367 cloud=0.39% status=0x00,6f 01 ff 00 00 00 00
2026-07-28T12:10:30.246925+00:00,1785240630.246925,-55,11.0,False,True,1,8,True,True,True,True,0x0735,0x0735,258,False,0,2,False,0,0,42868,2674000,13,42868,0,STANDBY,30,False,False,True,True,True,True,True,False,True,True,False,False,False,False,False,False,3964,3.964,0,0,48.0879707,11.2960119,568.0,1.94,0.03,319.04,480879707,112960119,5680,3,194,31904,95711.0,33.07,0.1,-8.7867584,-1.06892485,0.21574629999999997,-0.0017453292519943296,0.10471975511965978,0.10995574287564276,-896,-109,22,-1,60,63,1,3307,1,False,False,False,False,False,False,False,False,5,0,0,0,-0.896,-0.109,0.022,0.9028737453265546,-0.1,6.0,6.3,1,1,0,1,1,0,0x007F,"GPS, IMU, BARO, CORAL, SD, LORA, EPS_ADC",0x0000,NONE,0,0,POWER_ON,0,NONE,0,1,ACCEPTED,9,RX_OK,0,0,1,2,PACKET_OK,8,0,0,10,367,255,0.38910505836575876,seq=367 cloud=0.39% status=0x00,6f 01 ff 00 00 0a 00
2026-07-28T12:10:40.552230+00:00,1785240640.55223,-65,10.75,False,True,1,8,True,True,True,True,0x5469,0x5469,259,False,0,2,False,0,0,42868,2684000,62,42868,0,STANDBY,30,False,False,True,True,True,True,True,False,True,True,False,False,False,False,False,False,3961,3.961,0,0,48.0879707,11.2960119,568.0,1.94,0.03,319.04,480879707,112960119,5680,3,194,31904,95709.0,33.09,0.1,-9.669356899999999,-0.8825985,-0.6668522,0.015707963267948967,0.5305800926062761,0.07679448708775051,-986,-90,-68,9,304,44,1,3309,1,False,False,False,False,False,False,False,False,5,0,0,0,-0.986,-0.09,-0.068,0.9924313578278348,0.9,30.4,4.4,1,1,0,1,1,0,0x007F,"GPS, IMU, BARO, CORAL, SD, LORA, EPS_ADC",0x0000,NONE,0,0,POWER_ON,0,NONE,0,1,ACCEPTED,9,RX_OK,0,0,1,2,PACKET_OK,8,0,0,3,368,0,0.0,seq=368 cloud=0.00% status=0x00,70 01 00 00 00 03 00
2026-07-28T12:10:50.844581+00:00,1785240650.844581,-61,12.0,False,True,1,8,True,True,True,True,0x562E,0x562E,260,False,0,2,False,0,0,42868,2694000,49,42868,0,STANDBY,30,False,False,True,True,True,True,True,False,True,True,False,False,False,False,False,False,3971,3.971,0,0,48.0879707,11.2960119,568.0,1.94,0.03,319.04,480879707,112960119,5680,3,194,31904,95716.0,33.11,-0.5,0.55897905,-5.08965135,8.3552658,-0.024434609527920613,0.0017453292519943296,-0.019198621771937627,57,-519,852,-14,1,-11,-5,3311,1,False,False,False,False,False,False,False,False,5,0,0,0,0.057,-0.519,0.852,0.9992567237702231,-1.4,0.1,-1.1,1,1,0,1,1,0,0x007F,"GPS, IMU, BARO, CORAL, SD, LORA, EPS_ADC",0x0000,NONE,0,0,POWER_ON,0,NONE,0,1,ACCEPTED,9,RX_OK,0,0,1,2,PACKET_OK,8,0,0,13,368,0,0.0,seq=368 cloud=0.00% status=0x00,70 01 00 00 00 0d 00
2026-07-28T12:11:01.142861+00:00,1785240661.142861,-59,9.5,False,True,1,8,True,True,True,True,0x87AC,0x87AC,261,False,0,2,False,0,0,42868,2705000,52,42868,0,STANDBY,30,False,False,True,True,True,True,True,False,True,True,False,False,False,False,False,False,3971,3.971,0,0,48.0879707,11.2960119,568.0,1.94,0.03,319.04,480879707,112960119,5680,3,194,31904,95715.0,33.11,-0.3,0.5687857,-5.0798447,8.36507245,-0.019198621771937627,0.0017453292519943296,-0.019198621771937627,58,-518,853,-11,1,-11,-3,3311,1,False,False,False,False,False,False,False,False,5,0,0,0,0.058,-0.518,0.853,0.9996484382021511,-1.1,0.1,-1.1,1,1,0,1,1,0,0x007F,"GPS, IMU, BARO, CORAL, SD, LORA, EPS_ADC",0x0000,NONE,0,0,POWER_ON,0,NONE,0,1,ACCEPTED,9,RX_OK,0,0,1,2,PACKET_OK,8,0,0,6,369,255,0.38910505836575876,seq=369 cloud=0.39% status=0x00,71 01 ff 00 00 06 00
2026-07-28T12:11:11.486203+00:00,1785240671.486203,-60,11.75,False,True,1,8,True,True,True,True,0x788F,0x788F,262,False,0,2,False,0,0,42868,2715000,125,42868,0,STANDBY,30,False,False,True,True,True,True,True,False,True,True,False,False,False,False,False,False,3968,3.968,0,0,48.0879707,11.2960119,568.0,1.94,0.03,319.04,480879707,112960119,5680,3,194,31904,95711.0,33.12,0.0,0.5687857,-5.0406181,8.394492399999999,-0.017453292519943295,0.005235987755982988,-0.017453292519943295,58,-514,856,-10,3,-10,0,3312,1,False,False,False,False,False,False,False,False,5,0,0,0,0.058,-0.514,0.856,1.0001479890496205,-1.0,0.3,-1.0,1,1,0,1,1,0,0x007F,"GPS, IMU, BARO, CORAL, SD, LORA, EPS_ADC",0x0000,NONE,0,0,POWER_ON,0,NONE,0,1,ACCEPTED,9,RX_OK,0,0,1,2,PACKET_OK,8,0,0,16,369,255,0.38910505836575876,seq=369 cloud=0.39% status=0x00,71 01 ff 00 00 10 00
2026-07-28T12:11:21.847271+00:00,1785240681.847271,-57,12.0,False,True,1,8,True,True,True,True,0xD30C,0xD30C,263,False,0,2,False,0,0,42868,2725000,20,42868,0,STANDBY,14,False,False,True,True,True,True,False,False,True,True,False,False,False,False,False,False,3961,3.961,0,0,48.0879707,11.2960119,568.0,1.94,0.03,319.04,480879707,112960119,5680,3,194,31904,95710.0,33.12,0.0,0.5687857,-5.0013914999999995,8.3748791,-0.019198621771937627,0.003490658503988659,-0.020943951023931952,58,-510,854,-11,2,-12,0,3312,1,False,False,False,False,False,False,False,False,5,0,0,0,0.058,-0.51,0.854,0.9963834603203728,-1.1,0.2,-1.2,1,1,0,1,0,0,0x007F,"GPS, IMU, BARO, CORAL, SD, LORA, EPS_ADC",0x0008,CORAL,0,0,POWER_ON,0,NONE,0,1,ACCEPTED,9,RX_OK,0,0,1,2,PACKET_OK,8,0,1,27,369,255,0.38910505836575876,seq=369 cloud=0.39% status=0x01,71 01 ff 00 01 1b 00
2026-07-28T12:11:32.161324+00:00,1785240692.161324,-60,11.75,False,True,1,8,True,True,True,True,0x788F,0x788F,264,False,0,2,False,0,0,42868,2736000,55,42868,0,STANDBY,30,False,False,True,True,True,True,True,False,True,True,False,False,False,False,False,False,3961,3.961,0,0,48.0879707,11.2960119,568.0,1.94,0.03,319.04,480879707,112960119,5680,3,194,31904,95708.0,33.13,0.1,0.5883989999999999,-5.03081145,8.3748791,-0.020943951023931952,0.003490658503988659,-0.020943951023931952,60,-513,854,-12,2,-12,1,3313,1,False,False,False,False,False,False,False,False,5,0,0,0,0.06,-0.513,0.854,0.9980405803372926,-1.2,0.2,-1.2,1,1,0,1,1,0,0x007F,"GPS, IMU, BARO, CORAL, SD, LORA, EPS_ADC",0x0000,NONE,0,0,POWER_ON,0,NONE,0,1,ACCEPTED,9,RX_OK,0,0,1,2,PACKET_OK,8,0,0,3,371,511,0.7797360189211872,seq=371 cloud=0.78% status=0x00,73 01 ff 01 00 03 00
2026-07-28T12:11:42.481399+00:00,1785240702.481399,-63,12.0,False,True,1,8,True,True,True,True,0xF8DD,0xF8DD,265,False,0,2,False,0,0,42868,2746000,77,42868,0,STANDBY,30,False,False,True,True,True,True,True,False,True,True,False,False,False,False,False,False,3971,3.971,0,0,48.0879707,11.2960119,568.0,1.94,0.03,319.04,480879707,112960119,5680,3,194,31904,95720.0,33.14,-0.7,0.5491724,-5.01119815,8.482752249999999,-0.024434609527920613,-0.005235987755982988,-0.024434609527920613,56,-511,865,-14,-3,-14,-7,3314,1,False,False,False,False,False,False,False,False,5,0,0,0,0.056,-0.511,0.865,1.0062216455632427,-1.4,-0.3,-1.4,1,1,0,1,1,0,0x007F,"GPS, IMU, BARO, CORAL, SD, LORA, EPS_ADC",0x0000,NONE,0,0,POWER_ON,0,NONE,0,1,ACCEPTED,9,RX_OK,0,0,1,2,PACKET_OK,8,0,0,13,371,511,0.7797360189211872,seq=371 cloud=0.78% status=0x00,73 01 ff 01 00 0d 00
2026-07-28T12:11:52.783319+00:00,1785240712.783319,-62,12.25,False,True,1,8,True,True,True,True,0xAE6C,0xAE6C,266,False,0,2,False,0,0,42868,2756000,78,42868,0,STANDBY,30,False,False,True,True,True,True,True,False,True,True,False,False,False,False,False,False,3955,3.955,0,0,48.0879707,11.2960119,568.0,1.94,0.03,319.04,480879707,112960119,5680,3,194,31904,95715.0,33.14,0.0,0.55897905,-5.01119815,8.3356525,-0.019198621771937627,0.005235987755982988,-0.013962634015954637,57,-511,850,-11,3,-8,0,3314,1,False,False,False,False,False,False,False,False,5,0,0,0,0.057,-0.511,0.85,0.9934133077425528,-1.1,0.3,-0.8,1,1,0,1,1,0,0x007F,"GPS, IMU, BARO, CORAL, SD, LORA, EPS_ADC",0x0000,NONE,0,0,POWER_ON,0,NONE,0,1,ACCEPTED,9,RX_OK,0,0,1,2,PACKET_OK,8,0,0,6,372,1279,1.9516289005874723,seq=372 cloud=1.95% status=0x00,74 01 ff 04 00 06 00
2026-07-28T12:12:03.069410+00:00,1785240723.06941,-59,12.25,False,True,1,8,True,True,True,True,0xA58F,0xA58F,267,False,0,2,False,0,0,42868,2767000,39,42868,0,STANDBY,30,False,False,True,True,True,True,True,False,True,True,False,False,False,False,False,False,3971,3.971,0,0,48.0879707,11.2960119,568.0,1.94,0.03,319.04,480879707,112960119,5680,3,194,31904,95713.0,33.15,0.1,0.53936575,-4.9817782,8.38468575,-0.0017453292519943296,0.0017453292519943296,-0.015707963267948967,55,-508,855,-1,1,-9,1,3315,1,False,False,False,False,False,False,False,False,5,0,0,0,0.055,-0.508,0.855,0.9960491955721865,-0.1,0.1,-0.9,1,1,0,1,1,0,0x007F,"GPS, IMU, BARO, CORAL, SD, LORA, EPS_ADC",0x0000,NONE,0,0,POWER_ON,0,NONE,0,1,ACCEPTED,9,RX_OK,0,0,1,2,PACKET_OK,8,0,0,16,372,1279,1.9516289005874723,seq=372 cloud=1.95% status=0x00,74 01 ff 04 00 10 00
2026-07-28T12:12:13.362681+00:00,1785240733.362681,-63,11.75,False,True,1,8,True,True,True,True,0x1195,0x1195,268,False,0,2,False,0,0,42868,2777000,59,42868,0,STANDBY,30,False,False,True,True,True,True,True,False,True,True,False,False,False,False,False,False,3980,3.98,0,0,48.0879707,11.2960119,568.0,1.94,0.03,319.04,480879707,112960119,5680,3,194,31904,95713.0,33.16,0.0,0.5982056499999999,-4.962164899999999,8.394492399999999,-0.029670597283903602,0.0017453292519943296,-0.019198621771937627,61,-506,856,-17,1,-11,0,3316,1,False,False,False,False,False,False,False,False,5,0,0,0,0.061,-0.506,0.856,0.9962394290530765,-1.7,0.1,-1.1,1,1,0,1,1,0,0x007F,"GPS, IMU, BARO, CORAL, SD, LORA, EPS_ADC",0x0000,NONE,0,0,POWER_ON,0,NONE,0,1,ACCEPTED,9,RX_OK,0,0,1,2,PACKET_OK,8,0,0,9,373,4863,7.42046234836347,seq=373 cloud=7.42% status=0x00,75 01 ff 12 00 09 00
2026-07-28T12:12:23.672678+00:00,1785240743.672678,-66,11.5,False,True,1,8,True,True,True,True,0xF3DC,0xF3DC,269,False,0,2,False,0,0,42868,2787000,94,42868,0,STANDBY,30,False,False,True,True,True,True,True,False,True,True,False,False,False,False,False,False,3968,3.968,0,0,48.0879707,11.2960119,568.0,1.94,0.03,319.04,480879707,112960119,5680,3,194,31904,95714.0,33.17,0.0,0.5491724,-4.9817782,8.316039199999999,-0.013962634015954637,0.0017453292519943296,-0.019198621771937627,56,-508,848,-8,1,-11,0,3317,1,False,False,False,False,False,False,False,False,5,0,0,0,0.056,-0.508,0.848,0.9901030249423542,-0.8,0.1,-1.1,1,1,0,1,1,0,0x007F,"GPS, IMU, BARO, CORAL, SD, LORA, EPS_ADC",0x0000,NONE,0,0,POWER_ON,0,NONE,0,1,ACCEPTED,9,RX_OK,0,0,1,2,PACKET_OK,8,0,0,2,374,4095,6.248569466697185,seq=374 cloud=6.25% status=0x00,76 01 ff 0f 00 02 00
2026-07-28T12:12:34.006185+00:00,1785240754.006185,-67,12.75,False,True,1,8,True,True,True,True,0xA34C,0xA34C,270,False,0,2,False,0,0,42868,2798000,101,42868,0,STANDBY,30,False,False,True,True,True,True,True,False,True,True,False,False,False,False,False,False,3964,3.964,0,0,48.0879707,11.2960119,568.0,1.94,0.03,319.04,480879707,112960119,5680,3,194,31904,95710.0,33.17,0.1,0.55897905,-5.0406181,8.4533323,-0.015707963267948967,0.0017453292519943296,-0.019198621771937627,57,-514,862,-9,1,-11,1,3317,1,False,False,False,False,False,False,False,False,5,0,0,0,0.057,-0.514,0.862,1.0052308192649089,-0.9,0.1,-1.1,1,1,0,1,1,0,0x007F,"GPS, IMU, BARO, CORAL, SD, LORA, EPS_ADC",0x0000,NONE,0,0,POWER_ON,0,NONE,0,1,ACCEPTED,9,RX_OK,0,0,1,2,PACKET_OK,8,0,0,12,374,4095,6.248569466697185,seq=374 cloud=6.25% status=0x00,76 01 ff 0f 00 0c 00
2026-07-28T12:12:44.298662+00:00,1785240764.298662,-68,12.0,False,True,1,8,True,True,True,True,0xB11F,0xB11F,271,False,0,2,False,0,0,42868,2808000,5,42868,0,STANDBY,30,False,False,True,True,True,True,True,False,True,True,False,False,False,False,False,False,3958,3.958,0,0,48.0879707,11.2960119,568.0,1.94,0.03,319.04,480879707,112960119,5680,3,194,31904,95707.0,33.19,0.2,0.5491724,-5.03081145,8.306232549999999,-0.03316125578789226,-0.006981317007977318,-0.022689280275926284,56,-513,847,-19,-4,-13,2,3319,1,False,False,False,False,False,False,False,False,5,0,0,0,0.056,-0.513,0.847,0.9918235730209279,-1.9,-0.4,-1.3,1,1,0,1,1,0,0x007F,"GPS, IMU, BARO, CORAL, SD, LORA, EPS_ADC",0x0000,NONE,0,0,POWER_ON,0,NONE,0,1,ACCEPTED,9,RX_OK,0,0,1,2,PACKET_OK,8,0,0,5,375,1535,2.342259861142901,seq=375 cloud=2.34% status=0x00,77 01 ff 05 00 05 00
2026-07-28T12:12:54.591476+00:00,1785240774.591476,-67,12.5,False,True,1,8,True,True,True,True,0xC1B4,0xC1B4,272,False,0,2,False,0,0,42868,2818000,75,42868,0,STANDBY,30,False,False,True,True,True,True,True,False,True,True,False,False,False,False,False,False,3955,3.955,0,0,48.0879707,11.2960119,568.0,1.94,0.03,319.04,480879707,112960119,5680,3,194,31904,95712.0,33.19,-0.2,0.53936575,-5.0602314,8.414105699999999,-0.022689280275926284,0.0017453292519943296,-0.019198621771937627,55,-516,858,-13,1,-11,-2,3319,1,False,False,False,False,False,False,False,False,5,0,0,0,0.055,-0.516,0.858,1.0027188040522628,-1.3,0.1,-1.1,1,1,0,1,1,0,0x007F,"GPS, IMU, BARO, CORAL, SD, LORA, EPS_ADC",0x0000,NONE,0,0,POWER_ON,0,NONE,0,1,ACCEPTED,9,RX_OK,0,0,1,2,PACKET_OK,8,0,0,16,375,1535,2.342259861142901,seq=375 cloud=2.34% status=0x00,77 01 ff 05 00 10 00
2026-07-28T12:13:04.899009+00:00,1785240784.899009,-67,12.0,False,True,1,8,True,True,True,True,0x4E63,0x4E63,273,False,0,2,False,0,0,42868,2828000,78,42868,0,STANDBY,30,False,False,True,True,True,True,True,False,True,True,False,False,False,False,False,False,3971,3.971,0,0,48.0879707,11.2960119,568.0,1.94,0.03,319.04,480879707,112960119,5680,3,194,31904,95712.0,33.2,-0.1,0.5687857,-4.99158485,8.36507245,-0.017453292519943295,0.003490658503988659,-0.019198621771937627,58,-509,853,-10,2,-11,-1,3320,1,False,False,False,False,False,False,False,False,5,0,0,0,0.058,-0.509,0.853,0.9950145727576054,-1.0,0.2,-1.1,1,1,0,1,1,0,0x007F,"GPS, IMU, BARO, CORAL, SD, LORA, EPS_ADC",0x0000,NONE,0,0,POWER_ON,0,NONE,0,1,ACCEPTED,9,RX_OK,0,0,1,2,PACKET_OK,8,0,0,9,376,3327,5.076676585030899,seq=376 cloud=5.08% status=0x00,78 01 ff 0c 00 09 00
2026-07-28T12:13:15.198498+00:00,1785240795.198498,-62,12.0,False,True,1,8,True,True,True,True,0xC601,0xC601,274,False,0,2,False,0,0,42868,2839000,30,42868,0,STANDBY,30,False,False,True,True,True,True,True,False,True,True,False,False,False,False,False,False,3971,3.971,0,0,48.0879707,11.2960119,568.0,1.94,0.03,319.04,480879707,112960119,5680,3,194,31904,95714.0,33.21,-0.1,0.53936575,-4.99158485,8.414105699999999,-0.019198621771937627,0.005235987755982988,-0.017453292519943295,55,-509,858,-11,3,-10,-1,3321,1,False,False,False,False,False,False,False,False,5,0,0,0,0.055,-0.509,0.858,0.9991346255635424,-1.1,0.3,-1.0,1,1,0,1,1,0,0x007F,"GPS, IMU, BARO, CORAL, SD, LORA, EPS_ADC",0x0000,NONE,0,0,POWER_ON,0,NONE,0,1,ACCEPTED,9,RX_OK,0,0,1,2,PACKET_OK,8,0,0,1,377,2303,3.514152742809186,seq=377 cloud=3.51% status=0x00,79 01 ff 08 00 01 00
2026-07-28T12:13:25.741135+00:00,1785240805.741135,-60,11.75,False,True,1,8,True,True,True,True,0xE200,0xE200,275,False,0,2,False,0,0,42868,2849000,46,42868,0,STANDBY,30,False,False,True,True,True,True,True,False,True,True,False,False,False,False,False,False,3958,3.958,0,0,48.0879707,11.2960119,568.0,1.94,0.03,319.04,480879707,112960119,5680,3,194,31904,95706.0,33.22,0.3,0.7943386499999999,-5.01119815,8.26700595,0.15009831567151233,0.3420845333908886,0.17453292519943295,81,-511,843,86,196,100,3,3322,1,False,False,False,False,False,False,False,False,5,0,0,0,0.081,-0.511,0.843,0.9891061621484318,8.6,19.6,10.0,1,1,0,1,1,0,0x007F,"GPS, IMU, BARO, CORAL, SD, LORA, EPS_ADC",0x0000,NONE,0,0,POWER_ON,0,NONE,0,1,ACCEPTED,9,RX_OK,0,0,1,2,PACKET_OK,8,0,0,11,377,2303,3.514152742809186,seq=377 cloud=3.51% status=0x00,79 01 ff 08 00 0b 00
2026-07-28T12:13:35.782233+00:00,1785240815.782233,-61,12.75,False,True,1,8,True,True,True,True,0x3DEE,0x3DEE,276,False,0,2,False,0,0,42868,2859000,8,42868,0,STANDBY,30,False,False,True,True,True,True,True,False,True,True,False,False,False,False,False,False,3974,3.974,0,0,48.0879707,11.2960119,568.0,1.94,0.03,319.04,480879707,112960119,5680,3,194,31904,95708.0,33.23,0.0,0.53936575,-5.03081145,8.3552658,-0.029670597283903602,0.003490658503988659,-0.019198621771937627,55,-513,852,-17,2,-11,0,3323,1,False,False,False,False,False,False,False,False,5,0,0,0,0.055,-0.513,0.852,0.9960411638080024,-1.7,0.2,-1.1,1,1,0,1,1,0,0x007F,"GPS, IMU, BARO, CORAL, SD, LORA, EPS_ADC",0x0000,NONE,0,0,POWER_ON,0,NONE,0,1,ACCEPTED,9,RX_OK,0,0,1,2,PACKET_OK,8,0,0,4,378,1279,1.9516289005874723,seq=378 cloud=1.95% status=0x00,7a 01 ff 04 00 04 00
2026-07-28T12:13:46.092288+00:00,1785240826.092288,-64,12.0,False,True,1,8,True,True,True,True,0xC190,0xC190,277,False,0,2,False,0,0,42868,2870000,18,42868,0,STANDBY,30,False,False,True,True,True,True,True,False,True,True,False,False,False,False,False,False,3964,3.964,0,0,48.0879707,11.2960119,568.0,1.94,0.03,319.04,480879707,112960119,5680,3,194,31904,95703.0,33.25,0.1,0.50013915,-4.99158485,8.414105699999999,-0.027925268031909273,0.003490658503988659,-0.017453292519943295,51,-509,858,-16,2,-10,1,3325,1,False,False,False,False,False,False,False,False,5,0,0,0,0.051,-0.509,0.858,0.9989224194100361,-1.6,0.2,-1.0,1,1,0,1,1,0,0x007F,"GPS, IMU, BARO, CORAL, SD, LORA, EPS_ADC",0x0000,NONE,0,0,POWER_ON,0,NONE,0,1,ACCEPTED,9,RX_OK,0,0,1,2,PACKET_OK,8,0,0,15,378,1279,1.9516289005874723,seq=378 cloud=1.95% status=0x00,7a 01 ff 04 00 0f 00
2026-07-28T12:13:56.399476+00:00,1785240836.399476,-67,12.25,False,True,1,8,True,True,True,True,0x4AB1,0x4AB1,278,False,0,2,False,0,0,42868,2880000,79,42868,0,STANDBY,14,False,False,True,True,True,True,False,False,True,True,False,False,False,False,False,False,3977,3.977,0,0,48.0879707,11.2960119,568.0,1.94,0.03,319.04,480879707,112960119,5680,3,194,31904,95700.0,33.25,0.3,0.5197524499999999,-5.01119815,8.36507245,-0.006981317007977318,0.006981317007977318,-0.017453292519943295,53,-511,853,-4,4,-10,3,3325,1,False,False,False,False,False,False,False,False,5,0,0,0,0.053,-0.511,0.853,0.9957605133765849,-0.4,0.4,-1.0,1,1,0,1,0,0,0x007F,"GPS, IMU, BARO, CORAL, SD, LORA, EPS_ADC",0x0008,CORAL,0,0,POWER_ON,0,NONE,0,1,ACCEPTED,9,RX_OK,0,0,1,2,PACKET_OK,8,0,1,25,378,1279,1.9516289005874723,seq=378 cloud=1.95% status=0x01,7a 01 ff 04 01 19 00
2026-07-28T12:14:06.680101+00:00,1785240846.680101,-73,12.25,False,True,1,8,True,True,True,True,0x2CEF,0x2CEF,279,False,0,2,False,0,0,42868,2890000,95,42868,0,STANDBY,30,False,False,True,True,True,True,True,False,True,True,False,False,False,False,False,False,3952,3.952,0,0,48.0879707,11.2960119,568.0,1.94,0.03,319.04,480879707,112960119,5680,3,194,31904,95701.0,33.26,0.0,0.53936575,-4.922938299999999,8.404299049999999,-0.029670597283903602,-0.003490658503988659,-0.019198621771937627,55,-502,857,-17,-2,-11,0,3326,1,False,False,False,False,False,False,False,False,5,0,0,0,0.055,-0.502,0.857,0.9947250876498491,-1.7,-0.2,-1.1,1,1,0,1,1,0,0x007F,"GPS, IMU, BARO, CORAL, SD, LORA, EPS_ADC",0x0000,NONE,0,0,POWER_ON,0,NONE,0,1,ACCEPTED,9,RX_OK,0,0,1,2,PACKET_OK,8,0,0,8,379,1791,2.732890821698329,seq=379 cloud=2.73% status=0x00,7b 01 ff 06 00 08 00
2026-07-28T12:14:16.970031+00:00,1785240856.970031,-74,12.25,False,True,1,8,True,True,True,True,0x0FFB,0x0FFB,280,False,0,2,False,0,0,42868,2901000,44,42868,0,STANDBY,30,False,False,True,True,True,True,True,False,True,True,False,False,False,False,False,False,3958,3.958,0,0,48.0879707,11.2960119,568.0,1.94,0.03,319.04,480879707,112960119,5680,3,194,31904,95698.0,33.28,0.1,0.57859235,-5.01119815,8.3356525,-0.017453292519943295,-0.005235987755982988,-0.017453292519943295,59,-511,850,-10,-3,-10,1,3328,1,False,False,False,False,False,False,False,False,5,0,0,0,0.059,-0.511,0.85,0.9935300700029164,-1.0,-0.3,-1.0,1,1,0,1,1,0,0x007F,"GPS, IMU, BARO, CORAL, SD, LORA, EPS_ADC",0x0000,NONE,0,0,POWER_ON,0,NONE,0,1,ACCEPTED,9,RX_OK,0,0,1,2,PACKET_OK,8,0,0,2,380,2047,3.1235217822537575,seq=380 cloud=3.12% status=0x00,7c 01 ff 07 00 02 00
2026-07-28T12:14:27.274233+00:00,1785240867.274233,-71,10.75,False,True,1,8,True,True,True,True,0xA7BD,0xA7BD,281,False,0,2,False,0,0,42868,2911000,27,42868,0,STANDBY,30,False,False,True,True,True,True,True,False,True,True,False,False,False,False,False,False,3974,3.974,0,0,48.0879707,11.2960119,568.0,1.94,0.03,319.04,480879707,112960119,5680,3,194,31904,95698.0,33.29,0.0,0.5197524499999999,-5.0504247499999995,8.414105699999999,-0.020943951023931952,0.006981317007977318,-0.019198621771937627,53,-515,858,-12,4,-11,0,3329,1,False,False,False,False,False,False,False,False,5,0,0,0,0.053,-0.515,0.858,1.0020968017112917,-1.2,0.4,-1.1,1,1,0,1,1,0,0x007F,"GPS, IMU, BARO, CORAL, SD, LORA, EPS_ADC",0x0000,NONE,0,0,POWER_ON,0,NONE,0,1,ACCEPTED,9,RX_OK,0,0,1,2,PACKET_OK,8,0,0,12,380,2047,3.1235217822537575,seq=380 cloud=3.12% status=0x00,7c 01 ff 07 00 0c 00
2026-07-28T12:14:37.568753+00:00,1785240877.568753,-71,12.0,False,True,1,8,True,True,True,True,0x0A81,0x0A81,282,False,0,2,False,0,0,42868,2921000,4,42868,0,STANDBY,30,False,False,True,True,True,True,True,False,True,True,False,False,False,False,False,False,3964,3.964,0,0,48.0879707,11.2960119,568.0,1.94,0.03,319.04,480879707,112960119,5680,3,194,31904,95695.0,33.3,0.2,0.5883989999999999,-4.9817782,8.44352565,-0.027925268031909273,0.0,-0.020943951023931952,60,-508,861,-16,0,-12,2,3330,1,False,False,False,False,False,False,False,False,5,0,0,0,0.06,-0.508,0.861,1.001491387881094,-1.6,0.0,-1.2,1,1,0,1,1,0,0x007F,"GPS, IMU, BARO, CORAL, SD, LORA, EPS_ADC",0x0000,NONE,0,0,POWER_ON,0,NONE,0,1,ACCEPTED,9,RX_OK,0,0,1,2,PACKET_OK,8,0,0,5,381,2303,3.514152742809186,seq=381 cloud=3.51% status=0x00,7d 01 ff 08 00 05 00
2026-07-28T12:14:47.953913+00:00,1785240887.953913,-69,12.25,False,True,1,8,True,True,True,True,0x5C51,0x5C51,283,False,0,2,False,0,0,42868,2931000,37,42868,0,STANDBY,30,False,False,True,True,True,True,True,False,True,True,False,False,False,False,False,False,3961,3.961,3,4,48.0879707,11.2960119,568.0,1.94,0.03,319.04,480879707,112960119,5680,3,194,31904,95699.0,33.3,-0.1,0.4903325,-4.9817782,8.42391235,-0.015707963267948967,-0.03665191429188092,-0.041887902047863905,50,-508,859,-9,-21,-24,-1,3330,1,False,False,False,False,False,False,False,False,5,0,0,0,0.05,-0.508,0.859,0.9992221975116445,-0.9,-2.1,-2.4,1,1,0,1,1,0,0x007F,"GPS, IMU, BARO, CORAL, SD, LORA, EPS_ADC",0x0000,NONE,0,0,POWER_ON,0,NONE,0,1,ACCEPTED,9,RX_OK,0,0,1,2,PACKET_OK,8,0,0,16,381,2303,3.514152742809186,seq=381 cloud=3.51% status=0x00,7d 01 ff 08 00 10 00
2026-07-28T12:14:58.411165+00:00,1785240898.411165,-60,12.0,False,True,1,8,True,True,True,True,0xDA2C,0xDA2C,284,False,0,2,False,0,0,42868,2942000,223,42868,0,STANDBY,30,False,False,True,True,True,True,True,False,True,True,False,False,False,False,False,False,3958,3.958,0,0,48.0879707,11.2960119,568.0,1.94,0.03,319.04,480879707,112960119,5680,3,194,31904,95698.0,33.32,-0.1,0.6080123,-5.01119815,8.404299049999999,-0.022689280275926284,0.010471975511965976,-0.017453292519943295,62,-511,857,-13,6,-10,-1,3332,1,False,False,False,False,False,False,False,False,5,0,0,0,0.062,-0.511,0.857,0.9997069570629186,-1.3,0.6,-1.0,1,1,0,1,1,0,0x007F,"GPS, IMU, BARO, CORAL, SD, LORA, EPS_ADC",0x0000,NONE,0,0,POWER_ON,0,NONE,0,1,ACCEPTED,9,RX_OK,0,0,1,2,PACKET_OK,8,0,0,9,382,2047,3.1235217822537575,seq=382 cloud=3.12% status=0x00,7e 01 ff 07 00 09 00
2026-07-28T12:15:08.708331+00:00,1785240908.708331,-64,12.5,False,True,1,8,True,True,True,True,0x6B0E,0x6B0E,285,False,0,2,False,0,0,42868,2952000,38,42868,0,STANDBY,30,False,False,True,True,True,True,True,False,True,True,False,False,False,False,False,False,3968,3.968,0,0,48.0879707,11.2960119,568.0,1.94,0.03,319.04,480879707,112960119,5680,3,194,31904,95701.0,33.33,-0.3,0.7060787999999999,-4.8052585,8.3748791,-0.03490658503988659,-0.06981317007977318,-0.05061454830783556,72,-490,854,-20,-40,-29,-3,3333,1,False,False,False,False,False,False,False,False,5,0,0,0,0.072,-0.49,0.854,0.9872183142547548,-2.0,-4.0,-2.9,1,1,0,1,1,0,0x007F,"GPS, IMU, BARO, CORAL, SD, LORA, EPS_ADC",0x0000,NONE,0,0,POWER_ON,0,NONE,0,1,ACCEPTED,9,RX_OK,0,0,1,2,PACKET_OK,8,0,0,3,383,511,0.7797360189211872,seq=383 cloud=0.78% status=0x00,7f 01 ff 01 00 03 00
2026-07-28T12:15:19.098640+00:00,1785240919.09864,-62,12.0,False,True,1,8,True,True,True,True,0x8091,0x8091,286,False,0,2,False,0,0,42868,2963000,77,42868,0,STANDBY,30,False,False,True,True,True,True,True,False,True,True,False,False,False,False,False,False,3948,3.948,0,0,48.0879707,11.2960119,568.0,1.94,0.03,319.04,480879707,112960119,5680,3,194,31904,95695.0,33.34,0.2,0.5982056499999999,-4.97197155,8.3552658,-0.024434609527920613,-0.0017453292519943296,-0.019198621771937627,61,-507,852,-14,-1,-11,2,3334,1,False,False,False,False,False,False,False,False,5,0,0,0,0.061,-0.507,0.852,0.9933146530682008,-1.4,-0.1,-1.1,1,1,0,1,1,0,0x007F,"GPS, IMU, BARO, CORAL, SD, LORA, EPS_ADC",0x0000,NONE,0,0,POWER_ON,0,NONE,0,1,ACCEPTED,9,RX_OK,0,0,1,2,PACKET_OK,8,0,0,13,383,511,0.7797360189211872,seq=383 cloud=0.78% status=0x00,7f 01 ff 01 00 0d 00
2026-07-28T12:15:29.693086+00:00,1785240929.693086,-59,12.25,False,True,1,8,True,True,True,True,0x9389,0x9389,287,False,0,2,False,0,0,42868,2973000,64,42868,0,STANDBY,30,False,False,True,True,True,True,True,False,True,True,False,False,False,False,False,False,3968,3.968,0,0,48.0879707,11.2960119,568.0,1.94,0.03,319.04,480879707,112960119,5680,3,194,31904,95694.0,33.35,0.3,0.55897905,-4.922938299999999,8.325845849999999,-0.04014257279586958,0.0017453292519943296,-0.019198621771937627,57,-502,849,-23,1,-11,3,3335,1,False,False,False,False,False,False,False,False,5,0,0,0,0.057,-0.502,0.849,0.9879544523914046,-2.3,0.1,-1.1,1,1,0,1,1,0,0x007F,"GPS, IMU, BARO, CORAL, SD, LORA, EPS_ADC",0x0000,NONE,0,0,POWER_ON,0,NONE,0,1,ACCEPTED,9,RX_OK,0,0,1,2,PACKET_OK,8,0,0,6,384,1023,1.560997940032044,seq=384 cloud=1.56% status=0x00,80 01 ff 03 00 06 00
2026-07-28T12:15:40.184096+00:00,1785240940.184096,-72,11.5,False,True,1,8,True,True,True,True,0xD293,0xD293,288,False,0,2,False,0,0,42868,2984000,24,42868,0,STANDBY,30,False,False,True,True,True,True,True,False,True,True,False,False,False,False,False,False,3942,3.942,0,0,48.0879707,11.2960119,568.0,1.94,0.03,319.04,480879707,112960119,5680,3,194,31904,95693.0,33.37,0.3,0.61781895,-4.314926,8.3356525,-0.015707963267948967,0.006981317007977318,-0.019198621771937627,63,-440,850,-9,4,-11,3,3337,1,False,False,False,False,False,False,False,False,5,0,0,0,0.063,-0.44,0.85,0.9592022727245801,-0.9,0.4,-1.1,1,1,0,1,1,0,0x007F,"GPS, IMU, BARO, CORAL, SD, LORA, EPS_ADC",0x0000,NONE,0,0,POWER_ON,0,NONE,0,1,ACCEPTED,9,RX_OK,0,0,1,2,PACKET_OK,8,0,0,0,385,2047,3.1235217822537575,seq=385 cloud=3.12% status=0x00,81 01 ff 07 00 00 00
2026-07-28T12:15:50.482722+00:00,1785240950.482722,-67,12.5,False,True,1,8,True,True,True,True,0x9B4A,0x9B4A,289,False,0,2,False,0,0,42868,2994000,55,42868,0,STANDBY,30,False,False,True,True,True,True,True,False,True,True,False,False,False,False,False,False,3952,3.952,0,0,48.0879707,11.2960119,568.0,1.94,0.03,319.04,480879707,112960119,5680,3,194,31904,95692.0,33.38,0.3,0.5687857,-4.9817782,8.4533323,0.010471975511965976,0.0,-0.022689280275926284,58,-508,862,6,0,-13,3,3338,1,False,False,False,False,False,False,False,False,5,0,0,0,0.058,-0.508,0.862,1.0022335057260856,0.6,0.0,-1.3,1,1,0,1,1,0,0x007F,"GPS, IMU, BARO, CORAL, SD, LORA, EPS_ADC",0x0000,NONE,0,0,POWER_ON,0,NONE,0,1,ACCEPTED,9,RX_OK,0,0,1,2,PACKET_OK,8,0,0,10,385,2047,3.1235217822537575,seq=385 cloud=3.12% status=0x00,81 01 ff 07 00 0a 00
2026-07-28T12:16:00.778634+00:00,1785240960.778634,-61,11.25,False,True,1,8,True,True,True,True,0xE100,0xE100,290,False,0,2,False,0,0,42868,3004000,86,42868,0,STANDBY,30,False,False,True,True,True,True,True,False,True,True,False,False,False,False,False,False,3964,3.964,0,0,48.0879707,11.2960119,568.0,1.94,0.03,319.04,480879707,112960119,5680,3,194,31904,95694.0,33.39,0.1,0.67665885,-4.99158485,8.42391235,-0.143116998663535,0.010471975511965976,-0.008726646259971648,69,-509,859,-82,6,-5,1,3339,1,False,False,False,False,False,False,False,False,5,0,0,0,0.069,-0.509,0.859,1.0008611292282261,-8.2,0.6,-0.5,1,1,0,1,1,0,0x007F,"GPS, IMU, BARO, CORAL, SD, LORA, EPS_ADC",0x0000,NONE,0,0,POWER_ON,0,NONE,0,1,ACCEPTED,9,RX_OK,0,0,1,2,PACKET_OK,8,0,0,3,386,0,0.0,seq=386 cloud=0.00% status=0x00,82 01 00 00 00 03 00
2026-07-28T12:16:11.084025+00:00,1785240971.084025,-61,12.25,False,True,1,8,True,True,True,True,0xEA33,0xEA33,291,False,0,2,False,0,0,42868,3015000,98,42868,0,STANDBY,30,False,False,True,True,True,True,True,False,True,True,False,False,False,False,False,False,3974,3.974,0,0,48.0879707,11.2960119,568.0,1.94,0.03,319.04,480879707,112960119,5680,3,194,31904,95693.0,33.41,0.1,0.63743225,-4.8837117,8.492558899999999,-0.026179938779914945,0.0,-0.020943951023931952,65,-498,866,-15,0,-12,1,3341,1,False,False,False,False,False,False,False,False,5,0,0,0,0.065,-0.498,0.866,1.001091903872966,-1.5,0.0,-1.2,1,1,0,1,1,0,0x007F,"GPS, IMU, BARO, CORAL, SD, LORA, EPS_ADC",0x0000,NONE,0,0,POWER_ON,0,NONE,0,1,ACCEPTED,9,RX_OK,0,0,1,2,PACKET_OK,8,0,0,13,386,0,0.0,seq=386 cloud=0.00% status=0x00,82 01 00 00 00 0d 00
2026-07-28T12:16:21.391533+00:00,1785240981.391533,-60,11.5,False,True,1,8,True,True,True,True,0x0583,0x0583,292,False,0,2,False,0,0,42868,3025000,85,42868,0,STANDBY,30,False,False,True,True,True,True,True,False,True,True,False,False,False,False,False,False,3971,3.971,0,0,48.0879707,11.2960119,568.0,1.94,0.03,319.04,480879707,112960119,5680,3,194,31904,95696.0,33.42,-0.1,0.5883989999999999,-4.85429175,8.5513988,-0.019198621771937627,0.0,-0.020943951023931952,60,-495,872,-11,0,-12,-1,3342,1,False,False,False,False,False,False,False,False,5,0,0,0,0.06,-0.495,0.872,1.0044944001834952,-1.1,0.0,-1.2,1,1,0,1,1,0,0x007F,"GPS, IMU, BARO, CORAL, SD, LORA, EPS_ADC",0x0000,NONE,0,0,POWER_ON,0,NONE,0,1,ACCEPTED,9,RX_OK,0,0,1,2,PACKET_OK,8,0,0,7,387,1279,1.9516289005874723,seq=387 cloud=1.95% status=0x00,83 01 ff 04 00 07 00
2026-07-28T12:16:31.966615+00:00,1785240991.966615,-62,12.0,False,True,1,8,True,True,True,True,0xC692,0xC692,293,False,0,2,False,0,0,42868,3035000,594,42868,0,STANDBY,30,False,False,True,True,True,True,True,False,True,True,False,False,False,False,False,False,3945,3.945,0,0,48.0879707,11.2960119,568.0,1.94,0.03,319.04,480879707,112960119,5680,3,194,31904,95692.0,33.43,0.3,0.6080123,-4.89351835,8.492558899999999,-0.017453292519943295,0.003490658503988659,-0.019198621771937627,62,-499,866,-10,2,-11,3,3343,1,False,False,False,False,False,False,False,False,5,0,0,0,0.062,-0.499,0.866,1.0013995206709456,-1.0,0.2,-1.1,1,1,0,1,1,0,0x007F,"GPS, IMU, BARO, CORAL, SD, LORA, EPS_ADC",0x0000,NONE,0,0,POWER_ON,0,NONE,0,1,ACCEPTED,9,RX_OK,0,0,1,2,PACKET_OK,8,0,0,0,388,2047,3.1235217822537575,seq=388 cloud=3.12% status=0x00,84 01 ff 07 00 00 00
2026-07-28T12:16:42.407293+00:00,1785241002.407293,-60,12.0,False,True,1,8,True,True,True,True,0x923C,0x923C,294,False,0,2,False,0,0,42868,3046000,236,42868,0,STANDBY,30,False,False,True,True,True,True,True,False,True,True,False,False,False,False,False,False,3968,3.968,0,0,48.0879707,11.2960119,568.0,1.94,0.03,319.04,480879707,112960119,5680,3,194,31904,95698.0,33.45,-0.3,0.5982056499999999,-4.89351835,8.502365549999999,-0.017453292519943295,0.003490658503988659,-0.019198621771937627,61,-499,867,-10,2,-11,-3,3345,1,False,False,False,False,False,False,False,False,5,0,0,0,0.061,-0.499,0.867,1.0022030732341625,-1.0,0.2,-1.1,1,1,0,1,1,0,0x007F,"GPS, IMU, BARO, CORAL, SD, LORA, EPS_ADC",0x0000,NONE,0,0,POWER_ON,0,NONE,0,1,ACCEPTED,9,RX_OK,0,0,1,2,PACKET_OK,8,0,0,11,388,2047,3.1235217822537575,seq=388 cloud=3.12% status=0x00,84 01 ff 07 00 0b 00
2026-07-28T12:16:52.710246+00:00,1785241012.710246,-61,12.25,False,True,1,8,True,True,True,True,0x3E4F,0x3E4F,295,False,0,2,False,0,0,42868,3056000,46,42868,0,STANDBY,30,False,False,True,True,True,True,True,False,True,True,False,False,False,False,False,False,3971,3.971,0,0,48.0879707,11.2960119,568.0,1.94,0.03,319.04,480879707,112960119,5680,3,194,31904,95693.0,33.46,0.2,0.57859235,-4.8640984,8.482752249999999,-0.020943951023931952,0.005235987755982988,-0.017453292519943295,59,-496,865,-12,3,-10,2,3346,1,False,False,False,False,False,False,False,False,5,0,0,0,0.059,-0.496,0.865,0.9988603505996221,-1.2,0.3,-1.0,1,1,0,1,1,0,0x007F,"GPS, IMU, BARO, CORAL, SD, LORA, EPS_ADC",0x0000,NONE,0,0,POWER_ON,0,NONE,0,1,ACCEPTED,9,RX_OK,0,0,1,2,PACKET_OK,8,0,0,4,389,5375,8.201724269474326,seq=389 cloud=8.20% status=0x00,85 01 ff 14 00 04 00
2026-07-28T12:17:03.074097+00:00,1785241023.074097,-63,12.25,False,True,1,8,True,True,True,True,0xBC52,0xBC52,296,False,0,2,False,0,0,42868,3067000,95,42868,0,STANDBY,30,False,False,True,True,True,True,True,False,True,True,False,False,False,False,False,False,3971,3.971,0,0,48.0879707,11.2960119,568.0,1.94,0.03,319.04,480879707,112960119,5680,3,194,31904,95693.0,33.47,0.2,0.63743225,-4.85429175,8.38468575,-0.022689280275926284,0.003490658503988659,-0.017453292519943295,65,-495,855,-13,2,-10,2,3347,1,False,False,False,False,False,False,False,False,5,0,0,0,0.065,-0.495,0.855,0.9900883798934315,-1.3,0.2,-1.0,1,1,0,1,1,0,0x007F,"GPS, IMU, BARO, CORAL, SD, LORA, EPS_ADC",0x0000,NONE,0,0,POWER_ON,0,NONE,0,1,ACCEPTED,9,RX_OK,0,0,1,2,PACKET_OK,8,0,0,14,389,5375,8.201724269474326,seq=389 cloud=8.20% status=0x00,85 01 ff 14 00 0e 00
2026-07-28T12:17:13.658071+00:00,1785241033.658071,-60,11.75,False,True,1,8,True,True,True,True,0x2561,0x2561,297,False,0,2,False,0,0,42868,3077000,13,42868,0,STANDBY,30,False,False,True,True,True,True,True,False,True,True,False,False,False,False,False,False,3961,3.961,0,0,48.0879707,11.2960119,568.0,1.94,0.03,319.04,480879707,112960119,5680,3,194,31904,95698.0,33.48,-0.3,0.6864655000000001,-4.873905049999999,8.52197885,-0.029670597283903602,0.008726646259971648,-0.017453292519943295,70,-497,869,-17,5,-10,-3,3348,1,False,False,False,False,False,False,False,False,5,0,0,0,0.07,-0.497,0.869,1.0035287738774608,-1.7,0.5,-1.0,1,1,0,1,1,0,0x007F,"GPS, IMU, BARO, CORAL, SD, LORA, EPS_ADC",0x0000,NONE,0,0,POWER_ON,0,NONE,0,1,ACCEPTED,9,RX_OK,0,0,1,2,PACKET_OK,8,0,0,8,390,2815,4.295414663920043,seq=390 cloud=4.30% status=0x00,86 01 ff 0a 00 08 00
2026-07-28T12:17:24.189968+00:00,1785241044.189968,-75,12.25,False,True,1,8,True,True,True,True,0x6B7C,0x6B7C,298,False,0,2,False,0,0,42868,3088000,49,42868,0,STANDBY,30,False,False,True,True,True,True,True,False,True,True,False,False,False,False,False,False,3958,3.958,0,0,48.0879707,11.2960119,568.0,1.94,0.03,319.04,480879707,112960119,5680,3,194,31904,95692.0,33.49,0.1,0.784532,-0.20593965,9.8851032,0.10297442586766545,-0.013962634015954637,-0.020943951023931952,80,-21,1008,59,-8,-12,1,3349,1,False,False,False,False,False,False,False,False,5,0,0,0,0.08,-0.021,1.008,1.0113876605931083,5.9,-0.8,-1.2,1,1,0,1,1,0,0x007F,"GPS, IMU, BARO, CORAL, SD, LORA, EPS_ADC",0x0000,NONE,0,0,POWER_ON,0,NONE,0,1,ACCEPTED,9,RX_OK,0,0,1,2,PACKET_OK,8,0,0,1,391,2303,3.514152742809186,seq=391 cloud=3.51% status=0x00,87 01 ff 08 00 01 00
2026-07-28T12:17:34.489978+00:00,1785241054.489978,-55,12.5,False,True,1,8,True,True,True,True,0x31D9,0x31D9,299,False,0,2,False,0,0,42868,3098000,86,42868,0,STANDBY,30,False,False,True,True,True,True,True,False,True,True,False,False,False,False,False,False,3955,3.955,0,0,48.0879707,11.2960119,568.0,1.94,0.03,319.04,480879707,112960119,5680,3,194,31904,95695.0,33.51,-0.1,0.9022117999999999,0.0784532,9.67916355,-0.020943951023931952,0.0017453292519943296,-0.019198621771937627,92,8,987,-12,1,-11,-1,3351,1,False,False,False,False,False,False,False,False,5,0,0,0,0.092,0.008,0.987,0.9913107484537832,-1.2,0.1,-1.1,1,1,0,1,1,0,0x007F,"GPS, IMU, BARO, CORAL, SD, LORA, EPS_ADC",0x0000,NONE,0,0,POWER_ON,0,NONE,0,1,ACCEPTED,9,RX_OK,0,0,1,2,PACKET_OK,8,0,0,11,391,2303,3.514152742809186,seq=391 cloud=3.51% status=0x00,87 01 ff 08 00 0b 00
2026-07-28T12:17:44.796025+00:00,1785241064.796025,-59,11.5,False,True,1,8,True,True,True,True,0x9CC7,0x9CC7,300,False,0,2,False,0,0,42868,3108000,82,42868,0,STANDBY,30,False,False,True,True,True,True,True,False,True,True,False,False,False,False,False,False,3958,3.958,0,0,48.0879707,11.2960119,568.0,1.94,0.03,319.04,480879707,112960119,5680,3,194,31904,95695.0,33.52,-0.2,0.8041453,-0.00980665,9.77723005,-0.020943951023931952,0.005235987755982988,-0.020943951023931952,82,-1,997,-12,3,-12,-2,3352,1,False,False,False,False,False,False,False,False,5,0,0,0,0.082,-0.001,0.997,1.000366932680204,-1.2,0.3,-1.2,1,1,0,1,1,0,0x007F,"GPS, IMU, BARO, CORAL, SD, LORA, EPS_ADC",0x0000,NONE,0,0,POWER_ON,0,NONE,0,1,ACCEPTED,13,ACK_TIMEOUT,0,0,1,3,CRC_ERROR,9,0,0,4,392,255,0.38910505836575876,seq=392 cloud=0.39% status=0x00,88 01 ff 00 00 04 00
2026-07-28T12:17:55.088808+00:00,1785241075.088808,-61,11.75,False,True,1,8,True,True,True,True,0x6FCF,0x6FCF,301,False,0,2,False,0,0,42868,3118000,54,42868,0,STANDBY,30,False,False,True,True,True,True,True,False,True,True,False,False,False,False,False,False,3971,3.971,0,0,48.0879707,11.2960119,568.0,1.94,0.03,319.04,480879707,112960119,5680,3,194,31904,95693.0,33.53,-0.1,0.8727918499999999,-0.0980665,9.659550249999999,-0.022689280275926284,0.005235987755982988,-0.017453292519943295,89,-10,985,-13,3,-10,-1,3353,1,False,False,False,False,False,False,False,False,5,0,0,0,0.089,-0.01,0.985,0.9890631931277192,-1.3,0.3,-1.0,1,1,0,1,1,0,0x007F,"GPS, IMU, BARO, CORAL, SD, LORA, EPS_ADC",0x0000,NONE,0,0,POWER_ON,0,NONE,0,1,ACCEPTED,9,RX_OK,0,0,1,2,PACKET_OK,9,0,0,15,392,255,0.38910505836575876,seq=392 cloud=0.39% status=0x00,88 01 ff 00 00 0f 00
2026-07-28T12:18:05.376214+00:00,1785241085.376214,-59,12.0,False,True,1,8,True,True,True,True,0x32C3,0x32C3,302,False,0,2,False,0,0,42868,3129000,17,42868,0,STANDBY,30,False,False,True,True,True,True,True,False,True,True,False,False,False,False,False,False,3964,3.964,0,0,48.0879707,11.2960119,568.0,1.94,0.03,319.04,480879707,112960119,5680,3,194,31904,95687.0,33.55,0.3,0.8237586,-0.0980665,9.649743599999999,-0.022689280275926284,0.005235987755982988,-0.017453292519943295,84,-10,984,-13,3,-10,3,3355,1,False,False,False,False,False,False,False,False,5,0,0,0,0.084,-0.01,0.984,0.9876294851815635,-1.3,0.3,-1.0,1,1,0,1,1,0,0x007F,"GPS, IMU, BARO, CORAL, SD, LORA, EPS_ADC",0x0000,NONE,0,0,POWER_ON,0,NONE,0,1,ACCEPTED,9,RX_OK,0,0,1,2,PACKET_OK,9,0,0,8,393,1023,1.560997940032044,seq=393 cloud=1.56% status=0x00,89 01 ff 03 00 08 00
2026-07-28T12:18:15.701466+00:00,1785241095.701466,-62,11.75,False,True,1,8,True,True,True,True,0xC551,0xC551,303,False,0,2,False,0,0,42868,3139000,48,42868,0,STANDBY,30,False,False,True,True,True,True,True,False,True,True,False,False,False,False,False,False,3958,3.958,0,0,48.0879707,11.2960119,568.0,1.94,0.03,319.04,480879707,112960119,5680,3,194,31904,95694.0,33.56,-0.3,0.8433718999999998,-0.22555294999999997,9.6889702,-0.031415926535897934,0.005235987755982988,-0.019198621771937627,86,-23,988,-18,3,-11,-3,3356,1,False,False,False,False,False,False,False,False,5,0,0,0,0.086,-0.023,0.988,0.9920025201580891,-1.8,0.3,-1.1,1,1,0,1,1,0,0x007F,"GPS, IMU, BARO, CORAL, SD, LORA, EPS_ADC",0x0000,NONE,0,0,POWER_ON,0,NONE,0,1,ACCEPTED,9,RX_OK,0,0,1,2,PACKET_OK,9,0,0,1,394,3839,5.857938506141756,seq=394 cloud=5.86% status=0x00,8a 01 ff 0e 00 01 00
2026-07-28T12:18:25.988422+00:00,1785241105.988422,-67,12.0,False,True,1,8,True,True,True,True,0x8E12,0x8E12,304,False,0,2,False,0,0,42868,3149000,42,42868,0,STANDBY,30,False,False,True,True,True,True,True,False,True,True,False,False,False,False,False,False,3961,3.961,0,0,48.0879707,11.2960119,568.0,1.94,0.03,319.04,480879707,112960119,5680,3,194,31904,95694.0,33.58,-0.2,0.83356525,-0.21574629999999997,9.738003449999999,-0.031415926535897934,0.003490658503988659,-0.015707963267948967,85,-22,993,-18,2,-9,-2,3358,1,False,False,False,False,False,False,False,False,5,0,0,0,0.085,-0.022,0.993,0.9968741144196693,-1.8,0.2,-0.9,1,1,0,1,1,0,0x007F,"GPS, IMU, BARO, CORAL, SD, LORA, EPS_ADC",0x0000,NONE,0,0,POWER_ON,0,NONE,0,1,ACCEPTED,9,RX_OK,0,0,1,2,PACKET_OK,9,0,0,11,394,3839,5.857938506141756,seq=394 cloud=5.86% status=0x00,8a 01 ff 0e 00 0b 00
2026-07-28T12:18:36.283014+00:00,1785241116.283014,-61,11.75,False,True,1,8,True,True,True,True,0xDEA8,0xDEA8,305,False,0,2,False,0,0,42868,3160000,14,42868,0,STANDBY,30,False,False,True,True,True,True,True,False,True,True,False,False,False,False,False,False,3961,3.961,0,0,48.0879707,11.2960119,568.0,1.94,0.03,319.04,480879707,112960119,5680,3,194,31904,95691.0,33.59,0.2,0.81395195,-0.0980665,9.6889702,-0.012217304763960306,0.008726646259971648,-0.019198621771937627,83,-10,988,-7,5,-11,2,3359,1,False,False,False,False,False,False,False,False,5,0,0,0,0.083,-0.01,0.988,0.9915306349276355,-0.7,0.5,-1.1,1,1,0,1,1,0,0x007F,"GPS, IMU, BARO, CORAL, SD, LORA, EPS_ADC",0x0000,NONE,0,0,POWER_ON,0,NONE,0,1,ACCEPTED,9,RX_OK,0,0,1,2,PACKET_OK,9,0,0,4,395,7679,11.717402914473181,seq=395 cloud=11.72% status=0x00,8b 01 ff 1d 00 04 00
2026-07-28T12:18:46.586440+00:00,1785241126.58644,-63,12.5,False,True,1,8,True,True,True,True,0x49AD,0x49AD,306,False,0,2,False,0,0,42868,3170000,11,42868,0,STANDBY,30,False,False,True,True,True,True,True,False,True,True,False,False,False,False,False,False,3968,3.968,0,0,48.0879707,11.2960119,568.0,1.94,0.03,319.04,480879707,112960119,5680,3,194,31904,95690.0,33.6,0.3,0.8237586,-0.1569064,9.659550249999999,-0.017453292519943295,0.003490658503988659,-0.017453292519943295,84,-16,985,-10,2,-10,3,3360,1,False,False,False,False,False,False,False,False,5,0,0,0,0.084,-0.016,0.985,0.9887047081914802,-1.0,0.2,-1.0,1,1,0,1,1,0,0x007F,"GPS, IMU, BARO, CORAL, SD, LORA, EPS_ADC",0x0000,NONE,0,0,POWER_ON,0,NONE,0,1,ACCEPTED,9,RX_OK,0,0,1,2,PACKET_OK,9,0,0,15,395,7679,11.717402914473181,seq=395 cloud=11.72% status=0x00,8b 01 ff 1d 00 0f 00
2026-07-28T12:18:56.875287+00:00,1785241136.875287,-60,10.5,False,True,1,8,True,True,True,True,0x9FB1,0x9FB1,307,False,0,2,False,0,0,42868,3180000,55,42868,0,STANDBY,30,False,False,True,True,True,True,True,False,True,True,False,False,False,False,False,False,3964,3.964,0,0,48.0879707,11.2960119,568.0,1.94,0.03,319.04,480879707,112960119,5680,3,194,31904,95692.0,33.62,0.1,0.83356525,-0.24516625,9.80665,-0.03316125578789226,-0.0017453292519943296,-0.017453292519943295,85,-25,1000,-19,-1,-10,1,3362,1,False,False,False,False,False,False,False,False,5,0,0,0,0.085,-0.025,1.0,1.003917327273516,-1.9,-0.1,-1.0,1,1,0,1,1,0,0x007F,"GPS, IMU, BARO, CORAL, SD, LORA, EPS_ADC",0x0000,NONE,0,0,POWER_ON,0,NONE,0,1,ACCEPTED,9,RX_OK,0,0,1,2,PACKET_OK,9,0,0,8,396,767,1.1703669794766156,seq=396 cloud=1.17% status=0x00,8c 01 ff 02 00 08 00
2026-07-28T12:19:07.181191+00:00,1785241147.181191,-62,12.0,False,True,1,8,True,True,True,True,0xA702,0xA702,308,False,0,2,False,0,0,42868,3191000,51,42868,0,STANDBY,30,False,False,True,True,True,True,True,False,True,True,False,False,False,False,False,False,3961,3.961,0,0,48.0879707,11.2960119,568.0,1.94,0.03,319.04,480879707,112960119,5680,3,194,31904,95693.0,33.63,-0.1,0.93163175,-0.1569064,9.747810099999999,-0.017453292519943295,-0.0017453292519943296,-0.019198621771937627,95,-16,994,-10,-1,-11,-1,3363,1,False,False,False,False,False,False,False,False,5,0,0,0,0.095,-0.016,0.994,0.9986575989797504,-1.0,-0.1,-1.1,1,1,0,1,1,0,0x007F,"GPS, IMU, BARO, CORAL, SD, LORA, EPS_ADC",0x0000,NONE,0,0,POWER_ON,0,NONE,0,1,ACCEPTED,9,RX_OK,0,0,1,2,PACKET_OK,9,0,0,1,397,1279,1.9516289005874723,seq=397 cloud=1.95% status=0x00,8d 01 ff 04 00 01 00
2026-07-28T12:19:17.482403+00:00,1785241157.482403,-58,12.0,False,True,1,8,True,True,True,True,0x2D4A,0x2D4A,309,False,0,2,False,0,0,42868,3201000,62,42868,0,STANDBY,30,False,False,True,True,True,True,True,False,True,True,False,False,False,False,False,False,3955,3.955,0,0,48.0879707,11.2960119,568.0,1.94,0.03,319.04,480879707,112960119,5680,3,194,31904,95688.0,33.65,0.3,0.784532,-0.24516625,9.375157399999999,-0.038397243543875255,0.006981317007977318,-0.022689280275926284,80,-25,956,-22,4,-13,3,3365,1,False,False,False,False,False,False,False,False,5,0,0,0,0.08,-0.025,0.956,0.9596671297903248,-2.2,0.4,-1.3,1,1,0,1,1,0,0x007F,"GPS, IMU, BARO, CORAL, SD, LORA, EPS_ADC",0x0000,NONE,0,0,POWER_ON,0,NONE,0,1,ACCEPTED,9,RX_OK,0,0,1,2,PACKET_OK,9,0,0,11,397,1279,1.9516289005874723,seq=397 cloud=1.95% status=0x00,8d 01 ff 04 00 0b 00
2026-07-28T12:19:27.763120+00:00,1785241167.76312,-60,12.0,False,True,1,8,True,True,True,True,0x1CF6,0x1CF6,310,False,0,2,False,0,0,42868,3211000,79,42868,0,STANDBY,30,False,False,True,True,True,True,True,False,True,True,False,False,False,False,False,False,3948,3.948,0,0,48.0879707,11.2960119,568.0,1.94,0.03,319.04,480879707,112960119,5680,3,194,31904,95690.0,33.66,-0.1,1.22583125,-0.9512450499999999,9.5124505,-0.17976891295541594,-0.06806784082777885,-0.022689280275926284,125,-97,970,-103,-39,-13,-1,3366,1,False,False,False,False,False,False,False,False,5,0,0,0,0.125,-0.097,0.97,0.9828194137276695,-10.3,-3.9,-1.3,1,1,0,1,1,0,0x007F,"GPS, IMU, BARO, CORAL, SD, LORA, EPS_ADC",0x0000,NONE,0,0,POWER_ON,0,NONE,0,1,ACCEPTED,9,RX_OK,0,0,1,2,PACKET_OK,9,0,0,4,398,3071,4.686045624475471,seq=398 cloud=4.69% status=0x00,8e 01 ff 0b 00 04 00
2026-07-28T12:19:38.063855+00:00,1785241178.063855,-65,12.0,False,True,1,8,True,True,True,True,0xD276,0xD276,311,False,0,2,False,0,0,42868,3221000,66,42868,0,STANDBY,30,False,False,True,True,True,True,True,False,True,True,False,False,False,False,False,False,3964,3.964,0,0,48.0879707,11.2960119,568.0,1.94,0.03,319.04,480879707,112960119,5680,3,194,31904,95700.0,33.68,-0.7,1.7063570999999997,-4.4326058,8.63965865,-0.029670597283903602,0.008726646259971648,-0.013962634015954637,174,-452,881,-17,5,-8,-7,3368,1,False,False,False,False,False,False,False,False,5,0,0,0,0.174,-0.452,0.881,1.0053561557975361,-1.7,0.5,-0.8,1,1,0,1,1,0,0x007F,"GPS, IMU, BARO, CORAL, SD, LORA, EPS_ADC",0x0000,NONE,0,0,POWER_ON,0,NONE,0,1,ACCEPTED,9,RX_OK,0,0,1,2,PACKET_OK,9,0,0,15,398,3071,4.686045624475471,seq=398 cloud=4.69% status=0x00,8e 01 ff 0b 00 0f 00
2026-07-28T12:19:48.359564+00:00,1785241188.359564,-63,12.5,False,True,1,8,True,True,True,True,0x8C39,0x8C39,312,False,0,2,False,0,0,42868,3232000,32,42868,0,STANDBY,30,False,False,True,True,True,True,True,False,True,True,False,False,False,False,False,False,3955,3.955,0,0,48.0879707,11.2960119,568.0,1.94,0.03,319.04,480879707,112960119,5680,3,194,31904,95689.0,33.69,0.3,1.5298374,-4.609125499999999,8.5317855,-0.019198621771937627,0.003490658503988659,-0.017453292519943295,156,-470,870,-11,2,-10,3,3369,1,False,False,False,False,False,False,False,False,5,0,0,0,0.156,-0.47,0.87,1.0010674302962812,-1.1,0.2,-1.0,1,1,0,1,1,0,0x007F,"GPS, IMU, BARO, CORAL, SD, LORA, EPS_ADC",0x0000,NONE,0,0,POWER_ON,0,NONE,0,1,ACCEPTED,9,RX_OK,0,0,1,2,PACKET_OK,9,0,0,8,399,1023,1.560997940032044,seq=399 cloud=1.56% status=0x00,8f 01 ff 03 00 08 00
2026-07-28T12:19:58.656593+00:00,1785241198.656593,-59,11.75,False,True,1,8,True,True,True,True,0xDBD2,0xDBD2,313,False,0,2,False,0,0,42868,3242000,98,42868,0,STANDBY,30,False,False,True,True,True,True,True,False,True,True,False,False,False,False,False,False,3964,3.964,0,0,48.0879707,11.2960119,568.0,1.94,0.03,319.04,480879707,112960119,5680,3,194,31904,95687.0,33.7,0.5,1.46119085,-4.05014645,8.825985,0.013962634015954637,0.006981317007977318,-0.015707963267948967,149,-413,900,8,4,-9,5,3370,1,False,False,False,False,False,False,False,False,5,0,0,0,0.149,-0.413,0.9,1.0013840422135756,0.8,0.4,-0.9,1,1,0,1,1,0,0x007F,"GPS, IMU, BARO, CORAL, SD, LORA, EPS_ADC",0x0000,NONE,0,0,POWER_ON,0,NONE,0,1,ACCEPTED,9,RX_OK,0,0,1,2,PACKET_OK,9,0,0,1,400,511,0.7797360189211872,seq=400 cloud=0.78% status=0x00,90 01 ff 01 00 01 00
2026-07-28T12:20:08.969715+00:00,1785241208.969715,-62,12.5,False,True,1,8,True,True,True,True,0xCE28,0xCE28,314,False,0,2,False,0,0,42868,3252000,14,42868,0,STANDBY,30,False,False,True,True,True,True,True,False,True,True,False,False,False,False,False,False,3958,3.958,0,0,48.0879707,11.2960119,568.0,1.94,0.03,319.04,480879707,112960119,5680,3,194,31904,95694.0,33.72,-0.1,1.0395048999999998,-2.2947561,9.52225715,-0.020943951023931952,0.003490658503988659,-0.013962634015954637,106,-234,971,-12,2,-8,-1,3372,1,False,False,False,False,False,False,False,False,5,0,0,0,0.106,-0.234,0.971,1.004406790100505,-1.2,0.2,-0.8,1,1,0,1,1,0,0x007F,"GPS, IMU, BARO, CORAL, SD, LORA, EPS_ADC",0x0000,NONE,0,0,POWER_ON,0,NONE,0,1,ACCEPTED,9,RX_OK,0,0,1,2,PACKET_OK,9,0,0,11,400,511,0.7797360189211872,seq=400 cloud=0.78% status=0x00,90 01 ff 01 00 0b 00
2026-07-28T12:20:19.257068+00:00,1785241219.257068,-82,11.75,False,True,1,8,True,True,True,True,0xE17B,0xE17B,315,False,0,2,False,0,0,42868,3263000,56,42868,0,STANDBY,30,False,False,True,True,True,True,True,False,True,True,False,False,False,False,False,False,3952,3.952,0,0,48.0879707,11.2960119,568.0,1.94,0.03,319.04,480879707,112960119,5680,3,194,31904,95692.0,33.73,0.0,0.9218251,-1.9221034,9.5124505,-0.020943951023931952,0.013962634015954637,-0.017453292519943295,94,-196,970,-12,8,-10,0,3373,1,False,False,False,False,False,False,False,False,5,0,0,0,0.094,-0.196,0.97,0.9940583483880612,-1.2,0.8,-1.0,1,1,0,1,1,0,0x007F,"GPS, IMU, BARO, CORAL, SD, LORA, EPS_ADC",0x0000,NONE,0,0,POWER_ON,0,NONE,0,1,ACCEPTED,9,RX_OK,0,0,1,2,PACKET_OK,9,0,0,4,401,767,1.1703669794766156,seq=401 cloud=1.17% status=0x00,91 01 ff 02 00 04 00
2026-07-28T12:20:29.785077+00:00,1785241229.785077,-58,12.0,False,True,1,8,True,True,True,True,0xE7CF,0xE7CF,316,False,0,2,False,0,0,42868,3273000,300,42868,0,STANDBY,30,False,False,True,True,True,True,True,False,True,True,False,False,False,False,False,False,3971,3.971,0,0,48.0879707,11.2960119,568.0,1.94,0.03,319.04,480879707,112960119,5680,3,194,31904,95692.0,33.75,0.0,0.63743225,-1.5984839499999999,9.5124505,-0.006981317007977318,0.010471975511965976,-0.07504915783575616,65,-163,970,-4,6,-43,0,3375,1,False,False,False,False,False,False,False,False,5,0,0,0,0.065,-0.163,0.97,0.9857454032355413,-0.4,0.6,-4.3,1,1,0,1,1,0,0x007F,"GPS, IMU, BARO, CORAL, SD, LORA, EPS_ADC",0x0000,NONE,0,0,POWER_ON,0,NONE,0,1,ACCEPTED,9,RX_OK,0,0,1,2,PACKET_OK,9,0,0,15,401,767,1.1703669794766156,seq=401 cloud=1.17% status=0x00,91 01 ff 02 00 0f 00
2026-07-28T12:20:40.074890+00:00,1785241240.07489,-65,11.5,False,True,1,8,True,True,True,True,0xA321,0xA321,317,False,0,2,False,0,0,42868,3283000,59,42868,0,STANDBY,30,False,False,True,True,True,True,True,False,True,True,False,False,False,False,False,False,3955,3.955,0,0,48.0879707,11.2960119,568.0,1.94,0.03,319.04,480879707,112960119,5680,3,194,31904,95689.0,33.76,0.2,0.50013915,-2.0299765499999998,9.571290399999999,-0.020943951023931952,0.0,-0.019198621771937627,51,-207,976,-12,0,-11,2,3376,1,False,False,False,False,False,False,False,False,5,0,0,0,0.051,-0.207,0.976,0.9990125124341537,-1.2,0.0,-1.1,1,1,0,1,1,0,0x007F,"GPS, IMU, BARO, CORAL, SD, LORA, EPS_ADC",0x0000,NONE,0,0,POWER_ON,0,NONE,0,1,ACCEPTED,9,RX_OK,0,0,1,2,PACKET_OK,9,0,0,8,402,1023,1.560997940032044,seq=402 cloud=1.56% status=0x00,92 01 ff 03 00 08 00
2026-07-28T12:20:50.390093+00:00,1785241250.390093,-61,12.25,False,True,1,8,True,True,True,True,0xE9E2,0xE9E2,318,False,0,2,False,0,0,42868,3294000,66,42868,0,STANDBY,30,False,False,True,True,True,True,True,False,True,True,False,False,False,False,False,False,3958,3.958,0,0,48.0879707,11.2960119,568.0,1.94,0.03,319.04,480879707,112960119,5680,3,194,31904,95688.0,33.77,0.2,0.6864655000000001,-1.9221034,9.44380395,-0.031415926535897934,0.024434609527920613,-0.015707963267948967,70,-196,963,-18,14,-9,2,3377,1,False,False,False,False,False,False,False,False,5,0,0,0,0.07,-0.196,0.963,0.9852334748677594,-1.8,1.4,-0.9,1,1,0,1,1,0,0x007F,"GPS, IMU, BARO, CORAL, SD, LORA, EPS_ADC",0x0000,NONE,0,0,POWER_ON,0,NONE,0,1,ACCEPTED,9,RX_OK,0,0,1,2,PACKET_OK,9,0,0,1,403,1023,1.560997940032044,seq=403 cloud=1.56% status=0x00,93 01 ff 03 00 01 00
2026-07-28T12:21:00.742428+00:00,1785241260.742428,-62,11.75,False,True,1,8,True,True,True,True,0xC458,0xC458,319,False,0,2,False,0,0,42868,3304000,47,42868,0,STANDBY,30,False,False,True,True,True,True,True,False,True,True,False,False,False,False,False,False,3958,3.958,0,0,48.0879707,11.2960119,568.0,1.94,0.03,319.04,480879707,112960119,5680,3,194,31904,95688.0,33.79,0.1,0.7060787999999999,-1.8436502,9.63993695,0.059341194567807204,-0.05235987755982989,-0.029670597283903602,72,-188,983,34,-30,-17,1,3379,1,False,False,False,False,False,False,False,False,5,0,0,0,0.072,-0.188,0.983,1.0034027107796748,3.4,-3.0,-1.7,1,1,0,1,1,0,0x007F,"GPS, IMU, BARO, CORAL, SD, LORA, EPS_ADC",0x0000,NONE,0,0,POWER_ON,0,NONE,0,1,ACCEPTED,9,RX_OK,0,0,1,2,PACKET_OK,9,0,0,11,403,1023,1.560997940032044,seq=403 cloud=1.56% status=0x00,93 01 ff 03 00 0b 00
2026-07-28T12:21:10.972520+00:00,1785241270.97252,-61,12.0,False,True,1,8,True,True,True,True,0x720F,0x720F,320,False,0,2,False,0,0,42868,3314000,33,42868,0,STANDBY,30,False,False,True,True,True,True,True,False,True,True,False,False,False,False,False,False,3961,3.961,0,0,48.0879707,11.2960119,568.0,1.94,0.03,319.04,480879707,112960119,5680,3,194,31904,95690.0,33.8,-0.1,0.7158854499999999,-1.9221034,9.60071035,-0.017453292519943295,0.0017453292519943296,-0.019198621771937627,73,-196,979,-10,1,-11,-1,3380,1,False,False,False,False,False,False,False,False,5,0,0,0,0.073,-0.196,0.979,1.001092403327485,-1.0,0.1,-1.1,1,1,0,1,1,0,0x007F,"GPS, IMU, BARO, CORAL, SD, LORA, EPS_ADC",0x0000,NONE,0,0,POWER_ON,0,NONE,0,1,ACCEPTED,9,RX_OK,0,0,1,2,PACKET_OK,9,0,0,4,404,1279,1.9516289005874723,seq=404 cloud=1.95% status=0x00,94 01 ff 04 00 04 00
2026-07-28T12:21:21.265373+00:00,1785241281.265373,-80,11.25,False,True,1,8,True,True,True,True,0xE01D,0xE01D,321,False,0,2,False,0,0,42868,3325000,28,42868,0,STANDBY,30,False,False,True,True,True,True,True,False,True,True,False,False,False,False,False,False,3968,3.968,0,0,48.0879707,11.2960119,568.0,1.94,0.03,319.04,480879707,112960119,5680,3,194,31904,95693.0,33.82,-0.3,0.784532,-1.93191005,9.561483749999999,-0.015707963267948967,0.0,-0.019198621771937627,80,-197,975,-9,0,-11,-3,3382,1,False,False,False,False,False,False,False,False,5,0,0,0,0.08,-0.197,0.975,0.9979148260247465,-0.9,0.0,-1.1,1,1,0,1,1,0,0x007F,"GPS, IMU, BARO, CORAL, SD, LORA, EPS_ADC",0x0000,NONE,0,0,POWER_ON,0,NONE,0,1,ACCEPTED,9,RX_OK,0,0,1,2,PACKET_OK,9,0,0,15,404,1279,1.9516289005874723,seq=404 cloud=1.95% status=0x00,94 01 ff 04 00 0f 00
2026-07-28T12:21:31.809934+00:00,1785241291.809934,-71,12.0,False,True,1,8,True,True,True,True,0x26E7,0x26E7,322,False,0,2,False,0,0,42868,3335000,494,42868,0,STANDBY,30,False,False,True,True,True,True,True,False,True,True,False,False,False,False,False,False,3968,3.968,0,0,48.0879707,11.2960119,568.0,1.94,0.03,319.04,480879707,112960119,5680,3,194,31904,95689.0,33.83,0.0,0.7943386499999999,-1.9024900999999999,9.561483749999999,-0.024434609527920613,-0.006981317007977318,-0.017453292519943295,81,-194,975,-14,-4,-10,0,3383,1,False,False,False,False,False,False,False,False,5,0,0,0,0.081,-0.194,0.975,0.9974076398343859,-1.4,-0.4,-1.0,1,1,0,1,1,0,0x007F,"GPS, IMU, BARO, CORAL, SD, LORA, EPS_ADC",0x0000,NONE,0,0,POWER_ON,0,NONE,0,1,ACCEPTED,9,RX_OK,0,0,1,2,PACKET_OK,9,0,0,8,405,255,0.38910505836575876,seq=405 cloud=0.39% status=0x00,95 01 ff 00 00 08 00
2026-07-28T12:21:42.109016+00:00,1785241302.109016,-62,12.25,False,True,1,8,True,True,True,True,0xD4BE,0xD4BE,323,False,0,2,False,0,0,42868,3345000,39,42868,0,STANDBY,30,False,False,True,True,True,True,True,False,True,True,False,False,False,False,False,False,3952,3.952,0,0,48.0879707,11.2960119,568.0,1.94,0.03,319.04,480879707,112960119,5680,3,194,31904,95695.0,33.85,-0.4,0.784532,-1.9024900999999999,9.590903699999998,-0.019198621771937627,0.005235987755982988,-0.019198621771937627,80,-194,978,-11,3,-11,-4,3385,1,False,False,False,False,False,False,False,False,5,0,0,0,0.08,-0.194,0.978,1.0002599662087852,-1.1,0.3,-1.1,1,1,0,1,1,0,0x007F,"GPS, IMU, BARO, CORAL, SD, LORA, EPS_ADC",0x0000,NONE,0,0,POWER_ON,0,NONE,0,1,ACCEPTED,9,RX_OK,0,0,1,2,PACKET_OK,9,0,0,1,406,767,1.1703669794766156,seq=406 cloud=1.17% status=0x00,96 01 ff 02 00 01 00
2026-07-28T12:21:52.384705+00:00,1785241312.384705,-62,12.0,False,True,1,8,True,True,True,True,0xF779,0xF779,324,False,0,2,False,0,0,42868,3356000,98,42868,0,STANDBY,30,False,False,True,True,True,True,True,False,True,True,False,False,False,False,False,False,3939,3.939,0,0,48.0879707,11.2960119,568.0,1.94,0.03,319.04,480879707,112960119,5680,3,194,31904,95691.0,33.86,-0.1,0.784532,-1.9024900999999999,9.561483749999999,-0.020943951023931952,0.0017453292519943296,-0.019198621771937627,80,-194,975,-12,1,-11,-1,3386,1,False,False,False,False,False,False,False,False,5,0,0,0,0.08,-0.194,0.975,0.9973269273412806,-1.2,0.1,-1.1,1,1,0,1,1,0,0x007F,"GPS, IMU, BARO, CORAL, SD, LORA, EPS_ADC",0x0000,NONE,0,0,POWER_ON,0,NONE,0,1,ACCEPTED,9,RX_OK,0,0,1,2,PACKET_OK,9,0,0,12,406,767,1.1703669794766156,seq=406 cloud=1.17% status=0x00,96 01 ff 02 00 0c 00
2026-07-28T12:22:02.901903+00:00,1785241322.901903,-60,11.0,False,True,1,8,True,True,True,True,0xBE0C,0xBE0C,325,False,0,2,False,0,0,42868,3366000,35,42868,0,STANDBY,30,False,False,True,True,True,True,True,False,True,True,False,False,False,False,False,False,3958,3.958,0,0,48.0879707,11.2960119,568.0,1.94,0.03,319.04,480879707,112960119,5680,3,194,31904,95686.0,33.87,0.3,0.77472535,-1.9417167,9.54187045,-0.019198621771937627,0.005235987755982988,-0.019198621771937627,79,-198,973,-11,3,-11,3,3387,1,False,False,False,False,False,False,False,False,5,0,0,0,0.079,-0.198,0.973,0.9960793141110802,-1.1,0.3,-1.1,1,1,0,1,1,0,0x007F,"GPS, IMU, BARO, CORAL, SD, LORA, EPS_ADC",0x0000,NONE,0,0,POWER_ON,0,NONE,0,1,ACCEPTED,9,RX_OK,0,0,1,2,PACKET_OK,9,0,0,5,407,511,0.7797360189211872,seq=407 cloud=0.78% status=0x00,97 01 ff 01 00 05 00
2026-07-28T12:22:13.392770+00:00,1785241333.39277,-57,11.75,False,True,1,8,True,True,True,True,0x2986,0x2986,326,False,0,2,False,0,0,42868,3377000,43,42868,0,STANDBY,30,False,False,True,True,True,True,True,False,True,True,False,False,False,False,False,False,3929,3.929,0,0,48.0879707,11.2960119,568.0,1.94,0.03,319.04,480879707,112960119,5680,3,194,31904,95693.0,33.89,-0.4,0.7060787999999999,-1.97113665,9.54187045,-0.059341194567807204,0.008726646259971648,-0.020943951023931952,72,-201,973,-34,5,-12,-4,3389,1,False,False,False,False,False,False,False,False,5,0,0,0,0.072,-0.201,0.973,0.9961495871604826,-3.4,0.5,-1.2,1,1,0,1,1,0,0x007F,"GPS, IMU, BARO, CORAL, SD, LORA, EPS_ADC",0x0000,NONE,0,0,POWER_ON,0,NONE,0,1,ACCEPTED,9,RX_OK,0,0,1,2,PACKET_OK,9,0,0,15,407,511,0.7797360189211872,seq=407 cloud=0.78% status=0x00,97 01 ff 01 00 0f 00
2026-07-28T12:22:24.048610+00:00,1785241344.04861,-60,11.5,False,True,1,8,True,True,True,True,0xFEE7,0xFEE7,327,False,0,2,False,0,0,42868,3387000,69,42868,0,STANDBY,30,False,False,True,True,True,True,True,False,True,True,False,False,False,False,False,False,3955,3.955,0,0,48.0879707,11.2960119,568.0,1.94,0.03,319.04,480879707,112960119,5680,3,194,31904,95688.0,33.9,0.0,0.7551120499999999,-1.7848102999999997,9.502643849999998,-0.048869219055841226,0.006981317007977318,-0.04014257279586958,77,-182,969,-28,4,-23,0,3390,1,False,False,False,False,False,False,False,False,5,0,0,0,0.077,-0.182,0.969,0.9889459034750081,-2.8,0.4,-2.3,1,1,0,1,1,0,0x007F,"GPS, IMU, BARO, CORAL, SD, LORA, EPS_ADC",0x0000,NONE,0,0,POWER_ON,0,NONE,0,1,ACCEPTED,9,RX_OK,0,0,1,2,PACKET_OK,9,0,0,9,408,1279,1.9516289005874723,seq=408 cloud=1.95% status=0x00,98 01 ff 04 00 09 00
2026-07-28T12:22:34.555761+00:00,1785241354.555761,-64,10.0,False,True,1,8,True,True,True,True,0xFABC,0xFABC,328,False,0,2,False,0,0,42868,3398000,29,42868,0,STANDBY,30,False,False,True,True,True,True,True,False,True,True,False,False,False,False,False,False,3955,3.955,0,0,48.0879707,11.2960119,568.0,1.94,0.03,319.04,480879707,112960119,5680,3,194,31904,95685.0,33.92,0.1,0.6668522,-1.6279039,9.502643849999998,-0.09773843811168245,0.020943951023931952,-0.06806784082777885,68,-166,969,-56,12,-39,1,3392,1,False,False,False,False,False,False,False,False,5,0,0,0,0.068,-0.166,0.969,0.9854648649241635,-5.6,1.2,-3.9,1,1,0,1,1,0,0x007F,"GPS, IMU, BARO, CORAL, SD, LORA, EPS_ADC",0x0000,NONE,0,0,POWER_ON,0,NONE,0,1,ACCEPTED,9,RX_OK,0,0,1,2,PACKET_OK,9,0,1,19,408,1279,1.9516289005874723,seq=408 cloud=1.95% status=0x01,98 01 ff 04 01 13 00
2026-07-28T12:22:44.852426+00:00,1785241364.852426,-66,9.5,False,True,1,8,True,True,True,True,0xA286,0xA286,329,False,0,2,False,0,0,42868,3408000,56,42868,0,STANDBY,14,False,False,True,True,True,True,False,False,True,True,False,False,False,False,False,False,3964,3.964,0,0,48.0879707,11.2960119,568.0,1.94,0.03,319.04,480879707,112960119,5680,3,194,31904,95690.0,33.93,-0.3,0.57859235,-1.96133,9.571290399999999,0.008726646259971648,0.024434609527920613,0.0,59,-200,976,5,14,0,-3,3393,1,False,False,False,False,False,False,False,False,5,0,0,0,0.059,-0.2,0.976,0.9980265527529816,0.5,1.4,0.0,1,1,0,1,0,0,0x007F,"GPS, IMU, BARO, CORAL, SD, LORA, EPS_ADC",0x0008,CORAL,0,0,POWER_ON,0,NONE,0,1,ACCEPTED,9,RX_OK,0,0,1,2,PACKET_OK,9,0,1,30,408,1279,1.9516289005874723,seq=408 cloud=1.95% status=0x01,98 01 ff 04 01 1e 00
2026-07-28T12:22:55.166035+00:00,1785241375.166035,-62,12.5,False,True,1,8,True,True,True,True,0xC97B,0xC97B,330,False,0,2,False,0,0,42868,3418000,85,42868,0,STANDBY,30,False,False,True,True,True,True,True,False,True,True,False,False,False,False,False,False,3955,3.955,0,0,48.0879707,11.2960119,568.0,1.94,0.03,319.04,480879707,112960119,5680,3,194,31904,95687.0,33.94,0.0,0.8727918499999999,-1.2356379,9.63993695,-0.005235987755982988,0.010471975511965976,-0.010471975511965976,89,-126,983,-3,6,-6,0,3394,1,False,False,False,False,False,False,False,False,5,0,0,0,0.089,-0.126,0.983,0.9950306527941739,-0.3,0.6,-0.6,1,1,0,1,1,0,0x007F,"GPS, IMU, BARO, CORAL, SD, LORA, EPS_ADC",0x0000,NONE,0,0,POWER_ON,0,NONE,0,1,ACCEPTED,9,RX_OK,0,0,1,2,PACKET_OK,9,0,0,5,410,3583,5.467307545586328,seq=410 cloud=5.47% status=0x00,9a 01 ff 0d 00 05 00
2026-07-28T12:23:05.459175+00:00,1785241385.459175,-68,12.5,False,True,1,8,True,True,True,True,0x2519,0x2519,331,False,0,2,False,0,0,42868,3429000,43,42868,0,STANDBY,30,False,False,True,True,True,True,True,False,True,True,False,False,False,False,False,False,3968,3.968,0,0,48.0879707,11.2960119,568.0,1.94,0.03,319.04,480879707,112960119,5680,3,194,31904,95685.0,33.95,0.1,0.9120184499999999,-1.3140911,9.610517,-0.08377580409572781,0.012217304763960306,0.008726646259971648,93,-134,980,-48,7,5,1,3395,1,False,False,False,False,False,False,False,False,5,0,0,0,0.093,-0.134,0.98,0.99348125296857,-4.8,0.7,0.5,1,1,0,1,1,0,0x007F,"GPS, IMU, BARO, CORAL, SD, LORA, EPS_ADC",0x0000,NONE,0,0,POWER_ON,0,NONE,0,1,ACCEPTED,9,RX_OK,0,0,1,2,PACKET_OK,9,0,0,16,410,3583,5.467307545586328,seq=410 cloud=5.47% status=0x00,9a 01 ff 0d 00 10 00
2026-07-28T12:23:15.744080+00:00,1785241395.74408,-62,11.75,False,True,1,8,True,True,True,True,0x78D1,0x78D1,332,False,0,2,False,0,0,42868,3439000,61,42868,0,STANDBY,30,False,False,True,True,True,True,True,False,True,True,False,False,False,False,False,False,3961,3.961,0,0,48.0879707,11.2960119,568.0,1.94,0.03,319.04,480879707,112960119,5680,3,194,31904,95687.0,33.97,-0.1,2.2163029,-0.34323275000000003,9.394770699999999,-0.4468042885105484,0.10821041362364843,0.17627825445142728,226,-35,958,-256,62,101,-1,3397,1,False,False,False,False,False,False,False,False,5,0,0,0,0.226,-0.035,0.958,0.9849187783771817,-25.6,6.2,10.1,1,1,0,1,1,0,0x007F,"GPS, IMU, BARO, CORAL, SD, LORA, EPS_ADC",0x0000,NONE,0,0,POWER_ON,0,NONE,0,1,ACCEPTED,9,RX_OK,0,0,1,2,PACKET_OK,9,0,0,9,411,255,0.38910505836575876,seq=411 cloud=0.39% status=0x00,9b 01 ff 00 00 09 00
2026-07-28T12:23:26.058721+00:00,1785241406.058721,-61,11.0,False,True,1,8,True,True,True,True,0xF80E,0xF80E,333,False,0,2,False,0,0,42868,3449000,73,42868,0,STANDBY,30,False,False,True,True,True,True,True,False,True,True,False,False,False,False,False,False,3961,3.961,0,0,48.0879707,11.2960119,568.0,1.94,0.03,319.04,480879707,112960119,5680,3,194,31904,95687.0,33.98,-0.1,0.8727918499999999,-1.53964405,9.571290399999999,-0.022689280275926284,0.003490658503988659,-0.017453292519943295,89,-157,976,-13,2,-10,-1,3398,1,False,False,False,False,False,False,False,False,5,0,0,0,0.089,-0.157,0.976,0.9925452130759586,-1.3,0.2,-1.0,1,1,0,1,1,0,0x007F,"GPS, IMU, BARO, CORAL, SD, LORA, EPS_ADC",0x0000,NONE,0,0,POWER_ON,0,NONE,0,1,ACCEPTED,9,RX_OK,0,0,1,2,PACKET_OK,9,0,0,2,412,1279,1.9516289005874723,seq=412 cloud=1.95% status=0x00,9c 01 ff 04 00 02 00
2026-07-28T12:23:36.352847+00:00,1785241416.352847,-62,12.0,False,True,1,8,True,True,True,True,0x364D,0x364D,334,False,0,2,False,0,0,42868,3460000,58,42868,0,STANDBY,30,False,False,True,True,True,True,True,False,True,True,False,False,False,False,False,False,3964,3.964,0,0,48.0879707,11.2960119,568.0,1.94,0.03,319.04,480879707,112960119,5680,3,194,31904,95687.0,34.0,-0.1,0.83356525,-1.5494507,9.649743599999999,-0.012217304763960306,0.003490658503988659,-0.019198621771937627,85,-158,984,-7,2,-11,-1,3400,1,False,False,False,False,False,False,False,False,5,0,0,0,0.085,-0.158,0.984,1.000222475252381,-0.7,0.2,-1.1,1,1,0,1,1,0,0x007F,"GPS, IMU, BARO, CORAL, SD, LORA, EPS_ADC",0x0000,NONE,0,0,POWER_ON,0,NONE,0,1,ACCEPTED,9,RX_OK,0,0,1,2,PACKET_OK,9,0,0,12,412,1279,1.9516289005874723,seq=412 cloud=1.95% status=0x00,9c 01 ff 04 00 0c 00
2026-07-28T12:23:46.661244+00:00,1785241426.661244,-60,11.75,False,True,1,8,True,True,True,True,0x4008,0x4008,335,False,0,2,False,0,0,42868,3470000,36,42868,0,STANDBY,30,False,False,True,True,True,True,True,False,True,True,False,False,False,False,False,False,3955,3.955,0,0,48.0879707,11.2960119,568.0,1.94,0.03,319.04,480879707,112960119,5680,3,194,31904,95684.0,34.01,0.2,0.83356525,-1.5886772999999998,9.669356899999999,-0.019198621771937627,0.0,-0.019198621771937627,85,-162,986,-11,0,-11,2,3401,1,False,False,False,False,False,False,False,False,5,0,0,0,0.085,-0.162,0.986,1.0028284997944563,-1.1,0.0,-1.1,1,1,0,1,1,0,0x007F,"GPS, IMU, BARO, CORAL, SD, LORA, EPS_ADC",0x0000,NONE,0,0,POWER_ON,0,NONE,0,1,ACCEPTED,9,RX_OK,0,0,1,2,PACKET_OK,9,0,0,5,413,511,0.7797360189211872,seq=413 cloud=0.78% status=0x00,9d 01 ff 01 00 05 00
2026-07-28T12:23:56.976630+00:00,1785241436.97663,-66,12.25,False,True,1,8,True,True,True,True,0x3058,0x3058,336,False,0,2,False,0,0,42868,3480000,13,42868,0,STANDBY,30,False,False,True,True,True,True,True,False,True,True,False,False,False,False,False,False,3968,3.968,0,0,48.0879707,11.2960119,568.0,1.94,0.03,319.04,480879707,112960119,5680,3,194,31904,95688.0,34.03,-0.1,0.9120184499999999,-1.5886772999999998,9.610517,-0.019198621771937627,0.003490658503988659,-0.017453292519943295,93,-162,980,-11,2,-10,-1,3403,1,False,False,False,False,False,False,False,False,5,0,0,0,0.093,-0.162,0.98,0.9976437239816627,-1.1,0.2,-1.0,1,1,0,1,1,0,0x007F,"GPS, IMU, BARO, CORAL, SD, LORA, EPS_ADC",0x0000,NONE,0,0,POWER_ON,0,NONE,0,1,ACCEPTED,9,RX_OK,0,0,1,2,PACKET_OK,9,0,0,16,413,511,0.7797360189211872,seq=413 cloud=0.78% status=0x00,9d 01 ff 01 00 10 00
2026-07-28T12:24:07.269980+00:00,1785241447.26998,-66,7.5,False,True,1,8,True,True,True,True,0x45CC,0x45CC,337,False,0,2,False,0,0,42868,3490000,93,42868,0,STANDBY,30,False,False,True,True,True,True,True,False,True,True,False,False,False,False,False,False,3942,3.942,0,0,48.0879707,11.2960119,568.0,1.94,0.03,319.04,480879707,112960119,5680,3,194,31904,95685.0,34.04,0.1,0.9120184499999999,-1.6279039,9.610517,-0.026179938779914945,0.003490658503988659,-0.017453292519943295,93,-166,980,-15,2,-10,1,3404,1,False,False,False,False,False,False,False,False,5,0,0,0,0.093,-0.166,0.98,0.9983010567959948,-1.5,0.2,-1.0,1,1,0,1,1,0,0x007F,"GPS, IMU, BARO, CORAL, SD, LORA, EPS_ADC",0x0000,NONE,0,0,POWER_ON,0,NONE,0,1,ACCEPTED,9,RX_OK,0,0,1,2,PACKET_OK,9,0,0,9,414,511,0.7797360189211872,seq=414 cloud=0.78% status=0x00,9e 01 ff 01 00 09 00
2026-07-28T12:24:17.562499+00:00,1785241457.562499,-62,11.75,False,True,1,8,True,True,True,True,0x1EB1,0x1EB1,338,False,0,2,False,0,0,42868,3501000,55,42868,0,STANDBY,30,False,False,True,True,True,True,True,False,True,True,False,False,False,False,False,False,3958,3.958,0,0,48.0879707,11.2960119,568.0,1.94,0.03,319.04,480879707,112960119,5680,3,194,31904,95692.0,34.05,-0.4,0.8924051499999999,-1.57887065,9.54187045,-0.019198621771937627,0.0,-0.019198621771937627,91,-161,973,-11,0,-11,-4,3405,1,False,False,False,False,False,False,False,False,5,0,0,0,0.091,-0.161,0.973,0.9904196080449942,-1.1,0.0,-1.1,1,1,0,1,1,0,0x007F,"GPS, IMU, BARO, CORAL, SD, LORA, EPS_ADC",0x0000,NONE,0,0,POWER_ON,0,NONE,0,1,ACCEPTED,9,RX_OK,0,0,1,2,PACKET_OK,9,0,0,2,415,255,0.38910505836575876,seq=415 cloud=0.39% status=0x00,9f 01 ff 00 00 02 00
2026-07-28T12:24:27.858472+00:00,1785241467.858472,-63,12.25,False,True,1,8,True,True,True,True,0x3B41,0x3B41,339,False,0,2,False,0,0,42868,3511000,51,42868,0,STANDBY,30,False,False,True,True,True,True,True,False,True,True,False,False,False,False,False,False,3939,3.939,0,0,48.0879707,11.2960119,568.0,1.94,0.03,319.04,480879707,112960119,5680,3,194,31904,95687.0,34.07,0.2,0.83356525,-1.63771055,9.590903699999998,-0.019198621771937627,0.0017453292519943296,-0.017453292519943295,85,-167,978,-11,1,-10,2,3407,1,False,False,False,False,False,False,False,False,5,0,0,0,0.085,-0.167,0.978,0.9957901385332152,-1.1,0.1,-1.0,1,1,0,1,1,0,0x007F,"GPS, IMU, BARO, CORAL, SD, LORA, EPS_ADC",0x0000,NONE,0,0,POWER_ON,0,NONE,0,1,ACCEPTED,9,RX_OK,0,0,1,2,PACKET_OK,9,0,0,12,415,255,0.38910505836575876,seq=415 cloud=0.39% status=0x00,9f 01 ff 00 00 0c 00
2026-07-28T12:24:38.146241+00:00,1785241478.146241,-62,12.25,False,True,1,8,True,True,True,True,0x19C7,0x19C7,340,False,0,2,False,0,0,42868,3521000,19,42868,0,STANDBY,14,False,False,True,True,True,True,False,False,True,True,False,False,False,False,False,False,3958,3.958,0,0,48.0879707,11.2960119,568.0,1.94,0.03,319.04,480879707,112960119,5680,3,194,31904,95689.0,34.08,0.3,0.9120184499999999,-1.5494507,9.561483749999999,-0.015707963267948967,0.003490658503988659,-0.017453292519943295,93,-158,975,-9,2,-10,3,3408,1,False,False,False,False,False,False,False,False,5,0,0,0,0.093,-0.158,0.975,0.992087697736445,-0.9,0.2,-1.0,1,1,0,1,0,0,0x007F,"GPS, IMU, BARO, CORAL, SD, LORA, EPS_ADC",0x0000,NONE,0,0,POWER_ON,0,NONE,0,1,ACCEPTED,9,RX_OK,0,0,1,2,PACKET_OK,9,0,1,22,415,255,0.38910505836575876,seq=415 cloud=0.39% status=0x01,9f 01 ff 00 01 16 00
2026-07-28T12:24:48.681539+00:00,1785241488.681539,-61,12.25,False,True,1,8,True,True,True,True,0x1FC9,0x1FC9,341,False,0,2,False,0,0,42868,3532000,66,42868,0,STANDBY,14,False,False,True,True,True,True,False,False,True,True,False,False,False,False,False,False,3958,3.958,0,0,48.0879707,11.2960119,568.0,1.94,0.03,319.04,480879707,112960119,5680,3,194,31904,95693.0,34.1,-0.1,0.8825985,-1.6082906,9.60071035,-0.015707963267948967,0.003490658503988659,-0.020943951023931952,90,-164,979,-9,2,-12,-1,3410,1,False,False,False,False,False,False,False,False,5,0,0,0,0.09,-0.164,0.979,0.9967130981380751,-0.9,0.2,-1.2,1,1,0,1,0,0,0x007F,"GPS, IMU, BARO, CORAL, SD, LORA, EPS_ADC",0x0008,CORAL,0,0,POWER_ON,0,NONE,0,1,ACCEPTED,9,RX_OK,0,0,1,2,PACKET_OK,9,0,1,33,415,255,0.38910505836575876,seq=415 cloud=0.39% status=0x01,9f 01 ff 00 01 21 00
2026-07-28T12:24:59.314543+00:00,1785241499.314543,-65,11.75,False,True,1,8,True,True,True,True,0x848F,0x848F,342,False,0,2,False,0,0,42868,3542000,47,42868,0,STANDBY,30,False,False,True,True,True,True,True,False,True,True,False,False,False,False,False,False,3968,3.968,0,0,48.0879707,11.2960119,568.0,1.94,0.03,319.04,480879707,112960119,5680,3,194,31904,95691.0,34.11,0.0,0.9512450499999999,-1.57887065,9.62032365,-0.020943951023931952,-0.0017453292519943296,-0.020943951023931952,97,-161,981,-12,-1,-12,0,3411,1,False,False,False,False,False,False,False,False,5,0,0,0,0.097,-0.161,0.981,0.9988448327943635,-1.2,-0.1,-1.2,1,1,0,1,1,0,0x007F,"GPS, IMU, BARO, CORAL, SD, LORA, EPS_ADC",0x0000,NONE,0,0,POWER_ON,0,NONE,0,1,ACCEPTED,9,RX_OK,0,0,1,2,PACKET_OK,9,0,0,9,417,3583,5.467307545586328,seq=417 cloud=5.47% status=0x00,a1 01 ff 0d 00 09 00
2026-07-28T12:25:09.774620+00:00,1785241509.77462,-59,12.0,False,True,1,8,True,True,True,True,0x81F4,0x81F4,343,False,0,2,False,0,0,42868,3553000,45,42868,0,STANDBY,30,False,False,True,True,True,True,True,False,True,True,False,False,False,False,False,False,3952,3.952,0,0,48.0879707,11.2960119,568.0,1.94,0.03,319.04,480879707,112960119,5680,3,194,31904,95691.0,34.12,-0.1,0.9022117999999999,-1.5886772999999998,9.610517,-0.020943951023931952,0.0017453292519943296,-0.015707963267948967,92,-162,980,-12,1,-9,-1,3412,1,False,False,False,False,False,False,False,False,5,0,0,0,0.092,-0.162,0.98,0.9975510012024448,-1.2,0.1,-0.9,1,1,0,1,1,0,0x007F,"GPS, IMU, BARO, CORAL, SD, LORA, EPS_ADC",0x0000,NONE,0,0,POWER_ON,0,NONE,0,1,ACCEPTED,9,RX_OK,0,0,1,2,PACKET_OK,9,0,0,2,418,1023,1.560997940032044,seq=418 cloud=1.56% status=0x00,a2 01 ff 03 00 02 00
2026-07-28T12:25:20.069678+00:00,1785241520.069678,-58,12.0,False,True,1,8,True,True,True,True,0xF5D0,0xF5D0,344,False,0,2,False,0,0,42868,3563000,44,42868,0,STANDBY,30,False,False,True,True,True,True,True,False,True,True,False,False,False,False,False,False,3945,3.945,0,0,48.0879707,11.2960119,568.0,1.94,0.03,319.04,480879707,112960119,5680,3,194,31904,95684.0,34.13,0.3,0.9218251,-1.6279039,9.67916355,-0.022689280275926284,0.0017453292519943296,-0.019198621771937627,94,-166,987,-13,1,-11,3,3413,1,False,False,False,False,False,False,False,False,5,0,0,0,0.094,-0.166,0.987,1.0052666312973888,-1.3,0.1,-1.1,1,1,0,1,1,0,0x007F,"GPS, IMU, BARO, CORAL, SD, LORA, EPS_ADC",0x0000,NONE,0,0,POWER_ON,0,NONE,0,1,ACCEPTED,9,RX_OK,0,0,1,2,PACKET_OK,9,0,0,12,418,1023,1.560997940032044,seq=418 cloud=1.56% status=0x00,a2 01 ff 03 00 0c 00
2026-07-28T12:25:30.354301+00:00,1785241530.354301,-59,12.25,False,True,1,8,True,True,True,True,0xEAC9,0xEAC9,345,False,0,2,False,0,0,42868,3573000,9,42868,0,STANDBY,30,False,False,True,True,True,True,True,False,True,True,False,False,False,False,False,False,3958,3.958,0,0,48.0879707,11.2960119,568.0,1.94,0.03,319.04,480879707,112960119,5680,3,194,31904,95686.0,34.15,0.0,0.8531785499999999,-1.6082906,9.62032365,-0.020943951023931952,0.005235987755982988,-0.019198621771937627,87,-164,981,-12,3,-11,0,3415,1,False,False,False,False,False,False,False,False,5,0,0,0,0.087,-0.164,0.981,0.9984117387130421,-1.2,0.3,-1.1,1,1,0,1,1,0,0x007F,"GPS, IMU, BARO, CORAL, SD, LORA, EPS_ADC",0x0000,NONE,0,0,POWER_ON,0,NONE,0,1,ACCEPTED,9,RX_OK,0,0,1,2,PACKET_OK,9,0,0,5,419,1279,1.9516289005874723,seq=419 cloud=1.95% status=0x00,a3 01 ff 04 00 05 00
2026-07-28T12:25:40.659461+00:00,1785241540.659461,-61,12.25,False,True,1,8,True,True,True,True,0x69C8,0x69C8,346,False,0,2,False,0,0,42868,3584000,54,42868,0,STANDBY,30,False,False,True,True,True,True,True,False,True,True,False,False,False,False,False,False,3955,3.955,0,0,48.0879707,11.2960119,568.0,1.94,0.03,319.04,480879707,112960119,5680,3,194,31904,95686.0,34.16,0.0,0.8825985,-1.569064,9.60071035,-0.019198621771937627,0.0017453292519943296,-0.019198621771937627,90,-160,979,-11,1,-11,0,3416,1,False,False,False,False,False,False,False,False,5,0,0,0,0.09,-0.16,0.979,0.9960627490273893,-1.1,0.1,-1.1,1,1,0,1,1,0,0x007F,"GPS, IMU, BARO, CORAL, SD, LORA, EPS_ADC",0x0000,NONE,0,0,POWER_ON,0,NONE,0,1,ACCEPTED,9,RX_OK,0,0,1,2,PACKET_OK,9,0,0,16,419,1279,1.9516289005874723,seq=419 cloud=1.95% status=0x00,a3 01 ff 04 00 10 00
2026-07-28T12:25:50.966710+00:00,1785241550.96671,-73,13.75,False,True,1,8,True,True,True,True,0xD06E,0xD06E,347,False,0,2,False,0,0,42868,3594000,31,42868,0,STANDBY,30,False,False,True,True,True,True,True,False,True,True,False,False,False,False,False,False,3939,3.939,0,0,48.0879707,11.2960119,568.0,1.94,0.03,319.04,480879707,112960119,5680,3,194,31904,95682.0,34.17,0.3,0.9120184499999999,-1.7946169499999998,9.60071035,-0.008726646259971648,-0.07853981633974483,-0.059341194567807204,93,-183,979,-5,-45,-34,3,3417,1,False,False,False,False,False,False,False,False,5,0,0,0,0.093,-0.183,0.979,1.000289458107002,-0.5,-4.5,-3.4,1,1,0,1,1,0,0x007F,"GPS, IMU, BARO, CORAL, SD, LORA, EPS_ADC",0x0000,NONE,0,0,POWER_ON,0,NONE,0,1,ACCEPTED,9,RX_OK,0,0,1,2,PACKET_OK,9,0,0,9,420,255,0.38910505836575876,seq=420 cloud=0.39% status=0x00,a4 01 ff 00 00 09 00
2026-07-28T12:26:01.268414+00:00,1785241561.268414,-68,12.25,False,True,1,8,True,True,True,True,0xCC40,0xCC40,348,False,0,2,False,0,0,42868,3604000,61,42868,0,STANDBY,30,False,False,True,True,True,True,True,False,True,True,False,False,False,False,False,False,3952,3.952,0,0,48.0879707,11.2960119,568.0,1.94,0.03,319.04,480879707,112960119,5680,3,194,31904,95683.0,34.19,0.2,0.8924051499999999,-1.765197,9.77723005,-0.012217304763960306,0.024434609527920613,-0.061086523819801536,91,-180,997,-7,14,-35,2,3419,1,False,False,False,False,False,False,False,False,5,0,0,0,0.091,-0.18,0.997,1.0171971293707036,-0.7,1.4,-3.5,1,1,0,1,1,0,0x007F,"GPS, IMU, BARO, CORAL, SD, LORA, EPS_ADC",0x0000,NONE,0,0,POWER_ON,0,NONE,0,1,ACCEPTED,9,RX_OK,0,0,1,2,PACKET_OK,9,0,0,2,421,767,1.1703669794766156,seq=421 cloud=1.17% status=0x00,a5 01 ff 02 00 02 00
2026-07-28T12:26:11.559040+00:00,1785241571.55904,-66,11.0,False,True,1,8,True,True,True,True,0x4E7A,0x4E7A,349,False,0,2,False,0,0,42868,3615000,34,42868,0,STANDBY,30,False,False,True,True,True,True,True,False,True,True,False,False,False,False,False,False,3955,3.955,0,0,48.0879707,11.2960119,568.0,1.94,0.03,319.04,480879707,112960119,5680,3,194,31904,95680.0,34.2,0.4,0.5687857,-1.3925442999999997,10.0420096,-0.019198621771937627,0.020943951023931952,-0.11519173063162574,58,-142,1024,-11,12,-66,4,3420,1,False,False,False,False,False,False,False,False,5,0,0,0,0.058,-0.142,1.024,1.0354245506071411,-1.1,1.2,-6.6,1,1,0,1,1,0,0x007F,"GPS, IMU, BARO, CORAL, SD, LORA, EPS_ADC",0x0000,NONE,0,0,POWER_ON,0,NONE,0,1,ACCEPTED,9,RX_OK,0,0,1,2,PACKET_OK,9,0,0,12,421,767,1.1703669794766156,seq=421 cloud=1.17% status=0x00,a5 01 ff 02 00 0c 00
2026-07-28T12:26:21.849090+00:00,1785241581.84909,-64,12.25,False,True,1,8,True,True,True,True,0xA70E,0xA70E,350,False,0,2,False,0,0,42868,3625000,58,42868,0,STANDBY,30,False,False,True,True,True,True,True,False,True,True,False,False,False,False,False,False,3958,3.958,0,0,48.0879707,11.2960119,568.0,1.94,0.03,319.04,480879707,112960119,5680,3,194,31904,95685.0,34.21,-0.1,0.7943386499999999,-1.89268345,10.2185293,-0.04537856055185257,0.038397243543875255,-0.21991148575128552,81,-193,1042,-26,22,-126,-1,3421,1,False,False,False,False,False,False,False,False,5,0,0,0,0.081,-0.193,1.042,1.0628141888401754,-2.6,2.2,-12.6,1,1,0,1,1,0,0x007F,"GPS, IMU, BARO, CORAL, SD, LORA, EPS_ADC",0x0000,NONE,0,0,POWER_ON,0,NONE,0,1,ACCEPTED,9,RX_OK,0,0,1,2,PACKET_OK,9,0,0,5,422,1279,1.9516289005874723,seq=422 cloud=1.95% status=0x00,a6 01 ff 04 00 05 00
2026-07-28T12:26:32.142856+00:00,1785241592.142856,-67,12.0,False,True,1,8,True,True,True,True,0x617A,0x617A,351,False,0,2,False,0,0,42868,3635000,90,42868,0,STANDBY,30,False,False,True,True,True,True,True,False,True,True,False,False,False,False,False,False,3971,3.971,0,0,48.0879707,11.2960119,568.0,1.94,0.03,319.04,480879707,112960119,5680,3,194,31904,95684.0,34.22,0.0,0.67665885,-1.6671305,9.571290399999999,-0.020943951023931952,0.005235987755982988,-0.017453292519943295,69,-170,976,-12,3,-10,0,3422,1,False,False,False,False,False,False,False,False,5,0,0,0,0.069,-0.17,0.976,0.9930946581268072,-1.2,0.3,-1.0,1,1,0,1,1,0,0x007F,"GPS, IMU, BARO, CORAL, SD, LORA, EPS_ADC",0x0000,NONE,0,0,POWER_ON,0,NONE,0,1,ACCEPTED,9,RX_OK,0,0,1,2,PACKET_OK,9,0,0,15,422,1279,1.9516289005874723,seq=422 cloud=1.95% status=0x00,a6 01 ff 04 00 0f 00
2026-07-28T12:26:42.445940+00:00,1785241602.44594,-66,12.25,False,True,1,8,True,True,True,True,0x1059,0x1059,352,False,0,2,False,0,0,42868,3646000,94,42868,0,STANDBY,30,False,False,True,True,True,True,True,False,True,True,False,False,False,False,False,False,3948,3.948,0,0,48.0879707,11.2960119,568.0,1.94,0.03,319.04,480879707,112960119,5680,3,194,31904,95679.0,34.24,0.4,0.6962721499999999,-1.55925735,9.561483749999999,-0.017453292519943295,-0.003490658503988659,-0.019198621771937627,71,-159,975,-10,-2,-11,4,3424,1,False,False,False,False,False,False,False,False,5,0,0,0,0.071,-0.159,0.975,0.9904276853965664,-1.0,-0.2,-1.1,1,1,0,1,1,0,0x007F,"GPS, IMU, BARO, CORAL, SD, LORA, EPS_ADC",0x0000,NONE,0,0,POWER_ON,0,NONE,0,1,ACCEPTED,9,RX_OK,0,0,1,2,PACKET_OK,9,0,0,8,423,0,0.0,seq=423 cloud=0.00% status=0x00,a7 01 00 00 00 08 00
2026-07-28T12:26:52.754098+00:00,1785241612.754098,-67,12.25,False,True,1,8,True,True,True,True,0x5A9D,0x5A9D,353,False,0,2,False,0,0,42868,3656000,98,42868,0,STANDBY,30,False,False,True,True,True,True,True,False,True,True,False,False,False,False,False,False,3952,3.952,0,0,48.0879707,11.2960119,568.0,1.94,0.03,319.04,480879707,112960119,5680,3,194,31904,95686.0,34.25,-0.2,0.7256921,-1.61809725,9.581097049999999,-0.019198621771937627,0.008726646259971648,-0.015707963267948967,74,-165,977,-11,5,-9,-2,3425,1,False,False,False,False,False,False,False,False,5,0,0,0,0.074,-0.165,0.977,0.993594484686786,-1.1,0.5,-0.9,1,1,0,1,1,0,0x007F,"GPS, IMU, BARO, CORAL, SD, LORA, EPS_ADC",0x0000,NONE,0,0,POWER_ON,0,NONE,0,1,ACCEPTED,9,RX_OK,0,0,1,2,PACKET_OK,9,0,0,1,424,255,0.38910505836575876,seq=424 cloud=0.39% status=0x00,a8 01 ff 00 00 01 00
2026-07-28T12:27:03.057849+00:00,1785241623.057849,-67,12.25,False,True,1,8,True,True,True,True,0xCA90,0xCA90,354,False,0,2,False,0,0,42868,3666000,97,42868,0,STANDBY,30,False,False,True,True,True,True,True,False,True,True,False,False,False,False,False,False,3945,3.945,0,0,48.0879707,11.2960119,568.0,1.94,0.03,319.04,480879707,112960119,5680,3,194,31904,95680.0,34.26,0.2,-2.0593964999999996,-3.1087080499999997,9.4339973,-1.0140362954087054,1.530653753999027,1.656317460142619,-210,-317,962,-581,877,949,2,3426,1,False,False,False,False,False,False,False,False,5,0,0,0,-0.21,-0.317,0.962,1.0344239943079434,-58.1,87.7,94.9,1,1,0,1,1,0,0x007F,"GPS, IMU, BARO, CORAL, SD, LORA, EPS_ADC",0x0000,NONE,0,0,POWER_ON,0,NONE,0,1,ACCEPTED,9,RX_OK,0,0,1,2,PACKET_OK,9,0,0,12,424,255,0.38910505836575876,seq=424 cloud=0.39% status=0x00,a8 01 ff 00 00 0c 00
2026-07-28T12:27:13.366218+00:00,1785241633.366218,-71,10.75,False,True,1,8,True,True,True,True,0x46BF,0x46BF,355,False,0,2,False,0,0,42868,3676000,41,42868,0,STANDBY,30,False,False,True,True,True,True,True,False,True,True,False,False,False,False,False,False,3952,3.952,0,0,48.0879707,11.2960119,568.0,1.94,0.03,319.04,480879707,112960119,5680,3,194,31904,95677.0,34.28,0.3,-9.394770699999999,0.7453053999999999,2.0299765499999998,0.008726646259971648,0.04537856055185257,0.08377580409572781,-958,76,207,5,26,48,3,3428,1,False,False,False,False,False,False,False,False,5,0,0,0,-0.958,0.076,0.207,0.9830508633839858,0.5,2.6,4.8,1,1,0,1,1,0,0x007F,"GPS, IMU, BARO, CORAL, SD, LORA, EPS_ADC",0x0000,NONE,0,0,POWER_ON,0,NONE,0,1,ACCEPTED,9,RX_OK,0,0,1,2,PACKET_OK,9,0,0,4,425,16639,25.389486533913175,seq=425 cloud=25.39% status=0x00,a9 01 ff 40 00 04 00
2026-07-28T12:27:23.650548+00:00,1785241643.650548,-67,12.0,False,True,1,8,True,True,True,True,0x1BF6,0x1BF6,356,False,0,2,False,0,0,42868,3687000,3,42868,0,STANDBY,30,False,False,True,True,True,True,True,False,True,True,False,False,False,False,False,False,3955,3.955,0,0,48.0879707,11.2960119,568.0,1.94,0.03,319.04,480879707,112960119,5680,3,194,31904,95685.0,34.3,-0.3,1.16699135,-6.982334799999999,6.825428399999999,-0.005235987755982988,0.006981317007977318,-0.029670597283903602,119,-712,696,-3,4,-17,-3,3430,1,False,False,False,False,False,False,False,False,5,0,0,0,0.119,-0.712,0.696,1.0027567003017233,-0.3,0.4,-1.7,1,1,0,1,1,0,0x007F,"GPS, IMU, BARO, CORAL, SD, LORA, EPS_ADC",0x0000,NONE,0,0,POWER_ON,0,NONE,0,1,ACCEPTED,9,RX_OK,0,0,1,2,PACKET_OK,9,0,0,15,425,16639,25.389486533913175,seq=425 cloud=25.39% status=0x00,a9 01 ff 40 00 0f 00
2026-07-28T12:27:34.461687+00:00,1785241654.461687,-63,12.75,False,True,1,8,True,True,True,True,0x499A,0x499A,357,False,0,2,False,0,0,42868,3697000,926,42868,0,STANDBY,30,False,False,True,True,True,True,True,False,True,True,False,False,False,False,False,False,3945,3.945,0,0,48.0879707,11.2960119,568.0,1.94,0.03,319.04,480879707,112960119,5680,3,194,31904,95680.0,34.31,0.2,-7.168661149999999,-1.08853815,5.648630399999999,0.015707963267948967,-0.09075712110370514,-0.013962634015954637,-731,-111,576,9,-52,-8,2,3431,1,False,False,False,False,False,False,False,False,5,0,0,0,-0.731,-0.111,0.576,0.9372609028440266,0.9,-5.2,-0.8,1,1,0,1,1,0,0x007F,"GPS, IMU, BARO, CORAL, SD, LORA, EPS_ADC",0x0000,NONE,0,0,POWER_ON,0,NONE,0,1,ACCEPTED,9,RX_OK,0,0,1,2,PACKET_OK,9,0,0,8,426,255,0.38910505836575876,seq=426 cloud=0.39% status=0x00,aa 01 ff 00 00 08 00
2026-07-28T12:27:44.900253+00:00,1785241664.900253,-65,10.5,False,True,1,8,True,True,True,True,0xCA1E,0xCA1E,358,False,0,2,False,0,0,42868,3708000,214,42868,0,STANDBY,30,False,False,True,True,True,True,True,False,True,True,False,False,False,False,False,False,3955,3.955,0,0,48.0879707,11.2960119,568.0,1.94,0.03,319.04,480879707,112960119,5680,3,194,31904,95683.0,34.32,-0.1,0.53936575,-1.7259703999999998,9.52225715,-0.020943951023931952,0.0017453292519943296,-0.017453292519943295,55,-176,971,-12,1,-10,-1,3432,1,False,False,False,False,False,False,False,False,5,0,0,0,0.055,-0.176,0.971,0.9883531757423557,-1.2,0.1,-1.0,1,1,0,1,1,0,0x007F,"GPS, IMU, BARO, CORAL, SD, LORA, EPS_ADC",0x0000,NONE,0,0,POWER_ON,0,NONE,0,1,ACCEPTED,9,RX_OK,0,0,1,2,PACKET_OK,9,0,0,19,426,255,0.38910505836575876,seq=426 cloud=0.39% status=0x00,aa 01 ff 00 00 13 00
2026-07-28T12:27:55.466202+00:00,1785241675.466202,-79,11.75,False,True,1,8,True,True,True,True,0x99A9,0x99A9,359,False,0,2,False,0,0,42868,3718000,251,42868,0,STANDBY,30,False,False,True,True,True,True,True,False,True,True,False,False,False,False,False,False,3945,3.945,0,0,48.0879707,11.2960119,568.0,1.94,0.03,319.04,480879707,112960119,5680,3,194,31904,95684.0,34.34,-0.2,0.5295591,-1.7553903499999999,9.52225715,-0.019198621771937627,0.006981317007977318,-0.015707963267948967,54,-179,971,-11,4,-9,-2,3434,1,False,False,False,False,False,False,False,False,5,0,0,0,0.054,-0.179,0.971,0.9888366902577999,-1.1,0.4,-0.9,1,1,0,1,1,0,0x007F,"GPS, IMU, BARO, CORAL, SD, LORA, EPS_ADC",0x0000,NONE,0,0,POWER_ON,0,NONE,0,1,ACCEPTED,9,RX_OK,0,0,1,2,PACKET_OK,9,0,0,1,427,767,1.1703669794766156,seq=427 cloud=1.17% status=0x00,ab 01 ff 02 00 01 00
2026-07-28T12:28:05.929936+00:00,1785241685.929936,-62,12.75,False,True,1,8,True,True,True,True,0x5487,0x5487,360,False,0,2,False,0,0,42868,3729000,214,42868,0,STANDBY,30,False,False,True,True,True,True,True,False,True,True,False,False,False,False,False,False,3948,3.948,0,0,48.0879707,11.2960119,568.0,1.94,0.03,319.04,480879707,112960119,5680,3,194,31904,95682.0,34.36,-0.2,-9.483030549999999,-0.6472389,-0.2353596,-0.03490658503988659,0.027925268031909273,0.03665191429188092,-967,-66,-24,-20,16,21,-2,3436,1,False,False,False,False,False,False,False,False,5,0,0,0,-0.967,-0.066,-0.024,0.9695468013458659,-2.0,1.6,2.1,1,1,0,1,1,0,0x007F,"GPS, IMU, BARO, CORAL, SD, LORA, EPS_ADC",0x0000,NONE,0,0,POWER_ON,0,NONE,0,1,ACCEPTED,9,RX_OK,0,0,1,2,PACKET_OK,9,0,0,12,427,767,1.1703669794766156,seq=427 cloud=1.17% status=0x00,ab 01 ff 02 00 0c 00
2026-07-28T12:28:16.230399+00:00,1785241696.230399,-69,12.25,False,True,1,8,True,True,True,True,0xCDB4,0xCDB4,361,False,0,2,False,0,0,42868,3739000,23,42868,0,STANDBY,30,False,False,True,True,True,True,True,False,True,True,False,False,False,False,False,False,3958,3.958,0,0,48.0879707,11.2960119,568.0,1.94,0.03,319.04,480879707,112960119,5680,3,194,31904,95684.0,34.38,-0.3,1.6279039,-6.472389,7.305954249999999,0.09773843811168245,0.048869219055841226,-0.026179938779914945,166,-660,745,56,28,-15,-3,3438,1,False,False,False,False,False,False,False,False,5,0,0,0,0.166,-0.66,0.745,1.0090495527970864,5.6,2.8,-1.5,1,1,0,1,1,0,0x007F,"GPS, IMU, BARO, CORAL, SD, LORA, EPS_ADC",0x0000,NONE,0,0,POWER_ON,0,NONE,0,1,ACCEPTED,9,RX_OK,0,0,1,2,PACKET_OK,9,0,0,5,428,11519,17.57686732280461,seq=428 cloud=17.58% status=0x00,ac 01 ff 2c 00 05 00
2026-07-28T12:28:26.674077+00:00,1785241706.674077,-64,11.75,False,True,1,8,True,True,True,True,0x4745,0x4745,362,False,0,2,False,0,0,42868,3750000,65,42868,0,STANDBY,30,False,False,True,True,True,True,True,False,True,True,False,False,False,False,False,False,3942,3.942,0,0,48.0879707,11.2960119,568.0,1.94,0.03,319.04,480879707,112960119,5680,3,194,31904,95677.0,34.39,0.4,2.0986230999999997,-8.11009955,5.2171378,0.09948376736367678,0.03490658503988659,-0.017453292519943295,214,-827,532,57,20,-10,4,3439,1,False,False,False,False,False,False,False,False,5,0,0,0,0.214,-0.827,0.532,1.0063543113635476,5.7,2.0,-1.0,1,1,0,1,1,0,0x007F,"GPS, IMU, BARO, CORAL, SD, LORA, EPS_ADC",0x0000,NONE,0,0,POWER_ON,0,NONE,0,1,ACCEPTED,9,RX_OK,0,0,1,2,PACKET_OK,9,0,0,15,428,11519,17.57686732280461,seq=428 cloud=17.58% status=0x00,ac 01 ff 2c 00 0f 00
2026-07-28T12:28:37.272531+00:00,1785241717.272531,-62,12.25,False,True,1,8,True,True,True,True,0x472B,0x472B,363,False,0,2,False,0,0,42868,3760000,20,42868,0,STANDBY,30,False,False,True,True,True,True,True,False,True,True,False,False,False,False,False,False,3942,3.942,0,0,48.0879707,11.2960119,568.0,1.94,0.03,319.04,480879707,112960119,5680,3,194,31904,95681.0,34.4,0.0,0.6276256,-2.0790097999999997,9.5516771,0.024434609527920613,0.027925268031909273,0.0,64,-212,974,14,16,0,0,3440,1,False,False,False,False,False,False,False,False,5,0,0,0,0.064,-0.212,0.974,0.9988573471722576,1.4,1.6,0.0,1,1,0,1,1,0,0x007F,"GPS, IMU, BARO, CORAL, SD, LORA, EPS_ADC",0x0000,NONE,0,0,POWER_ON,0,NONE,0,1,ACCEPTED,9,RX_OK,0,0,1,2,PACKET_OK,9,0,0,8,429,0,0.0,seq=429 cloud=0.00% status=0x00,ad 01 00 00 00 08 00
2026-07-28T12:28:47.565096+00:00,1785241727.565096,-65,11.5,False,True,1,8,True,True,True,True,0x257D,0x257D,364,False,0,2,False,0,0,42868,3771000,32,42868,0,STANDBY,30,False,False,True,True,True,True,True,False,True,True,False,False,False,False,False,False,3955,3.955,0,0,48.0879707,11.2960119,568.0,1.94,0.03,319.04,480879707,112960119,5680,3,194,31904,95680.0,34.41,0.1,0.5099457999999999,-2.0790097999999997,9.62032365,0.024434609527920613,0.0,-0.015707963267948967,52,-212,981,14,0,-9,1,3441,1,False,False,False,False,False,False,False,False,5,0,0,0,0.052,-0.212,0.981,1.00499203976947,1.4,0.0,-0.9,1,1,0,1,1,0,0x007F,"GPS, IMU, BARO, CORAL, SD, LORA, EPS_ADC",0x0000,NONE,0,0,POWER_ON,0,NONE,0,1,ACCEPTED,9,RX_OK,0,0,1,2,PACKET_OK,9,0,0,1,430,255,0.38910505836575876,seq=430 cloud=0.39% status=0x00,ae 01 ff 00 00 01 00
2026-07-28T12:28:57.862343+00:00,1785241737.862343,-72,12.25,False,True,1,8,True,True,True,True,0x3184,0x3184,365,False,0,2,False,0,0,42868,3781000,37,42868,0,STANDBY,30,False,False,True,True,True,True,True,False,True,True,False,False,False,False,False,False,3952,3.952,0,0,48.0879707,11.2960119,568.0,1.94,0.03,319.04,480879707,112960119,5680,3,194,31904,95684.0,34.42,-0.1,0.8629851999999999,-2.0593964999999996,9.571290399999999,0.07330382858376185,-0.13962634015954636,-0.06632251157578452,88,-210,976,42,-80,-38,-1,3442,1,False,False,False,False,False,False,False,False,5,0,0,0,0.088,-0.21,0.976,1.0022075633320673,4.2,-8.0,-3.8,1,1,0,1,1,0,0x007F,"GPS, IMU, BARO, CORAL, SD, LORA, EPS_ADC",0x0000,NONE,0,0,POWER_ON,0,NONE,0,1,ACCEPTED,9,RX_OK,0,0,1,2,PACKET_OK,9,0,0,12,430,255,0.38910505836575876,seq=430 cloud=0.39% status=0x00,ae 01 ff 00 00 0c 00
2026-07-28T12:29:08.151927+00:00,1785241748.151927,-71,12.5,False,True,1,8,True,True,True,True,0xA114,0xA114,366,False,0,2,False,0,0,42868,3791000,21,42868,0,STANDBY,30,False,False,True,True,True,True,True,False,True,True,False,False,False,False,False,False,3955,3.955,0,0,48.0879707,11.2960119,568.0,1.94,0.03,319.04,480879707,112960119,5680,3,194,31904,95686.0,34.43,-0.2,0.65704555,-1.85345685,9.492837199999999,-0.04363323129985824,0.024434609527920613,-0.015707963267948967,67,-189,968,-25,14,-9,-2,3443,1,False,False,False,False,False,False,False,False,5,0,0,0,0.067,-0.189,0.968,0.9885514655292358,-2.5,1.4,-0.9,1,1,0,1,1,0,0x007F,"GPS, IMU, BARO, CORAL, SD, LORA, EPS_ADC",0x0000,NONE,0,0,POWER_ON,0,NONE,0,1,ACCEPTED,9,RX_OK,0,0,1,2,PACKET_OK,9,0,0,5,431,1023,1.560997940032044,seq=431 cloud=1.56% status=0x00,af 01 ff 03 00 05 00
2026-07-28T12:29:18.455663+00:00,1785241758.455663,-69,12.0,False,True,1,8,True,True,True,True,0x4CA4,0x4CA4,367,False,0,2,False,0,0,42868,3801000,36,42868,0,STANDBY,30,False,False,True,True,True,True,True,False,True,True,False,False,False,False,False,False,3948,3.948,0,0,48.0879707,11.2960119,568.0,1.94,0.03,319.04,480879707,112960119,5680,3,194,31904,95690.0,34.44,-0.3,0.4903325,-1.9024900999999999,9.571290399999999,-0.038397243543875255,0.006981317007977318,-0.019198621771937627,50,-194,976,-22,4,-11,-3,3444,1,False,False,False,False,False,False,False,False,5,0,0,0,0.05,-0.194,0.976,0.9963493363273747,-2.2,0.4,-1.1,1,1,0,1,1,0,0x007F,"GPS, IMU, BARO, CORAL, SD, LORA, EPS_ADC",0x0000,NONE,0,0,POWER_ON,0,NONE,0,1,ACCEPTED,9,RX_OK,0,0,1,2,PACKET_OK,9,0,0,15,431,1023,1.560997940032044,seq=431 cloud=1.56% status=0x00,af 01 ff 03 00 0f 00
2026-07-28T12:29:28.756237+00:00,1785241768.756237,-78,12.0,False,True,1,8,True,True,True,True,0x504C,0x504C,368,False,0,2,False,0,0,42868,3812000,4,42868,0,STANDBY,30,False,False,True,True,True,True,True,False,True,True,False,False,False,False,False,False,3955,3.955,0,0,48.0879707,11.2960119,568.0,1.94,0.03,319.04,480879707,112960119,5680,3,194,31904,95700.0,34.45,-0.7,0.63743225,-1.8240368999999999,9.60071035,-0.019198621771937627,0.0,-0.019198621771937627,65,-186,979,-11,0,-11,-7,3445,1,False,False,False,False,False,False,False,False,5,0,0,0,0.065,-0.186,0.979,0.9986300616344372,-1.1,0.0,-1.1,1,1,0,1,1,0,0x007F,"GPS, IMU, BARO, CORAL, SD, LORA, EPS_ADC",0x0000,NONE,0,0,POWER_ON,0,NONE,0,1,ACCEPTED,9,RX_OK,0,0,1,2,PACKET_OK,9,0,0,8,432,255,0.38910505836575876,seq=432 cloud=0.39% status=0x00,b0 01 ff 00 00 08 00
2026-07-28T12:29:39.069777+00:00,1785241779.069777,-71,11.25,False,True,1,8,True,True,True,True,0x4448,0x4448,369,False,0,2,False,0,0,42868,3822000,28,42868,0,STANDBY,30,False,False,True,True,True,True,True,False,True,True,False,False,False,False,False,False,3945,3.945,0,0,48.0879707,11.2960119,568.0,1.94,0.03,319.04,480879707,112960119,5680,3,194,31904,95696.0,34.46,-0.2,0.55897905,-1.9024900999999999,9.561483749999999,-0.019198621771937627,-0.005235987755982988,-0.020943951023931952,57,-194,975,-11,-3,-12,-2,3446,1,False,False,False,False,False,False,False,False,5,0,0,0,0.057,-0.194,0.975,0.9957459515358322,-1.1,-0.3,-1.2,1,1,0,1,1,0,0x007F,"GPS, IMU, BARO, CORAL, SD, LORA, EPS_ADC",0x0000,NONE,0,0,POWER_ON,0,NONE,0,1,ACCEPTED,9,RX_OK,0,0,1,2,PACKET_OK,9,0,0,1,433,511,0.7797360189211872,seq=433 cloud=0.78% status=0x00,b1 01 ff 01 00 01 00
2026-07-28T12:29:49.353213+00:00,1785241789.353213,-69,12.0,False,True,1,8,True,True,True,True,0x37FF,0x37FF,370,False,0,2,False,0,0,42868,3832000,69,42868,0,STANDBY,30,False,False,True,True,True,True,True,False,True,True,False,False,False,False,False,False,3942,3.942,0,0,48.0879707,11.2960119,568.0,1.94,0.03,319.04,480879707,112960119,5680,3,194,31904,95701.0,34.47,-0.4,0.57859235,-1.8240368999999999,9.60071035,-0.022689280275926284,0.0,-0.019198621771937627,59,-186,979,-13,0,-11,-4,3447,1,False,False,False,False,False,False,False,False,5,0,0,0,0.059,-0.186,0.979,0.9982574818151878,-1.3,0.0,-1.1,1,1,0,1,1,0,0x007F,"GPS, IMU, BARO, CORAL, SD, LORA, EPS_ADC",0x0000,NONE,0,0,POWER_ON,0,NONE,0,1,ACCEPTED,9,RX_OK,0,0,1,2,PACKET_OK,9,0,0,11,433,511,0.7797360189211872,seq=433 cloud=0.78% status=0x00,b1 01 ff 01 00 0b 00
2026-07-28T12:29:59.662759+00:00,1785241799.662759,-62,12.25,False,True,1,8,True,True,True,True,0xA136,0xA136,371,False,0,2,False,0,0,42868,3843000,89,42868,0,STANDBY,30,False,False,True,True,True,True,True,False,True,True,False,False,False,False,False,False,3977,3.977,0,0,48.0879707,11.2960119,568.0,1.94,0.03,319.04,480879707,112960119,5680,3,194,31904,95693.0,34.48,0.5,-8.0806796,-1.2846711499999999,4.2855060499999995,-1.9093902016817965,-0.1413716694115407,0.8150687606813519,-824,-131,437,-1094,-81,467,5,3448,1,False,False,False,False,False,False,False,False,5,0,0,0,-0.824,-0.131,0.437,0.9418630473694145,-109.4,-8.1,46.7,1,1,0,1,1,0,0x007F,"GPS, IMU, BARO, CORAL, SD, LORA, EPS_ADC",0x0000,NONE,0,0,POWER_ON,0,NONE,0,1,ACCEPTED,9,RX_OK,0,0,1,2,PACKET_OK,9,0,0,4,434,255,0.38910505836575876,seq=434 cloud=0.39% status=0x00,b2 01 ff 00 00 04 00
2026-07-28T12:30:09.961219+00:00,1785241809.961219,-62,12.0,False,True,1,8,True,True,True,True,0xC899,0xC899,372,False,0,2,False,0,0,42868,3853000,55,42868,0,STANDBY,30,False,False,True,True,True,True,True,False,True,True,False,False,False,False,False,False,3964,3.964,0,0,48.0879707,11.2960119,568.0,1.94,0.03,319.04,480879707,112960119,5680,3,194,31904,95689.0,34.5,0.3,-9.81645665,-0.32361945,0.38245935,-0.18675022996339324,0.1361356816555577,-0.010471975511965976,-1001,-33,39,-107,78,-6,3,3450,1,False,False,False,False,False,False,False,False,5,0,0,0,-1.001,-0.033,0.039,1.0023028484445207,-10.7,7.8,-0.6,1,1,0,1,1,0,0x007F,"GPS, IMU, BARO, CORAL, SD, LORA, EPS_ADC",0x0000,NONE,0,0,POWER_ON,0,NONE,0,1,ACCEPTED,9,RX_OK,0,0,1,2,PACKET_OK,9,0,0,15,434,255,0.38910505836575876,seq=434 cloud=0.39% status=0x00,b2 01 ff 00 00 0f 00
2026-07-28T12:30:20.256831+00:00,1785241820.256831,-82,11.75,False,True,1,8,True,True,True,True,0xB98D,0xB98D,373,False,0,2,False,0,0,42868,3863000,38,42868,0,STANDBY,30,False,False,True,True,True,True,True,False,True,True,False,False,False,False,False,False,3958,3.958,0,0,48.0879707,11.2960119,568.0,1.94,0.03,319.04,480879707,112960119,5680,3,194,31904,95679.0,34.53,0.8,-9.581097049999999,-0.20593965,-0.08825984999999999,-0.47472955654245763,0.11519173063162574,-0.07504915783575616,-977,-21,-9,-272,66,-43,8,3453,1,False,False,False,False,False,False,False,False,5,0,0,0,-0.977,-0.021,-0.009,0.9772671078062537,-27.2,6.6,-4.3,1,1,0,1,1,0,0x007F,"GPS, IMU, BARO, CORAL, SD, LORA, EPS_ADC",0x0000,NONE,0,0,POWER_ON,0,NONE,0,1,ACCEPTED,9,RX_OK,0,0,1,2,PACKET_OK,9,0,0,8,435,10239,15.623712520027466,seq=435 cloud=15.62% status=0x00,b3 01 ff 27 00 08 00
2026-07-28T12:30:30.602654+00:00,1785241830.602654,-61,11.5,False,True,1,8,True,True,True,True,0x2E1C,0x2E1C,374,False,0,2,False,0,0,42868,3874000,261,42868,0,STANDBY,30,False,False,True,True,True,True,True,False,True,True,False,False,False,False,False,False,3952,3.952,0,0,48.0879707,11.2960119,568.0,1.94,0.03,319.04,480879707,112960119,5680,3,194,31904,95680.0,34.57,0.2,-6.3350959,4.93274495,4.4718324,1.2671090369478832,-0.45553093477052004,0.6894050545377601,-646,503,456,726,-261,395,2,3457,1,False,False,False,False,False,False,False,False,5,0,0,0,-0.646,0.503,0.456,0.9371558034820038,72.6,-26.1,39.5,1,1,0,1,1,0,0x007F,"GPS, IMU, BARO, CORAL, SD, LORA, EPS_ADC",0x0000,NONE,0,0,POWER_ON,0,NONE,0,1,ACCEPTED,9,RX_OK,0,0,1,2,PACKET_OK,9,0,0,1,436,25343,38.67093919279774,seq=436 cloud=38.67% status=0x00,b4 01 ff 62 00 01 00
2026-07-28T12:30:40.882749+00:00,1785241840.882749,-92,9.5,False,True,1,8,True,True,True,True,0xF6BB,0xF6BB,375,False,0,2,False,0,0,42868,3884000,11,42868,0,STANDBY,30,False,False,True,True,True,True,True,False,True,True,False,False,False,False,False,False,3958,3.958,0,0,48.0879707,11.2960119,568.0,1.94,0.03,319.04,480879707,112960119,5680,3,194,31904,95679.0,34.58,0.2,0.65704555,5.50153065,7.93357985,-0.020943951023931952,-0.0017453292519943296,-0.022689280275926284,67,561,809,-12,-1,-13,2,3458,1,False,False,False,False,False,False,False,False,5,0,0,0,0.067,0.561,0.809,0.9867578223657516,-1.2,-0.1,-1.3,1,1,0,1,1,0,0x007F,"GPS, IMU, BARO, CORAL, SD, LORA, EPS_ADC",0x0000,NONE,0,0,POWER_ON,0,NONE,0,1,ACCEPTED,9,RX_OK,0,0,1,2,PACKET_OK,9,0,0,11,436,25343,38.67093919279774,seq=436 cloud=38.67% status=0x00,b4 01 ff 62 00 0b 00
2026-07-28T12:30:51.192387+00:00,1785241851.192387,-78,12.25,False,True,1,8,True,True,True,True,0xB486,0xB486,376,False,0,2,False,0,0,42868,3894000,48,42868,0,STANDBY,30,False,False,True,True,True,True,True,False,True,True,False,False,False,False,False,False,3945,3.945,0,0,48.0879707,11.2960119,568.0,1.94,0.03,319.04,480879707,112960119,5680,3,194,31904,95683.0,34.59,-0.2,0.7158854499999999,5.42307745,7.87473995,-0.020943951023931952,0.003490658503988659,-0.020943951023931952,73,553,803,-12,2,-12,-2,3459,1,False,False,False,False,False,False,False,False,5,0,0,0,0.073,0.553,0.803,0.9777254215780625,-1.2,0.2,-1.2,1,1,0,1,1,0,0x007F,"GPS, IMU, BARO, CORAL, SD, LORA, EPS_ADC",0x0000,NONE,0,0,POWER_ON,0,NONE,0,1,ACCEPTED,9,RX_OK,0,0,1,2,PACKET_OK,9,0,0,4,437,0,0.0,seq=437 cloud=0.00% status=0x00,b5 01 00 00 00 04 00
2026-07-28T12:31:01.474189+00:00,1785241861.474189,-66,12.5,False,True,1,8,True,True,True,True,0xD6DA,0xD6DA,377,False,0,2,False,0,0,42868,3904000,36,42868,0,STANDBY,30,False,False,True,True,True,True,True,False,True,True,False,False,False,False,False,False,3955,3.955,0,0,48.0879707,11.2960119,568.0,1.94,0.03,319.04,480879707,112960119,5680,3,194,31904,95684.0,34.6,-0.2,0.65704555,5.4132708,8.0218397,-0.020943951023931952,-0.013962634015954637,0.013962634015954637,67,552,818,-12,-8,8,-2,3460,1,False,False,False,False,False,False,False,False,5,0,0,0,0.067,0.552,0.818,0.9890990850263688,-1.2,-0.8,0.8,1,1,0,1,1,0,0x007F,"GPS, IMU, BARO, CORAL, SD, LORA, EPS_ADC",0x0000,NONE,0,0,POWER_ON,0,NONE,0,1,ACCEPTED,9,RX_OK,0,0,1,2,PACKET_OK,9,0,0,15,437,0,0.0,seq=437 cloud=0.00% status=0x00,b5 01 00 00 00 0f 00
2026-07-28T12:31:11.785428+00:00,1785241871.785428,-66,11.5,False,True,1,8,True,True,True,True,0xC7C8,0xC7C8,378,False,0,2,False,0,0,42868,3915000,64,42868,0,STANDBY,30,False,False,True,True,True,True,True,False,True,True,False,False,False,False,False,False,3945,3.945,0,0,48.0879707,11.2960119,568.0,1.94,0.03,319.04,480879707,112960119,5680,3,194,31904,95683.0,34.61,-0.1,0.63743225,5.3544309,8.051259649999999,-0.029670597283903602,-0.006981317007977318,-0.008726646259971648,65,546,821,-17,-4,-5,-1,3461,1,False,False,False,False,False,False,False,False,5,0,0,0,0.065,0.546,0.821,0.9881204380033842,-1.7,-0.4,-0.5,1,1,0,1,1,0,0x007F,"GPS, IMU, BARO, CORAL, SD, LORA, EPS_ADC",0x0000,NONE,0,0,POWER_ON,0,NONE,0,1,ACCEPTED,9,RX_OK,0,0,1,2,PACKET_OK,9,0,0,8,438,255,0.38910505836575876,seq=438 cloud=0.39% status=0x00,b6 01 ff 00 00 08 00
2026-07-28T12:31:22.082746+00:00,1785241882.082746,-71,11.5,False,True,1,8,True,True,True,True,0x5B31,0x5B31,379,False,0,2,False,0,0,42868,3925000,93,42868,0,STANDBY,30,False,False,True,True,True,True,True,False,True,True,False,False,False,False,False,False,3964,3.964,0,0,48.0879707,11.2960119,568.0,1.94,0.03,319.04,480879707,112960119,5680,3,194,31904,95687.0,34.62,-0.4,0.5982056499999999,5.2759777,8.149326149999998,-0.020943951023931952,0.013962634015954637,-0.024434609527920613,61,538,831,-12,8,-14,-4,3462,1,False,False,False,False,False,False,False,False,5,0,0,0,0.061,0.538,0.831,0.9918296224654717,-1.2,0.8,-1.4,1,1,0,1,1,0,0x007F,"GPS, IMU, BARO, CORAL, SD, LORA, EPS_ADC",0x0000,NONE,0,0,POWER_ON,0,NONE,0,1,ACCEPTED,9,RX_OK,0,0,1,2,PACKET_OK,9,0,0,1,439,511,0.7797360189211872,seq=439 cloud=0.78% status=0x00,b7 01 ff 01 00 01 00
2026-07-28T12:31:32.370986+00:00,1785241892.370986,-69,12.0,False,True,1,8,True,True,True,True,0xC0D8,0xC0D8,380,False,0,2,False,0,0,42868,3935000,16,42868,0,STANDBY,30,False,False,True,True,True,True,True,False,True,True,False,False,False,False,False,False,3945,3.945,0,0,48.0879707,11.2960119,568.0,1.94,0.03,319.04,480879707,112960119,5680,3,194,31904,95687.0,34.63,-0.4,0.6472389,5.28578435,8.01203305,-0.022689280275926284,0.0,-0.013962634015954637,66,539,817,-13,0,-8,-4,3463,1,False,False,False,False,False,False,False,False,5,0,0,0,0.066,0.539,0.817,0.9810025484166695,-1.3,0.0,-0.8,1,1,0,1,1,0,0x007F,"GPS, IMU, BARO, CORAL, SD, LORA, EPS_ADC",0x0000,NONE,0,0,POWER_ON,0,NONE,0,1,ACCEPTED,9,RX_OK,0,0,1,2,PACKET_OK,9,0,0,11,439,511,0.7797360189211872,seq=439 cloud=0.78% status=0x00,b7 01 ff 01 00 0b 00
2026-07-28T12:31:42.695337+00:00,1785241902.695337,-70,12.25,False,True,1,8,True,True,True,True,0xC979,0xC979,381,False,0,2,False,0,0,42868,3946000,8,42868,0,STANDBY,30,False,False,True,True,True,True,True,False,True,True,False,False,False,False,False,False,3955,3.955,0,0,48.0879707,11.2960119,568.0,1.94,0.03,319.04,480879707,112960119,5680,3,194,31904,95701.0,34.63,-0.9,0.6962721499999999,5.295591,8.070872949999998,-0.019198621771937627,0.0,-0.017453292519943295,71,540,823,-11,0,-10,-9,3463,1,False,False,False,False,False,False,False,False,5,0,0,0,0.071,0.54,0.823,0.9868991843141831,-1.1,0.0,-1.0,1,1,0,1,1,0,0x007F,"GPS, IMU, BARO, CORAL, SD, LORA, EPS_ADC",0x0000,NONE,0,0,POWER_ON,0,NONE,0,1,ACCEPTED,9,RX_OK,0,0,1,2,PACKET_OK,9,0,0,4,440,511,0.7797360189211872,seq=440 cloud=0.78% status=0x00,b8 01 ff 01 00 04 00
2026-07-28T12:31:52.976637+00:00,1785241912.976637,-70,11.75,False,True,1,8,True,True,True,True,0x44ED,0x44ED,382,False,0,2,False,0,0,42868,3956000,24,42868,0,STANDBY,30,False,False,True,True,True,True,True,False,True,True,False,False,False,False,False,False,3945,3.945,0,0,48.0879707,11.2960119,568.0,1.94,0.03,319.04,480879707,112960119,5680,3,194,31904,95698.0,34.64,-0.2,0.61781895,5.2171378,8.070872949999998,-0.022689280275926284,0.0,-0.020943951023931952,63,532,823,-13,0,-12,-2,3464,1,False,False,False,False,False,False,False,False,5,0,0,0,0.063,0.532,0.823,0.9819989816695331,-1.3,0.0,-1.2,1,1,0,1,1,0,0x007F,"GPS, IMU, BARO, CORAL, SD, LORA, EPS_ADC",0x0000,NONE,0,0,POWER_ON,0,NONE,0,1,ACCEPTED,9,RX_OK,0,0,1,2,PACKET_OK,9,0,0,14,440,511,0.7797360189211872,seq=440 cloud=0.78% status=0x00,b8 01 ff 01 00 0e 00
2026-07-28T12:32:03.276197+00:00,1785241923.276197,-68,12.0,False,True,1,8,True,True,True,True,0x28F4,0x28F4,383,False,0,2,False,0,0,42868,3966000,48,42868,0,STANDBY,30,False,False,True,True,True,True,True,False,True,True,False,False,False,False,False,False,3955,3.955,0,0,48.0879707,11.2960119,568.0,1.94,0.03,319.04,480879707,112960119,5680,3,194,31904,95693.0,34.65,0.2,0.6668522,5.20733115,8.0806796,-0.013962634015954637,0.003490658503988659,-0.020943951023931952,68,531,824,-8,2,-12,2,3465,1,False,False,False,False,False,False,False,False,5,0,0,0,0.068,0.531,0.824,0.9826296352135935,-0.8,0.2,-1.2,1,1,0,1,1,0,0x007F,"GPS, IMU, BARO, CORAL, SD, LORA, EPS_ADC",0x0000,NONE,0,0,POWER_ON,0,NONE,0,1,ACCEPTED,9,RX_OK,0,0,1,2,PACKET_OK,9,0,0,6,441,511,0.7797360189211872,seq=441 cloud=0.78% status=0x00,b9 01 ff 01 00 06 00
2026-07-28T12:32:13.618960+00:00,1785241933.61896,-70,11.75,False,True,1,8,True,True,True,True,0x3E29,0x3E29,384,False,0,2,False,0,0,42868,3976000,149,42868,0,STANDBY,30,False,False,True,True,True,True,True,False,True,True,False,False,False,False,False,False,3929,3.929,0,0,48.0879707,11.2960119,568.0,1.94,0.03,319.04,480879707,112960119,5680,3,194,31904,95692.0,34.67,0.1,0.61781895,5.2171378,8.129712849999999,-0.027925268031909273,-0.003490658503988659,-0.017453292519943295,63,532,829,-16,-2,-10,1,3467,1,False,False,False,False,False,False,False,False,5,0,0,0,0.063,0.532,0.829,0.987032927515592,-1.6,-0.2,-1.0,1,1,0,1,1,0,0x007F,"GPS, IMU, BARO, CORAL, SD, LORA, EPS_ADC",0x0000,NONE,0,0,POWER_ON,0,NONE,0,1,ACCEPTED,9,RX_OK,0,0,1,2,PACKET_OK,9,0,0,0,442,255,0.38910505836575876,seq=442 cloud=0.39% status=0x00,ba 01 ff 00 00 00 00
2026-07-28T12:32:23.919642+00:00,1785241943.919642,-68,12.5,False,True,1,8,True,True,True,True,0x3BED,0x3BED,385,False,0,2,False,0,0,42868,3987000,19,42868,0,STANDBY,30,False,False,True,True,True,True,True,False,True,True,False,False,False,False,False,False,3945,3.945,0,0,48.0879707,11.2960119,568.0,1.94,0.03,319.04,480879707,112960119,5680,3,194,31904,95683.0,34.67,0.6,0.61781895,5.20733115,8.119906199999999,-0.019198621771937627,0.0017453292519943296,-0.010471975511965976,63,531,828,-11,1,-6,6,3467,1,False,False,False,False,False,False,False,False,5,0,0,0,0.063,0.531,0.828,0.985654097541323,-1.1,0.1,-0.6,1,1,0,1,1,0,0x007F,"GPS, IMU, BARO, CORAL, SD, LORA, EPS_ADC",0x0000,NONE,0,0,POWER_ON,0,NONE,0,1,ACCEPTED,9,RX_OK,0,0,1,2,PACKET_OK,9,0,0,10,442,255,0.38910505836575876,seq=442 cloud=0.39% status=0x00,ba 01 ff 00 00 0a 00
2026-07-28T12:32:34.222839+00:00,1785241954.222839,-72,12.0,False,True,1,8,True,True,True,True,0xC9E5,0xC9E5,386,False,0,2,False,0,0,42868,3997000,14,42868,0,STANDBY,30,False,False,True,True,True,True,True,False,True,True,False,False,False,False,False,False,3945,3.945,0,0,48.0879707,11.2960119,568.0,1.94,0.03,319.04,480879707,112960119,5680,3,194,31904,95683.0,34.68,0.2,0.57859235,5.2367511,8.149326149999998,-0.020943951023931952,-0.003490658503988659,-0.017453292519943295,59,534,831,-12,-2,-10,2,3468,1,False,False,False,False,False,False,False,False,5,0,0,0,0.059,0.534,0.831,0.9895443395826182,-1.2,-0.2,-1.0,1,1,0,1,1,0,0x007F,"GPS, IMU, BARO, CORAL, SD, LORA, EPS_ADC",0x0000,NONE,0,0,POWER_ON,0,NONE,0,1,ACCEPTED,9,RX_OK,0,0,1,2,PACKET_OK,9,0,0,3,443,1023,1.560997940032044,seq=443 cloud=1.56% status=0x00,bb 01 ff 03 00 03 00
2026-07-28T12:32:44.506772+00:00,1785241964.506772,-67,12.0,False,True,1,8,True,True,True,True,0x78FA,0x78FA,387,False,0,2,False,0,0,42868,4007000,43,42868,0,STANDBY,30,False,False,True,True,True,True,True,False,True,True,False,False,False,False,False,False,3932,3.932,0,0,48.0879707,11.2960119,568.0,1.94,0.03,319.04,480879707,112960119,5680,3,194,31904,95683.0,34.7,0.1,0.63743225,5.2171378,8.11009955,-0.020943951023931952,0.0017453292519943296,-0.017453292519943295,65,532,827,-12,1,-10,1,3470,1,False,False,False,False,False,False,False,False,5,0,0,0,0.065,0.532,0.827,0.9854836376115028,-1.2,0.1,-1.0,1,1,0,1,1,0,0x007F,"GPS, IMU, BARO, CORAL, SD, LORA, EPS_ADC",0x0000,NONE,0,0,POWER_ON,0,NONE,0,1,ACCEPTED,9,RX_OK,0,0,1,2,PACKET_OK,9,0,0,14,443,1023,1.560997940032044,seq=443 cloud=1.56% status=0x00,bb 01 ff 03 00 0e 00
2026-07-28T12:32:54.802993+00:00,1785241974.802993,-68,12.25,False,True,1,8,True,True,True,True,0x33E7,0x33E7,388,False,0,2,False,0,0,42868,4018000,78,42868,0,STANDBY,30,False,False,True,True,True,True,True,False,True,True,False,False,False,False,False,False,3952,3.952,0,0,48.0879707,11.2960119,568.0,1.94,0.03,319.04,480879707,112960119,5680,3,194,31904,95690.0,34.7,-0.3,0.7060787999999999,5.16810455,8.1787461,-0.024434609527920613,-0.0017453292519943296,-0.015707963267948967,72,527,834,-14,-1,-9,-3,3470,1,False,False,False,False,False,False,False,False,5,0,0,0,0.072,0.527,0.834,0.989175919642204,-1.4,-0.1,-0.9,1,1,0,1,1,0,0x007F,"GPS, IMU, BARO, CORAL, SD, LORA, EPS_ADC",0x0000,NONE,0,0,POWER_ON,0,NONE,0,1,ACCEPTED,9,RX_OK,0,0,1,2,PACKET_OK,9,0,0,7,444,511,0.7797360189211872,seq=444 cloud=0.78% status=0x00,bc 01 ff 01 00 07 00
2026-07-28T12:33:05.535809+00:00,1785241985.535809,-70,11.75,False,True,1,8,True,True,True,True,0x3A83,0x3A83,389,False,0,2,False,0,0,42868,4028000,787,42868,0,STANDBY,30,False,False,True,True,True,True,True,False,True,True,False,False,False,False,False,False,3945,3.945,0,0,48.0879707,11.2960119,568.0,1.94,0.03,319.04,480879707,112960119,5680,3,194,31904,95688.0,34.71,0.1,0.6276256,5.1975245,8.09048625,-0.020943951023931952,0.005235987755982988,-0.010471975511965976,64,530,825,-12,3,-6,1,3471,1,False,False,False,False,False,False,False,False,5,0,0,0,0.064,0.53,0.825,0.9826601650621642,-1.2,0.3,-0.6,1,1,0,1,1,0,0x007F,"GPS, IMU, BARO, CORAL, SD, LORA, EPS_ADC",0x0000,NONE,0,0,POWER_ON,0,NONE,0,1,ACCEPTED,9,RX_OK,0,0,1,2,PACKET_OK,9,0,0,0,445,255,0.38910505836575876,seq=445 cloud=0.39% status=0x00,bd 01 ff 00 00 00 00
2026-07-28T12:33:15.825890+00:00,1785241995.82589,-64,12.0,False,True,1,8,True,True,True,True,0xCD01,0xCD01,390,False,0,2,False,0,0,42868,4039000,72,42868,0,STANDBY,30,False,False,True,True,True,True,True,False,True,True,False,False,False,False,False,False,3942,3.942,0,0,48.0879707,11.2960119,568.0,1.94,0.03,319.04,480879707,112960119,5680,3,194,31904,95685.0,34.72,0.2,0.6472389,5.2171378,8.208166049999999,-0.024434609527920613,-0.0017453292519943296,-0.020943951023931952,66,532,837,-14,-1,-12,2,3472,1,False,False,False,False,False,False,False,False,5,0,0,0,0.066,0.532,0.837,0.9939562364611433,-1.4,-0.1,-1.2,1,1,0,1,1,0,0x007F,"GPS, IMU, BARO, CORAL, SD, LORA, EPS_ADC",0x0000,NONE,0,0,POWER_ON,0,NONE,0,1,ACCEPTED,9,RX_OK,0,0,1,2,PACKET_OK,9,0,0,11,445,255,0.38910505836575876,seq=445 cloud=0.39% status=0x00,bd 01 ff 00 00 0b 00
2026-07-28T12:33:26.117230+00:00,1785242006.11723,-67,12.0,False,True,1,8,True,True,True,True,0xED85,0xED85,391,False,0,2,False,0,0,42868,4049000,90,42868,0,STANDBY,30,False,False,True,True,True,True,True,False,True,True,False,False,False,False,False,False,3945,3.945,0,0,48.0879707,11.2960119,568.0,1.94,0.03,319.04,480879707,112960119,5680,3,194,31904,95687.0,34.74,-0.1,0.5982056499999999,5.12887795,8.227779349999999,-0.019198621771937627,0.003490658503988659,-0.017453292519943295,61,523,839,-11,2,-10,-1,3474,1,False,False,False,False,False,False,False,False,5,0,0,0,0.061,0.523,0.839,0.9905407614025785,-1.1,0.2,-1.0,1,1,0,1,1,0,0x007F,"GPS, IMU, BARO, CORAL, SD, LORA, EPS_ADC",0x0000,NONE,0,0,POWER_ON,0,NONE,0,1,ACCEPTED,9,RX_OK,0,0,1,2,PACKET_OK,9,0,0,4,446,255,0.38910505836575876,seq=446 cloud=0.39% status=0x00,be 01 ff 00 00 04 00
2026-07-28T12:33:36.425741+00:00,1785242016.425741,-60,11.5,False,True,1,8,True,True,True,True,0x689A,0x689A,392,False,0,2,False,0,0,42868,4059000,25,42868,0,STANDBY,30,False,False,True,True,True,True,True,False,True,True,False,False,False,False,False,False,3948,3.948,0,0,48.0879707,11.2960119,568.0,1.94,0.03,319.04,480879707,112960119,5680,3,194,31904,95679.0,34.74,0.5,0.8531785499999999,7.2373077,7.46286065,0.3560471674068432,0.08028514559173916,0.28099800957108706,87,738,761,204,46,161,5,3474,1,False,False,False,False,False,False,False,False,5,0,0,0,0.087,0.738,0.761,1.063641857017671,20.4,4.6,16.1,1,1,0,1,1,0,0x007F,"GPS, IMU, BARO, CORAL, SD, LORA, EPS_ADC",0x0000,NONE,0,0,POWER_ON,0,NONE,0,1,ACCEPTED,9,RX_OK,0,0,1,2,PACKET_OK,9,0,0,15,446,255,0.38910505836575876,seq=446 cloud=0.39% status=0x00,be 01 ff 00 00 0f 00
2026-07-28T12:33:46.710282+00:00,1785242026.710282,-64,12.0,False,True,1,8,True,True,True,True,0xEEE4,0xEEE4,393,False,0,2,False,0,0,42868,4070000,6,42868,0,STANDBY,30,False,False,True,True,True,True,True,False,True,True,False,False,False,False,False,False,3939,3.939,0,0,48.0879707,11.2960119,568.0,1.94,0.03,319.04,480879707,112960119,5680,3,194,31904,95681.0,34.76,0.0,1.8828768,7.9237732,4.99158485,-0.05235987755982989,-0.003490658503988659,-0.08203047484373349,192,808,509,-30,-2,-47,0,3476,1,False,False,False,False,False,False,False,False,5,0,0,0,0.192,0.808,0.509,0.9740682727612064,-3.0,-0.2,-4.7,1,1,0,1,1,0,0x007F,"GPS, IMU, BARO, CORAL, SD, LORA, EPS_ADC",0x0000,NONE,0,0,POWER_ON,0,NONE,0,1,ACCEPTED,9,RX_OK,0,0,1,2,PACKET_OK,9,0,0,8,447,511,0.7797360189211872,seq=447 cloud=0.78% status=0x00,bf 01 ff 01 00 08 00
2026-07-28T12:33:57.022661+00:00,1785242037.022661,-66,12.0,False,True,1,8,True,True,True,True,0x7E0B,0x7E0B,394,False,0,2,False,0,0,42868,4080000,72,42868,0,STANDBY,30,False,False,True,True,True,True,True,False,True,True,False,False,False,False,False,False,3936,3.936,0,0,48.0879707,11.2960119,568.0,1.94,0.03,319.04,480879707,112960119,5680,3,194,31904,95680.0,34.77,-0.1,2.38301595,7.7276402,4.6287388,-0.0715584993317675,-0.06632251157578452,-0.20769418098732523,243,788,472,-41,-38,-119,-1,3477,1,False,False,False,False,False,False,False,False,5,0,0,0,0.243,0.788,0.472,0.9501457782887845,-4.1,-3.8,-11.9,1,1,0,1,1,0,0x007F,"GPS, IMU, BARO, CORAL, SD, LORA, EPS_ADC",0x0000,NONE,0,0,POWER_ON,0,NONE,0,1,ACCEPTED,9,RX_OK,0,0,1,2,PACKET_OK,9,0,0,1,448,1023,1.560997940032044,seq=448 cloud=1.56% status=0x00,c0 01 ff 03 00 01 00
2026-07-28T12:34:07.317284+00:00,1785242047.317284,-76,11.25,False,True,1,8,True,True,True,True,0xA1BA,0xA1BA,395,False,0,2,False,0,0,42868,4090000,68,42868,0,STANDBY,30,False,False,True,True,True,True,True,False,True,True,False,False,False,False,False,False,3942,3.942,0,0,48.0879707,11.2960119,568.0,1.94,0.03,319.04,480879707,112960119,5680,3,194,31904,95676.0,34.78,0.1,1.9024900999999999,7.609960399999999,4.618932149999999,0.07853981633974483,-0.19896753472735357,0.008726646259971648,194,776,471,45,-114,5,1,3478,1,False,False,False,False,False,False,False,False,5,0,0,0,0.194,0.776,0.471,0.9282526595706581,4.5,-11.4,0.5,1,1,0,1,1,0,0x007F,"GPS, IMU, BARO, CORAL, SD, LORA, EPS_ADC",0x0000,NONE,0,0,POWER_ON,0,NONE,0,1,ACCEPTED,9,RX_OK,0,0,1,2,PACKET_OK,9,0,0,11,448,1023,1.560997940032044,seq=448 cloud=1.56% status=0x00,c0 01 ff 03 00 0b 00
2026-07-28T12:34:17.609504+00:00,1785242057.609504,-77,12.0,False,True,1,8,True,True,True,True,0xD6AA,0xD6AA,396,False,0,2,False,0,0,42868,4100000,27,42868,0,STANDBY,30,False,False,True,True,True,True,True,False,True,True,False,False,False,False,False,False,3952,3.952,0,0,48.0879707,11.2960119,568.0,1.94,0.03,319.04,480879707,112960119,5680,3,194,31904,95676.0,34.79,0.1,4.0011132,7.972806449999999,5.3936575,-0.061086523819801536,0.6038839211900381,0.008726646259971648,408,813,550,-35,346,5,1,3479,1,False,False,False,False,False,False,False,False,5,0,0,0,0.408,0.813,0.55,1.0629830666572258,-3.5,34.6,0.5,1,1,0,1,1,0,0x007F,"GPS, IMU, BARO, CORAL, SD, LORA, EPS_ADC",0x0000,NONE,0,0,POWER_ON,0,NONE,0,1,ACCEPTED,9,RX_OK,0,0,1,2,PACKET_OK,9,0,0,4,449,6655,10.154879072251468,seq=449 cloud=10.15% status=0x00,c1 01 ff 19 00 04 00
2026-07-28T12:34:27.894247+00:00,1785242067.894247,-72,12.25,False,True,1,8,True,True,True,True,0x335C,0x335C,397,False,0,2,False,0,0,42868,4111000,93,42868,0,STANDBY,30,False,False,True,True,True,True,True,False,True,True,False,False,False,False,False,False,3932,3.932,0,0,48.0879707,11.2960119,568.0,1.94,0.03,319.04,480879707,112960119,5680,3,194,31904,95677.0,34.81,-0.1,-9.18883105,0.8629851999999999,-0.0196133,-0.20245819323134223,0.10297442586766545,0.003490658503988659,-937,88,-2,-116,59,2,-1,3481,1,False,False,False,False,False,False,False,False,5,0,0,0,-0.937,0.088,-0.002,0.9411253901579747,-11.6,5.9,0.2,1,1,0,1,1,0,0x007F,"GPS, IMU, BARO, CORAL, SD, LORA, EPS_ADC",0x0000,NONE,0,0,POWER_ON,0,NONE,0,1,ACCEPTED,9,RX_OK,0,0,1,2,PACKET_OK,9,0,0,15,449,6655,10.154879072251468,seq=449 cloud=10.15% status=0x00,c1 01 ff 19 00 0f 00
2026-07-28T12:34:38.209412+00:00,1785242078.209412,-69,12.0,False,True,1,8,True,True,True,True,0x1E63,0x1E63,398,False,0,2,False,0,0,42868,4121000,3,42868,0,STANDBY,30,False,False,True,True,True,True,True,False,True,True,False,False,False,False,False,False,3955,3.955,0,0,48.0879707,11.2960119,568.0,1.94,0.03,319.04,480879707,112960119,5680,3,194,31904,95675.0,34.83,0.1,-9.1594111,-0.10787314999999999,0.32361945,-0.38571776469074687,0.09250245035569947,0.42062434973063345,-934,-11,33,-221,53,241,1,3483,1,False,False,False,False,False,False,False,False,5,0,0,0,-0.934,-0.011,0.033,0.934647527145929,-22.1,5.3,24.1,1,1,0,1,1,0,0x007F,"GPS, IMU, BARO, CORAL, SD, LORA, EPS_ADC",0x0000,NONE,0,0,POWER_ON,0,NONE,0,1,ACCEPTED,9,RX_OK,0,0,1,2,PACKET_OK,9,0,0,8,450,511,0.7797360189211872,seq=450 cloud=0.78% status=0x00,c2 01 ff 01 00 08 00
2026-07-28T12:34:48.497194+00:00,1785242088.497194,-63,12.0,False,True,1,8,True,True,True,True,0xB894,0xB894,399,False,0,2,False,0,0,42868,4131000,53,42868,0,STANDBY,30,False,False,True,True,True,True,True,False,True,True,False,False,False,False,False,False,3942,3.942,0,0,48.0879707,11.2960119,568.0,1.94,0.03,319.04,480879707,112960119,5680,3,194,31904,95684.0,34.86,-0.1,-9.18883105,-1.0198915999999998,2.4516625,-0.022689280275926284,-0.005235987755982988,-0.019198621771937627,-937,-104,250,-13,-3,-11,-1,3486,1,False,False,False,False,False,False,False,False,5,0,0,0,-0.937,-0.104,0.25,0.9753384028120702,-1.3,-0.3,-1.1,1,1,0,1,1,0,0x007F,"GPS, IMU, BARO, CORAL, SD, LORA, EPS_ADC",0x0000,NONE,0,0,POWER_ON,0,NONE,0,1,ACCEPTED,9,RX_OK,0,0,1,2,PACKET_OK,9,0,0,1,451,13823,21.092545967803463,seq=451 cloud=21.09% status=0x00,c3 01 ff 35 00 01 00
2026-07-28T12:34:58.791190+00:00,1785242098.79119,-58,12.5,False,True,1,8,True,True,True,True,0xF506,0xF506,400,False,0,2,False,0,0,42868,4142000,73,42868,0,STANDBY,30,False,False,True,True,True,True,True,False,True,True,False,False,False,False,False,False,3920,3.92,3,4,48.0879707,11.2960119,568.0,1.94,0.03,319.04,480879707,112960119,5680,3,194,31904,95690.0,34.88,-0.4,-2.3732092999999996,-4.9817782,7.7472535,0.26703537555513246,0.7260569688296411,0.1954768762233649,-242,-508,790,153,416,112,-4,3488,1,False,False,False,False,False,False,False,False,5,0,0,0,-0.242,-0.508,0.79,0.9699113361539807,15.3,41.6,11.2,1,1,0,1,1,0,0x007F,"GPS, IMU, BARO, CORAL, SD, LORA, EPS_ADC",0x0000,NONE,0,0,POWER_ON,0,NONE,0,1,ACCEPTED,9,RX_OK,0,0,1,2,PACKET_OK,9,0,0,11,451,13823,21.092545967803463,seq=451 cloud=21.09% status=0x00,c3 01 ff 35 00 0b 00
2026-07-28T12:35:09.099547+00:00,1785242109.099547,-54,12.0,False,True,1,8,True,True,True,True,0xC349,0xC349,401,False,0,2,False,0,0,42868,4152000,91,42868,0,STANDBY,30,False,False,True,True,True,True,True,False,True,True,False,False,False,False,False,False,3942,3.942,0,0,48.0879707,11.2960119,568.0,1.94,0.03,319.04,480879707,112960119,5680,3,194,31904,95686.0,34.9,0.0,-9.581097049999999,-1.0983448,0.24516625,-0.022689280275926284,-0.008726646259971648,-0.019198621771937627,-977,-112,25,-13,-5,-11,0,3490,1,False,False,False,False,False,False,False,False,5,0,0,0,-0.977,-0.112,0.025,0.9837164225527598,-1.3,-0.5,-1.1,1,1,0,1,1,0,0x007F,"GPS, IMU, BARO, CORAL, SD, LORA, EPS_ADC",0x0000,NONE,0,0,POWER_ON,0,NONE,0,1,ACCEPTED,9,RX_OK,0,0,1,2,PACKET_OK,9,0,0,5,452,0,0.0,seq=452 cloud=0.00% status=0x00,c4 01 00 00 00 05 00
2026-07-28T12:35:19.395079+00:00,1785242119.395079,-54,11.75,False,True,1,8,True,True,True,True,0xBD8D,0xBD8D,402,False,0,2,False,0,0,42868,4162000,60,42868,0,STANDBY,30,False,False,True,True,True,True,True,False,True,True,False,False,False,False,False,False,3952,3.952,0,0,48.0879707,11.2960119,568.0,1.94,0.03,319.04,480879707,112960119,5680,3,194,31904,95687.0,34.93,0.0,-9.561483749999999,-1.08853815,0.20593965,-0.013962634015954637,0.0017453292519943296,-0.019198621771937627,-975,-111,21,-8,1,-11,0,3493,1,False,False,False,False,False,False,False,False,5,0,0,0,-0.975,-0.111,0.021,0.9815227964749469,-0.8,0.1,-1.1,1,1,0,1,1,0,0x007F,"GPS, IMU, BARO, CORAL, SD, LORA, EPS_ADC",0x0000,NONE,0,0,POWER_ON,0,NONE,0,1,ACCEPTED,9,RX_OK,0,0,1,2,PACKET_OK,9,0,0,15,452,0,0.0,seq=452 cloud=0.00% status=0x00,c4 01 00 00 00 0f 00
2026-07-28T12:35:29.750147+00:00,1785242129.750147,-66,12.25,False,True,1,8,True,True,True,True,0x205E,0x205E,403,False,0,2,False,0,0,42868,4172000,49,42868,0,STANDBY,30,False,False,True,True,True,True,True,False,True,True,False,False,False,False,False,False,3955,3.955,0,0,48.0879707,11.2960119,568.0,1.94,0.03,319.04,480879707,112960119,5680,3,194,31904,95687.0,34.95,0.0,-0.5883989999999999,-0.14709974999999997,-10.100849499999999,0.24085543677521748,0.019198621771937627,-0.04363323129985824,-60,-15,-1030,138,11,-25,0,3495,1,False,False,False,False,False,False,False,False,5,0,0,0,-0.06,-0.015,-1.03,1.031855125490008,13.8,1.1,-2.5,1,1,0,1,1,0,0x007F,"GPS, IMU, BARO, CORAL, SD, LORA, EPS_ADC",0x0000,NONE,0,0,POWER_ON,0,NONE,0,1,ACCEPTED,9,RX_OK,0,0,1,2,PACKET_OK,9,0,0,8,453,1535,2.342259861142901,seq=453 cloud=2.34% status=0x00,c5 01 ff 05 00 08 00
2026-07-28T12:35:39.981865+00:00,1785242139.981865,-52,12.0,False,True,1,8,True,True,True,True,0xA487,0xA487,404,False,0,2,False,0,0,42868,4183000,92,42868,0,STANDBY,30,False,False,True,True,True,True,True,False,True,True,False,False,False,False,False,False,3952,3.952,0,0,48.0879707,11.2960119,568.0,1.94,0.03,319.04,480879707,112960119,5680,3,194,31904,95684.0,34.97,0.3,-9.52225715,-1.14737805,0.81395195,-0.022689280275926284,-0.008726646259971648,-0.020943951023931952,-971,-117,83,-13,-5,-12,3,3497,1,False,False,False,False,False,False,False,False,5,0,0,0,-0.971,-0.117,0.083,0.9815390975401845,-1.3,-0.5,-1.2,1,1,0,1,1,0,0x007F,"GPS, IMU, BARO, CORAL, SD, LORA, EPS_ADC",0x0000,NONE,0,0,POWER_ON,0,NONE,0,1,ACCEPTED,9,RX_OK,0,0,1,2,PACKET_OK,9,0,0,2,454,5119,7.811093308918898,seq=454 cloud=7.81% status=0x00,c6 01 ff 13 00 02 00
2026-07-28T12:35:50.292250+00:00,1785242150.29225,-65,11.5,False,True,1,8,True,True,True,True,0x3FF7,0x3FF7,405,False,0,2,False,0,0,42868,4193000,35,42868,0,STANDBY,30,False,False,True,True,True,True,True,False,True,True,False,False,False,False,False,False,3929,3.929,0,0,48.0879707,11.2960119,568.0,1.94,0.03,319.04,480879707,112960119,5680,3,194,31904,95689.0,34.98,-0.1,-9.44380395,-1.06892485,1.53964405,-0.017453292519943295,0.003490658503988659,-0.017453292519943295,-963,-109,157,-10,2,-10,-1,3498,1,False,False,False,False,False,False,False,False,5,0,0,0,-0.963,-0.109,0.157,0.9817835810401394,-1.0,0.2,-1.0,1,1,0,1,1,0,0x007F,"GPS, IMU, BARO, CORAL, SD, LORA, EPS_ADC",0x0000,NONE,0,0,POWER_ON,0,NONE,0,1,ACCEPTED,9,RX_OK,0,0,1,2,PACKET_OK,9,0,0,12,454,5119,7.811093308918898,seq=454 cloud=7.81% status=0x00,c6 01 ff 13 00 0c 00
2026-07-28T12:36:00.575981+00:00,1785242160.575981,-71,12.25,False,True,1,8,True,True,True,True,0xE9DD,0xE9DD,406,False,0,2,False,0,0,42868,4203000,62,42868,0,STANDBY,14,False,False,True,True,True,True,False,False,True,True,False,False,False,False,False,False,3952,3.952,0,0,48.0879707,11.2960119,568.0,1.94,0.03,319.04,480879707,112960119,5680,3,194,31904,95688.0,35.0,-0.1,-9.5320638,-0.83356525,0.5099457999999999,-0.020943951023931952,0.038397243543875255,-0.013962634015954637,-972,-85,52,-12,22,-8,-1,3500,1,False,False,False,False,False,False,False,False,5,0,0,0,-0.972,-0.085,0.052,0.9770941612761792,-1.2,2.2,-0.8,1,1,0,1,0,0,0x007F,"GPS, IMU, BARO, CORAL, SD, LORA, EPS_ADC",0x0000,NONE,0,0,POWER_ON,0,NONE,0,1,ACCEPTED,9,RX_OK,0,0,1,2,PACKET_OK,9,0,1,22,454,5119,7.811093308918898,seq=454 cloud=7.81% status=0x01,c6 01 ff 13 01 16 00
2026-07-28T12:36:10.868970+00:00,1785242170.86897,-75,12.25,False,True,1,8,True,True,True,True,0x86D6,0x86D6,407,False,0,2,False,0,0,42868,4214000,89,42868,0,STANDBY,14,False,False,True,True,True,True,False,False,True,True,False,False,False,False,False,False,3929,3.929,0,0,48.0879707,11.2960119,568.0,1.94,0.03,319.04,480879707,112960119,5680,3,194,31904,95689.0,35.03,-0.1,-9.5516771,-0.83356525,0.3334261,-0.031415926535897934,-0.017453292519943295,-0.022689280275926284,-974,-85,34,-18,-10,-13,-1,3503,1,False,False,False,False,False,False,False,False,5,0,0,0,-0.974,-0.085,0.034,0.9782929009248713,-1.8,-1.0,-1.3,1,1,0,1,0,0,0x007F,"GPS, IMU, BARO, CORAL, SD, LORA, EPS_ADC",0x0008,CORAL,0,0,POWER_ON,0,NONE,0,1,ACCEPTED,9,RX_OK,0,0,1,2,PACKET_OK,9,0,1,32,454,5119,7.811093308918898,seq=454 cloud=7.81% status=0x01,c6 01 ff 13 01 20 00
2026-07-28T12:36:21.360225+00:00,1785242181.360225,-74,12.0,False,True,1,8,True,True,True,True,0xF2E7,0xF2E7,408,False,0,2,False,0,0,42868,4224000,249,42868,0,STANDBY,30,False,False,True,True,True,True,True,False,True,True,False,False,False,False,False,False,3945,3.945,0,0,48.0879707,11.2960119,568.0,1.94,0.03,319.04,480879707,112960119,5680,3,194,31904,95686.0,35.06,0.2,-9.6301303,-0.980665,0.2353596,-0.024434609527920613,0.006981317007977318,-0.024434609527920613,-982,-100,24,-14,4,-14,2,3506,1,False,False,False,False,False,False,False,False,5,0,0,0,-0.982,-0.1,0.024,0.9873702446397704,-1.4,0.4,-1.4,1,1,0,1,1,0,0x007F,"GPS, IMU, BARO, CORAL, SD, LORA, EPS_ADC",0x0000,NONE,0,0,POWER_ON,0,NONE,0,1,ACCEPTED,9,RX_OK,0,0,1,2,PACKET_OK,9,0,0,9,456,5375,8.201724269474326,seq=456 cloud=8.20% status=0x00,c8 01 ff 14 00 09 00
2026-07-28T12:36:31.914350+00:00,1785242191.91435,-75,12.0,False,True,1,8,True,True,True,True,0x81C5,0x81C5,409,False,0,2,False,0,0,42868,4235000,261,42868,0,STANDBY,30,False,False,True,True,True,True,True,False,True,True,False,False,False,False,False,False,3942,3.942,0,0,48.0879707,11.2960119,568.0,1.94,0.03,319.04,480879707,112960119,5680,3,194,31904,95684.0,35.08,0.4,-9.473223899999999,-0.7453053999999999,0.28439285,-0.020943951023931952,-0.0017453292519943296,-0.020943951023931952,-966,-76,29,-12,-1,-12,4,3508,1,False,False,False,False,False,False,False,False,5,0,0,0,-0.966,-0.076,0.029,0.9694188981033947,-1.2,-0.1,-1.2,1,1,0,1,1,0,0x007F,"GPS, IMU, BARO, CORAL, SD, LORA, EPS_ADC",0x0000,NONE,0,0,POWER_ON,0,NONE,0,1,ACCEPTED,9,RX_OK,0,0,1,2,PACKET_OK,9,0,0,2,457,8191,12.498664835584039,seq=457 cloud=12.50% status=0x00,c9 01 ff 1f 00 02 00
2026-07-28T12:36:42.230755+00:00,1785242202.230755,-83,11.75,False,True,1,8,True,True,True,True,0x9333,0x9333,410,False,0,2,False,0,0,42868,4245000,77,42868,0,STANDBY,30,False,False,True,True,True,True,True,False,True,True,False,False,False,False,False,False,3926,3.926,0,0,48.0879707,11.2960119,568.0,1.94,0.03,319.04,480879707,112960119,5680,3,194,31904,95694.0,35.11,-0.4,-9.590903699999998,-0.6864655000000001,0.28439285,-0.017453292519943295,0.010471975511965976,-0.017453292519943295,-978,-70,29,-10,6,-10,-4,3511,1,False,False,False,False,False,False,False,False,5,0,0,0,-0.978,-0.07,0.029,0.9809306805274265,-1.0,0.6,-1.0,1,1,0,1,1,0,0x007F,"GPS, IMU, BARO, CORAL, SD, LORA, EPS_ADC",0x0000,NONE,0,0,POWER_ON,0,NONE,0,1,ACCEPTED,9,RX_OK,0,0,1,2,PACKET_OK,9,0,0,12,457,8191,12.498664835584039,seq=457 cloud=12.50% status=0x00,c9 01 ff 1f 00 0c 00
2026-07-28T12:36:52.506540+00:00,1785242212.50654,-76,12.25,False,True,1,8,True,True,True,True,0xF1AF,0xF1AF,411,False,0,2,False,0,0,42868,4255000,55,42868,0,STANDBY,30,False,False,True,True,True,True,True,False,True,True,False,False,False,False,False,False,3945,3.945,0,0,48.0879707,11.2960119,568.0,1.94,0.03,319.04,480879707,112960119,5680,3,194,31904,95688.0,35.13,0.1,-9.610517,-0.63743225,0.32361945,-0.022689280275926284,0.006981317007977318,-0.010471975511965976,-980,-65,33,-13,4,-6,1,3513,1,False,False,False,False,False,False,False,False,5,0,0,0,-0.98,-0.065,0.033,0.9827074844530289,-1.3,0.4,-0.6,1,1,0,1,1,0,0x007F,"GPS, IMU, BARO, CORAL, SD, LORA, EPS_ADC",0x0000,NONE,0,0,POWER_ON,0,NONE,0,1,ACCEPTED,9,RX_OK,0,0,1,2,PACKET_OK,9,0,0,5,458,13823,21.092545967803463,seq=458 cloud=21.09% status=0x00,ca 01 ff 35 00 05 00
2026-07-28T12:37:02.806234+00:00,1785242222.806234,-82,13.0,False,True,1,8,True,True,True,True,0x80C0,0x80C0,412,False,0,2,False,0,0,42868,4266000,44,42868,0,STANDBY,30,False,False,True,True,True,True,True,False,True,True,False,False,False,False,False,False,3929,3.929,0,0,48.0879707,11.2960119,568.0,1.94,0.03,319.04,480879707,112960119,5680,3,194,31904,95688.0,35.15,0.0,-9.590903699999998,-0.81395195,0.37265269999999995,-0.019198621771937627,0.029670597283903602,-0.015707963267948967,-978,-83,38,-11,17,-9,0,3515,1,False,False,False,False,False,False,False,False,5,0,0,0,-0.978,-0.083,0.038,0.9822509862555496,-1.1,1.7,-0.9,1,1,0,1,1,0,0x007F,"GPS, IMU, BARO, CORAL, SD, LORA, EPS_ADC",0x0000,NONE,0,0,POWER_ON,0,NONE,0,1,ACCEPTED,9,RX_OK,0,0,1,2,PACKET_OK,9,0,0,16,458,13823,21.092545967803463,seq=458 cloud=21.09% status=0x00,ca 01 ff 35 00 10 00
2026-07-28T12:37:13.121311+00:00,1785242233.121311,-75,12.25,False,True,1,8,True,True,True,True,0xEBC7,0xEBC7,413,False,0,2,False,0,0,42868,4276000,84,42868,0,STANDBY,30,False,False,True,True,True,True,True,False,True,True,False,False,False,False,False,False,3942,3.942,0,0,48.0879707,11.2960119,568.0,1.94,0.03,319.04,480879707,112960119,5680,3,194,31904,95686.0,35.18,0.1,-9.62032365,-0.45110589999999995,0.08825984999999999,0.0,-0.019198621771937627,-0.019198621771937627,-981,-46,9,0,-11,-11,1,3518,1,False,False,False,False,False,False,False,False,5,0,0,0,-0.981,-0.046,0.009,0.9821191373759092,0.0,-1.1,-1.1,1,1,0,1,1,0,0x007F,"GPS, IMU, BARO, CORAL, SD, LORA, EPS_ADC",0x0000,NONE,0,0,POWER_ON,0,NONE,0,1,ACCEPTED,9,RX_OK,0,0,1,2,PACKET_OK,9,0,0,9,459,8959,13.670557717250324,seq=459 cloud=13.67% status=0x00,cb 01 ff 22 00 09 00
2026-07-28T12:37:23.407941+00:00,1785242243.407941,-77,12.5,False,True,1,8,True,True,True,True,0x7FF6,0x7FF6,414,False,0,2,False,0,0,42868,4286000,35,42868,0,STANDBY,30,False,False,True,True,True,True,True,False,True,True,False,False,False,False,False,False,3942,3.942,0,0,48.0879707,11.2960119,568.0,1.94,0.03,319.04,480879707,112960119,5680,3,194,31904,95683.0,35.2,0.2,-10.110656149999999,-1.0983448,0.0784532,-0.031415926535897934,0.15184364492350666,0.05585053606381855,-1031,-112,8,-18,87,32,2,3520,1,False,False,False,False,False,False,False,False,5,0,0,0,-1.031,-0.112,0.008,1.037096427532175,-1.8,8.7,3.2,1,1,0,1,1,0,0x007F,"GPS, IMU, BARO, CORAL, SD, LORA, EPS_ADC",0x0000,NONE,0,0,POWER_ON,0,NONE,0,1,ACCEPTED,9,RX_OK,0,0,1,2,PACKET_OK,9,0,0,2,460,9471,14.451819638361181,seq=460 cloud=14.45% status=0x00,cc 01 ff 24 00 02 00
2026-07-28T12:37:33.711082+00:00,1785242253.711082,-75,12.0,False,True,1,8,True,True,True,True,0x1AC3,0x1AC3,415,False,0,2,False,0,0,42868,4296000,9,42868,0,STANDBY,30,False,False,True,True,True,True,True,False,True,True,False,False,False,False,False,False,3955,3.955,0,0,48.0879707,11.2960119,568.0,1.94,0.03,319.04,480879707,112960119,5680,3,194,31904,95686.0,35.22,-0.1,-9.590903699999998,-0.980665,0.9218251,-0.038397243543875255,-0.005235987755982988,-0.031415926535897934,-978,-100,94,-22,-3,-18,-1,3522,1,False,False,False,False,False,False,False,False,5,0,0,0,-0.978,-0.1,0.094,0.9875829079120395,-2.2,-0.3,-1.8,1,1,0,1,1,0,0x007F,"GPS, IMU, BARO, CORAL, SD, LORA, EPS_ADC",0x0000,NONE,0,0,POWER_ON,0,NONE,0,1,ACCEPTED,9,RX_OK,0,0,1,2,PACKET_OK,9,0,0,12,460,9471,14.451819638361181,seq=460 cloud=14.45% status=0x00,cc 01 ff 24 00 0c 00
2026-07-28T12:37:44.051734+00:00,1785242264.051734,-76,12.5,False,True,1,8,True,True,True,True,0xA122,0xA122,416,False,0,2,False,0,0,45464,4307000,44,45464,0,STANDBY,31,True,True,True,True,True,True,True,False,True,True,False,False,False,False,False,False,3945,3.945,3,5,48.0879517,11.2960234,572.0,0.28,-0.09,0.0,480879517,112960234,5720,-9,28,0,95678.0,35.24,0.4,-9.492837199999999,-0.9218251,1.22583125,-0.026179938779914945,-0.010471975511965976,-0.020943951023931952,-968,-94,125,-15,-6,-12,4,3524,1,False,False,False,False,False,False,False,False,5,0,1,1,-0.968,-0.094,0.125,0.9805534151692094,-1.5,-0.6,-1.2,1,1,0,1,1,0,0x007F,"GPS, IMU, BARO, CORAL, SD, LORA, EPS_ADC",0x0000,NONE,0,0,POWER_ON,0,NONE,0,1,ACCEPTED,9,RX_OK,0,0,1,2,PACKET_OK,9,0,0,5,461,12287,18.748760204470894,seq=461 cloud=18.75% status=0x00,cd 01 ff 2f 00 05 00
2026-07-28T12:37:54.460978+00:00,1785242274.460978,-74,9.75,False,True,1,8,True,True,True,True,0x07FE,0x07FE,417,False,0,2,False,0,0,45474,4317000,66,45474,0,STANDBY,31,True,True,True,True,True,True,True,False,True,True,False,False,False,False,False,False,3929,3.929,3,5,48.0879784,11.2960176,569.0,0.24,0.1,0.0,480879784,112960176,5690,10,24,0,95677.0,35.25,0.2,-9.12999115,-0.6668522,0.9512450499999999,0.08203047484373349,0.05061454830783556,-0.04363323129985824,-931,-68,97,47,29,-25,2,3525,1,False,False,False,False,False,False,False,False,5,0,1,1,-0.931,-0.068,0.097,0.9385062599684671,4.7,2.9,-2.5,1,1,0,1,1,0,0x007F,"GPS, IMU, BARO, CORAL, SD, LORA, EPS_ADC",0x0000,NONE,0,0,POWER_ON,0,NONE,0,1,ACCEPTED,9,RX_OK,0,0,1,2,PACKET_OK,9,0,0,16,461,12287,18.748760204470894,seq=461 cloud=18.75% status=0x00,cd 01 ff 2f 00 10 00
2026-07-28T12:38:05.142500+00:00,1785242285.1425,-74,11.0,False,True,1,8,True,True,True,True,0x64F0,0x64F0,418,False,0,2,False,0,0,45485,4328000,5,45485,0,STANDBY,31,True,True,True,True,True,True,True,False,True,True,False,False,False,False,False,False,3939,3.939,3,5,48.087986,11.2960129,571.0,0.12,0.08,0.0,480879860,112960129,5710,8,12,0,95674.0,35.27,0.2,-9.36535075,-1.01008495,1.57887065,-0.008726646259971648,0.015707963267948967,-0.031415926535897934,-955,-103,161,-5,9,-18,2,3527,1,False,False,False,False,False,False,False,False,5,0,1,1,-0.955,-0.103,0.161,0.9739378830295081,-0.5,0.9,-1.8,1,1,0,1,1,0,0x007F,"GPS, IMU, BARO, CORAL, SD, LORA, EPS_ADC",0x0000,NONE,0,0,POWER_ON,0,NONE,0,1,ACCEPTED,9,RX_OK,0,0,1,2,PACKET_OK,9,0,0,9,462,255,0.38910505836575876,seq=462 cloud=0.39% status=0x00,ce 01 ff 00 00 09 00
2026-07-28T12:38:15.537425+00:00,1785242295.537425,-75,12.5,False,True,1,8,True,True,True,True,0x16F0,0x16F0,419,False,0,2,False,0,0,45495,4338000,32,45495,0,STANDBY,31,True,True,True,True,True,True,True,False,True,True,False,False,False,False,False,False,3942,3.942,3,6,48.0879784,11.2960205,572.0,0.11,0.05,0.0,480879784,112960205,5720,5,11,0,95685.0,35.28,-0.5,-9.483030549999999,-0.9512450499999999,1.7259703999999998,-0.029670597283903602,0.0,-0.012217304763960306,-967,-97,176,-17,0,-7,-5,3528,1,False,False,False,False,False,False,False,False,5,0,1,1,-0.967,-0.097,0.176,0.9876608729720946,-1.7,0.0,-0.7,1,1,0,1,1,0,0x007F,"GPS, IMU, BARO, CORAL, SD, LORA, EPS_ADC",0x0000,NONE,0,0,POWER_ON,0,NONE,0,1,ACCEPTED,9,RX_OK,0,0,1,2,PACKET_OK,9,0,0,2,463,20735,31.639581902800032,seq=463 cloud=31.64% status=0x00,cf 01 ff 50 00 02 00
2026-07-28T12:38:26.088330+00:00,1785242306.08833,-79,12.0,False,True,1,8,True,True,True,True,0x337C,0x337C,420,False,0,2,False,0,0,45506,4349000,77,45506,0,STANDBY,31,True,True,True,True,True,True,True,False,True,True,False,False,False,False,False,False,3952,3.952,3,7,48.0879669,11.2960196,574.0,0.44,0.22,130.39,480879669,112960196,5740,22,44,13039,95679.0,35.29,0.1,-9.394770699999999,-1.0493115499999999,2.0986230999999997,-0.03665191429188092,-0.027925268031909273,0.006981317007977318,-958,-107,214,-21,-16,4,1,3529,1,False,False,False,False,False,False,False,False,5,0,1,1,-0.958,-0.107,0.214,0.9874254402232099,-2.1,-1.6,0.4,1,1,0,1,1,0,0x007F,"GPS, IMU, BARO, CORAL, SD, LORA, EPS_ADC",0x0000,NONE,0,0,POWER_ON,0,NONE,0,1,ACCEPTED,9,RX_OK,0,0,1,2,PACKET_OK,9,0,0,13,463,20735,31.639581902800032,seq=463 cloud=31.64% status=0x00,cf 01 ff 50 00 0d 00
2026-07-28T12:38:36.682532+00:00,1785242316.682532,-85,11.0,False,True,1,8,True,True,True,True,0xFDA9,0xFDA9,421,False,0,2,False,0,0,45516,4359000,32,45516,0,STANDBY,31,True,True,True,True,True,True,True,False,True,True,False,False,False,False,False,False,3936,3.936,3,7,48.0879593,11.2960272,576.0,0.05,-0.16,70.02,480879593,112960272,5760,-16,5,7002,95685.0,35.31,-0.3,-9.36535075,-1.1767979999999998,1.89268345,-0.041887902047863905,-0.010471975511965976,-0.0017453292519943296,-955,-120,193,-24,-6,-1,-3,3531,1,False,False,False,False,False,False,False,False,5,0,1,1,-0.955,-0.12,0.193,0.9816689869808457,-2.4,-0.6,-0.1,1,1,0,1,1,0,0x007F,"GPS, IMU, BARO, CORAL, SD, LORA, EPS_ADC",0x0000,NONE,0,0,POWER_ON,0,NONE,0,1,ACCEPTED,9,RX_OK,0,0,1,2,PACKET_OK,9,0,0,6,464,5887,8.982986190585184,seq=464 cloud=8.98% status=0x00,d0 01 ff 16 00 06 00
2026-07-28T12:38:47.222251+00:00,1785242327.222251,-81,12.25,False,True,1,8,True,True,True,True,0x6543,0x6543,422,False,0,2,False,0,0,45527,4370000,99,45527,0,STANDBY,31,True,True,True,True,True,True,True,False,True,True,False,False,False,False,False,False,3929,3.929,3,7,48.0879593,11.2960262,575.0,0.1,0.02,70.02,480879593,112960262,5750,2,10,7002,95687.0,35.31,-0.3,-9.2574776,-1.1866046499999998,2.1476563499999997,-0.027925268031909273,-0.006981317007977318,-0.020943951023931952,-944,-121,219,-16,-4,-12,-3,3531,1,False,False,False,False,False,False,False,False,5,0,1,1,-0.944,-0.121,0.219,0.9765951054556847,-1.6,-0.4,-1.2,1,1,0,1,1,0,0x007F,"GPS, IMU, BARO, CORAL, SD, LORA, EPS_ADC",0x0000,NONE,0,0,POWER_ON,0,NONE,0,1,ACCEPTED,9,RX_OK,0,0,1,2,PACKET_OK,9,0,0,0,465,2559,3.9047837033646142,seq=465 cloud=3.90% status=0x00,d1 01 ff 09 00 00 00
2026-07-28T12:38:56.712655+00:00,1785242336.712655,-73,11.5,False,True,1,8,True,True,True,True,0x1CE6,0x1CE6,423,False,0,2,False,0,0,45536,4379000,25,45536,1,LAUNCH,31,True,True,True,True,True,True,True,False,True,True,False,False,False,False,False,False,3945,3.945,3,7,48.0879326,11.2960224,580.0,3.31,3.82,127.68,480879326,112960224,5800,382,331,12768,95551.0,35.33,10.5,-9.934136449999999,-0.3138128,-0.53936575,-0.2129301687433082,0.03490658503988659,-0.21118483949131386,-1013,-32,-55,-122,20,-121,105,3533,1,False,False,False,False,False,False,False,False,5,0,1,1,-1.013,-0.032,-0.055,1.0149965517182804,-12.2,2.0,-12.1,1,1,0,1,1,0,0x007F,"GPS, IMU, BARO, CORAL, SD, LORA, EPS_ADC",0x0000,NONE,0,0,POWER_ON,0,NONE,0,1,ACCEPTED,9,RX_OK,0,0,1,2,PACKET_OK,9,0,0,9,465,2559,3.9047837033646142,seq=465 cloud=3.90% status=0x00,d1 01 ff 09 00 09 00
2026-07-28T12:39:06.999603+00:00,1785242346.999603,-83,11.75,False,True,1,8,True,True,True,True,0x8E72,0x8E72,424,False,0,2,False,0,0,45547,4390000,32,45547,1,LAUNCH,31,True,True,True,True,True,True,True,False,True,True,False,False,False,False,False,False,3936,3.936,3,8,48.0875587,11.2960234,647.0,7.71,5.8,223.08,480875587,112960234,6470,580,771,22308,94980.0,35.35,60.5,-11.73856005,-1.24544455,-0.6080123,0.10122909661567112,-0.40317105721069013,0.5305800926062761,-1197,-127,-62,58,-231,304,605,3535,1,False,False,False,False,False,False,False,False,5,0,1,1,-1.197,-0.127,-0.062,1.2053140669551652,5.8,-23.1,30.4,1,1,0,1,1,0,0x007F,"GPS, IMU, BARO, CORAL, SD, LORA, EPS_ADC",0x0000,NONE,0,0,POWER_ON,0,NONE,0,1,ACCEPTED,9,RX_OK,0,0,1,2,PACKET_OK,9,0,0,2,466,767,1.1703669794766156,seq=466 cloud=1.17% status=0x00,d2 01 ff 02 00 02 00
2026-07-28T12:39:18.481153+00:00,1785242358.481153,-86,11.25,False,True,1,8,True,True,True,True,0xBA0D,0xBA0D,426,False,1,3,False,0,0,45558,4401000,23,45558,2,ASCENT,31,True,True,True,True,True,True,True,False,True,True,False,False,False,False,False,False,3955,3.955,3,8,48.0871925,11.2960033,703.0,1.76,6.97,157.4,480871925,112960033,7030,697,176,15740,94332.0,35.36,117.5,-8.580818749999999,-0.35303939999999995,0.26477955,1.4224433403753787,-0.04537856055185257,0.6021385919380436,-875,-36,27,815,-26,345,1175,3536,1,False,False,False,False,False,False,False,False,5,0,1,1,-0.875,-0.036,0.027,0.876156378736125,81.5,-2.6,34.5,1,1,0,1,1,11000,0x007F,"GPS, IMU, BARO, CORAL, SD, LORA, EPS_ADC",0x0000,NONE,0,0,POWER_ON,0,NONE,0,1,ACCEPTED,13,ACK_TIMEOUT,0,0,1,1,ACTIVE,10,0,0,14,466,767,1.1703669794766156,seq=466 cloud=1.17% status=0x00,d2 01 ff 02 00 0e 00
2026-07-28T12:39:28.779217+00:00,1785242368.779217,-81,12.0,False,True,1,8,True,True,True,True,0x8416,0x8416,427,False,0,3,False,0,0,45568,4411000,89,45568,2,ASCENT,31,True,True,True,True,True,True,True,False,True,True,False,False,False,False,False,False,3939,3.939,3,8,48.0869293,11.2957964,759.0,3.64,7.57,179.82,480869293,112957964,7590,757,364,17982,93651.0,35.37,177.7,-11.826819899999998,-0.24516625,0.9610517,0.19373154697137057,0.8429940287132611,-0.5777039824101231,-1206,-25,98,111,483,-331,1777,3537,1,False,False,False,False,False,False,False,False,5,0,1,1,-1.206,-0.025,0.098,1.2102334485544515,11.1,48.3,-33.1,1,1,0,1,1,11000,0x007F,"GPS, IMU, BARO, CORAL, SD, LORA, EPS_ADC",0x0000,NONE,0,0,POWER_ON,0,NONE,0,1,ACCEPTED,9,RX_OK,0,0,1,2,PACKET_OK,10,0,0,7,467,7679,11.717402914473181,seq=467 cloud=11.72% status=0x00,d3 01 ff 1d 00 07 00
2026-07-28T12:39:39.328749+00:00,1785242379.328749,,,True,False,,,,,,False,,,,,,,,,,,,,,,,,,,,,,,,,,,,,,,,,,,,,,,,,,,,,,,,,,,,,,,,,,,,,,,,,,,,,,,,,,,,,,,,,,,,,,,,,,,,,,,,,,,,,,,,,,,,,,,,,,,,,,,
2026-07-28T12:39:49.836638+00:00,1785242389.836638,-94,10.0,False,True,1,8,True,True,True,True,0x1957,0x1957,429,False,1,4,False,0,0,45589,4432000,234,45589,2,ASCENT,31,True,True,True,True,True,True,True,False,True,True,False,False,False,False,False,False,3929,3.929,3,8,48.0867882,11.2960157,886.0,6.28,4.45,164.78,480867882,112960157,8860,445,628,16478,92349.0,35.39,293.9,-9.3555441,-1.0002783,-0.8531785499999999,2.16071761396898,-0.9285151620609834,0.015707963267948967,-954,-102,-87,1238,-532,9,2939,3539,1,False,False,False,False,False,False,False,False,5,0,1,1,-0.954,-0.102,-0.087,0.9633737592440433,123.8,-53.2,0.9,1,1,0,1,1,11000,0x007F,"GPS, IMU, BARO, CORAL, SD, LORA, EPS_ADC",0x0000,NONE,0,0,POWER_ON,0,NONE,0,1,ACCEPTED,10,RX_CRC_ERROR,0,0,1,3,CRC_ERROR,11,0,0,11,468,8959,13.670557717250324,seq=468 cloud=13.67% status=0x00,d4 01 ff 22 00 0b 00
2026-07-28T12:40:00.126172+00:00,1785242400.126172,-94,10.0,False,True,1,8,True,True,True,True,0x9AD0,0x9AD0,430,False,0,4,False,0,0,45600,4443000,81,45600,2,ASCENT,31,True,True,True,True,True,True,True,False,True,True,False,False,False,False,False,False,3942,3.942,3,8,48.0868149,11.295682,919.0,2.11,3.61,328.41,480868149,112956820,9190,361,211,32841,91960.0,35.41,328.9,-9.60071035,-0.10787314999999999,-0.5295591,-0.19722220547535926,0.19373154697137057,-0.2827433388230814,-979,-11,-54,-113,111,-162,3289,3541,1,False,False,False,False,False,False,False,False,5,0,1,1,-0.979,-0.011,-0.054,0.9805498457498222,-11.3,11.1,-16.2,1,1,0,1,1,11000,0x007F,"GPS, IMU, BARO, CORAL, SD, LORA, EPS_ADC",0x0000,NONE,0,0,POWER_ON,0,NONE,0,1,ACCEPTED,9,RX_OK,0,0,1,2,PACKET_OK,11,0,0,4,469,21759,33.20210574502175,seq=469 cloud=33.20% status=0x00,d5 01 ff 54 00 04 00
2026-07-28T12:40:10.510158+00:00,1785242410.510158,-92,9.0,False,True,1,8,True,True,True,True,0xC92F,0xC92F,431,False,0,4,False,0,0,45610,4453000,46,45610,2,ASCENT,31,True,True,True,True,True,True,True,False,True,True,False,False,False,False,False,False,3929,3.929,3,7,48.0869064,11.2955761,952.0,4.08,3.63,344.32,480869064,112955761,9520,363,408,34432,91581.0,35.43,363.1,-9.414383999999998,-0.2745862,-0.38245935,-0.47647488579445196,-0.14486232791552936,-0.08552113334772216,-960,-28,-39,-273,-83,-49,3631,3543,1,False,False,False,False,False,False,False,False,5,0,1,1,-0.96,-0.028,-0.039,0.9611997711194068,-27.3,-8.3,-4.9,1,1,0,1,1,71000,0x007F,"GPS, IMU, BARO, CORAL, SD, LORA, EPS_ADC",0x0000,NONE,0,0,POWER_ON,0,NONE,0,1,ACCEPTED,9,RX_OK,0,0,1,2,PACKET_OK,11,0,0,14,469,21759,33.20210574502175,seq=469 cloud=33.20% status=0x00,d5 01 ff 54 00 0e 00
2026-07-28T12:40:21.180864+00:00,1785242421.180864,-96,3.5,False,True,1,8,True,True,True,True,0xDB2F,0xDB2F,432,False,0,4,False,0,0,45621,4464000,38,45621,2,ASCENT,31,True,True,True,True,True,True,True,False,True,True,False,False,False,False,False,False,3936,3.936,3,7,48.0869102,11.295351,993.0,5.57,3.52,267.78,480869102,112953510,9930,352,557,26778,91184.0,35.45,399.0,-10.24794925,-0.784532,-0.37265269999999995,0.9075712110370514,-0.7330382858376184,-0.012217304763960306,-1045,-80,-38,520,-420,-7,3990,3545,1,False,False,False,False,False,False,False,False,5,0,1,1,-1.045,-0.08,-0.038,1.0487463945110846,52.0,-42.0,-0.7,1,1,0,1,1,71000,0x007F,"GPS, IMU, BARO, CORAL, SD, LORA, EPS_ADC",0x0000,NONE,0,0,POWER_ON,0,NONE,0,1,ACCEPTED,10,RX_CRC_ERROR,0,0,1,3,CRC_ERROR,11,0,0,8,470,4095,6.248569466697185,seq=470 cloud=6.25% status=0x00,d6 01 ff 0f 00 08 00
2026-07-28T12:40:31.691415+00:00,1785242431.691415,-96,6.25,False,True,1,8,True,True,True,True,0x57D3,0x57D3,433,False,0,4,False,0,0,45631,4474000,49,45631,2,ASCENT,31,True,True,True,True,True,True,True,False,True,True,False,False,False,False,False,False,3942,3.942,3,8,48.0869026,11.2950792,1033.0,5.67,4.46,277.7,480869026,112950792,10330,446,567,27770,90734.0,35.46,439.9,-11.905273099999999,-0.77472535,-0.46091255,-0.3787364476827695,0.054105206811824215,0.5096361415823443,-1214,-79,-47,-217,31,292,4399,3546,1,False,False,False,False,False,False,False,False,5,0,1,1,-1.214,-0.079,-0.047,1.217475256422076,-21.7,3.1,29.2,1,1,0,1,1,71000,0x007F,"GPS, IMU, BARO, CORAL, SD, LORA, EPS_ADC",0x0000,NONE,0,0,POWER_ON,0,NONE,0,1,ACCEPTED,9,RX_OK,0,0,1,2,PACKET_OK,11,0,0,2,471,16639,25.389486533913175,seq=471 cloud=25.39% status=0x00,d7 01 ff 40 00 02 00
2026-07-28T12:40:41.968116+00:00,1785242441.968116,-101,7.5,False,True,1,8,True,True,True,True,0xF500,0xF500,434,False,0,4,False,0,0,45642,4485000,39,45642,2,ASCENT,31,True,True,True,True,True,True,True,False,True,True,False,False,False,False,False,False,3939,3.939,3,8,48.0868187,11.2947674,1067.0,5.96,2.9,277.17,480868187,112947674,10670,290,596,27717,90420.0,35.49,468.5,-12.081792799999999,-1.0002783,-0.35303939999999995,0.7609635538695277,0.4276056667386107,0.05061454830783556,-1232,-102,-36,436,245,29,4685,3549,1,False,False,False,False,False,False,False,False,5,0,1,1,-1.232,-0.102,-0.036,1.2367392611217614,43.6,24.5,2.9,1,1,0,1,1,71000,0x007F,"GPS, IMU, BARO, CORAL, SD, LORA, EPS_ADC",0x0000,NONE,0,0,POWER_ON,0,NONE,0,1,ACCEPTED,9,RX_OK,0,0,1,2,PACKET_OK,11,0,0,12,471,16639,25.389486533913175,seq=471 cloud=25.39% status=0x00,d7 01 ff 40 00 0c 00
2026-07-28T12:40:52.281932+00:00,1785242452.281932,-98,9.25,False,True,1,8,True,True,True,True,0x4018,0x4018,435,False,0,4,False,0,0,45652,4495000,48,45652,2,ASCENT,31,True,True,True,True,True,True,True,False,True,True,False,False,False,False,False,False,3955,3.955,3,8,48.0866051,11.294425,1113.0,1.31,6.07,171.34,480866051,112944250,11130,607,131,17134,89989.0,35.5,508.0,-8.119906199999999,-0.30400615,-0.34323275000000003,-3.1503192998497647,-1.4067353771074296,0.0471238898038469,-828,-31,-35,-1805,-806,27,5080,3550,1,False,False,False,False,False,False,False,False,5,0,1,1,-0.828,-0.031,-0.035,0.8293189977324769,-180.5,-80.6,2.7,1,1,0,1,1,71000,0x007F,"GPS, IMU, BARO, CORAL, SD, LORA, EPS_ADC",0x0000,NONE,0,0,POWER_ON,0,NONE,0,1,ACCEPTED,9,RX_OK,0,0,1,2,PACKET_OK,11,0,0,5,472,30207,46.09292744335088,seq=472 cloud=46.09% status=0x00,d8 01 ff 75 00 05 00
2026-07-28T12:41:02.574163+00:00,1785242462.574163,-91,9.75,False,True,1,8,True,True,True,True,0x4AAE,0x4AAE,436,False,0,4,False,0,0,45662,4505000,36,45662,2,ASCENT,31,True,True,True,True,True,True,True,False,True,True,False,False,False,False,False,False,3958,3.958,3,8,48.0863342,11.2938795,1154.0,2.11,6.19,187.75,480863342,112938795,11540,619,211,18775,89493.0,35.51,553.5,-12.8859381,-0.4707192,0.28439285,-1.3910274138394807,1.1693705988362009,0.10122909661567112,-1314,-48,29,-797,670,58,5535,3551,1,False,False,False,False,False,False,False,False,5,0,1,1,-1.314,-0.048,0.029,1.3151961830844858,-79.7,67.0,5.8,1,1,0,1,1,71000,0x007F,"GPS, IMU, BARO, CORAL, SD, LORA, EPS_ADC",0x0000,NONE,0,0,POWER_ON,0,NONE,0,1,ACCEPTED,9,RX_OK,0,0,1,2,PACKET_OK,11,0,0,15,472,30207,46.09292744335088,seq=472 cloud=46.09% status=0x00,d8 01 ff 75 00 0f 00
2026-07-28T12:41:12.866378+00:00,1785242472.866378,-93,11.75,False,True,1,8,True,True,True,True,0x66B7,0x66B7,437,False,0,4,False,0,0,45673,4515000,33,45673,2,ASCENT,31,True,True,True,True,True,True,True,False,True,True,False,False,False,False,False,False,3932,3.932,3,8,48.0862465,11.2936049,1211.0,8.14,4.31,218.64,480862465,112936049,12110,431,814,21864,88935.0,35.53,605.0,-8.0806796,0.29419949999999995,-0.5491724,-1.9442967867216832,-0.6963863715457375,-0.17453292519943295,-824,30,-56,-1114,-399,-100,6050,3553,1,False,False,False,False,False,False,False,False,5,0,1,1,-0.824,0.03,-0.056,0.8264454004953987,-111.4,-39.9,-10.0,1,1,0,1,1,131000,0x007F,"GPS, IMU, BARO, CORAL, SD, LORA, EPS_ADC",0x0000,NONE,0,0,POWER_ON,0,NONE,0,1,ACCEPTED,13,ACK_TIMEOUT,0,0,1,1,ACTIVE,12,0,0,9,473,8191,12.498664835584039,seq=473 cloud=12.50% status=0x00,d9 01 ff 1f 00 09 00
2026-07-28T12:41:23.189901+00:00,1785242483.189901,-93,11.25,False,True,1,8,True,True,True,True,0xC805,0xC805,438,False,0,4,False,0,0,45683,4526000,25,45683,2,ASCENT,31,True,True,True,True,True,True,True,False,True,True,False,False,False,False,False,False,3942,3.942,3,8,48.0859909,11.2932234,1269.0,6.01,6.01,214.49,480859909,112932234,12690,601,601,21449,88347.0,35.56,659.6,-8.129712849999999,0.02941995,-0.2353596,1.2915436464758039,-0.010471975511965976,-0.21118483949131386,-829,3,-24,740,-6,-121,6596,3556,1,False,False,False,False,False,False,False,False,5,0,1,1,-0.829,0.003,-0.024,0.829352759686733,74.0,-0.6,-12.1,1,1,0,1,1,131000,0x007F,"GPS, IMU, BARO, CORAL, SD, LORA, EPS_ADC",0x0000,NONE,0,0,POWER_ON,0,NONE,0,1,ACCEPTED,13,ACK_TIMEOUT,0,0,1,1,ACTIVE,13,0,0,2,474,4863,7.42046234836347,seq=474 cloud=7.42% status=0x00,da 01 ff 12 00 02 00
2026-07-28T12:41:33.487053+00:00,1785242493.487053,-98,8.25,False,True,1,8,True,True,True,True,0x0005,0x0005,439,False,0,4,False,0,0,45693,4536000,56,45693,2,ASCENT,31,True,True,True,True,True,True,True,False,True,True,False,False,False,False,False,False,3920,3.92,3,8,48.0859871,11.2929382,1319.0,2.6,5.43,302.08,480859871,112929382,13190,543,260,30208,87806.0,35.57,710.0,-8.89463155,0.44129925,-0.44129925,0.059341194567807204,-0.2844886680750757,-0.1954768762233649,-907,45,-45,34,-163,-112,7100,3557,1,False,False,False,False,False,False,False,False,5,0,1,1,-0.907,0.045,-0.045,0.909229893921224,3.4,-16.3,-11.2,1,1,0,1,1,131000,0x007F,"GPS, IMU, BARO, CORAL, SD, LORA, EPS_ADC",0x0000,NONE,0,0,POWER_ON,0,NONE,0,1,ACCEPTED,13,ACK_TIMEOUT,0,0,1,1,ACTIVE,14,0,0,12,474,4863,7.42046234836347,seq=474 cloud=7.42% status=0x00,da 01 ff 12 00 0c 00
2026-07-28T12:41:43.760783+00:00,1785242503.760783,-103,9.0,False,True,1,8,True,True,True,True,0x5763,0x5763,440,False,0,4,False,0,0,45703,4546000,72,45703,2,ASCENT,31,True,True,True,True,True,True,True,False,True,True,False,False,False,False,False,False,3945,3.945,3,7,48.0861702,11.2926931,1367.0,2.69,5.14,12.09,480861702,112926931,13670,514,269,1209,87296.0,35.59,757.8,-11.532620399999999,0.32361945,-0.2745862,1.3840460968315034,-0.008726646259971648,-0.291469985083053,-1176,33,-28,793,-5,-167,7578,3559,1,False,False,False,False,False,False,False,False,5,0,1,1,-1.176,0.033,-0.028,1.1767960740927035,79.3,-0.5,-16.7,1,1,0,1,1,131000,0x007F,"GPS, IMU, BARO, CORAL, SD, LORA, EPS_ADC",0x0000,NONE,0,0,POWER_ON,0,NONE,0,1,ACCEPTED,13,ACK_TIMEOUT,0,0,1,3,CRC_ERROR,15,0,0,5,475,3839,5.857938506141756,seq=475 cloud=5.86% status=0x00,db 01 ff 0e 00 05 00
2026-07-28T12:41:54.066116+00:00,1785242514.066116,-97,10.25,False,True,1,8,True,True,True,True,0x5D60,0x5D60,441,False,0,4,False,0,0,45714,4557000,59,45714,2,ASCENT,31,True,True,True,True,True,True,True,False,True,True,False,False,False,False,False,False,3948,3.948,3,8,48.0861359,11.2923641,1423.0,5.42,6.53,217.91,480861359,112923641,14230,653,542,21791,86713.0,35.61,812.7,-10.836348249999999,-0.6276256,-0.9120184499999999,2.420771672516135,-0.1710422666954443,0.12566370614359174,-1105,-64,-93,1387,-98,72,8127,3561,1,False,False,False,False,False,False,False,False,5,0,1,1,-1.105,-0.064,-0.093,1.1107519975223992,138.7,-9.8,7.2,1,1,0,1,1,131000,0x007F,"GPS, IMU, BARO, CORAL, SD, LORA, EPS_ADC",0x0000,NONE,0,0,POWER_ON,0,NONE,0,1,ACCEPTED,9,RX_OK,0,0,1,2,PACKET_OK,15,0,0,16,475,3839,5.857938506141756,seq=475 cloud=5.86% status=0x00,db 01 ff 0e 00 10 00
2026-07-28T12:42:04.368807+00:00,1785242524.368807,-102,8.5,False,True,1,8,True,True,True,True,0xFAD7,0xFAD7,442,False,0,4,False,0,0,45724,4567000,67,45724,2,ASCENT,31,True,True,True,True,True,True,True,False,True,True,False,False,False,False,False,False,3942,3.942,3,7,48.0861778,11.2919521,1477.0,7.21,4.64,302.66,480861778,112919521,14770,464,721,30266,86151.0,35.62,865.9,-6.54103555,0.26477955,-0.6864655000000001,1.5114551322270893,-0.13439035240356337,-0.18675022996339324,-667,27,-70,866,-77,-107,8659,3562,1,False,False,False,False,False,False,False,False,5,0,1,1,-0.667,0.027,-0.07,0.671206376608566,86.6,-7.7,-10.7,1,1,0,1,1,131000,0x007F,"GPS, IMU, BARO, CORAL, SD, LORA, EPS_ADC",0x0000,NONE,0,0,POWER_ON,0,NONE,0,1,ACCEPTED,9,RX_OK,0,0,1,2,PACKET_OK,15,0,0,9,476,5887,8.982986190585184,seq=476 cloud=8.98% status=0x00,dc 01 ff 16 00 09 00
2026-07-28T12:42:14.669324+00:00,1785242534.669324,-101,9.0,False,True,1,8,True,True,True,True,0x5851,0x5851,443,False,0,4,False,0,0,45734,4577000,99,45734,2,ASCENT,31,True,True,True,True,True,True,True,False,True,True,False,False,False,False,False,False,3942,3.942,3,8,48.0861588,11.2916422,1534.0,5.21,5.88,350.67,480861588,112916422,15340,588,521,35067,85596.0,35.63,918.8,-8.4729456,-0.22555294999999997,0.0,-0.41364303272265607,0.05585053606381855,-0.0017453292519943296,-864,-23,0,-237,32,-1,9188,3563,1,False,False,False,False,False,False,False,False,5,0,1,1,-0.864,-0.023,0.0,0.8643060800434068,-23.7,3.2,-0.1,1,1,0,1,1,191000,0x007F,"GPS, IMU, BARO, CORAL, SD, LORA, EPS_ADC",0x0000,NONE,0,0,POWER_ON,0,NONE,0,1,ACCEPTED,13,ACK_TIMEOUT,0,0,1,3,CRC_ERROR,16,0,0,2,477,10239,15.623712520027466,seq=477 cloud=15.62% status=0x00,dd 01 ff 27 00 02 00
2026-07-28T12:42:24.966137+00:00,1785242544.966137,-97,9.25,False,True,1,8,True,True,True,True,0x0FF4,0x0FF4,444,False,0,4,False,0,0,45745,4587000,16,45745,2,ASCENT,31,True,True,True,True,True,True,True,False,True,True,False,False,False,False,False,False,3945,3.945,3,8,48.0862617,11.2913561,1587.0,2.84,5.43,261.07,480862617,112913561,15870,543,284,26107,85089.0,35.65,967.3,-15.1414676,-0.28439285,-0.9022117999999999,1.048942880448592,-1.371828792067543,0.2059488517353309,-1544,-29,-92,601,-786,118,9673,3565,1,False,False,False,False,False,False,False,False,5,0,1,1,-1.544,-0.029,-0.092,1.547010342564005,60.1,-78.6,11.8,1,1,0,1,1,191000,0x007F,"GPS, IMU, BARO, CORAL, SD, LORA, EPS_ADC",0x0000,NONE,0,0,POWER_ON,0,NONE,0,1,ACCEPTED,9,RX_OK,0,0,1,2,PACKET_OK,16,0,0,12,477,10239,15.623712520027466,seq=477 cloud=15.62% status=0x00,dd 01 ff 27 00 0c 00
2026-07-28T12:42:35.260311+00:00,1785242555.260311,-99,9.75,False,True,1,8,True,True,True,True,0x330C,0x330C,445,False,0,4,False,0,0,45755,4598000,78,45755,2,ASCENT,31,True,True,True,True,True,True,True,False,True,True,False,False,False,False,False,False,3929,3.929,3,8,48.0863495,11.2911386,1654.0,7.33,6.74,271.59,480863495,112911386,16540,674,733,27159,84483.0,35.66,1025.6,-10.306789149999998,0.0,-1.06892485,-0.609119908946021,-0.8342673824532895,0.5480333851262195,-1051,0,-109,-349,-478,314,10256,3566,1,False,False,False,False,False,False,False,False,5,0,1,1,-1.051,0.0,-0.109,1.0566371184091536,-34.9,-47.8,31.4,1,1,0,1,1,191000,0x007F,"GPS, IMU, BARO, CORAL, SD, LORA, EPS_ADC",0x0000,NONE,0,0,POWER_ON,0,NONE,0,1,ACCEPTED,9,RX_OK,0,0,1,2,PACKET_OK,16,0,0,5,478,21759,33.20210574502175,seq=478 cloud=33.20% status=0x00,de 01 ff 54 00 05 00
2026-07-28T12:42:45.549343+00:00,1785242565.549343,-103,3.75,False,True,1,8,True,True,True,True,0x451A,0x451A,446,False,0,4,False,0,0,45765,4608000,44,45765,2,ASCENT,31,True,True,True,True,True,True,True,False,True,True,False,False,False,False,False,False,3952,3.952,3,8,48.0863686,11.290966,1719.0,1.26,7.68,22.19,480863686,112909660,17190,768,126,2219,83776.0,35.67,1094.0,-11.454167199999999,-0.6962721499999999,-0.44129925,2.193878869756872,-0.6719517620178169,0.2844886680750757,-1168,-71,-45,1257,-385,163,10940,3567,1,False,False,False,False,False,False,False,False,5,0,1,1,-1.168,-0.071,-0.045,1.171020922101736,125.7,-38.5,16.3,1,1,0,1,1,191000,0x007F,"GPS, IMU, BARO, CORAL, SD, LORA, EPS_ADC",0x0000,NONE,0,0,POWER_ON,0,NONE,0,1,ACCEPTED,9,RX_OK,0,0,1,2,PACKET_OK,16,0,0,16,478,21759,33.20210574502175,seq=478 cloud=33.20% status=0x00,de 01 ff 54 00 10 00
2026-07-28T12:42:55.862738+00:00,1785242575.862738,-102,2.0,False,True,1,8,True,True,True,True,0x7AEE,0x7AEE,447,False,0,4,False,0,0,45776,4618000,84,45776,2,ASCENT,31,True,True,True,True,True,True,True,False,True,True,False,False,False,False,False,False,3948,3.948,3,8,48.0864944,11.2909632,1795.0,1.81,7.2,33.41,480864944,112909632,17950,720,181,3341,83097.0,35.68,1160.1,-9.316317499999998,-0.1569064,-0.06864655,0.015707963267948967,0.6928957130417489,-0.4677482395344803,-950,-16,-7,9,397,-268,11601,3568,1,False,False,False,False,False,False,False,False,5,0,1,1,-0.95,-0.016,-0.007,0.950160512755608,0.9,39.7,-26.8,1,1,0,1,1,191000,0x007F,"GPS, IMU, BARO, CORAL, SD, LORA, EPS_ADC",0x0000,NONE,0,0,POWER_ON,0,NONE,0,1,ACCEPTED,13,ACK_TIMEOUT,0,0,1,3,CRC_ERROR,17,0,0,9,479,6655,10.154879072251468,seq=479 cloud=10.15% status=0x00,df 01 ff 19 00 09 00
2026-07-28T12:43:06.146811+00:00,1785242586.146811,,,True,False,,,,,,False,,,,,,,,,,,,,,,,,,,,,,,,,,,,,,,,,,,,,,,,,,,,,,,,,,,,,,,,,,,,,,,,,,,,,,,,,,,,,,,,,,,,,,,,,,,,,,,,,,,,,,,,,,,,,,,,,,,,,,,
2026-07-28T12:43:16.751471+00:00,1785242596.751471,-102,5.25,False,True,1,8,True,True,True,True,0x4469,0x4469,449,False,1,5,False,0,0,45796,4639000,289,45796,2,ASCENT,31,True,True,True,True,True,True,True,False,True,True,False,False,False,False,False,False,3952,3.952,3,8,48.086998,11.2914896,1908.0,5.29,5.57,354.84,480869980,112914896,19080,557,529,35484,81978.0,35.7,1270.1,-9.1201845,-0.30400615,0.00980665,-0.6702064327658225,-0.14486232791552936,-0.2007128639793479,-930,-31,1,-384,-83,-115,12701,3570,1,False,False,False,False,False,False,False,False,5,0,1,1,-0.93,-0.031,0.001,0.9305170605636418,-38.4,-8.3,-11.5,1,1,0,1,1,251000,0x007F,"GPS, IMU, BARO, CORAL, SD, LORA, EPS_ADC",0x0000,NONE,0,0,POWER_ON,0,NONE,0,1,ACCEPTED,13,ACK_TIMEOUT,0,0,1,1,ACTIVE,19,0,0,13,480,1791,2.732890821698329,seq=480 cloud=2.73% status=0x00,e0 01 ff 06 00 0d 00
2026-07-28T12:43:27.266939+00:00,1785242607.266939,-102,6.25,False,True,1,8,True,True,True,True,0x08B7,0x08B7,450,False,0,5,False,0,0,45807,4650000,281,45807,2,ASCENT,31,True,True,True,True,True,True,True,False,True,True,False,False,False,False,False,False,3942,3.942,3,8,48.0873528,11.2919559,1968.0,9.47,4.43,62.7,480873528,112919559,19680,443,947,6270,81371.0,35.71,1330.3,-13.58221025,0.81395195,-0.14709974999999997,1.1257373675363425,0.4642575810304917,-0.8744099552491591,-1385,83,-15,645,266,-501,13303,3571,1,False,False,False,False,False,False,False,False,5,0,1,1,-1.385,0.083,-0.015,1.3875658542930493,64.5,26.6,-50.1,1,1,0,1,1,251000,0x007F,"GPS, IMU, BARO, CORAL, SD, LORA, EPS_ADC",0x0000,NONE,0,0,POWER_ON,0,NONE,0,1,ACCEPTED,13,ACK_TIMEOUT,0,0,1,1,ACTIVE,20,0,0,6,481,4095,6.248569466697185,seq=481 cloud=6.25% status=0x00,e1 01 ff 0f 00 06 00
2026-07-28T12:43:38.110696+00:00,1785242618.110696,-102,0.0,False,True,1,8,True,True,True,True,0xAAFA,0xAAFA,451,False,0,5,False,0,0,45817,4660000,278,45817,2,ASCENT,31,True,True,True,True,True,True,True,False,True,True,False,False,False,False,False,False,3916,3.916,3,8,48.0877457,11.2922621,2027.0,3.43,6.21,39.2,480877457,112922621,20270,621,343,3920,80776.0,35.72,1389.6,-9.80665,-0.7551120499999999,-0.0980665,0.9407324668249436,-0.5497787143782138,-0.06632251157578452,-1000,-77,-10,539,-315,-38,13896,3572,1,False,False,False,False,False,False,False,False,5,0,1,1,-1.0,-0.077,-0.01,1.0030099700401787,53.9,-31.5,-3.8,1,1,0,1,1,251000,0x007F,"GPS, IMU, BARO, CORAL, SD, LORA, EPS_ADC",0x0000,NONE,0,0,POWER_ON,0,NONE,0,1,ACCEPTED,9,RX_OK,0,0,1,2,PACKET_OK,20,0,0,17,481,4095,6.248569466697185,seq=481 cloud=6.25% status=0x00,e1 01 ff 0f 00 11 00
2026-07-28T12:43:48.403178+00:00,1785242628.403178,-100,3.25,False,True,1,8,True,True,True,True,0x4EB5,0x4EB5,452,False,0,5,False,0,0,45828,4671000,81,45828,2,ASCENT,31,True,True,True,True,True,True,True,False,True,True,False,False,False,False,False,False,3945,3.945,3,8,48.0880127,11.2926512,2092.0,6.44,5.4,63.0,480880127,112926512,20920,540,644,6300,80161.0,35.72,1451.4,-10.306789149999998,-0.5099457999999999,-0.12748644999999997,0.3892084231947355,-0.07330382858376185,-0.061086523819801536,-1051,-52,-13,223,-42,-35,14514,3572,1,False,False,False,False,False,False,False,False,5,0,1,1,-1.051,-0.052,-0.013,1.0523659059471664,22.3,-4.2,-3.5,1,1,0,1,1,251000,0x007F,"GPS, IMU, BARO, CORAL, SD, LORA, EPS_ADC",0x0000,NONE,0,0,POWER_ON,0,NONE,0,1,ACCEPTED,13,ACK_TIMEOUT,0,0,1,1,ACTIVE,21,0,0,10,482,8959,13.670557717250324,seq=482 cloud=13.67% status=0x00,e2 01 ff 22 00 0a 00
2026-07-28T12:43:58.698743+00:00,1785242638.698743,-100,3.25,False,True,1,8,True,True,True,True,0x4850,0x4850,453,False,0,5,False,0,0,45838,4681000,67,45838,2,ASCENT,31,True,True,True,True,True,True,True,False,True,True,False,False,False,False,False,False,3945,3.945,3,8,48.0882454,11.2932987,2158.0,10.02,6.43,41.08,480882454,112932987,21580,643,1002,4108,79574.0,35.72,1510.6,-9.63993695,0.0980665,-0.40207265,-0.4572762640225143,-0.18500490071139894,0.07330382858376185,-983,10,-41,-262,-106,42,15106,3572,1,False,False,False,False,False,False,False,False,5,0,1,1,-0.983,0.01,-0.041,0.9839054832655422,-26.2,-10.6,4.2,1,1,0,1,1,251000,0x007F,"GPS, IMU, BARO, CORAL, SD, LORA, EPS_ADC",0x0000,NONE,0,0,POWER_ON,0,NONE,0,1,ACCEPTED,9,RX_OK,0,0,1,2,PACKET_OK,21,0,0,3,483,2303,3.514152742809186,seq=483 cloud=3.51% status=0x00,e3 01 ff 08 00 03 00
2026-07-28T12:44:08.999695+00:00,1785242648.999695,-97,5.0,False,True,1,8,True,True,True,True,0xE9E7,0xE9E7,454,False,0,5,False,0,0,45849,4691000,39,45849,2,ASCENT,31,True,True,True,True,True,True,True,False,True,True,False,False,False,False,False,False,3942,3.942,3,8,48.088726,11.293952,2214.0,7.05,4.51,11.39,480887260,112939520,22140,451,705,1139,79021.0,35.72,1566.8,-9.34573745,-0.53936575,-0.28439285,-0.8796459430051421,0.09948376736367678,0.07330382858376185,-953,-55,-29,-504,57,42,15668,3572,1,False,False,False,False,False,False,False,False,5,0,1,1,-0.953,-0.055,-0.029,0.9550261776516913,-50.4,5.7,4.2,1,1,0,1,1,311000,0x007F,"GPS, IMU, BARO, CORAL, SD, LORA, EPS_ADC",0x0000,NONE,0,0,POWER_ON,0,NONE,0,1,ACCEPTED,9,RX_OK,0,0,1,2,PACKET_OK,21,0,0,13,483,2303,3.514152742809186,seq=483 cloud=3.51% status=0x00,e3 01 ff 08 00 0d 00
2026-07-28T12:44:29.601579+00:00,1785242669.601579,-105,1.25,False,True,1,8,True,True,True,True,0x876D,0x876D,456,False,1,6,False,0,0,45869,4712000,76,45869,2,ASCENT,31,True,True,True,True,True,True,True,False,True,True,False,False,False,False,False,False,3926,3.926,3,6,48.0892906,11.2952633,2327.0,4.18,6.49,52.36,480892906,112952633,23270,649,418,5236,77945.0,35.71,1676.9,-10.4931155,0.04903325,0.35303939999999995,-0.017453292519943295,0.2583087292951608,-0.291469985083053,-1070,5,36,-10,148,-167,16769,3571,1,False,False,False,False,False,False,False,False,5,0,1,1,-1.07,0.005,0.036,1.0706171117631176,-1.0,14.8,-16.7,1,1,0,1,1,311000,0x007F,"GPS, IMU, BARO, CORAL, SD, LORA, EPS_ADC",0x0000,NONE,0,0,POWER_ON,0,NONE,0,1,ACCEPTED,13,ACK_TIMEOUT,0,0,1,3,CRC_ERROR,23,0,0,0,485,6399,9.764248111696041,seq=485 cloud=9.76% status=0x00,e5 01 ff 18 00 00 00
2026-07-28T12:44:36.529888+00:00,1785242676.529888,-105,3.25,False,True,1,8,True,True,True,True,0xD933,0xD933,457,False,0,6,False,0,0,45876,4719000,65,45876,2,ASCENT,31,True,True,True,True,True,True,True,False,True,True,False,False,False,False,False,False,3945,3.945,3,8,48.0893707,11.2958956,2368.0,6.43,6.29,121.02,480893707,112958956,23680,629,643,12102,77574.0,35.71,1715.2,-9.747810099999999,-0.29419949999999995,-0.5099457999999999,-1.9373154697137058,0.029670597283903602,0.08203047484373349,-994,-30,-52,-1110,17,47,17152,3571,1,False,False,False,False,False,False,False,False,5,0,1,1,-0.994,-0.03,-0.052,0.9958112270907574,-111.0,1.7,4.7,1,1,0,1,1,311000,0x007F,"GPS, IMU, BARO, CORAL, SD, LORA, EPS_ADC",0x0000,NONE,0,0,POWER_ON,3,UNSUPPORTED,0,1,ACCEPTED,9,RX_OK,0,0,1,2,PACKET_OK,24,0,0,7,485,6399,9.764248111696041,seq=485 cloud=9.76% status=0x00,e5 01 ff 18 00 07 00
2026-07-28T12:44:46.840261+00:00,1785242686.840261,-98,9.0,False,True,1,8,True,True,True,True,0xA449,0xA449,458,False,0,6,False,0,0,45887,4729000,43,45887,2,ASCENT,31,True,True,True,True,True,True,True,False,True,True,False,False,False,False,False,False,3952,3.952,3,7,48.0894241,11.2968349,2434.0,7.63,6.26,82.0,480894241,112968349,24340,626,763,8200,77007.0,35.71,1774.0,-7.7276402,-0.65704555,-0.4216859499999999,-1.478293876439197,-0.0715584993317675,0.4363323129985824,-788,-67,-43,-847,-41,250,17740,3571,1,False,False,False,False,False,False,False,False,5,0,1,1,-0.788,-0.067,-0.043,0.7920113635548419,-84.7,-4.1,25.0,1,1,0,1,1,311000,0x007F,"GPS, IMU, BARO, CORAL, SD, LORA, EPS_ADC",0x0000,NONE,0,0,POWER_ON,3,UNSUPPORTED,0,1,ACCEPTED,13,ACK_TIMEOUT,0,0,1,3,CRC_ERROR,25,0,0,0,486,13823,21.092545967803463,seq=486 cloud=21.09% status=0x00,e6 01 ff 35 00 00 00
2026-07-28T12:44:57.143824+00:00,1785242697.143824,-107,4.25,False,True,1,8,True,True,True,True,0x2E2A,0x2E2A,459,False,0,6,False,0,0,45897,4740000,97,45897,2,ASCENT,31,True,True,True,True,True,True,True,False,True,True,False,False,False,False,False,False,3926,3.926,3,7,48.0895462,11.2975979,2489.0,8.72,5.76,69.92,480895462,112975979,24890,576,872,6992,76456.0,35.71,1831.4,-9.1790244,-0.5099457999999999,0.28439285,1.2217304763960306,-0.05061454830783556,-0.010471975511965976,-936,-52,29,700,-29,-6,18314,3571,1,False,False,False,False,False,False,False,False,5,0,1,1,-0.936,-0.052,0.029,0.9378917848024899,70.0,-2.9,-0.6,1,1,0,1,1,311000,0x007F,"GPS, IMU, BARO, CORAL, SD, LORA, EPS_ADC",0x0000,NONE,0,0,POWER_ON,3,UNSUPPORTED,0,1,ACCEPTED,13,ACK_TIMEOUT,0,0,1,3,CRC_ERROR,26,0,0,10,486,13823,21.092545967803463,seq=486 cloud=21.09% status=0x00,e6 01 ff 35 00 0a 00
2026-07-28T12:45:07.436753+00:00,1785242707.436753,-96,11.75,False,True,1,8,True,True,True,True,0x82FA,0x82FA,460,False,0,6,False,0,0,45907,4750000,35,45907,2,ASCENT,31,True,True,True,True,True,True,True,False,True,True,False,False,False,False,False,False,3929,3.929,3,8,48.0897598,11.2984486,2540.0,10.47,5.1,83.14,480897598,112984486,25400,510,1047,8314,75913.0,35.7,1888.4,-10.87557485,0.21574629999999997,0.4216859499999999,-0.33161255787892263,-0.07504915783575616,0.04537856055185257,-1109,22,43,-190,-43,26,18884,3570,1,False,False,False,False,False,False,False,False,5,0,1,1,-1.109,0.022,0.043,1.1100513501635858,-19.0,-4.3,2.6,1,1,0,1,1,311000,0x007F,"GPS, IMU, BARO, CORAL, SD, LORA, EPS_ADC",0x0000,NONE,0,0,POWER_ON,3,UNSUPPORTED,0,1,ACCEPTED,13,ACK_TIMEOUT,0,0,1,3,CRC_ERROR,27,0,0,3,487,5375,8.201724269474326,seq=487 cloud=8.20% status=0x00,e7 01 ff 14 00 03 00
2026-07-28T12:45:17.728453+00:00,1785242717.728453,-102,9.5,False,True,1,8,True,True,True,True,0xF541,0xF541,461,False,0,6,False,0,0,45917,4760000,70,45917,2,ASCENT,31,True,True,True,True,True,True,True,False,True,True,False,False,False,False,False,False,3929,3.929,3,8,48.0896912,11.2996044,2599.0,5.43,6.26,102.04,480896912,112996044,25990,626,543,10204,75331.0,35.7,1949.8,-11.0030613,-0.4216859499999999,0.5197524499999999,-0.3944444109507185,0.015707963267948967,0.28623399732707,-1122,-43,53,-226,9,164,19498,3570,1,False,False,False,False,False,False,False,False,5,0,1,1,-1.122,-0.043,0.053,1.1240738409908846,-22.6,0.9,16.4,1,1,0,1,1,371000,0x007F,"GPS, IMU, BARO, CORAL, SD, LORA, EPS_ADC",0x0000,NONE,0,0,POWER_ON,3,UNSUPPORTED,0,1,ACCEPTED,9,RX_OK,0,0,1,2,PACKET_OK,27,0,0,13,487,5375,8.201724269474326,seq=487 cloud=8.20% status=0x00,e7 01 ff 14 00 0d 00
2026-07-28T12:45:28.027793+00:00,1785242728.027793,-101,9.75,False,True,1,8,True,True,True,True,0x9B9D,0x9B9D,462,False,0,6,False,0,0,45928,4770000,9,45928,2,ASCENT,31,True,True,True,True,True,True,True,False,True,True,False,False,False,False,False,False,3936,3.936,3,8,48.0897179,11.3006878,2671.0,6.41,6.71,78.56,480897179,113006878,26710,671,641,7856,74764.0,35.69,2010.0,-7.71783355,-0.1372931,-0.35303939999999995,1.31423292675173,0.08726646259971647,0.1064650843716541,-787,-14,-36,753,50,61,20100,3569,1,False,False,False,False,False,False,False,False,5,0,1,1,-0.787,-0.014,-0.036,0.7879473332653649,75.3,5.0,6.1,1,1,0,1,1,371000,0x007F,"GPS, IMU, BARO, CORAL, SD, LORA, EPS_ADC",0x0000,NONE,0,0,POWER_ON,3,UNSUPPORTED,0,1,ACCEPTED,13,ACK_TIMEOUT,0,0,1,1,ACTIVE,28,0,0,7,488,511,0.7797360189211872,seq=488 cloud=0.78% status=0x00,e8 01 ff 01 00 07 00
2026-07-28T12:45:38.320147+00:00,1785242738.320147,-98,10.25,False,True,1,8,True,True,True,True,0x8E8F,0x8E8F,463,False,0,6,False,0,0,45938,4781000,18,45938,2,ASCENT,31,True,True,True,True,True,True,True,False,True,True,False,False,False,False,False,False,3942,3.942,3,8,48.0897522,11.301774,2735.0,8.27,8.27,79.1,480897522,113017740,27350,827,827,7910,74198.0,35.68,2070.4,-8.119906199999999,-0.30400615,-0.17651969999999997,0.1291543646475804,0.22514747350726852,0.38222710618675815,-828,-31,-18,74,129,219,20704,3568,1,False,False,False,False,False,False,False,False,5,0,1,1,-0.828,-0.031,-0.018,0.8287756029227694,7.4,12.9,21.9,1,1,0,1,1,371000,0x007F,"GPS, IMU, BARO, CORAL, SD, LORA, EPS_ADC",0x0000,NONE,0,0,POWER_ON,3,UNSUPPORTED,0,1,ACCEPTED,9,RX_OK,0,0,1,2,PACKET_OK,28,0,0,0,489,2303,3.514152742809186,seq=489 cloud=3.51% status=0x00,e9 01 ff 08 00 00 00
2026-07-28T12:45:43.611945+00:00,1785242743.611945,-101,9.25,False,True,1,8,True,True,True,True,0x2803,0x2803,464,False,0,6,False,0,0,45943,4786000,70,45943,2,ASCENT,31,True,True,True,True,True,True,True,False,True,True,False,False,False,False,False,False,3936,3.936,3,8,48.0897789,11.3025522,2768.0,9.27,7.51,70.32,480897789,113025522,27680,751,927,7032,73920.0,35.68,2100.3,-9.855683249999998,0.04903325,0.0,0.1832595714594046,-0.019198621771937627,0.24434609527920614,-1005,5,0,105,-11,140,21003,3568,1,False,False,False,False,False,False,False,False,5,0,1,1,-1.005,0.005,0.0,1.0050124377339813,10.5,-1.1,14.0,1,1,0,1,1,371000,0x007F,"GPS, IMU, BARO, CORAL, SD, LORA, EPS_ADC",0x0000,NONE,0,0,POWER_ON,3,UNSUPPORTED,0,1,ACCEPTED,13,ACK_TIMEOUT,0,0,1,2,PACKET_OK,29,0,0,5,489,2303,3.514152742809186,seq=489 cloud=3.51% status=0x00,e9 01 ff 08 00 05 00
2026-07-28T12:45:53.918481+00:00,1785242753.918481,-99,11.5,False,True,1,8,True,True,True,True,0x0BEF,0x0BEF,465,False,0,6,False,0,0,45954,4796000,40,45954,2,ASCENT,31,True,True,True,True,True,True,True,False,True,True,False,False,False,False,False,False,3942,3.942,3,8,48.0900078,11.3036995,2838.0,9.25,6.08,69.75,480900078,113036995,28380,608,925,6975,73327.0,35.67,2164.2,-10.16949605,-0.1176798,-0.196133,0.05585053606381855,-0.158824961931484,-0.2007128639793479,-1037,-12,-20,32,-91,-115,21642,3567,1,False,False,False,False,False,False,False,False,5,0,1,1,-1.037,-0.012,-0.02,1.0372622619183636,3.2,-9.1,-11.5,1,1,0,1,1,371000,0x007F,"GPS, IMU, BARO, CORAL, SD, LORA, EPS_ADC",0x0000,NONE,0,0,POWER_ON,3,UNSUPPORTED,0,1,ACCEPTED,9,RX_OK,0,0,1,2,PACKET_OK,29,0,0,15,489,2303,3.514152742809186,seq=489 cloud=3.51% status=0x00,e9 01 ff 08 00 0f 00
2026-07-28T12:46:04.234882+00:00,1785242764.234882,-98,11.0,False,True,1,8,True,True,True,True,0x0DF9,0x0DF9,466,False,0,6,False,0,0,45964,4807000,26,45964,2,ASCENT,31,True,True,True,True,True,True,True,False,True,True,False,False,False,False,False,False,3936,3.936,3,8,48.0902061,11.3047771,2903.0,9.04,4.75,120.33,480902061,113047771,29030,475,904,12033,72747.0,35.66,2227.2,-10.9638347,-0.61781895,-0.9414384,0.2583087292951608,-0.10471975511965978,-0.11868238913561441,-1118,-63,-96,148,-60,-68,22272,3566,1,False,False,False,False,False,False,False,False,5,0,1,1,-1.118,-0.063,-0.096,1.1238812214820568,14.8,-6.0,-6.8,1,1,0,1,1,371000,0x007F,"GPS, IMU, BARO, CORAL, SD, LORA, EPS_ADC",0x0000,NONE,0,0,POWER_ON,3,UNSUPPORTED,0,1,ACCEPTED,10,RX_CRC_ERROR,0,0,1,3,CRC_ERROR,29,0,0,8,490,14847,22.65506981002518,seq=490 cloud=22.66% status=0x00,ea 01 ff 39 00 08 00
2026-07-28T12:46:14.552708+00:00,1785242774.552708,-106,8.75,False,True,1,8,True,True,True,True,0x42DA,0x42DA,467,False,0,6,False,0,0,45974,4817000,99,45974,2,ASCENT,31,True,True,True,True,True,True,True,False,True,True,False,False,False,False,False,False,3942,3.942,3,8,48.0902023,11.3059473,2962.0,10.73,5.12,105.13,480902023,113059473,29620,512,1073,10513,72251.0,35.64,2281.3,-10.640215249999999,-0.6668522,-0.4707192,-2.131047016685076,-0.14835298641951802,0.35255650890285456,-1085,-68,-48,-1221,-85,202,22813,3564,1,False,False,False,False,False,False,False,False,5,0,1,1,-1.085,-0.068,-0.048,1.088187943325968,-122.1,-8.5,20.2,1,1,0,1,1,431000,0x007F,"GPS, IMU, BARO, CORAL, SD, LORA, EPS_ADC",0x0000,NONE,0,0,POWER_ON,3,UNSUPPORTED,0,1,ACCEPTED,9,RX_OK,0,0,1,2,PACKET_OK,29,0,0,2,491,16639,25.389486533913175,seq=491 cloud=25.39% status=0x00,eb 01 ff 40 00 02 00
2026-07-28T12:46:24.861396+00:00,1785242784.861396,-102,8.75,False,True,1,8,True,True,True,True,0x0E60,0x0E60,468,False,0,6,False,0,0,45985,4827000,88,45985,2,ASCENT,31,True,True,True,True,True,True,True,False,True,True,False,False,False,False,False,False,3926,3.926,3,8,48.0899849,11.3073387,3021.0,10.08,5.42,87.29,480899849,113073387,30210,542,1008,8729,71763.0,35.63,2334.9,-10.2969825,-0.5687857,0.02941995,0.12217304763960307,-0.005235987755982988,-0.03665191429188092,-1050,-58,3,70,-3,-21,23349,3563,1,False,False,False,False,False,False,False,False,5,0,1,1,-1.05,-0.058,0.003,1.051604963852872,7.0,-0.3,-2.1,1,1,0,1,1,431000,0x007F,"GPS, IMU, BARO, CORAL, SD, LORA, EPS_ADC",0x0000,NONE,0,0,POWER_ON,3,UNSUPPORTED,0,1,ACCEPTED,9,RX_OK,0,0,1,2,PACKET_OK,29,0,0,12,491,16639,25.389486533913175,seq=491 cloud=25.39% status=0x00,eb 01 ff 40 00 0c 00
2026-07-28T12:46:35.158809+00:00,1785242795.158809,-102,8.5,False,True,1,8,True,True,True,True,0xF3DF,0xF3DF,469,False,0,6,False,0,0,45995,4838000,29,45995,2,ASCENT,31,True,True,True,True,True,True,True,False,True,True,False,False,False,False,False,False,3923,3.923,3,7,48.0898018,11.3083019,3082.0,4.05,5.63,82.46,480898018,113083019,30820,563,405,8246,71256.0,35.61,2390.8,-10.09104285,0.06864655,-0.7158854499999999,1.371828792067543,-0.7522369076095561,-0.3141592653589793,-1029,7,-73,786,-431,-180,23908,3561,1,False,False,False,False,False,False,False,False,5,0,1,1,-1.029,0.007,-0.073,1.0316099068931046,78.6,-43.1,-18.0,1,1,0,1,1,431000,0x007F,"GPS, IMU, BARO, CORAL, SD, LORA, EPS_ADC",0x0000,NONE,0,0,POWER_ON,3,UNSUPPORTED,0,1,ACCEPTED,13,ACK_TIMEOUT,0,0,1,1,ACTIVE,30,0,0,5,492,13823,21.092545967803463,seq=492 cloud=21.09% status=0x00,ec 01 ff 35 00 05 00
2026-07-28T12:46:45.437974+00:00,1785242805.437974,-98,9.75,False,True,1,8,True,True,True,True,0x0178,0x0178,470,False,0,6,False,0,0,46005,4848000,64,46005,2,ASCENT,31,True,True,True,True,True,True,True,False,True,True,False,False,False,False,False,False,3923,3.923,3,8,48.089592,11.3091536,3137.0,4.73,6.19,120.86,480895920,113091536,31370,619,473,12086,70792.0,35.6,2442.4,-10.561762049999999,-0.61781895,-0.4118793,1.0262536001726656,-0.4328416544945937,0.21467549799530256,-1077,-63,-42,588,-248,123,24424,3560,1,False,False,False,False,False,False,False,False,5,0,1,1,-1.077,-0.063,-0.042,1.0796582792717333,58.8,-24.8,12.3,1,1,0,1,1,431000,0x007F,"GPS, IMU, BARO, CORAL, SD, LORA, EPS_ADC",0x0000,NONE,0,0,POWER_ON,3,UNSUPPORTED,0,1,ACCEPTED,9,RX_OK,0,0,1,2,PACKET_OK,30,0,0,15,492,13823,21.092545967803463,seq=492 cloud=21.09% status=0x00,ec 01 ff 35 00 0f 00
2026-07-28T12:46:55.748563+00:00,1785242815.748563,-104,7.0,False,True,1,8,True,True,True,True,0x18BA,0x18BA,471,False,0,6,False,0,0,46015,4858000,70,46015,2,ASCENT,31,True,True,True,True,True,True,True,False,True,True,False,False,False,False,False,False,3942,3.942,3,7,48.0893364,11.3101244,3183.0,11.15,5.5,132.81,480893364,113101244,31830,550,1115,13281,70269.0,35.58,2500.7,-10.8265416,0.32361945,-0.06864655,0.5270894341022875,0.3839724354387525,-0.39968039870670147,-1104,33,-7,302,220,-229,25007,3558,1,False,False,False,False,False,False,False,False,5,0,1,1,-1.104,0.033,-0.007,1.104515278300848,30.2,22.0,-22.9,1,1,0,1,1,431000,0x007F,"GPS, IMU, BARO, CORAL, SD, LORA, EPS_ADC",0x0000,NONE,0,0,POWER_ON,3,UNSUPPORTED,0,1,ACCEPTED,9,RX_OK,0,0,1,2,PACKET_OK,30,0,0,8,493,17663,26.95201037613489,seq=493 cloud=26.95% status=0x00,ed 01 ff 44 00 08 00
2026-07-28T12:47:06.128609+00:00,1785242826.128609,-101,9.5,False,True,1,8,True,True,True,True,0x336E,0x336E,472,False,0,6,False,0,0,46026,4868000,253,46026,2,ASCENT,31,True,True,True,True,True,True,True,False,True,True,False,False,False,False,False,False,3945,3.945,3,8,48.0889206,11.3113976,3246.0,14.1,5.46,119.44,480889206,113113976,32460,546,1410,11944,69790.0,35.57,2554.5,-10.3165958,-0.34323275000000003,-0.8531785499999999,1.1955505376161157,-0.013962634015954637,0.6963863715457375,-1052,-35,-87,685,-8,399,25545,3557,1,False,False,False,False,False,False,False,False,5,0,1,1,-1.052,-0.035,-0.087,1.0561713876071441,68.5,-0.8,39.9,1,1,0,1,1,431000,0x007F,"GPS, IMU, BARO, CORAL, SD, LORA, EPS_ADC",0x0000,NONE,0,0,POWER_ON,3,UNSUPPORTED,0,1,ACCEPTED,13,ACK_TIMEOUT,0,0,1,1,ACTIVE,31,0,0,2,494,1279,1.9516289005874723,seq=494 cloud=1.95% status=0x00,ee 01 ff 04 00 02 00
2026-07-28T12:47:16.681131+00:00,1785242836.681131,-104,10.0,False,True,1,8,True,True,True,True,0x8BE9,0x8BE9,473,False,0,6,False,0,0,46036,4879000,252,46036,2,ASCENT,31,True,True,True,True,True,True,True,False,True,True,False,False,False,False,False,False,3942,3.942,3,8,48.0883636,11.3124495,3309.0,11.57,4.74,103.9,480883636,113124495,33090,474,1157,10390,69255.0,35.55,2615.0,-9.208444349999999,-0.12748644999999997,0.50013915,0.9599310885968813,0.1954768762233649,-0.28623399732707,-939,-13,51,550,112,-164,26150,3555,1,False,False,False,False,False,False,False,False,5,0,1,1,-0.939,-0.013,0.051,0.9404738167540869,55.0,11.2,-16.4,1,1,0,1,1,491000,0x007F,"GPS, IMU, BARO, CORAL, SD, LORA, EPS_ADC",0x0000,NONE,0,0,POWER_ON,3,UNSUPPORTED,0,1,ACCEPTED,9,RX_OK,0,0,1,2,PACKET_OK,31,0,0,12,494,1279,1.9516289005874723,seq=494 cloud=1.95% status=0x00,ee 01 ff 04 00 0c 00
2026-07-28T12:47:27.207410+00:00,1785242847.20741,-104,9.5,False,True,1,8,True,True,True,True,0x9CBE,0x9CBE,474,False,0,6,False,0,0,46047,4890000,304,46047,2,ASCENT,31,True,True,True,True,True,True,True,False,True,True,False,False,False,False,False,False,3923,3.923,3,7,48.0878754,11.3136368,3375.0,8.48,7.02,112.63,480878754,113136368,33750,702,848,11263,68738.0,35.54,2673.7,-9.5516771,-0.5099457999999999,-0.02941995,0.7592182246175333,-0.2129301687433082,0.15184364492350666,-974,-52,-3,435,-122,87,26737,3554,1,False,False,False,False,False,False,False,False,5,0,1,1,-0.974,-0.052,-0.003,0.9753917161838109,43.5,-12.2,8.7,1,1,0,1,1,491000,0x007F,"GPS, IMU, BARO, CORAL, SD, LORA, EPS_ADC",0x0000,NONE,0,0,POWER_ON,3,UNSUPPORTED,0,1,ACCEPTED,9,RX_OK,0,0,1,2,PACKET_OK,31,0,0,5,495,8959,13.670557717250324,seq=495 cloud=13.67% status=0x00,ef 01 ff 22 00 05 00
2026-07-28T12:47:37.932848+00:00,1785242857.932848,-99,9.5,False,True,1,8,True,True,True,True,0x1073,0x1073,475,False,0,6,False,0,0,46057,4900000,297,46057,2,ASCENT,31,True,True,True,True,True,True,True,False,True,True,False,False,False,False,False,False,3936,3.936,3,8,48.0873947,11.3146877,3433.0,5.32,6.26,106.1,480873947,113146877,34330,626,532,10610,68241.0,35.52,2730.5,-10.659828549999999,-0.67665885,-0.1176798,0.13788101090755203,-0.13264502315156904,0.10471975511965978,-1087,-69,-12,79,-76,60,27305,3552,1,False,False,False,False,False,False,False,False,5,0,1,1,-1.087,-0.069,-0.012,1.08925387307092,7.9,-7.6,6.0,1,1,0,1,1,491000,0x007F,"GPS, IMU, BARO, CORAL, SD, LORA, EPS_ADC",0x0000,NONE,0,0,POWER_ON,3,UNSUPPORTED,0,1,ACCEPTED,9,RX_OK,0,0,1,2,PACKET_OK,31,0,0,16,495,8959,13.670557717250324,seq=495 cloud=13.67% status=0x00,ef 01 ff 22 00 10 00
2026-07-28T12:47:48.244457+00:00,1785242868.244457,-107,9.75,False,True,1,8,True,True,True,True,0x5426,0x5426,476,False,0,6,False,0,0,46068,4911000,77,46068,2,ASCENT,31,True,True,True,True,True,True,True,False,True,True,False,False,False,False,False,False,3926,3.926,3,8,48.0868683,11.3160162,3500.0,12.32,6.82,129.51,480868683,113160162,35000,682,1232,12951,67704.0,35.51,2792.3,-9.404577349999999,-0.5099457999999999,0.00980665,-0.5113814708343386,0.41364303272265607,-0.4520402762665313,-959,-52,1,-293,237,-259,27923,3551,1,False,False,False,False,False,False,False,False,5,0,1,1,-0.959,-0.052,0.001,0.9604092877518418,-29.3,23.7,-25.9,1,1,0,1,1,491000,0x007F,"GPS, IMU, BARO, CORAL, SD, LORA, EPS_ADC",0x0000,NONE,0,0,POWER_ON,3,UNSUPPORTED,0,1,ACCEPTED,9,RX_OK,0,0,1,2,PACKET_OK,31,0,0,9,496,1791,2.732890821698329,seq=496 cloud=2.73% status=0x00,f0 01 ff 06 00 09 00
2026-07-28T12:47:58.538933+00:00,1785242878.538933,-101,10.5,False,True,1,8,True,True,True,True,0xC79D,0xC79D,477,False,0,6,False,0,0,46078,4921000,90,46078,2,ASCENT,31,True,True,True,True,True,True,True,False,True,True,False,False,False,False,False,False,3936,3.936,3,8,48.0861893,11.3174219,3555.0,8.89,6.49,134.13,480861893,113174219,35550,649,889,13413,67238.0,35.49,2846.2,-10.1204628,-0.6080123,-0.35303939999999995,1.4119713648634127,-0.47647488579445196,-0.3560471674068432,-1032,-62,-36,809,-273,-204,28462,3549,1,False,False,False,False,False,False,False,False,5,0,1,1,-1.032,-0.062,-0.036,1.0344873126336542,80.9,-27.3,-20.4,1,1,0,1,1,491000,0x007F,"GPS, IMU, BARO, CORAL, SD, LORA, EPS_ADC",0x0000,NONE,0,0,POWER_ON,3,UNSUPPORTED,0,1,ACCEPTED,13,ACK_TIMEOUT,0,0,1,3,CRC_ERROR,32,0,0,2,497,4095,6.248569466697185,seq=497 cloud=6.25% status=0x00,f1 01 ff 0f 00 02 00
2026-07-28T12:48:08.819783+00:00,1785242888.819783,-101,9.5,False,True,1,8,True,True,True,True,0xBE9E,0xBE9E,478,False,0,6,False,0,0,46089,4931000,67,46089,2,ASCENT,31,True,True,True,True,True,True,True,False,True,True,False,False,False,False,False,False,3945,3.945,3,8,48.0855217,11.3187532,3617.0,8.74,5.72,123.63,480855217,113187532,36170,572,874,12363,66730.0,35.47,2905.4,-11.454167199999999,-0.6864655000000001,-0.34323275000000003,2.17293491873294,-0.5550147021341968,-0.2530727415391778,-1168,-70,-35,1245,-318,-145,29054,3547,1,False,False,False,False,False,False,False,False,5,0,1,1,-1.168,-0.07,-0.035,1.17061906698977,124.5,-31.8,-14.5,1,1,0,1,1,551000,0x007F,"GPS, IMU, BARO, CORAL, SD, LORA, EPS_ADC",0x0000,NONE,0,0,POWER_ON,3,UNSUPPORTED,0,1,ACCEPTED,9,RX_OK,0,0,1,2,PACKET_OK,32,0,0,13,497,4095,6.248569466697185,seq=497 cloud=6.25% status=0x00,f1 01 ff 0f 00 0d 00
2026-07-28T12:48:19.146719+00:00,1785242899.146719,-106,7.75,False,True,1,8,True,True,True,True,0xE717,0xE717,479,False,0,6,False,0,0,46099,4941000,54,46099,2,ASCENT,31,True,True,True,True,True,True,True,False,True,True,False,False,False,False,False,False,3968,3.968,3,8,48.0849571,11.3200359,3681.0,13.57,4.46,130.82,480849571,113200359,36810,446,1357,13082,66258.0,35.45,2960.6,-9.571290399999999,-0.24516625,0.22555294999999997,1.0227629416686772,0.0715584993317675,-0.30019663134302466,-976,-25,23,586,41,-172,29606,3545,1,False,False,False,False,False,False,False,False,5,0,1,1,-0.976,-0.025,0.023,0.9765910095838483,58.6,4.1,-17.2,1,1,0,1,1,551000,0x007F,"GPS, IMU, BARO, CORAL, SD, LORA, EPS_ADC",0x0000,NONE,0,0,POWER_ON,3,UNSUPPORTED,0,1,ACCEPTED,13,ACK_TIMEOUT,0,0,1,1,ACTIVE,33,0,0,6,498,4095,6.248569466697185,seq=498 cloud=6.25% status=0x00,f2 01 ff 0f 00 06 00
2026-07-28T12:48:29.434019+00:00,1785242909.434019,-110,3.75,False,True,1,8,True,True,True,True,0x4D0D,0x4D0D,480,False,0,6,False,0,0,46109,4952000,83,46109,2,ASCENT,31,True,True,True,True,True,True,True,False,True,True,False,False,False,False,False,False,3942,3.942,3,8,48.0844002,11.3212833,3727.0,14.06,5.48,130.52,480844002,113212833,37270,548,1406,13052,65806.0,35.43,3013.8,-10.2185293,-0.8531785499999999,-0.24516625,-1.858775653373961,-0.43982297150257105,0.38571776469074687,-1042,-87,-25,-1065,-252,221,30138,3543,1,False,False,False,False,False,False,False,False,5,0,1,1,-1.042,-0.087,-0.025,1.0459244714605354,-106.5,-25.2,22.1,1,1,0,1,1,551000,0x007F,"GPS, IMU, BARO, CORAL, SD, LORA, EPS_ADC",0x0000,NONE,0,0,POWER_ON,3,UNSUPPORTED,0,1,ACCEPTED,13,ACK_TIMEOUT,0,0,1,3,CRC_ERROR,34,0,0,16,498,4095,6.248569466697185,seq=498 cloud=6.25% status=0x00,f2 01 ff 0f 00 10 00
2026-07-28T12:48:39.733913+00:00,1785242919.733913,-101,7.0,False,True,1,8,True,True,True,True,0xE601,0xE601,481,False,0,6,False,0,0,46119,4962000,76,46119,2,ASCENT,31,True,True,True,True,True,True,True,False,True,True,False,False,False,False,False,False,3929,3.929,3,8,48.0838699,11.3221788,3785.0,6.63,3.89,130.62,480838699,113221788,37850,389,663,13062,65299.0,35.41,3073.9,-11.297260799999998,-0.2353596,1.30428445,0.4380776422505767,0.7906341511534313,-0.027925268031909273,-1152,-24,133,251,453,-16,30739,3541,1,False,False,False,False,False,False,False,False,5,0,1,1,-1.152,-0.024,0.133,1.159900426760849,25.1,45.3,-1.6,1,1,0,1,1,551000,0x007F,"GPS, IMU, BARO, CORAL, SD, LORA, EPS_ADC",0x0000,NONE,0,0,POWER_ON,3,UNSUPPORTED,0,1,ACCEPTED,13,ACK_TIMEOUT,0,0,1,1,ACTIVE,35,0,0,9,499,6655,10.154879072251468,seq=499 cloud=10.15% status=0x00,f3 01 ff 19 00 09 00
2026-07-28T12:48:50.167350+00:00,1785242930.16735,-111,-3.75,False,True,1,8,True,True,True,True,0x9FF6,0x9FF6,482,False,0,6,False,0,0,46130,4972000,243,46130,2,ASCENT,31,True,True,True,True,True,True,True,False,True,True,False,False,False,False,False,False,3939,3.939,3,8,48.0831528,11.32335,3849.0,13.34,5.03,135.5,480831528,113233500,38490,503,1334,13550,64874.0,35.4,3124.5,-9.0025047,-0.73549875,-0.06864655,-2.218313479284793,-0.03665191429188092,0.5235987755982988,-918,-75,-7,-1271,-21,300,31245,3540,1,False,False,False,False,False,False,False,False,5,0,1,1,-0.918,-0.075,-0.007,0.9210852294983347,-127.1,-2.1,30.0,1,1,0,1,1,551000,0x007F,"GPS, IMU, BARO, CORAL, SD, LORA, EPS_ADC",0x0000,NONE,0,0,POWER_ON,3,UNSUPPORTED,0,1,ACCEPTED,13,ACK_TIMEOUT,0,0,1,3,CRC_ERROR,36,0,0,19,499,6655,10.154879072251468,seq=499 cloud=10.15% status=0x00,f3 01 ff 19 00 13 00
2026-07-28T12:49:00.478013+00:00,1785242940.478013,-113,1.25,False,True,1,8,True,True,True,True,0xDA93,0xDA93,483,False,0,6,False,0,0,46140,4983000,96,46140,2,ASCENT,31,True,True,True,True,True,True,True,False,True,True,False,False,False,False,False,False,3942,3.942,3,8,48.0824928,11.3244791,3910.0,10.32,6.16,124.03,480824928,113244791,39100,616,1032,12403,64425.0,35.38,3178.3,-8.99269805,0.08825984999999999,-0.02941995,-0.31066860685499065,-0.24609142453120045,-0.36302848441482055,-917,9,-3,-178,-141,-208,31783,3538,1,False,False,False,False,False,False,False,False,5,0,1,1,-0.917,0.009,-0.003,0.9170490717513432,-17.8,-14.1,-20.8,1,1,0,1,1,601000,0x007F,"GPS, IMU, BARO, CORAL, SD, LORA, EPS_ADC",0x0000,NONE,0,0,POWER_ON,3,UNSUPPORTED,0,1,ACCEPTED,13,ACK_TIMEOUT,0,0,1,1,ACTIVE,37,0,0,1,500,21759,33.20210574502175,seq=500 cloud=33.20% status=0x00,f4 01 ff 54 00 01 00
2026-07-28T12:49:10.828611+00:00,1785242950.828611,-108,6.5,False,True,1,8,True,True,True,True,0x09E3,0x09E3,484,False,0,6,False,0,0,46151,4993000,71,46151,2,ASCENT,31,True,True,True,True,True,True,True,False,True,True,False,False,False,False,False,False,3939,3.939,3,8,48.0820007,11.3258467,3970.0,11.7,5.38,108.08,480820007,113258467,39700,538,1170,10808,63951.0,35.35,3235.4,-8.306232549999999,-0.14709974999999997,0.50013915,-1.567305668290908,-0.05585053606381855,0.017453292519943295,-847,-15,51,-898,-32,10,32354,3535,1,False,False,False,False,False,False,False,False,5,0,1,1,-0.847,-0.015,0.051,0.8486666012045012,-89.8,-3.2,1.0,1,1,0,1,1,601000,0x007F,"GPS, IMU, BARO, CORAL, SD, LORA, EPS_ADC",0x0000,NONE,0,0,POWER_ON,3,UNSUPPORTED,0,1,ACCEPTED,13,ACK_TIMEOUT,0,0,1,1,ACTIVE,38,0,0,12,500,21759,33.20210574502175,seq=500 cloud=33.20% status=0x00,f4 01 ff 54 00 0c 00
2026-07-28T12:49:21.506936+00:00,1785242961.506936,-108,6.25,False,True,1,8,True,True,True,True,0x3FD0,0x3FD0,485,False,0,6,False,0,0,46161,5004000,77,46161,2,ASCENT,31,True,True,True,True,True,True,True,False,True,True,False,False,False,False,False,False,3936,3.936,3,8,48.081665,11.327179,4021.0,7.22,4.59,99.5,480816650,113271790,40210,459,722,9950,63540.0,35.34,3285.2,-10.483308849999998,-0.83356525,0.0196133,-2.384119758224254,-0.12042771838760874,0.36302848441482055,-1069,-85,2,-1366,-69,208,32852,3534,1,False,False,False,False,False,False,False,False,5,0,1,1,-1.069,-0.085,0.002,1.0723758669421837,-136.6,-6.9,20.8,1,1,0,1,1,601000,0x007F,"GPS, IMU, BARO, CORAL, SD, LORA, EPS_ADC",0x0000,NONE,0,0,POWER_ON,3,UNSUPPORTED,0,1,ACCEPTED,13,ACK_TIMEOUT,0,0,1,1,ACTIVE,39,0,0,5,501,1791,2.732890821698329,seq=501 cloud=2.73% status=0x00,f5 01 ff 06 00 05 00
2026-07-28T12:49:31.950171+00:00,1785242971.950171,-107,4.25,False,True,1,8,True,True,True,True,0xDE8C,0xDE8C,486,False,0,6,False,0,0,46172,5014000,10,46172,2,ASCENT,31,True,True,True,True,True,True,True,False,True,True,False,False,False,False,False,False,3945,3.945,3,7,48.0811958,11.3283787,4078.0,13.38,4.04,109.15,480811958,113283787,40780,404,1338,10915,63089.0,35.31,3340.2,-9.07115125,-0.30400615,0.6962721499999999,-1.4276793281313616,0.25132741228718347,-0.32637657012293964,-925,-31,71,-818,144,-187,33402,3531,1,False,False,False,False,False,False,False,False,5,0,1,1,-0.925,-0.031,0.071,0.9282386546573032,-81.8,14.4,-18.7,1,1,0,1,1,601000,0x007F,"GPS, IMU, BARO, CORAL, SD, LORA, EPS_ADC",0x0000,NONE,0,0,POWER_ON,3,UNSUPPORTED,0,1,ACCEPTED,13,ACK_TIMEOUT,0,0,1,3,CRC_ERROR,40,0,0,16,501,1791,2.732890821698329,seq=501 cloud=2.73% status=0x00,f5 01 ff 06 00 10 00
2026-07-28T12:49:42.629144+00:00,1785242982.629144,-106,4.0,False,True,1,8,True,True,True,True,0x4F07,0x4F07,487,False,0,6,False,0,0,46182,5025000,47,46182,2,ASCENT,31,True,True,True,True,True,True,True,False,True,True,False,False,False,False,False,False,3932,3.932,3,7,48.0805817,11.3296089,4126.0,10.19,5.81,108.92,480805817,113296089,41260,581,1019,10892,62694.0,35.29,3388.6,-8.26700595,-0.2353596,0.35303939999999995,-1.7383479349863522,-0.07330382858376185,0.4782202150464463,-843,-24,36,-996,-42,274,33886,3529,1,False,False,False,False,False,False,False,False,5,0,1,1,-0.843,-0.024,0.036,0.8441095900414827,-99.6,-4.2,27.4,1,1,0,1,1,601000,0x007F,"GPS, IMU, BARO, CORAL, SD, LORA, EPS_ADC",0x0000,NONE,0,0,POWER_ON,3,UNSUPPORTED,0,1,ACCEPTED,13,ACK_TIMEOUT,0,0,1,1,ACTIVE,41,0,0,9,502,13055,19.92065308613718,seq=502 cloud=19.92% status=0x00,f6 01 ff 32 00 09 00
2026-07-28T12:49:52.916742+00:00,1785242992.916742,-105,5.0,False,True,1,8,True,True,True,True,0xFAE7,0xFAE7,488,False,0,6,False,0,0,46193,5035000,29,46193,2,ASCENT,31,True,True,True,True,True,True,True,False,True,True,False,False,False,False,False,False,3932,3.932,3,8,48.0802002,11.3310728,4183.0,8.81,5.39,108.46,480802002,113310728,41830,539,881,10846,62274.0,35.27,3440.3,-9.316317499999998,-0.14709974999999997,0.04903325,-0.2583087292951608,-0.4188790204786391,0.3141592653589793,-950,-15,5,-148,-240,180,34403,3527,1,False,False,False,False,False,False,False,False,5,0,1,1,-0.95,-0.015,0.005,0.9501315698365148,-14.8,-24.0,18.0,1,1,0,1,1,601000,0x007F,"GPS, IMU, BARO, CORAL, SD, LORA, EPS_ADC",0x0000,NONE,0,0,POWER_ON,3,UNSUPPORTED,0,1,ACCEPTED,13,ACK_TIMEOUT,0,0,1,1,ACTIVE,42,0,0,2,503,13055,19.92065308613718,seq=503 cloud=19.92% status=0x00,f7 01 ff 32 00 02 00
2026-07-28T12:50:03.236369+00:00,1785243003.236369,-108,6.25,False,True,1,8,True,True,True,True,0xF237,0xF237,489,False,0,6,False,0,0,46203,5045000,55,46203,2,ASCENT,31,True,True,True,True,True,True,True,False,True,True,False,False,False,False,False,False,3926,3.926,3,8,48.0797806,11.3323431,4227.0,13.51,5.28,119.49,480797806,113323431,42270,528,1351,11949,61902.0,35.24,3486.3,-9.79684335,-0.392266,-0.5295591,-0.09599310885968812,-0.5550147021341968,-0.0715584993317675,-999,-40,-54,-55,-318,-41,34863,3524,1,False,False,False,False,False,False,False,False,5,0,1,1,-0.999,-0.04,-0.054,1.00125770908393,-5.5,-31.8,-4.1,1,1,0,1,1,661000,0x007F,"GPS, IMU, BARO, CORAL, SD, LORA, EPS_ADC",0x0000,NONE,0,0,POWER_ON,3,UNSUPPORTED,0,1,ACCEPTED,13,ACK_TIMEOUT,0,0,1,1,ACTIVE,43,0,0,13,503,13055,19.92065308613718,seq=503 cloud=19.92% status=0x00,f7 01 ff 32 00 0d 00
2026-07-28T12:50:13.521665+00:00,1785243013.521665,-105,1.75,False,True,1,8,True,True,True,True,0x2BEC,0x2BEC,490,False,0,6,False,0,0,46213,5056000,35,46213,2,ASCENT,31,True,True,True,True,True,True,True,False,True,True,False,False,False,False,False,False,3929,3.929,3,8,48.0793724,11.3336391,4282.0,14.97,5.71,111.7,480793724,113336391,42820,571,1497,11170,61467.0,35.22,3540.5,-10.0616229,-0.61781895,-0.5687857,-0.34033920413889424,-0.8447393579652555,0.03316125578789226,-1026,-63,-58,-195,-484,19,35405,3522,1,False,False,False,False,False,False,False,False,5,0,1,1,-1.026,-0.063,-0.058,1.0295673848758031,-19.5,-48.4,1.9,1,1,0,1,1,661000,0x007F,"GPS, IMU, BARO, CORAL, SD, LORA, EPS_ADC",0x0000,NONE,0,0,POWER_ON,3,UNSUPPORTED,0,1,ACCEPTED,9,RX_OK,0,0,1,2,PACKET_OK,43,0,0,6,504,6655,10.154879072251468,seq=504 cloud=10.15% status=0x00,f8 01 ff 19 00 06 00
2026-07-28T12:50:23.814405+00:00,1785243023.814405,-110,-0.75,False,True,1,8,True,True,True,True,0xC248,0xC248,491,False,0,6,False,0,0,46224,5066000,65,46224,2,ASCENT,31,True,True,True,True,True,True,True,False,True,True,False,False,False,False,False,False,3929,3.929,3,7,48.0785675,11.334938,4340.0,14.32,5.15,139.48,480785675,113349380,43400,515,1432,13948,61079.0,35.19,3589.0,-11.042287899999998,-0.12748644999999997,1.1179581,-0.18675022996339324,0.36477381366681483,0.0,-1126,-13,114,-107,209,0,35890,3519,1,False,False,False,False,False,False,False,False,5,0,1,1,-1.126,-0.013,0.114,1.131830817746186,-10.7,20.9,0.0,1,1,0,1,1,661000,0x007F,"GPS, IMU, BARO, CORAL, SD, LORA, EPS_ADC",0x0000,NONE,0,0,POWER_ON,3,UNSUPPORTED,0,1,ACCEPTED,9,RX_OK,0,0,1,2,PACKET_OK,43,0,0,16,504,6655,10.154879072251468,seq=504 cloud=10.15% status=0x00,f8 01 ff 19 00 10 00
2026-07-28T12:50:34.119638+00:00,1785243034.119638,-104,6.25,False,True,1,8,True,True,True,True,0xBD1F,0xBD1F,492,False,0,6,False,0,0,46234,5076000,46,46234,2,ASCENT,31,True,True,True,True,True,True,True,False,True,True,False,False,False,False,False,False,3932,3.932,3,8,48.0778542,11.3364038,4400.0,18.45,5.87,123.4,480778542,113364038,44000,587,1845,12340,60657.0,35.17,3642.1,-10.0812362,-0.4903325,-1.0002783,-2.3928464044842257,-0.23212879051524585,-0.048869219055841226,-1028,-50,-102,-1371,-133,-28,36421,3517,1,False,False,False,False,False,False,False,False,5,0,1,1,-1.028,-0.05,-0.102,1.0342572213912746,-137.1,-13.3,-2.8,1,1,0,1,1,661000,0x007F,"GPS, IMU, BARO, CORAL, SD, LORA, EPS_ADC",0x0000,NONE,0,0,POWER_ON,3,UNSUPPORTED,0,1,ACCEPTED,9,RX_OK,0,0,1,2,PACKET_OK,43,0,0,8,505,25343,38.67093919279774,seq=505 cloud=38.67% status=0x00,f9 01 ff 62 00 08 00
2026-07-28T12:50:44.454299+00:00,1785243044.454299,-110,-9.0,False,True,1,8,True,True,True,True,0xAB83,0xAB83,493,False,0,6,False,0,0,46244,5087000,26,46244,2,ASCENT,31,True,True,True,True,True,True,True,False,True,True,False,False,False,False,False,False,3936,3.936,3,7,48.0773621,11.3376436,4451.0,8.47,4.41,95.67,480773621,113376436,44510,441,847,9567,60263.0,35.13,3691.9,-13.71950335,-0.1176798,-0.83356525,-2.7139869868511823,0.3036872898470133,-0.24958208303518914,-1399,-12,-85,-1555,174,-143,36919,3513,1,False,False,False,False,False,False,False,False,5,0,1,1,-1.399,-0.012,-0.085,1.4016311925752793,-155.5,17.4,-14.3,1,1,0,1,1,661000,0x007F,"GPS, IMU, BARO, CORAL, SD, LORA, EPS_ADC",0x0000,NONE,0,0,POWER_ON,3,UNSUPPORTED,0,1,ACCEPTED,9,RX_OK,0,0,1,2,PACKET_OK,43,0,0,1,506,37887,57.811856260013734,seq=506 cloud=57.81% status=0x00,fa 01 ff 93 00 01 00
2026-07-28T12:50:54.744105+00:00,1785243054.744105,-105,3.75,False,True,1,8,True,True,True,True,0xAFEE,0xAFEE,494,False,0,6,False,0,0,46254,5097000,98,46254,2,ASCENT,31,True,True,True,True,True,True,True,False,True,True,False,False,False,False,False,False,3923,3.923,3,8,48.0769196,11.3389416,4507.0,14.9,3.78,116.27,480769196,113389416,45070,378,1490,11627,59840.0,35.11,3745.7,-12.356378999999999,-1.16699135,0.0196133,-1.377064779823526,0.13788101090755203,0.4241150082346221,-1260,-119,2,-789,79,243,37457,3511,1,False,False,False,False,False,False,False,False,5,0,1,1,-1.26,-0.119,0.002,1.265608549275802,-78.9,7.9,24.3,1,1,0,1,1,661000,0x007F,"GPS, IMU, BARO, CORAL, SD, LORA, EPS_ADC",0x0000,NONE,0,0,POWER_ON,3,UNSUPPORTED,0,1,ACCEPTED,9,RX_OK,0,0,1,2,PACKET_OK,43,0,0,12,506,37887,57.811856260013734,seq=506 cloud=57.81% status=0x00,fa 01 ff 93 00 0c 00
2026-07-28T12:51:05.077395+00:00,1785243065.077395,-107,4.75,False,True,1,8,True,True,True,True,0xD0CB,0xD0CB,495,False,0,6,False,0,0,46265,5107000,86,46265,2,ASCENT,31,True,True,True,True,True,True,True,False,True,True,False,False,False,False,False,False,3932,3.932,3,8,48.0764656,11.3401384,4561.0,8.94,5.4,153.3,480764656,113401384,45610,540,894,15330,59433.0,35.08,3797.7,-11.67972015,-0.14709974999999997,-0.8433718999999998,-0.8290313946973066,-0.18500490071139894,0.6213372137099813,-1191,-15,-86,-475,-106,356,37977,3508,1,False,False,False,False,False,False,False,False,5,0,1,1,-1.191,-0.015,-0.086,1.1941951264345372,-47.5,-10.6,35.6,1,1,0,1,1,721000,0x007F,"GPS, IMU, BARO, CORAL, SD, LORA, EPS_ADC",0x0000,NONE,0,0,POWER_ON,3,UNSUPPORTED,0,1,ACCEPTED,13,ACK_TIMEOUT,0,0,1,3,CRC_ERROR,44,0,0,5,507,8191,12.498664835584039,seq=507 cloud=12.50% status=0x00,fb 01 ff 1f 00 05 00
2026-07-28T12:51:15.368997+00:00,1785243075.368997,-108,7.5,False,True,1,8,True,True,True,True,0xB828,0xB828,496,False,0,6,False,0,0,46275,5118000,6,46275,2,ASCENT,31,True,True,True,True,True,True,True,False,True,True,False,False,False,False,False,False,3916,3.916,3,8,48.0758553,11.3411112,4619.0,7.57,4.91,130.66,480758553,113411112,46190,491,757,13066,59001.0,35.04,3853.3,-10.561762049999999,-0.65704555,0.26477955,0.3193952531149623,-0.03490658503988659,0.9232791743050003,-1077,-67,27,183,-20,529,38533,3504,1,False,False,False,False,False,False,False,False,5,0,1,1,-1.077,-0.067,0.027,1.0794197515332022,18.3,-2.0,52.9,1,1,0,1,1,721000,0x007F,"GPS, IMU, BARO, CORAL, SD, LORA, EPS_ADC",0x0000,NONE,0,0,POWER_ON,3,UNSUPPORTED,0,1,ACCEPTED,9,RX_OK,0,0,1,2,PACKET_OK,44,0,0,15,507,8191,12.498664835584039,seq=507 cloud=12.50% status=0x00,fb 01 ff 1f 00 0f 00
2026-07-28T12:51:25.676219+00:00,1785243085.676219,-113,5.0,False,True,1,8,True,True,True,True,0xCD7C,0xCD7C,497,False,0,6,False,0,0,46285,5128000,27,46285,2,ASCENT,31,True,True,True,True,True,True,True,False,True,True,False,False,False,False,False,False,3932,3.932,3,8,48.0752029,11.3425512,4671.0,10.61,5.54,116.77,480752029,113425512,46710,554,1061,11677,58585.0,35.01,3907.1,-9.4536106,-0.02941995,-0.29419949999999995,1.75754655675829,0.05759586531581287,-0.3961897402027128,-964,-3,-30,1007,33,-227,39071,3501,1,False,False,False,False,False,False,False,False,5,0,1,1,-0.964,-0.003,-0.03,0.9644713577914069,100.7,3.3,-22.7,1,1,0,1,1,721000,0x007F,"GPS, IMU, BARO, CORAL, SD, LORA, EPS_ADC",0x0000,NONE,0,0,POWER_ON,3,UNSUPPORTED,0,1,ACCEPTED,13,ACK_TIMEOUT,0,0,1,3,CRC_ERROR,45,0,0,9,508,6655,10.154879072251468,seq=508 cloud=10.15% status=0x00,fc 01 ff 19 00 09 00
2026-07-28T12:51:35.980758+00:00,1785243095.980758,,,True,False,,,,,,False,,,,,,,,,,,,,,,,,,,,,,,,,,,,,,,,,,,,,,,,,,,,,,,,,,,,,,,,,,,,,,,,,,,,,,,,,,,,,,,,,,,,,,,,,,,,,,,,,,,,,,,,,,,,,,,,,,,,,,,
2026-07-28T12:51:46.283140+00:00,1785243106.28314,-115,0.5,False,True,1,8,True,True,True,True,0xEE5D,0xEE5D,499,False,1,7,False,0,0,46306,5148000,77,46306,2,ASCENT,31,True,True,True,True,True,True,True,False,True,True,False,False,False,False,False,False,3936,3.936,3,8,48.0741272,11.3452473,4800.0,14.32,6.87,129.05,480741272,113452473,48000,687,1432,12905,57701.0,34.95,4022.5,-8.7867584,-0.0196133,-0.26477955,0.34732052114687156,-0.1780235837034216,0.013962634015954637,-896,-2,-27,199,-102,8,40225,3495,1,False,False,False,False,False,False,False,False,5,0,1,1,-0.896,-0.002,-0.027,0.8964089468540573,19.9,-10.2,0.8,1,1,0,1,1,721000,0x007F,"GPS, IMU, BARO, CORAL, SD, LORA, EPS_ADC",0x0000,NONE,0,0,POWER_ON,3,UNSUPPORTED,0,1,ACCEPTED,13,ACK_TIMEOUT,0,0,1,1,ACTIVE,47,0,0,12,509,767,1.1703669794766156,seq=509 cloud=1.17% status=0x00,fd 01 ff 02 00 0c 00
2026-07-28T12:51:56.599548+00:00,1785243116.599548,-112,1.5,False,True,1,8,True,True,True,True,0xCA7C,0xCA7C,500,False,0,7,False,0,0,46316,5159000,53,46316,2,ASCENT,31,True,True,True,True,True,True,True,False,True,True,False,False,False,False,False,False,3939,3.939,3,8,48.0734367,11.3465719,4860.0,14.8,6.55,120.99,480734367,113465719,48600,655,1480,12099,57247.0,34.92,4082.3,-9.46341725,0.0196133,-0.12748644999999997,0.619591884457987,0.0890117918517108,-0.2792526803190927,-965,2,-13,355,51,-160,40823,3492,1,False,False,False,False,False,False,False,False,5,0,1,1,-0.965,0.002,-0.013,0.9650896331429532,35.5,5.1,-16.0,1,1,0,1,1,721000,0x007F,"GPS, IMU, BARO, CORAL, SD, LORA, EPS_ADC",0x0000,NONE,0,0,POWER_ON,3,UNSUPPORTED,0,1,ACCEPTED,13,ACK_TIMEOUT,0,0,1,1,ACTIVE,48,0,0,5,510,6655,10.154879072251468,seq=510 cloud=10.15% status=0x00,fe 01 ff 19 00 05 00
2026-07-28T12:52:06.904080+00:00,1785243126.90408,-111,-6.0,False,True,1,8,True,True,True,True,0xD505,0xD505,501,False,0,7,False,0,0,46327,5169000,22,46327,2,ASCENT,31,True,True,True,True,True,True,True,False,True,True,False,False,False,False,False,False,3939,3.939,3,8,48.0727348,11.3480844,4934.0,11.11,7.32,107.96,480727348,113480844,49340,732,1111,10796,56806.0,34.88,4140.8,-9.5320638,-0.53936575,-0.5295591,-2.057743188101315,-0.26005405854715513,0.18151424220741028,-972,-55,-54,-1179,-149,104,41408,3488,1,False,False,False,False,False,False,False,False,5,0,1,1,-0.972,-0.055,-0.054,0.9750512807027125,-117.9,-14.9,10.4,1,1,0,1,1,781000,0x007F,"GPS, IMU, BARO, CORAL, SD, LORA, EPS_ADC",0x0000,NONE,0,0,POWER_ON,3,UNSUPPORTED,0,1,ACCEPTED,13,ACK_TIMEOUT,0,0,1,1,ACTIVE,49,0,0,16,510,6655,10.154879072251468,seq=510 cloud=10.15% status=0x00,fe 01 ff 19 00 10 00
2026-07-28T12:52:12.193244+00:00,1785243132.193244,-106,-2.5,False,True,1,8,True,True,True,True,0x1795,0x1795,502,False,0,7,False,0,0,46332,5174000,3,46332,2,ASCENT,31,True,True,True,True,True,True,True,False,True,True,False,False,False,False,False,False,3926,3.926,3,8,48.0724754,11.3485594,4959.0,14.68,5.41,128.43,480724754,113485594,49590,541,1468,12843,56587.0,34.87,4170.0,-10.4146623,-0.20593965,0.55897905,0.29496064358704166,0.23911010752322315,0.0017453292519943296,-1062,-21,57,169,137,1,41700,3487,1,False,False,False,False,False,False,False,False,5,0,1,1,-1.062,-0.021,0.057,1.0637358694713646,16.9,13.7,0.1,1,1,0,1,1,781000,0x007F,"GPS, IMU, BARO, CORAL, SD, LORA, EPS_ADC",0x0000,NONE,0,0,POWER_ON,3,UNSUPPORTED,0,1,ACCEPTED,13,ACK_TIMEOUT,0,0,1,2,PACKET_OK,50,0,0,4,511,7679,11.717402914473181,seq=511 cloud=11.72% status=0x00,ff 01 ff 1d 00 04 00
2026-07-28T12:52:19.557504+00:00,1785243139.557504,,,True,False,,,,,,False,,,,,,,,,,,,,,,,,,,,,,,,,,,,,,,,,,,,,,,,,,,,,,,,,,,,,,,,,,,,,,,,,,,,,,,,,,,,,,,,,,,,,,,,,,,,,,,,,,,,,,,,,,,,,,,,,,,,,,,
2026-07-28T12:52:25.149037+00:00,1785243145.149037,-108,-6.25,False,True,1,8,True,True,True,True,0x2271,0x2271,504,False,1,8,False,0,0,46345,5187000,262,46345,2,ASCENT,31,True,True,True,True,True,True,True,False,True,True,False,False,False,False,False,False,3942,3.942,3,8,48.0717392,11.35044,5035.0,12.61,6.55,105.85,480717392,113504400,50350,655,1261,10585,56017.0,34.82,4246.4,-8.9828914,0.1176798,-0.0196133,-1.577777643802874,0.27052603405912107,0.06283185307179587,-916,12,-2,-904,155,36,42464,3482,1,False,False,False,False,False,False,False,False,5,0,1,1,-0.916,0.012,-0.002,0.9160807824640794,-90.4,15.5,3.6,1,1,0,1,1,781000,0x007F,"GPS, IMU, BARO, CORAL, SD, LORA, EPS_ADC",0x0000,NONE,0,0,POWER_ON,3,UNSUPPORTED,0,1,ACCEPTED,13,ACK_TIMEOUT,0,0,1,2,PACKET_OK,51,0,0,0,512,20735,31.639581902800032,seq=512 cloud=31.64% status=0x00,00 02 ff 50 00 00 00
2026-07-28T12:52:35.677868+00:00,1785243155.677868,-106,0.75,False,True,1,8,True,True,True,True,0x6819,0x6819,505,False,0,8,False,0,0,46355,5198000,274,46355,2,ASCENT,31,True,True,True,True,True,True,True,False,True,True,False,False,False,False,False,False,3926,3.926,3,8,48.0712395,11.3518429,5092.0,10.4,6.39,98.24,480712395,113518429,50920,639,1040,9824,55560.0,34.78,4308.0,-10.1596894,0.0392266,-0.4118793,0.15358897417550102,-0.029670597283903602,-0.041887902047863905,-1036,4,-42,88,-17,-24,43080,3478,1,False,False,False,False,False,False,False,False,5,0,1,1,-1.036,0.004,-0.042,1.0368587174731185,8.8,-1.7,-2.4,1,1,0,1,1,781000,0x007F,"GPS, IMU, BARO, CORAL, SD, LORA, EPS_ADC",0x0000,NONE,0,0,POWER_ON,3,UNSUPPORTED,0,1,ACCEPTED,13,ACK_TIMEOUT,0,0,1,1,ACTIVE,52,0,0,11,512,20735,31.639581902800032,seq=512 cloud=31.64% status=0x00,00 02 ff 50 00 0b 00
2026-07-28T12:52:45.969505+00:00,1785243165.969505,-107,-2.0,False,True,1,8,True,True,True,True,0x7476,0x7476,506,False,0,8,False,0,0,46366,5208000,36,46366,2,ASCENT,31,True,True,True,True,True,True,True,False,True,True,False,False,False,False,False,False,3929,3.929,3,7,48.0706787,11.353179,5168.0,9.51,8.63,118.74,480706787,113531790,51680,863,951,11874,55077.0,34.74,4373.7,-10.012589649999999,-0.34323275000000003,0.97085835,-0.1361356816555577,0.3159045946109737,0.16755160819145562,-1021,-35,99,-78,181,96,43737,3474,1,False,False,False,False,False,False,False,False,5,0,1,1,-1.021,-0.035,0.099,1.026385405196313,-7.8,18.1,9.6,1,1,0,1,1,781000,0x007F,"GPS, IMU, BARO, CORAL, SD, LORA, EPS_ADC",0x0000,NONE,0,0,POWER_ON,3,UNSUPPORTED,0,1,ACCEPTED,9,RX_OK,0,0,1,2,PACKET_OK,52,0,0,4,513,24063,36.7177843900206,seq=513 cloud=36.72% status=0x00,01 02 ff 5d 00 04 00
2026-07-28T12:52:51.272589+00:00,1785243171.272589,-108,-5.75,False,True,1,8,True,True,True,True,0x707A,0x707A,507,False,0,8,False,0,0,46371,5213000,53,46371,2,ASCENT,31,True,True,True,True,True,True,True,False,True,True,False,False,False,False,False,False,3923,3.923,3,8,48.0703011,11.3539515,5209.0,12.59,6.77,102.57,480703011,113539515,52090,677,1259,10257,54854.0,34.73,4404.2,-9.63993695,-0.35303939999999995,0.67665885,-0.5253441048502933,0.18500490071139894,-0.010471975511965976,-983,-36,69,-301,106,-6,44042,3473,1,False,False,False,False,False,False,False,False,5,0,1,1,-0.983,-0.036,0.069,0.986076061974937,-30.1,10.6,-0.6,1,1,0,1,1,781000,0x007F,"GPS, IMU, BARO, CORAL, SD, LORA, EPS_ADC",0x0000,NONE,0,0,POWER_ON,3,UNSUPPORTED,0,1,ACCEPTED,13,ACK_TIMEOUT,0,0,1,2,PACKET_OK,53,0,0,9,513,24063,36.7177843900206,seq=513 cloud=36.72% status=0x00,01 02 ff 5d 00 09 00
2026-07-28T12:53:01.579579+00:00,1785243181.579579,-115,-6.5,False,True,1,8,True,True,True,True,0x532D,0x532D,508,False,0,8,False,0,0,46381,5224000,17,46381,2,ASCENT,31,True,True,True,True,True,True,True,False,True,True,False,False,False,False,False,False,3939,3.939,3,8,48.0698547,11.3552637,5272.0,13.84,7.14,139.27,480698547,113552637,52720,714,1384,13927,54391.0,34.69,4467.7,-9.590903699999998,-0.02941995,-0.53936575,-2.1834068942449063,-0.16929693744344995,0.5253441048502933,-978,-3,-55,-1251,-97,301,44677,3469,1,False,False,False,False,False,False,False,False,5,0,1,1,-0.978,-0.003,-0.055,0.9795498966362051,-125.1,-9.7,30.1,1,1,0,1,1,841000,0x007F,"GPS, IMU, BARO, CORAL, SD, LORA, EPS_ADC",0x0000,NONE,0,0,POWER_ON,3,UNSUPPORTED,0,1,ACCEPTED,13,ACK_TIMEOUT,0,0,1,3,CRC_ERROR,54,0,0,3,514,24063,36.7177843900206,seq=514 cloud=36.72% status=0x00,02 02 ff 5d 00 03 00
2026-07-28T12:53:06.873992+00:00,1785243186.873992,-110,-3.25,False,True,1,8,True,True,True,True,0x7C3A,0x7C3A,509,False,0,8,False,0,0,46387,5229000,52,46387,2,ASCENT,31,True,True,True,True,True,True,True,False,True,True,False,False,False,False,False,False,3942,3.942,3,8,48.0695343,11.356245,5311.0,9.89,6.9,129.17,480695343,113562450,53110,690,989,12917,54144.0,34.67,4501.8,-8.482752249999999,-0.43149259999999995,0.0392266,-2.0263272615654166,0.10821041362364843,0.048869219055841226,-865,-44,4,-1161,62,28,45018,3467,1,False,False,False,False,False,False,False,False,5,0,1,1,-0.865,-0.044,0.004,0.8661275887535278,-116.1,6.2,2.8,1,1,0,1,1,841000,0x007F,"GPS, IMU, BARO, CORAL, SD, LORA, EPS_ADC",0x0000,NONE,0,0,POWER_ON,3,UNSUPPORTED,0,1,ACCEPTED,13,ACK_TIMEOUT,0,0,1,2,PACKET_OK,55,0,0,8,514,24063,36.7177843900206,seq=514 cloud=36.72% status=0x00,02 02 ff 5d 00 08 00
2026-07-28T12:53:16.268660+00:00,1785243196.26866,-109,-6.25,False,True,1,8,True,True,True,True,0x8DFE,0x8DFE,510,False,0,8,False,0,0,46396,5238000,35,46396,2,ASCENT,31,True,True,True,True,True,True,True,False,True,True,False,False,False,False,False,False,3926,3.926,3,8,48.0690422,11.3575478,5364.0,9.37,6.68,107.83,480690422,113575478,53640,668,937,10783,53735.0,34.64,4558.6,-10.3754357,-0.08825984999999999,0.53936575,-0.17627825445142728,0.4834562028024293,-0.13439035240356337,-1058,-9,55,-101,277,-77,45586,3464,1,False,False,False,False,False,False,False,False,5,0,1,1,-1.058,-0.009,0.055,1.0594668470509119,-10.1,27.7,-7.7,1,1,0,1,1,841000,0x007F,"GPS, IMU, BARO, CORAL, SD, LORA, EPS_ADC",0x0000,NONE,0,0,POWER_ON,3,UNSUPPORTED,0,1,ACCEPTED,9,RX_OK,0,0,1,2,PACKET_OK,56,0,0,0,515,3839,5.857938506141756,seq=515 cloud=5.86% status=0x00,03 02 ff 0e 00 00 00
2026-07-28T12:53:26.583194+00:00,1785243206.583194,-109,-6.25,False,True,1,8,True,True,True,True,0xD228,0xD228,511,False,0,8,False,0,0,46406,5249000,6,46406,2,ASCENT,31,True,True,True,True,True,True,True,False,True,True,False,False,False,False,False,False,3932,3.932,3,8,48.0684052,11.3590574,5432.0,13.54,7.29,136.14,480684052,113590574,54320,729,1354,13614,53294.0,34.6,4620.1,-8.56120545,0.2353596,-0.16671305,-0.7016223593017206,0.06283185307179587,-0.3159045946109737,-873,24,-17,-402,36,-181,46201,3460,1,False,False,False,False,False,False,False,False,5,0,1,1,-0.873,0.024,-0.017,0.8734952776060096,-40.2,3.6,-18.1,1,1,0,1,1,841000,0x007F,"GPS, IMU, BARO, CORAL, SD, LORA, EPS_ADC",0x0000,NONE,0,0,POWER_ON,3,UNSUPPORTED,0,1,ACCEPTED,10,RX_CRC_ERROR,0,0,1,3,CRC_ERROR,57,0,0,11,515,3839,5.857938506141756,seq=515 cloud=5.86% status=0x00,03 02 ff 0e 00 0b 00
2026-07-28T12:53:31.867347+00:00,1785243211.867347,-110,-6.75,False,True,1,8,True,True,True,True,0x8BD4,0x8BD4,512,False,0,8,False,0,0,46412,5254000,69,46412,2,ASCENT,31,True,True,True,True,True,True,True,False,True,True,False,False,False,False,False,False,3932,3.932,3,8,48.0678635,11.3598843,5467.0,13.65,6.79,122.11,480678635,113598843,54670,679,1365,12211,53080.0,34.58,4650.1,-10.67944185,-0.57859235,-0.26477955,-1.0227629416686772,-0.3543018381548489,-0.19024088846738194,-1089,-59,-27,-586,-203,-109,46501,3458,1,False,False,False,False,False,False,False,False,5,0,1,1,-1.089,-0.059,-0.027,1.0909312535627531,-58.6,-20.3,-10.9,1,1,0,1,1,841000,0x007F,"GPS, IMU, BARO, CORAL, SD, LORA, EPS_ADC",0x0000,NONE,0,0,POWER_ON,3,UNSUPPORTED,0,1,ACCEPTED,13,ACK_TIMEOUT,0,0,1,2,PACKET_OK,58,0,0,16,515,3839,5.857938506141756,seq=515 cloud=5.86% status=0x00,03 02 ff 0e 00 10 00
2026-07-28T12:53:42.160114+00:00,1785243222.160114,-107,-3.75,False,True,1,8,True,True,True,True,0x13DE,0x13DE,513,False,0,8,False,0,0,46422,5264000,28,46422,2,ASCENT,31,True,True,True,True,True,True,True,False,True,True,False,False,False,False,False,False,3929,3.929,3,8,48.0671768,11.3613005,5534.0,14.21,6.54,112.34,480671768,113613005,55340,654,1421,11234,52656.0,34.54,4709.9,-10.0616229,-0.0784532,-0.44129925,-0.061086523819801536,-0.21642082724729686,-0.017453292519943295,-1026,-8,-45,-35,-124,-10,47099,3454,1,False,False,False,False,False,False,False,False,5,0,1,1,-1.026,-0.008,-0.045,1.027017526627467,-3.5,-12.4,-1.0,1,1,0,1,1,841000,0x007F,"GPS, IMU, BARO, CORAL, SD, LORA, EPS_ADC",0x0000,NONE,0,0,POWER_ON,3,UNSUPPORTED,0,1,ACCEPTED,13,ACK_TIMEOUT,0,0,1,1,ACTIVE,59,0,0,9,516,511,0.7797360189211872,seq=516 cloud=0.78% status=0x00,04 02 ff 01 00 09 00
2026-07-28T12:53:53.019523+00:00,1785243233.019523,,,True,False,,,,,,False,,,,,,,,,,,,,,,,,,,,,,,,,,,,,,,,,,,,,,,,,,,,,,,,,,,,,,,,,,,,,,,,,,,,,,,,,,,,,,,,,,,,,,,,,,,,,,,,,,,,,,,,,,,,,,,,,,,,,,,
2026-07-28T12:54:03.338086+00:00,1785243243.338086,-110,-6.75,False,True,1,8,True,True,True,True,0xC2DB,0xC2DB,515,False,1,9,False,0,0,46443,5285000,49,46443,2,ASCENT,31,True,True,True,True,True,True,True,False,True,True,False,False,False,False,False,False,3894,3.894,3,8,48.0658951,11.3646536,5661.0,10.99,6.96,125.56,480658951,113646536,56610,696,1099,12556,51768.0,34.46,4836.4,-10.130269449999998,-0.12748644999999997,-0.4707192,-0.8918632477691024,0.32986722862692824,0.05235987755982989,-1033,-13,-48,-511,189,30,48364,3446,1,False,False,False,False,False,False,False,False,5,0,1,1,-1.033,-0.013,-0.048,1.0341963063171324,-51.1,18.9,3.0,1,1,0,1,1,901000,0x007F,"GPS, IMU, BARO, CORAL, SD, LORA, EPS_ADC",0x0000,NONE,0,0,POWER_ON,3,UNSUPPORTED,0,1,ACCEPTED,13,ACK_TIMEOUT,0,0,1,1,ACTIVE,61,0,0,13,517,21759,33.20210574502175,seq=517 cloud=33.20% status=0x00,05 02 ff 54 00 0d 00
2026-07-28T12:54:13.622078+00:00,1785243253.622078,-109,-4.75,False,True,1,8,True,True,True,True,0x2C08,0x2C08,516,False,0,9,False,0,0,46453,5296000,89,46453,2,ASCENT,31,True,True,True,True,True,True,True,False,True,True,False,False,False,False,False,False,3923,3.923,3,7,48.0652924,11.3661346,5723.0,9.35,6.7,96.84,480652924,113661346,57230,670,935,9684,51332.0,34.42,4899.1,-9.44380395,-0.43149259999999995,-0.73549875,-0.57246799465414,-0.6475171524898963,-0.13264502315156904,-963,-44,-75,-328,-371,-76,48991,3442,1,False,False,False,False,False,False,False,False,5,0,1,1,-0.963,-0.044,-0.075,0.9669177834748929,-32.8,-37.1,-7.6,1,1,0,1,1,901000,0x007F,"GPS, IMU, BARO, CORAL, SD, LORA, EPS_ADC",0x0000,NONE,0,0,POWER_ON,3,UNSUPPORTED,0,1,ACCEPTED,13,ACK_TIMEOUT,0,0,1,1,ACTIVE,62,0,0,6,518,18687,28.514534218356605,seq=518 cloud=28.51% status=0x00,06 02 ff 48 00 06 00
2026-07-28T12:54:18.926110+00:00,1785243258.92611,-107,0.5,False,True,1,8,True,True,True,True,0x161E,0x161E,517,False,0,9,False,0,0,46459,5301000,90,46459,2,ASCENT,31,True,True,True,True,True,True,True,False,True,True,False,False,False,False,False,False,3916,3.916,3,8,48.0648346,11.3669872,5761.0,15.55,5.41,109.73,480648346,113669872,57610,541,1555,10973,51100.0,34.4,4932.7,-10.149882749999998,-0.38245935,-0.38245935,-0.460766922526503,0.15184364492350666,0.05585053606381855,-1035,-39,-39,-264,87,32,49327,3440,1,False,False,False,False,False,False,False,False,5,0,1,1,-1.035,-0.039,-0.039,1.0364685234004938,-26.4,8.7,3.2,1,1,0,1,1,901000,0x007F,"GPS, IMU, BARO, CORAL, SD, LORA, EPS_ADC",0x0000,NONE,0,0,POWER_ON,3,UNSUPPORTED,0,1,ACCEPTED,13,ACK_TIMEOUT,0,0,1,2,PACKET_OK,63,0,0,12,518,18687,28.514534218356605,seq=518 cloud=28.51% status=0x00,06 02 ff 48 00 0c 00
2026-07-28T12:54:37.290236+00:00,1785243277.290236,-110,-1.5,False,True,1,8,True,True,True,True,0x319B,0x319B,519,False,1,10,False,0,0,46477,5319000,43,46477,2,ASCENT,31,True,True,True,True,True,True,True,False,True,True,False,False,False,False,False,False,3936,3.936,3,7,48.0636482,11.3698158,5876.0,11.71,6.59,109.04,480636482,113698158,58760,659,1171,10904,50343.0,34.33,5043.1,-10.2969825,-0.12748644999999997,-0.46091255,-0.5689773361501514,0.015707963267948967,-0.19896753472735357,-1050,-13,-47,-326,9,-114,50431,3433,1,False,False,False,False,False,False,False,False,5,0,1,1,-1.05,-0.013,-0.047,1.051131770997338,-32.6,0.9,-11.4,1,1,0,1,1,901000,0x007F,"GPS, IMU, BARO, CORAL, SD, LORA, EPS_ADC",0x0000,NONE,0,0,POWER_ON,3,UNSUPPORTED,0,1,ACCEPTED,13,ACK_TIMEOUT,0,0,1,1,ACTIVE,65,0,0,13,519,11519,17.57686732280461,seq=519 cloud=17.58% status=0x00,07 02 ff 2c 00 0d 00
2026-07-28T12:54:45.882628+00:00,1785243285.882628,,,True,False,,,,,,False,,,,,,,,,,,,,,,,,,,,,,,,,,,,,,,,,,,,,,,,,,,,,,,,,,,,,,,,,,,,,,,,,,,,,,,,,,,,,,,,,,,,,,,,,,,,,,,,,,,,,,,,,,,,,,,,,,,,,,,
2026-07-28T12:54:51.180889+00:00,1785243291.180889,-106,-4.5,False,True,1,8,True,True,True,True,0xC741,0xC741,521,False,1,11,False,0,0,46491,5333000,23,46491,2,ASCENT,31,True,True,True,True,True,True,True,False,True,True,False,False,False,False,False,False,3942,3.942,3,7,48.0627785,11.3723173,5959.0,18.49,5.07,109.08,480627785,113723173,59590,507,1849,10908,49824.0,34.28,5119.5,-11.38552065,-0.2745862,-0.8924051499999999,0.5131268000863328,-0.3944444109507185,0.013962634015954637,-1161,-28,-91,294,-226,8,51195,3428,1,False,False,False,False,False,False,False,False,5,0,1,1,-1.161,-0.028,-0.091,1.1648974203765754,29.4,-22.6,0.8,1,1,0,1,1,901000,0x007F,"GPS, IMU, BARO, CORAL, SD, LORA, EPS_ADC",0x0000,NONE,0,0,POWER_ON,3,UNSUPPORTED,0,1,ACCEPTED,13,ACK_TIMEOUT,0,0,1,2,PACKET_OK,66,0,0,10,520,8959,13.670557717250324,seq=520 cloud=13.67% status=0x00,08 02 ff 22 00 0a 00
2026-07-28T12:55:07.494952+00:00,1785243307.494952,-108,-7.0,False,True,1,8,True,True,True,True,0x8DD9,0x8DD9,523,False,1,12,False,0,0,46507,5350000,83,46507,2,ASCENT,31,True,True,True,True,True,True,True,False,True,True,False,False,False,False,False,False,3923,3.923,3,8,48.061554,11.3750114,6072.0,13.77,6.52,114.0,480615540,113750114,60720,652,1377,11400,49173.0,34.22,5216.3,-9.855683249999998,-0.30400615,-0.38245935,-0.7190756518216638,0.33510321638291124,0.2530727415391778,-1005,-31,-39,-412,192,145,52163,3422,1,False,False,False,False,False,False,False,False,5,0,1,1,-1.005,-0.031,-0.039,1.0062340681968585,-41.2,19.2,14.5,1,1,0,1,1,961000,0x007F,"GPS, IMU, BARO, CORAL, SD, LORA, EPS_ADC",0x0000,NONE,0,0,POWER_ON,3,UNSUPPORTED,0,1,ACCEPTED,9,RX_OK,0,0,1,2,PACKET_OK,68,0,0,9,521,24063,36.7177843900206,seq=521 cloud=36.72% status=0x00,09 02 ff 5d 00 09 00
2026-07-28T12:55:15.765798+00:00,1785243315.765798,,,True,False,,,,,,False,,,,,,,,,,,,,,,,,,,,,,,,,,,,,,,,,,,,,,,,,,,,,,,,,,,,,,,,,,,,,,,,,,,,,,,,,,,,,,,,,,,,,,,,,,,,,,,,,,,,,,,,,,,,,,,,,,,,,,,
2026-07-28T12:55:26.076306+00:00,1785243326.076306,-107,-3.25,False,True,1,8,True,True,True,True,0xE331,0xE331,525,False,1,13,False,0,0,46526,5368000,30,46526,2,ASCENT,31,True,True,True,True,True,True,True,False,True,True,False,False,False,False,False,False,3926,3.926,3,8,48.0602837,11.3782549,6175.0,14.49,6.69,131.83,480602837,113782549,61750,669,1449,13183,48431.0,34.15,5327.9,-8.7279185,-0.4118793,-0.17651969999999997,-0.30019663134302466,0.3159045946109737,-0.031415926535897934,-890,-42,-18,-172,181,-18,53279,3415,1,False,False,False,False,False,False,False,False,5,0,1,1,-0.89,-0.042,-0.018,0.8911722616868188,-17.2,18.1,-1.8,1,1,0,1,1,961000,0x007F,"GPS, IMU, BARO, CORAL, SD, LORA, EPS_ADC",0x0000,NONE,0,0,POWER_ON,3,UNSUPPORTED,0,1,ACCEPTED,13,ACK_TIMEOUT,0,0,1,1,ACTIVE,70,0,0,11,522,27647,42.1866178377966,seq=522 cloud=42.19% status=0x00,0a 02 ff 6b 00 0b 00
2026-07-28T12:55:36.379595+00:00,1785243336.379595,-109,-7.75,False,True,1,8,True,True,True,True,0x9FB3,0x9FB3,526,False,0,13,False,0,0,46536,5378000,70,46536,2,ASCENT,31,True,True,True,True,True,True,True,False,True,True,False,False,False,False,False,False,3942,3.942,3,8,48.0597,11.3799076,6242.0,12.29,6.91,109.12,480597000,113799076,62420,691,1229,10912,48022.0,34.11,5390.0,-9.198637699999999,0.2353596,0.14709974999999997,0.1291543646475804,0.026179938779914945,-0.25481807079117214,-938,24,15,74,15,-146,53900,3411,1,False,False,False,False,False,False,False,False,5,0,1,1,-0.938,0.024,0.015,0.9384268751479786,7.4,1.5,-14.6,1,1,0,1,1,961000,0x007F,"GPS, IMU, BARO, CORAL, SD, LORA, EPS_ADC",0x0000,NONE,0,0,POWER_ON,3,UNSUPPORTED,0,1,ACCEPTED,10,RX_CRC_ERROR,0,0,1,3,CRC_ERROR,71,0,0,4,523,31487,48.04608224612802,seq=523 cloud=48.05% status=0x00,0b 02 ff 7a 00 04 00
2026-07-28T12:55:56.954371+00:00,1785243356.954371,,,True,False,,,,,,False,,,,,,,,,,,,,,,,,,,,,,,,,,,,,,,,,,,,,,,,,,,,,,,,,,,,,,,,,,,,,,,,,,,,,,,,,,,,,,,,,,,,,,,,,,,,,,,,,,,,,,,,,,,,,,,,,,,,,,,
2026-07-28T12:56:07.284813+00:00,1785243367.284813,-105,-5.75,False,True,1,8,True,True,True,True,0x51E3,0x51E3,529,False,2,15,False,0,0,46567,5409000,77,46567,2,ASCENT,31,True,True,True,True,True,True,True,False,True,True,False,False,False,False,False,False,3939,3.939,3,7,48.0579796,11.3853331,6427.0,12.48,5.32,111.56,480579796,113853331,64270,532,1248,11156,46849.0,33.99,5570.6,-8.89463155,-0.34323275000000003,0.392266,-0.619591884457987,0.054105206811824215,0.14835298641951802,-907,-35,40,-355,31,85,55706,3399,1,False,False,False,False,False,False,False,False,5,0,1,1,-0.907,-0.035,0.04,0.908555997173537,-35.5,3.1,8.5,1,1,0,1,1,1021000,0x007F,"GPS, IMU, BARO, CORAL, SD, LORA, EPS_ADC",0x0000,NONE,0,0,POWER_ON,3,UNSUPPORTED,0,1,ACCEPTED,13,ACK_TIMEOUT,0,0,1,3,CRC_ERROR,74,0,0,1,525,1023,1.560997940032044,seq=525 cloud=1.56% status=0x00,0d 02 ff 03 00 01 00
2026-07-28T12:56:27.881744+00:00,1785243387.881744,-107,-8.75,False,True,1,8,True,True,True,True,0x8A2C,0x8A2C,531,False,1,16,False,0,0,46588,5430000,75,46588,2,ASCENT,31,True,True,True,True,True,True,True,False,True,True,False,False,False,False,False,False,3942,3.942,3,7,48.057003,11.3886986,6548.0,13.56,7.68,133.53,480570030,113886986,65480,768,1356,13353,46152.0,33.9,5679.6,-9.581097049999999,-0.26477955,0.32361945,0.026179938779914945,0.17627825445142728,0.022689280275926284,-977,-27,33,15,101,13,56796,3390,1,False,False,False,False,False,False,False,False,5,0,1,1,-0.977,-0.027,0.033,0.9779299565919841,1.5,10.1,1.3,1,1,0,1,1,1021000,0x007F,"GPS, IMU, BARO, CORAL, SD, LORA, EPS_ADC",0x0000,NONE,0,0,POWER_ON,3,UNSUPPORTED,0,1,ACCEPTED,13,ACK_TIMEOUT,0,0,1,1,ACTIVE,76,0,0,4,526,19711,30.077058060578317,seq=526 cloud=30.08% status=0x00,0e 02 ff 4c 00 04 00
2026-07-28T12:56:38.184309+00:00,1785243398.184309,-106,-9.0,False,True,1,8,True,True,True,True,0x0FF9,0x0FF9,532,False,0,16,False,0,0,46598,5440000,66,46598,2,ASCENT,31,True,True,True,True,True,True,True,False,True,True,False,False,False,False,False,False,3929,3.929,3,7,48.0564232,11.3903856,6604.0,10.75,5.35,128.34,480564232,113903856,66040,535,1075,12834,45774.0,33.86,5739.3,-9.875296549999998,0.10787314999999999,-0.0588399,1.1152653920243765,0.061086523819801536,-0.23387411976724015,-1007,11,-6,639,35,-134,57393,3386,1,False,False,False,False,False,False,False,False,5,0,1,1,-1.007,0.011,-0.006,1.0070779513026784,63.9,3.5,-13.4,1,1,0,1,1,1021000,0x007F,"GPS, IMU, BARO, CORAL, SD, LORA, EPS_ADC",0x0000,NONE,0,0,POWER_ON,3,UNSUPPORTED,0,1,ACCEPTED,13,ACK_TIMEOUT,0,0,1,1,ACTIVE,77,0,0,15,526,19711,30.077058060578317,seq=526 cloud=30.08% status=0x00,0e 02 ff 4c 00 0f 00
2026-07-28T12:56:48.499210+00:00,1785243408.49921,-110,-3.5,False,True,1,8,True,True,True,True,0xAC49,0xAC49,533,False,0,16,False,0,0,46608,5451000,26,46608,2,ASCENT,31,True,True,True,True,True,True,True,False,True,True,False,False,False,False,False,False,3942,3.942,3,6,48.0558014,11.3919277,6662.0,11.3,6.34,121.93,480558014,113919277,66620,634,1130,12193,45391.0,33.8,5800.2,-10.4931155,-0.44129925,-0.00980665,-0.22863813201125716,0.04537856055185257,-0.17278759594743864,-1070,-45,-1,-131,26,-99,58002,3380,1,False,False,False,False,False,False,False,False,5,0,1,1,-1.07,-0.045,-0.001,1.0709463105123431,-13.1,2.6,-9.9,1,1,0,1,1,1021000,0x007F,"GPS, IMU, BARO, CORAL, SD, LORA, EPS_ADC",0x0000,NONE,0,0,POWER_ON,3,UNSUPPORTED,0,1,ACCEPTED,13,ACK_TIMEOUT,0,0,1,1,ACTIVE,78,0,0,8,527,17663,26.95201037613489,seq=527 cloud=26.95% status=0x00,0f 02 ff 44 00 08 00
2026-07-28T12:56:58.899605+00:00,1785243418.899605,-106,-7.5,False,True,1,8,True,True,True,True,0x5752,0x5752,534,False,0,16,False,0,0,46618,5461000,280,46618,2,ASCENT,31,True,True,True,True,True,True,True,False,True,True,False,False,False,False,False,False,3929,3.929,3,7,48.0552521,11.3936853,6733.0,13.29,6.49,122.85,480552521,113936853,67330,649,1329,12285,45003.0,33.76,5862.3,-10.110656149999999,-0.6668522,0.02941995,-1.6982053621904827,-0.16580627893946132,0.18675022996339324,-1031,-68,3,-973,-95,107,58623,3376,1,False,False,False,False,False,False,False,False,5,0,1,1,-1.031,-0.068,0.003,1.0332444047755593,-97.3,-9.5,10.7,1,1,0,1,1,1021000,0x007F,"GPS, IMU, BARO, CORAL, SD, LORA, EPS_ADC",0x0000,NONE,0,0,POWER_ON,3,UNSUPPORTED,0,1,ACCEPTED,13,ACK_TIMEOUT,0,0,1,3,CRC_ERROR,79,0,0,1,528,3327,5.076676585030899,seq=528 cloud=5.08% status=0x00,10 02 ff 0c 00 01 00
2026-07-28T12:57:09.412280+00:00,1785243429.41228,,,True,False,,,,,,False,,,,,,,,,,,,,,,,,,,,,,,,,,,,,,,,,,,,,,,,,,,,,,,,,,,,,,,,,,,,,,,,,,,,,,,,,,,,,,,,,,,,,,,,,,,,,,,,,,,,,,,,,,,,,,,,,,,,,,,
2026-07-28T12:57:19.713969+00:00,1785243439.713969,-107,-4.5,False,True,1,8,True,True,True,True,0x1E80,0x1E80,536,False,1,17,False,0,0,46639,5482000,18,46639,2,ASCENT,31,True,True,True,True,True,True,True,False,True,True,False,False,False,False,False,False,3929,3.929,3,5,48.0536957,11.3974361,6862.0,17.11,6.02,128.96,480536957,113974361,68620,602,1711,12896,44259.0,33.65,5982.6,-10.5519554,-0.43149259999999995,-0.7060787999999999,-0.9023352232810684,-0.17278759594743864,0.22514747350726852,-1076,-44,-72,-517,-99,129,59826,3365,1,False,False,False,False,False,False,False,False,5,0,1,1,-1.076,-0.044,-0.072,1.0793034791012213,-51.7,-9.9,12.9,1,1,0,1,1,1081000,0x007F,"GPS, IMU, BARO, CORAL, SD, LORA, EPS_ADC",0x0000,NONE,0,0,POWER_ON,3,UNSUPPORTED,0,1,ACCEPTED,13,ACK_TIMEOUT,0,0,1,1,ACTIVE,81,0,0,5,529,6655,10.154879072251468,seq=529 cloud=10.15% status=0x00,11 02 ff 19 00 05 00
2026-07-28T12:57:30.088791+00:00,1785243450.088791,-107,-2.75,False,True,1,8,True,True,True,True,0x5C64,0x5C64,537,False,0,17,False,0,0,46650,5492000,66,46650,2,ASCENT,31,True,True,True,True,True,True,True,False,True,True,False,False,False,False,False,False,3926,3.926,3,6,48.0529594,11.399559,6937.0,16.69,6.64,118.18,480529594,113995590,69370,664,1669,11818,43859.0,33.6,6048.0,-8.3748791,-0.28439285,-0.34323275000000003,0.9023352232810684,-0.19896753472735357,0.16929693744344995,-854,-29,-35,517,-114,97,60480,3360,1,False,False,False,False,False,False,False,False,5,0,1,1,-0.854,-0.029,-0.035,0.855208746447322,51.7,-11.4,9.7,1,1,0,1,1,1081000,0x007F,"GPS, IMU, BARO, CORAL, SD, LORA, EPS_ADC",0x0000,NONE,0,0,POWER_ON,3,UNSUPPORTED,0,1,ACCEPTED,9,RX_OK,0,0,1,2,PACKET_OK,81,0,0,15,529,6655,10.154879072251468,seq=529 cloud=10.15% status=0x00,11 02 ff 19 00 0f 00
2026-07-28T12:57:40.719816+00:00,1785243460.719816,-109,-7.75,False,True,1,8,True,True,True,True,0x0799,0x0799,538,False,0,17,False,0,0,46660,5503000,87,46660,2,ASCENT,31,True,True,True,True,True,True,True,False,True,True,False,False,False,False,False,False,3926,3.926,3,7,48.0524063,11.4015989,7003.0,14.87,6.11,113.56,480524063,114015989,70030,611,1487,11356,43434.0,33.55,6118.0,-8.747531799999999,-0.5982056499999999,0.25497289999999995,-0.7138396640656808,-0.4642575810304917,0.5811946409141117,-892,-61,26,-409,-266,333,61180,3355,1,False,False,False,False,False,False,False,False,5,0,1,1,-0.892,-0.061,0.026,0.8944612903865656,-40.9,-26.6,33.3,1,1,0,1,1,1081000,0x007F,"GPS, IMU, BARO, CORAL, SD, LORA, EPS_ADC",0x0000,NONE,0,0,POWER_ON,3,UNSUPPORTED,0,1,ACCEPTED,13,ACK_TIMEOUT,0,0,1,1,ACTIVE,82,0,0,9,530,16639,25.389486533913175,seq=530 cloud=25.39% status=0x00,12 02 ff 40 00 09 00
2026-07-28T12:58:01.474938+00:00,1785243481.474938,-107,3.0,False,True,1,8,True,True,True,True,0x2CEA,0x2CEA,540,False,1,18,False,0,0,46681,5523000,37,46681,2,ASCENT,31,True,True,True,True,True,True,True,False,True,True,False,False,False,False,False,False,3913,3.913,3,7,48.0510063,11.4055243,7124.0,17.19,4.88,106.3,480510063,114055243,71240,488,1719,10630,42764.0,33.44,6229.4,-10.738281749999999,-0.35303939999999995,-0.61781895,1.8221237390820801,-0.26005405854715513,0.03490658503988659,-1095,-36,-63,1044,-149,20,62294,3344,1,False,False,False,False,False,False,False,False,5,0,1,1,-1.095,-0.036,-0.063,1.0974014762155189,104.4,-14.9,2.0,1,1,0,1,1,1141000,0x007F,"GPS, IMU, BARO, CORAL, SD, LORA, EPS_ADC",0x0000,NONE,0,0,POWER_ON,3,UNSUPPORTED,0,1,ACCEPTED,13,ACK_TIMEOUT,0,0,1,1,ACTIVE,84,0,0,12,531,26623,40.62409399557488,seq=531 cloud=40.62% status=0x00,13 02 ff 67 00 0c 00
2026-07-28T12:58:11.769465+00:00,1785243491.769465,-110,-3.0,False,True,1,8,True,True,True,True,0xCEE6,0xCEE6,541,False,0,18,False,0,0,46691,5534000,71,46691,2,ASCENT,31,True,True,True,True,True,True,True,False,True,True,False,False,False,False,False,False,3916,3.916,3,6,48.0499535,11.4075489,7182.0,18.12,6.45,142.39,480499535,114075489,71820,645,1812,14239,42430.0,33.38,6285.5,-10.463695549999999,-0.5687857,0.1176798,-0.5585053606381855,-0.2530727415391778,0.15358897417550102,-1067,-58,12,-320,-145,88,62855,3338,1,False,False,False,False,False,False,False,False,5,0,1,1,-1.067,-0.058,0.012,1.0686425969424949,-32.0,-14.5,8.8,1,1,0,1,1,1141000,0x007F,"GPS, IMU, BARO, CORAL, SD, LORA, EPS_ADC",0x0000,NONE,0,0,POWER_ON,3,UNSUPPORTED,0,1,ACCEPTED,13,ACK_TIMEOUT,0,0,1,1,ACTIVE,85,0,0,6,532,25343,38.67093919279774,seq=532 cloud=38.67% status=0x00,14 02 ff 62 00 06 00
2026-07-28T12:58:21.350899+00:00,1785243501.350899,,,True,False,,,,,,False,,,,,,,,,,,,,,,,,,,,,,,,,,,,,,,,,,,,,,,,,,,,,,,,,,,,,,,,,,,,,,,,,,,,,,,,,,,,,,,,,,,,,,,,,,,,,,,,,,,,,,,,,,,,,,,,,,,,,,,
2026-07-28T12:58:27.428331+00:00,1785243507.428331,,,True,False,,,,,,False,,,,,,,,,,,,,,,,,,,,,,,,,,,,,,,,,,,,,,,,,,,,,,,,,,,,,,,,,,,,,,,,,,,,,,,,,,,,,,,,,,,,,,,,,,,,,,,,,,,,,,,,,,,,,,,,,,,,,,,
2026-07-28T12:58:37.726434+00:00,1785243517.726434,-109,-6.5,False,True,1,8,True,True,True,True,0xD4DA,0xD4DA,544,False,2,20,False,0,0,46717,5560000,37,46717,2,ASCENT,31,True,True,True,True,True,True,True,False,True,True,False,False,False,False,False,False,3929,3.929,3,6,48.0479622,11.4126062,7328.0,12.19,4.82,114.51,480479622,114126062,73280,482,1219,11451,41579.0,33.24,6430.0,-10.5715687,-0.3334261,-0.37265269999999995,0.9738937226128358,0.4276056667386107,-0.44505895925855404,-1078,-34,-38,558,245,-255,64300,3324,1,False,False,False,False,False,False,False,False,5,0,1,1,-1.078,-0.034,-0.038,1.0792052631450608,55.8,24.5,-25.5,1,1,0,1,1,1141000,0x007F,"GPS, IMU, BARO, CORAL, SD, LORA, EPS_ADC",0x0000,NONE,0,0,POWER_ON,3,UNSUPPORTED,0,1,ACCEPTED,10,RX_CRC_ERROR,0,0,1,3,CRC_ERROR,88,0,0,14,533,13055,19.92065308613718,seq=533 cloud=19.92% status=0x00,15 02 ff 32 00 0e 00
2026-07-28T12:58:58.369718+00:00,1785243538.369718,,,True,False,,,,,,False,,,,,,,,,,,,,,,,,,,,,,,,,,,,,,,,,,,,,,,,,,,,,,,,,,,,,,,,,,,,,,,,,,,,,,,,,,,,,,,,,,,,,,,,,,,,,,,,,,,,,,,,,,,,,,,,,,,,,,,
2026-07-28T12:59:08.681772+00:00,1785243548.681772,-109,-9.5,False,True,1,8,True,True,True,True,0xFA59,0xFA59,547,False,2,22,False,0,0,46748,5591000,29,46748,2,ASCENT,31,True,True,True,True,True,True,True,False,True,True,False,False,False,False,False,False,3926,3.926,3,7,48.0459671,11.4185829,7509.0,17.25,5.03,105.07,480459671,114185829,75090,503,1725,10507,40600.0,33.07,6599.3,-10.7677017,-0.22555294999999997,0.38245935,-0.778416846389471,0.34732052114687156,0.15009831567151233,-1098,-23,39,-446,199,86,65993,3307,1,False,False,False,False,False,False,False,False,5,0,1,1,-1.098,-0.023,0.039,1.0989331189840446,-44.6,19.9,8.6,1,1,0,1,1,1201000,0x007F,"GPS, IMU, BARO, CORAL, SD, LORA, EPS_ADC",0x0000,NONE,0,0,POWER_ON,3,UNSUPPORTED,0,1,ACCEPTED,13,ACK_TIMEOUT,0,0,1,1,ACTIVE,91,0,0,11,535,3583,5.467307545586328,seq=535 cloud=5.47% status=0x00,17 02 ff 0d 00 0b 00
2026-07-28T12:59:18.968451+00:00,1785243558.968451,,,True,False,,,,,,False,,,,,,,,,,,,,,,,,,,,,,,,,,,,,,,,,,,,,,,,,,,,,,,,,,,,,,,,,,,,,,,,,,,,,,,,,,,,,,,,,,,,,,,,,,,,,,,,,,,,,,,,,,,,,,,,,,,,,,,
2026-07-28T12:59:24.274461+00:00,1785243564.274461,-110,-6.0,False,True,1,8,True,True,True,True,0x9508,0x9508,549,False,1,23,False,0,0,46764,5606000,58,46764,2,ASCENT,31,True,True,True,True,True,True,True,False,True,True,False,False,False,False,False,False,3916,3.916,3,7,48.0449066,11.4217186,7605.0,18.43,6.67,123.8,480449066,114217186,76050,667,1843,12380,40051.0,32.98,6695.7,-8.8652116,-0.04903325,0.40207265,0.45553093477052004,0.13439035240356337,-0.5497787143782138,-904,-5,41,261,77,-315,66957,3298,1,False,False,False,False,False,False,False,False,5,0,1,1,-0.904,-0.005,0.041,0.9049430921334226,26.1,7.7,-31.5,1,1,0,1,1,1201000,0x007F,"GPS, IMU, BARO, CORAL, SD, LORA, EPS_ADC",0x0000,NONE,0,0,POWER_ON,3,UNSUPPORTED,0,1,ACCEPTED,13,ACK_TIMEOUT,0,0,1,2,PACKET_OK,93,0,0,10,536,14847,22.65506981002518,seq=536 cloud=22.66% status=0x00,18 02 ff 39 00 0a 00
2026-07-28T12:59:55.136591+00:00,1785243595.136591,,,True,False,,,,,,False,,,,,,,,,,,,,,,,,,,,,,,,,,,,,,,,,,,,,,,,,,,,,,,,,,,,,,,,,,,,,,,,,,,,,,,,,,,,,,,,,,,,,,,,,,,,,,,,,,,,,,,,,,,,,,,,,,,,,,,
2026-07-28T13:00:15.863005+00:00,1785243615.863005,-108,-6.75,False,True,1,8,True,True,True,True,0xC55F,0xC55F,554,False,4,27,False,0,0,46816,5658000,22,46816,2,ASCENT,31,True,True,True,True,True,True,True,False,True,True,False,False,False,False,False,False,3900,3.9,3,7,48.0419846,11.4312954,7950.0,15.72,5.78,99.71,480419846,114312954,79500,578,1572,9971,38352.0,32.69,7000.9,-9.4536106,-0.61781895,-0.4118793,2.5115287936198403,-0.38222710618675815,-0.5689773361501514,-964,-63,-42,1439,-219,-326,70009,3269,1,False,False,False,False,False,False,False,False,5,0,1,1,-0.964,-0.063,-0.042,0.9669689757174218,143.9,-21.9,-32.6,1,1,0,1,1,1261000,0x007F,"GPS, IMU, BARO, CORAL, SD, LORA, EPS_ADC",0x0000,NONE,0,0,POWER_ON,3,UNSUPPORTED,0,1,ACCEPTED,13,ACK_TIMEOUT,0,0,1,1,ACTIVE,98,0,0,10,539,1279,1.9516289005874723,seq=539 cloud=1.95% status=0x00,1b 02 ff 04 00 0a 00
2026-07-28T13:00:26.169940+00:00,1785243626.16994,-108,-5.5,False,True,1,8,True,True,True,True,0x3831,0x3831,555,False,0,27,False,0,0,46826,5668000,22,46826,2,ASCENT,31,True,True,True,True,True,True,True,False,True,True,False,False,False,False,False,False,3929,3.929,3,7,48.0414696,11.4334002,8001.0,13.4,6.38,116.17,480414696,114334002,80010,638,1340,11617,38017.0,32.63,7062.4,-8.89463155,-0.20593965,-0.5883989999999999,1.3997540600994522,-0.5759586531581288,-0.05235987755982989,-907,-21,-60,802,-330,-30,70624,3263,1,False,False,False,False,False,False,False,False,5,0,1,1,-0.907,-0.021,-0.06,0.9092249446644104,80.2,-33.0,-3.0,1,1,0,1,1,1261000,0x007F,"GPS, IMU, BARO, CORAL, SD, LORA, EPS_ADC",0x0000,NONE,0,0,POWER_ON,3,UNSUPPORTED,0,1,ACCEPTED,13,ACK_TIMEOUT,0,0,1,1,ACTIVE,99,0,0,3,540,3071,4.686045624475471,seq=540 cloud=4.69% status=0x00,1c 02 ff 0b 00 03 00
2026-07-28T13:00:36.691127+00:00,1785243636.691127,-111,-8.0,False,True,1,8,True,True,True,True,0x0614,0x0614,556,False,0,27,False,0,0,46836,5678000,286,46836,2,ASCENT,31,True,True,True,True,True,True,True,False,True,True,False,False,False,False,False,False,3913,3.913,3,7,48.0411339,11.4353085,8054.0,18.74,5.87,101.31,480411339,114353085,80540,587,1874,10131,37707.0,32.58,7119.6,-10.6892485,0.18632634999999997,-0.14709974999999997,0.2827433388230814,-0.317649923862968,-0.16755160819145562,-1090,19,-15,162,-182,-96,71196,3258,1,False,False,False,False,False,False,False,False,5,0,1,1,-1.09,0.019,-0.015,1.0902687742020314,16.2,-18.2,-9.6,1,1,0,1,1,1261000,0x007F,"GPS, IMU, BARO, CORAL, SD, LORA, EPS_ADC",0x0000,NONE,0,0,POWER_ON,3,UNSUPPORTED,0,1,ACCEPTED,13,ACK_TIMEOUT,0,0,1,1,ACTIVE,100,0,0,14,540,3071,4.686045624475471,seq=540 cloud=4.69% status=0x00,1c 02 ff 0b 00 0e 00
2026-07-28T13:00:46.962126+00:00,1785243646.962126,,,True,False,,,,,,False,,,,,,,,,,,,,,,,,,,,,,,,,,,,,,,,,,,,,,,,,,,,,,,,,,,,,,,,,,,,,,,,,,,,,,,,,,,,,,,,,,,,,,,,,,,,,,,,,,,,,,,,,,,,,,,,,,,,,,,
2026-07-28T13:00:57.654985+00:00,1785243657.654985,-110,-7.25,False,True,1,8,True,True,True,True,0x0D58,0x0D58,558,False,1,28,False,0,0,46857,5700000,802,46857,2,ASCENT,31,True,True,True,True,True,True,True,False,True,True,False,False,False,False,False,False,3916,3.916,3,6,48.0395546,11.4397984,8188.0,22.12,7.51,123.4,480395546,114397984,81880,751,2212,12340,37057.0,32.46,7241.0,-9.67916355,-0.4118793,-0.50013915,-0.9093165402890457,0.17976891295541594,-0.03490658503988659,-987,-42,-51,-521,103,-20,72410,3246,1,False,False,False,False,False,False,False,False,5,0,1,1,-0.987,-0.042,-0.051,0.9892087747285706,-52.1,10.3,-2.0,1,1,0,1,1,1261000,0x007F,"GPS, IMU, BARO, CORAL, SD, LORA, EPS_ADC",0x0000,NONE,0,0,POWER_ON,3,UNSUPPORTED,0,1,ACCEPTED,13,ACK_TIMEOUT,0,0,1,1,ACTIVE,102,0,0,0,542,6655,10.154879072251468,seq=542 cloud=10.15% status=0x00,1e 02 ff 19 00 00 00
2026-07-28T13:01:07.936872+00:00,1785243667.936872,,,True,False,,,,,,False,,,,,,,,,,,,,,,,,,,,,,,,,,,,,,,,,,,,,,,,,,,,,,,,,,,,,,,,,,,,,,,,,,,,,,,,,,,,,,,,,,,,,,,,,,,,,,,,,,,,,,,,,,,,,,,,,,,,,,,
2026-07-28T13:01:18.255564+00:00,1785243678.255564,-111,-3.0,False,True,1,8,True,True,True,True,0xA6DE,0xA6DE,560,False,1,29,False,0,0,46878,5720000,99,46878,2,ASCENT,31,True,True,True,True,True,True,True,False,True,True,False,False,False,False,False,False,3929,3.929,3,7,48.038578,11.444025,8326.0,19.25,6.3,113.4,480385780,114440250,83260,630,1925,11340,36360.0,32.35,7373.0,-9.9047165,-0.25497289999999995,-0.30400615,0.029670597283903602,0.20420352248333654,0.054105206811824215,-1010,-26,-31,17,117,31,73730,3235,1,False,False,False,False,False,False,False,False,5,0,1,1,-1.01,-0.026,-0.031,1.010810071180536,1.7,11.7,3.1,1,1,0,1,1,1321000,0x007F,"GPS, IMU, BARO, CORAL, SD, LORA, EPS_ADC",0x0000,NONE,0,0,POWER_ON,3,UNSUPPORTED,0,1,ACCEPTED,13,ACK_TIMEOUT,0,0,1,1,ACTIVE,104,0,0,4,543,7679,11.717402914473181,seq=543 cloud=11.72% status=0x00,1f 02 ff 1d 00 04 00
2026-07-28T13:02:09.752621+00:00,1785243729.752621,,,True,False,,,,,,False,,,,,,,,,,,,,,,,,,,,,,,,,,,,,,,,,,,,,,,,,,,,,,,,,,,,,,,,,,,,,,,,,,,,,,,,,,,,,,,,,,,,,,,,,,,,,,,,,,,,,,,,,,,,,,,,,,,,,,,
2026-07-28T13:02:15.065880+00:00,1785243735.06588,,,True,False,,,,,,False,,,,,,,,,,,,,,,,,,,,,,,,,,,,,,,,,,,,,,,,,,,,,,,,,,,,,,,,,,,,,,,,,,,,,,,,,,,,,,,,,,,,,,,,,,,,,,,,,,,,,,,,,,,,,,,,,,,,,,,
2026-07-28T13:02:53.705965+00:00,1785243773.705965,,,True,False,,,,,,False,,,,,,,,,,,,,,,,,,,,,,,,,,,,,,,,,,,,,,,,,,,,,,,,,,,,,,,,,,,,,,,,,,,,,,,,,,,,,,,,,,,,,,,,,,,,,,,,,,,,,,,,,,,,,,,,,,,,,,,
2026-07-28T13:03:04.138760+00:00,1785243784.13876,,,True,False,,,,,,False,,,,,,,,,,,,,,,,,,,,,,,,,,,,,,,,,,,,,,,,,,,,,,,,,,,,,,,,,,,,,,,,,,,,,,,,,,,,,,,,,,,,,,,,,,,,,,,,,,,,,,,,,,,,,,,,,,,,,,,
2026-07-28T13:03:25.212700+00:00,1785243805.2127,,,True,False,,,,,,False,,,,,,,,,,,,,,,,,,,,,,,,,,,,,,,,,,,,,,,,,,,,,,,,,,,,,,,,,,,,,,,,,,,,,,,,,,,,,,,,,,,,,,,,,,,,,,,,,,,,,,,,,,,,,,,,,,,,,,,
2026-07-28T13:03:35.522413+00:00,1785243815.522413,,,True,False,,,,,,False,,,,,,,,,,,,,,,,,,,,,,,,,,,,,,,,,,,,,,,,,,,,,,,,,,,,,,,,,,,,,,,,,,,,,,,,,,,,,,,,,,,,,,,,,,,,,,,,,,,,,,,,,,,,,,,,,,,,,,,
2026-07-28T13:03:45.945086+00:00,1785243825.945086,,,True,False,,,,,,False,,,,,,,,,,,,,,,,,,,,,,,,,,,,,,,,,,,,,,,,,,,,,,,,,,,,,,,,,,,,,,,,,,,,,,,,,,,,,,,,,,,,,,,,,,,,,,,,,,,,,,,,,,,,,,,,,,,,,,,
2026-07-28T13:03:56.250986+00:00,1785243836.250986,,,True,False,,,,,,False,,,,,,,,,,,,,,,,,,,,,,,,,,,,,,,,,,,,,,,,,,,,,,,,,,,,,,,,,,,,,,,,,,,,,,,,,,,,,,,,,,,,,,,,,,,,,,,,,,,,,,,,,,,,,,,,,,,,,,,
2026-07-28T13:04:27.121268+00:00,1785243867.121268,,,True,False,,,,,,False,,,,,,,,,,,,,,,,,,,,,,,,,,,,,,,,,,,,,,,,,,,,,,,,,,,,,,,,,,,,,,,,,,,,,,,,,,,,,,,,,,,,,,,,,,,,,,,,,,,,,,,,,,,,,,,,,,,,,,,
2026-07-28T13:06:10.093636+00:00,1785243970.093636,,,True,False,,,,,,False,,,,,,,,,,,,,,,,,,,,,,,,,,,,,,,,,,,,,,,,,,,,,,,,,,,,,,,,,,,,,,,,,,,,,,,,,,,,,,,,,,,,,,,,,,,,,,,,,,,,,,,,,,,,,,,,,,,,,,,
2026-07-28T13:06:41.203611+00:00,1785244001.203611,,,True,False,,,,,,False,,,,,,,,,,,,,,,,,,,,,,,,,,,,,,,,,,,,,,,,,,,,,,,,,,,,,,,,,,,,,,,,,,,,,,,,,,,,,,,,,,,,,,,,,,,,,,,,,,,,,,,,,,,,,,,,,,,,,,,
2026-07-28T13:06:56.776119+00:00,1785244016.776119,,,True,False,,,,,,False,,,,,,,,,,,,,,,,,,,,,,,,,,,,,,,,,,,,,,,,,,,,,,,,,,,,,,,,,,,,,,,,,,,,,,,,,,,,,,,,,,,,,,,,,,,,,,,,,,,,,,,,,,,,,,,,,,,,,,,
2026-07-28T13:09:00.730015+00:00,1785244140.730015,-117,-6.25,False,True,1,8,True,True,True,True,0x8597,0x8597,607,False,46,75,False,0,0,47340,6182000,26,47340,2,ASCENT,31,True,True,True,True,True,True,True,False,True,True,False,False,False,False,False,False,3923,3.923,3,15,48.0001602,11.5741978,11236.0,31.84,3.97,114.83,480001602,115741978,112360,397,3184,11483,23843.0,29.56,10187.5,-11.179580999999999,-0.16671305,0.12748644999999997,-0.5044001538263612,0.22514747350726852,-0.0890117918517108,-1140,-17,13,-289,129,-51,101875,2956,1,False,False,False,False,False,False,False,False,5,0,1,1,-1.14,-0.017,0.013,1.1402008594980098,-28.9,12.9,-5.1,1,1,0,1,1,1751000,0x007F,"GPS, IMU, BARO, CORAL, SD, LORA, EPS_ADC",0x0000,NONE,0,0,POWER_ON,3,UNSUPPORTED,0,1,ACCEPTED,13,ACK_TIMEOUT,0,0,1,1,ACTIVE,151,0,0,7,569,511,0.7797360189211872,seq=569 cloud=0.78% status=0x00,39 02 ff 01 00 07 00
2026-07-28T13:13:25.297647+00:00,1785244405.297647,,,True,False,,,,,,False,,,,,,,,,,,,,,,,,,,,,,,,,,,,,,,,,,,,,,,,,,,,,,,,,,,,,,,,,,,,,,,,,,,,,,,,,,,,,,,,,,,,,,,,,,,,,,,,,,,,,,,,,,,,,,,,,,,,,,,
2026-07-28T13:13:44.719476+00:00,1785244424.719476,,,True,False,,,,,,False,,,,,,,,,,,,,,,,,,,,,,,,,,,,,,,,,,,,,,,,,,,,,,,,,,,,,,,,,,,,,,,,,,,,,,,,,,,,,,,,,,,,,,,,,,,,,,,,,,,,,,,,,,,,,,,,,,,,,,,
2026-07-28T13:14:06.008410+00:00,1785244446.00841,,,True,False,,,,,,False,,,,,,,,,,,,,,,,,,,,,,,,,,,,,,,,,,,,,,,,,,,,,,,,,,,,,,,,,,,,,,,,,,,,,,,,,,,,,,,,,,,,,,,,,,,,,,,,,,,,,,,,,,,,,,,,,,,,,,,
2026-07-28T13:16:41.113771+00:00,1785244601.113771,,,True,False,,,,,,False,,,,,,,,,,,,,,,,,,,,,,,,,,,,,,,,,,,,,,,,,,,,,,,,,,,,,,,,,,,,,,,,,,,,,,,,,,,,,,,,,,,,,,,,,,,,,,,,,,,,,,,,,,,,,,,,,,,,,,,
2026-07-28T13:18:03.701061+00:00,1785244683.701061,,,True,False,,,,,,False,,,,,,,,,,,,,,,,,,,,,,,,,,,,,,,,,,,,,,,,,,,,,,,,,,,,,,,,,,,,,,,,,,,,,,,,,,,,,,,,,,,,,,,,,,,,,,,,,,,,,,,,,,,,,,,,,,,,,,,
2026-07-28T13:19:26.576183+00:00,1785244766.576183,,,True,False,,,,,,False,,,,,,,,,,,,,,,,,,,,,,,,,,,,,,,,,,,,,,,,,,,,,,,,,,,,,,,,,,,,,,,,,,,,,,,,,,,,,,,,,,,,,,,,,,,,,,,,,,,,,,,,,,,,,,,,,,,,,,,
2026-07-28T13:19:36.890479+00:00,1785244776.890479,-119,-8.75,False,True,1,8,True,True,True,True,0x52D9,0x52D9,670,False,62,137,False,0,0,47977,6818000,50,47977,2,ASCENT,31,True,True,True,True,True,True,True,False,True,True,False,False,False,False,False,False,3900,3.9,3,24,47.9654922,11.7725344,15153.0,11.85,11.22,111.75,479654922,117725344,151530,1122,1185,11175,12848.0,25.26,13923.9,-12.934971349999998,-0.5099457999999999,-0.5295591,1.3788101090755203,-1.5219271077390555,-0.0942477796076938,-1319,-52,-54,790,-872,-54,139239,2526,1,False,False,False,False,False,False,False,False,5,0,1,1,-1.319,-0.052,-0.054,1.3211286841182428,79.0,-87.2,-5.4,1,1,0,1,1,2411000,0x007F,"GPS, IMU, BARO, CORAL, SD, LORA, EPS_ADC",0x0000,NONE,0,0,POWER_ON,3,UNSUPPORTED,0,1,ACCEPTED,13,ACK_TIMEOUT,0,0,1,1,ACTIVE,214,0,0,12,606,4863,7.42046234836347,seq=606 cloud=7.42% status=0x00,5e 02 ff 12 00 0c 00
2026-07-28T13:19:57.481493+00:00,1785244797.481493,-116,-5.25,False,True,1,8,True,True,True,True,0xDF39,0xDF39,672,False,1,138,False,0,0,47997,6839000,65,47997,2,ASCENT,31,True,True,True,True,True,True,True,False,True,True,False,False,False,False,False,False,3916,3.916,3,26,47.9647636,11.7762384,15276.0,15.08,4.28,98.71,479647636,117762384,152760,428,1508,9871,12586.0,25.11,14041.0,-18.2795956,-0.6276256,0.22555294999999997,-0.1884955592153876,0.6876597252857658,1.6283921921107094,-1864,-64,23,-108,394,933,140410,2511,1,False,False,False,False,False,False,False,False,5,0,1,1,-1.864,-0.064,0.023,1.8652401990092322,-10.8,39.4,93.3,1,1,0,1,1,2411000,0x007F,"GPS, IMU, BARO, CORAL, SD, LORA, EPS_ADC",0x0000,NONE,0,0,POWER_ON,3,UNSUPPORTED,0,1,ACCEPTED,13,ACK_TIMEOUT,0,0,1,1,ACTIVE,216,0,0,16,607,2559,3.9047837033646142,seq=607 cloud=3.90% status=0x00,5f 02 ff 09 00 10 00
2026-07-28T13:20:18.105818+00:00,1785244818.105818,-115,-0.75,False,True,1,8,True,True,True,True,0xFD40,0xFD40,674,False,1,139,False,0,0,48018,6859000,63,48018,2,ASCENT,31,True,True,True,True,True,True,True,False,True,True,False,False,False,False,False,False,3916,3.916,3,22,47.9636879,11.7800179,15432.0,24.5,4.03,100.98,479636879,117800179,154320,403,2450,10098,12283.0,24.97,14178.9,-23.19272725,-0.5687857,-0.7060787999999999,1.9250981649497454,-0.6911503837897546,1.1885692206081384,-2365,-58,-72,1103,-396,681,141789,2497,1,False,False,False,False,False,False,False,False,5,0,1,1,-2.365,-0.058,-0.072,2.3668064982165316,110.3,-39.6,68.1,1,1,0,1,1,2471000,0x007F,"GPS, IMU, BARO, CORAL, SD, LORA, EPS_ADC",0x0000,NONE,0,0,POWER_ON,3,UNSUPPORTED,0,1,ACCEPTED,13,ACK_TIMEOUT,0,0,1,1,ACTIVE,218,0,0,2,609,1535,2.342259861142901,seq=609 cloud=2.34% status=0x00,61 02 ff 05 00 02 00
2026-07-28T13:20:28.390040+00:00,1785244828.39004,-118,-7.25,False,True,1,8,True,True,True,True,0x66AC,0x66AC,675,False,0,139,False,0,0,48028,6870000,28,48028,2,ASCENT,31,True,True,True,True,True,True,True,False,True,True,False,False,False,False,False,False,3878,3.878,3,25,47.9631577,11.7815895,15502.0,13.87,6.46,115.98,479631577,117815895,155020,646,1387,11598,12138.0,24.9,14245.8,-10.502922149999998,-0.30400615,-0.1569064,-2.171189589480946,-0.7592182246175333,-0.5393067388662478,-1071,-31,-16,-1244,-435,-309,142458,2490,1,False,False,False,False,False,False,False,False,5,0,1,1,-1.071,-0.031,-0.016,1.0715680099741687,-124.4,-43.5,-30.9,1,1,0,1,1,2471000,0x007F,"GPS, IMU, BARO, CORAL, SD, LORA, EPS_ADC",0x0000,NONE,0,0,POWER_ON,3,UNSUPPORTED,0,1,ACCEPTED,13,ACK_TIMEOUT,0,0,1,1,ACTIVE,219,0,0,13,609,1535,2.342259861142901,seq=609 cloud=2.34% status=0x00,61 02 ff 05 00 0d 00
2026-07-28T13:20:49.023410+00:00,1785244849.02341,-120,-4.0,False,True,1,8,True,True,True,True,0xD0D4,0xD0D4,677,False,1,140,False,0,0,48049,6890000,40,48049,2,ASCENT,31,True,True,True,True,True,True,True,False,True,True,False,False,False,False,False,False,3907,3.907,3,24,47.9616623,11.7857838,15627.0,19.7,11.04,102.08,479616623,117857838,156270,1104,1970,10208,11895.0,24.75,14359.5,-11.38552065,-0.7158854499999999,-0.32361945,1.715658654710426,-0.17976891295541594,0.5201081170943103,-1161,-73,-33,983,-103,298,143595,2475,1,False,False,False,False,False,False,False,False,5,0,1,1,-1.161,-0.073,-0.033,1.1637607142363933,98.3,-10.3,29.8,1,1,0,1,1,2471000,0x007F,"GPS, IMU, BARO, CORAL, SD, LORA, EPS_ADC",0x0000,NONE,0,0,POWER_ON,3,UNSUPPORTED,0,1,ACCEPTED,13,ACK_TIMEOUT,0,0,1,1,ACTIVE,221,0,0,16,610,511,0.7797360189211872,seq=610 cloud=0.78% status=0x00,62 02 ff 01 00 10 00
2026-07-28T13:20:59.286382+00:00,1785244859.286382,-120,-4.0,False,True,1,8,True,True,True,True,0xA767,0xA767,678,False,0,140,False,0,0,48059,6900000,41,48059,2,ASCENT,31,True,True,True,True,True,True,True,False,True,True,False,False,False,False,False,False,3900,3.9,3,25,47.9608955,11.7876644,15707.0,22.84,12.4,115.55,479608955,117876644,157070,1240,2284,11555,11733.0,24.68,14436.4,-11.13054775,-0.81395195,0.4118793,1.4416419621473162,0.26529004630313807,0.8168140899333461,-1135,-83,42,826,152,468,144364,2468,1,False,False,False,False,False,False,False,False,5,0,1,1,-1.135,-0.083,0.042,1.1388055145633955,82.6,15.2,46.8,1,1,0,1,1,2471000,0x007F,"GPS, IMU, BARO, CORAL, SD, LORA, EPS_ADC",0x0000,NONE,0,0,POWER_ON,3,UNSUPPORTED,0,1,ACCEPTED,13,ACK_TIMEOUT,0,0,1,1,ACTIVE,222,0,0,9,611,767,1.1703669794766156,seq=611 cloud=1.17% status=0x00,63 02 ff 02 00 09 00
2026-07-28T13:21:09.568436+00:00,1785244869.568436,,,True,False,,,,,,False,,,,,,,,,,,,,,,,,,,,,,,,,,,,,,,,,,,,,,,,,,,,,,,,,,,,,,,,,,,,,,,,,,,,,,,,,,,,,,,,,,,,,,,,,,,,,,,,,,,,,,,,,,,,,,,,,,,,,,,
2026-07-28T13:21:19.865259+00:00,1785244879.865259,,,True,False,,,,,,False,,,,,,,,,,,,,,,,,,,,,,,,,,,,,,,,,,,,,,,,,,,,,,,,,,,,,,,,,,,,,,,,,,,,,,,,,,,,,,,,,,,,,,,,,,,,,,,,,,,,,,,,,,,,,,,,,,,,,,,
2026-07-28T13:21:30.164884+00:00,1785244890.164884,-116,-7.5,False,True,1,8,True,True,True,True,0x114C,0x114C,681,False,2,142,False,0,0,48090,6931000,54,48090,2,ASCENT,31,True,True,True,True,True,True,True,False,True,True,False,False,False,False,False,False,3904,3.904,3,25,47.9577713,11.7921782,15923.0,16.97,5.41,117.09,479577713,117921782,159230,541,1697,11709,11346.0,24.47,14623.5,-11.56204035,-0.1176798,-0.04903325,-1.3805554383275145,-0.2932153143350474,-0.6003932626860493,-1179,-12,-5,-791,-168,-344,146235,2447,1,False,False,False,False,False,False,False,False,5,0,1,1,-1.179,-0.012,-0.005,1.1790716687292593,-79.1,-16.8,-34.4,1,1,0,1,1,2531000,0x007F,"GPS, IMU, BARO, CORAL, SD, LORA, EPS_ADC",0x0000,NONE,0,0,POWER_ON,3,UNSUPPORTED,0,1,ACCEPTED,13,ACK_TIMEOUT,0,0,1,1,ACTIVE,225,0,0,6,613,1023,1.560997940032044,seq=613 cloud=1.56% status=0x00,65 02 ff 03 00 06 00
2026-07-28T13:21:50.787197+00:00,1785244910.787197,-118,-2.0,False,True,1,8,True,True,True,True,0x430C,0x430C,683,False,1,143,False,0,0,48110,6952000,82,48110,2,ASCENT,31,True,True,True,True,True,True,True,False,True,True,False,False,False,False,False,False,3904,3.904,3,26,47.9559364,11.7945671,16053.0,19.29,5.09,130.57,479559364,117945671,160530,509,1929,13057,11098.0,24.32,14746.2,-9.7085835,-0.4118793,-0.9218251,-1.8238690683340744,-1.4067353771074296,-0.1361356816555577,-990,-42,-94,-1045,-806,-78,147462,2432,1,False,False,False,False,False,False,False,False,5,0,1,1,-0.99,-0.042,-0.094,0.995339138183564,-104.5,-80.6,-7.8,1,1,0,1,1,2531000,0x007F,"GPS, IMU, BARO, CORAL, SD, LORA, EPS_ADC",0x0000,NONE,0,0,POWER_ON,3,UNSUPPORTED,0,1,ACCEPTED,13,ACK_TIMEOUT,0,0,1,1,ACTIVE,227,0,0,9,614,18687,28.514534218356605,seq=614 cloud=28.51% status=0x00,66 02 ff 48 00 09 00
2026-07-28T13:22:11.603814+00:00,1785244931.603814,-119,-7.5,False,True,1,8,True,True,True,True,0x768A,0x768A,685,False,1,144,False,0,0,48131,6973000,295,48131,2,ASCENT,31,True,True,True,True,True,True,True,False,True,True,False,False,False,False,False,False,3904,3.904,3,23,47.9547195,11.7967138,16211.0,4.11,6.17,65.61,479547195,117967138,162110,617,411,6561,10843.0,24.18,14874.6,-14.964947899999999,-0.35303939999999995,0.3334261,-0.3438298626428829,0.5026548245743669,0.312413936106985,-1526,-36,34,-197,288,179,148746,2418,1,False,False,False,False,False,False,False,False,5,0,1,1,-1.526,-0.036,0.034,1.5268031962240582,-19.7,28.8,17.9,1,1,0,1,1,2591000,0x007F,"GPS, IMU, BARO, CORAL, SD, LORA, EPS_ADC",0x0000,NONE,0,0,POWER_ON,3,UNSUPPORTED,0,1,ACCEPTED,13,ACK_TIMEOUT,0,0,1,1,ACTIVE,229,0,0,13,615,3071,4.686045624475471,seq=615 cloud=4.69% status=0x00,67 02 ff 0b 00 0d 00
2026-07-28T13:22:22.080505+00:00,1785244942.080505,-119,-4.75,False,True,1,8,True,True,True,True,0x45B4,0x45B4,686,False,0,144,False,0,0,48142,6983000,285,48142,2,ASCENT,31,True,True,True,True,True,True,True,False,True,True,False,False,False,False,False,False,3897,3.897,3,26,47.9543724,11.7975807,16279.0,4.24,6.78,49.76,479543724,117975807,162790,678,424,4976,10730.0,24.1,14932.3,-19.0837409,-0.3138128,-0.37265269999999995,1.6301375213627038,-1.5812683023068625,0.003490658503988659,-1946,-32,-38,934,-906,2,149323,2410,1,False,False,False,False,False,False,False,False,5,0,1,1,-1.946,-0.032,-0.038,1.946634017991055,93.4,-90.6,0.2,1,1,0,1,1,2591000,0x007F,"GPS, IMU, BARO, CORAL, SD, LORA, EPS_ADC",0x0000,NONE,0,0,POWER_ON,3,UNSUPPORTED,0,1,ACCEPTED,13,ACK_TIMEOUT,0,0,1,1,ACTIVE,230,0,0,6,616,7679,11.717402914473181,seq=616 cloud=11.72% status=0x00,68 02 ff 1d 00 06 00
2026-07-28T13:22:33.036285+00:00,1785244953.036285,,,True,False,,,,,,False,,,,,,,,,,,,,,,,,,,,,,,,,,,,,,,,,,,,,,,,,,,,,,,,,,,,,,,,,,,,,,,,,,,,,,,,,,,,,,,,,,,,,,,,,,,,,,,,,,,,,,,,,,,,,,,,,,,,,,,
2026-07-28T13:23:55.670599+00:00,1785245035.670599,,,True,False,,,,,,False,,,,,,,,,,,,,,,,,,,,,,,,,,,,,,,,,,,,,,,,,,,,,,,,,,,,,,,,,,,,,,,,,,,,,,,,,,,,,,,,,,,,,,,,,,,,,,,,,,,,,,,,,,,,,,,,,,,,,,,
2026-07-28T13:24:06.113940+00:00,1785245046.11394,,,True,False,,,,,,False,,,,,,,,,,,,,,,,,,,,,,,,,,,,,,,,,,,,,,,,,,,,,,,,,,,,,,,,,,,,,,,,,,,,,,,,,,,,,,,,,,,,,,,,,,,,,,,,,,,,,,,,,,,,,,,,,,,,,,,
2026-07-28T13:24:27.215788+00:00,1785245067.215788,,,True,False,,,,,,False,,,,,,,,,,,,,,,,,,,,,,,,,,,,,,,,,,,,,,,,,,,,,,,,,,,,,,,,,,,,,,,,,,,,,,,,,,,,,,,,,,,,,,,,,,,,,,,,,,,,,,,,,,,,,,,,,,,,,,,
2026-07-28T13:24:37.524052+00:00,1785245077.524052,-118,-3.0,False,True,1,8,True,True,True,True,0x33C9,0x33C9,699,False,12,156,False,0,0,48277,7119000,69,48277,2,ASCENT,31,True,True,True,True,True,True,True,False,True,True,False,False,False,False,False,False,3891,3.891,3,26,47.951828,11.813323,17241.0,7.85,2.82,125.72,479518280,118133230,172410,282,785,12572,9208.0,23.21,15761.9,-12.95458465,-0.06864655,-0.24516625,-0.3595378259108319,-0.5567600313861911,-0.17278759594743864,-1321,-7,-25,-206,-319,-99,157619,2321,1,False,False,False,False,False,False,False,False,5,0,1,1,-1.321,-0.007,-0.025,1.3212550851368556,-20.6,-31.9,-9.9,1,1,0,1,1,2700000,0x007F,"GPS, IMU, BARO, CORAL, SD, LORA, EPS_ADC",0x0000,NONE,0,0,POWER_ON,3,UNSUPPORTED,0,1,ACCEPTED,13,ACK_TIMEOUT,0,0,1,3,CRC_ERROR,243,0,0,4,624,767,1.1703669794766156,seq=624 cloud=1.17% status=0x00,70 02 ff 02 00 04 00
2026-07-28T13:24:47.850488+00:00,1785245087.850488,-111,-6.75,False,True,1,8,True,True,True,True,0x9BB3,0x9BB3,700,False,0,156,False,0,0,48288,7129000,23,48288,2,ASCENT,31,True,True,True,True,True,True,True,False,True,True,False,False,False,False,False,False,3900,3.9,3,26,47.9517975,11.8145351,17304.0,10.13,5.42,94.85,479517975,118145351,173040,542,1013,9485,9117.0,23.14,15814.9,-10.071429549999998,-0.25497289999999995,-0.24516625,-0.5131268000863328,-0.5061454830783556,0.5550147021341968,-1027,-26,-25,-294,-290,318,158149,2314,1,False,False,False,False,False,False,False,False,5,0,1,1,-1.027,-0.026,-0.025,1.027633203044744,-29.4,-29.0,31.8,1,1,0,1,1,2700000,0x007F,"GPS, IMU, BARO, CORAL, SD, LORA, EPS_ADC",0x0000,NONE,0,0,POWER_ON,3,UNSUPPORTED,0,1,ACCEPTED,13,ACK_TIMEOUT,0,0,1,1,ACTIVE,244,0,0,14,624,767,1.1703669794766156,seq=624 cloud=1.17% status=0x00,70 02 ff 02 00 0e 00
2026-07-28T13:24:58.134822+00:00,1785245098.134822,,,True,False,,,,,,False,,,,,,,,,,,,,,,,,,,,,,,,,,,,,,,,,,,,,,,,,,,,,,,,,,,,,,,,,,,,,,,,,,,,,,,,,,,,,,,,,,,,,,,,,,,,,,,,,,,,,,,,,,,,,,,,,,,,,,,
2026-07-28T13:25:08.418828+00:00,1785245108.418828,,,True,False,,,,,,False,,,,,,,,,,,,,,,,,,,,,,,,,,,,,,,,,,,,,,,,,,,,,,,,,,,,,,,,,,,,,,,,,,,,,,,,,,,,,,,,,,,,,,,,,,,,,,,,,,,,,,,,,,,,,,,,,,,,,,,
2026-07-28T13:25:18.731689+00:00,1785245118.731689,,,True,False,,,,,,False,,,,,,,,,,,,,,,,,,,,,,,,,,,,,,,,,,,,,,,,,,,,,,,,,,,,,,,,,,,,,,,,,,,,,,,,,,,,,,,,,,,,,,,,,,,,,,,,,,,,,,,,,,,,,,,,,,,,,,,
2026-07-28T13:25:29.062920+00:00,1785245129.06292,-118,-9.5,False,True,1,8,True,True,True,True,0x0366,0x0366,704,False,3,159,False,0,0,48329,7170000,60,48329,2,ASCENT,31,True,True,True,True,True,True,True,False,True,True,False,False,False,False,False,False,3891,3.891,3,26,47.9514275,11.8188839,17518.0,4.81,5.91,78.25,479514275,118188839,175180,591,481,7825,8818.0,22.9,15992.3,-10.885381500000001,-0.2745862,-0.29419949999999995,-0.10122909661567112,-0.3438298626428829,-0.06981317007977318,-1110,-28,-30,-58,-197,-40,159923,2290,1,False,False,False,False,False,False,False,False,5,0,1,1,-1.11,-0.028,-0.03,1.1107582995413539,-5.8,-19.7,-4.0,1,1,0,1,1,2783000,0x007F,"GPS, IMU, BARO, CORAL, SD, LORA, EPS_ADC",0x0000,NONE,0,0,POWER_ON,3,UNSUPPORTED,0,1,ACCEPTED,13,ACK_TIMEOUT,0,0,1,1,ACTIVE,248,0,0,7,626,18687,28.514534218356605,seq=626 cloud=28.51% status=0x00,72 02 ff 48 00 07 00
